curve_idx,outputs
35724,0.99540013
49644,0.9995921
5743,0.99946755
84242,0.99987507
125828,0.9998265
30733,0.99987745
79645,0.99981195
117822,0.99982697
19076,0.9997358
95991,0.9995747
35733,0.9876414
1941,0.9975931
26007,0.9989434
13475,0.99970204
50821,0.99953794
49719,0.9998079
91242,0.9957891
118681,0.9998672
4308,0.999683
19003,0.9998123
7318,0.99263024
76062,0.999463
39990,0.030165672
26198,0.99843186
96852,0.717012
104854,0.9998926
72630,0.9989304
18045,0.9998753
31702,0.9978575
10626,0.9969433
14460,0.9995427
106574,0.028004566
17854,0.9987596
94833,0.9994636
63527,0.9959098
66860,0.99986446
35803,0.99465406
85178,0.9987803
123334,0.999897
104917,0.9998474
19171,0.9997142
129488,0.99211884
88998,0.99986196
18997,0.99985397
37430,0.99851555
85647,0.9998288
116381,0.998623
128035,0.99738353
110614,0.9997552
61383,0.9915029
22137,0.997633
67044,0.9992907
112106,0.99968016
94695,0.9998995
107339,0.99985313
10969,0.04024213
96972,0.9997441
23929,0.9970018
107501,0.9998024
23633,0.9958152
115474,0.99893755
37531,0.99854505
35729,0.9966479
97874,0.99792
54461,0.9996654
58975,0.9997464
88830,0.9998919
112918,0.99987483
129643,0.024647402
53357,0.99730337
34856,0.99850464
113023,0.9992981
113149,0.9990509
65785,0.72157484
76372,0.22044967
14526,0.7024439
8172,0.9979158
41297,0.9963085
89090,0.9996586
32539,0.99887985
41194,0.99438727
4398,0.99988663
75061,0.41985932
116582,0.9998338
75137,0.9998933
85600,0.999879
66940,0.9988366
115183,0.028290084
67076,0.9976751
61232,0.9777843
76266,0.99830025
20436,0.7294198
62468,0.9978002
2035,0.99743927
78518,0.30444518
85303,0.9995303
56482,0.999315
118742,0.99978274
52813,0.267915
19225,0.9997074
5415,0.999744
115267,0.9993625
53163,0.99794704
86433,0.9998578
26013,0.9990257
47447,0.997224
5592,0.99975306
44422,0.99951863
117830,0.9998274
94687,0.99971944
125636,0.99976724
5721,0.9978643
127207,0.9974063
109730,0.9999027
112102,0.9986754
54227,0.99718934
112006,0.9998814
5704,0.999703
79509,0.99983084
14385,0.999801
111566,0.06971935
6849,0.091114104
85323,0.99985003
108599,0.99965394
18138,0.99988735
12097,0.99971503
63479,0.9562114
16747,0.99982446
81205,0.090712905
27262,0.33160383
126993,0.9963728
13225,0.99986446
13892,0.99921715
47260,0.9981816
20626,0.99783283
37356,0.9988217
36413,0.99539113
108646,0.9999212
113116,0.99972934
125874,0.99984527
49767,0.9996557
49692,0.99975437
124438,0.9998846
108600,0.99648774
61139,0.99652714
94693,0.9994017
29732,0.99985695
105037,0.67498916
16702,0.9994253
41291,0.91414624
128180,0.9966022
49575,0.99972516
103802,0.99869686
12051,0.9998621
21446,0.99832636
41382,0.99719393
98102,0.2939069
30549,0.99988985
14364,0.9998165
54362,0.99985003
117543,0.9998447
124497,0.99987245
99293,0.9998766
107385,0.9998272
75608,0.099032
99377,0.999511
91216,0.999879
90145,0.99983406
80909,0.9998841
69147,0.9981914
41360,0.99684525
95703,0.9932823
38754,0.9958163
76197,0.99989223
85634,0.9998374
64693,0.6791094
29472,0.99983406
116675,0.9992729
25940,0.99970335
109697,0.9992126
54260,0.9971942
125797,0.99982387
114180,0.99937266
5625,0.99884987
90026,0.99839467
86707,0.9999188
96970,0.99981767
67049,0.9983668
26213,0.99963284
73767,0.99988556
113019,0.9996605
46010,0.40569362
85410,0.9998721
2269,0.9977622
15293,0.077434264
1069,0.9987876
63669,0.9988024
6705,0.99719846
107316,0.99986565
18137,0.9987404
113265,0.9997124
28380,0.99938214
4359,0.99970585
116373,0.99989307
99240,0.9998173
26040,0.9990514
60269,0.9957669
21438,0.99856323
44307,0.99758756
14558,0.9996537
28605,0.99978095
102903,0.99984074
20110,0.9899653
4814,0.093216546
32600,0.99551207
72612,0.99941504
76598,0.5978146
32658,0.99763346
66024,0.7110263
76362,0.99973994
63525,0.9848269
73796,0.99981314
52925,0.049385518
49789,0.99980515
96936,0.9996871
66985,0.9988601
74911,0.99985063
69273,0.9968857
129470,0.86903274
88502,0.05443034
102560,0.9998073
36571,0.024260715
66986,0.9998293
85295,0.99972683
10521,0.9874672
73762,0.9999045
34995,0.99847966
26021,0.99969983
45877,0.4591408
49661,0.99963653
54417,0.9997744
52200,0.9995815
65777,0.72071993
29722,0.9998888
17979,0.9998735
43546,0.9960246
47557,0.80431443
63730,0.99781287
107496,0.9998796
109739,0.99987686
49876,0.35233143
66950,0.9900165
70202,0.9950126
121074,0.99987686
14397,0.9987791
95651,0.99786586
116561,0.99983
29508,0.9998791
76076,0.998502
61412,0.9973055
34850,0.9982621
43583,0.99423146
94589,0.99981076
26165,0.99912316
51278,0.030946102
116673,0.9998553
68190,0.99876463
93578,0.9941351
115319,0.9995491
93491,0.9996525
34983,0.9990946
59973,0.99687225
63723,0.99491066
85512,0.71025664
34340,0.049327698
128259,0.9913447
9790,0.51077276
118836,0.99988127
100549,0.99971324
34085,0.9961797
29638,0.99986756
84341,0.9998754
1322,0.03868597
55316,0.9998466
91383,0.9998739
109724,0.9997912
45809,0.98787016
88974,0.9998785
102851,0.9998772
79866,0.6320481
13302,0.99987686
49805,0.99458224
69402,0.99885976
61094,0.99704957
118588,0.99863726
35751,0.99464405
12285,0.9998317
11588,0.9975944
55479,0.99966705
55466,0.99987817
45830,0.9296072
53264,0.99928564
129447,0.9973132
117811,0.9998659
16941,0.9985905
58969,0.9988324
86710,0.9995902
28509,0.99965215
23792,0.9953856
88785,0.9977785
88773,0.99985373
43539,0.96131593
8178,0.9971762
79650,0.9998722
90081,0.9998379
45864,0.995977
47547,0.99248815
71606,0.38776243
78602,0.9993795
66019,0.7199041
121218,0.9996458
72013,0.13984706
102882,0.9990221
87915,0.99988234
2282,0.99621576
37612,0.055160526
88997,0.9998696
63442,0.99602926
75607,0.07553794
72732,0.9996458
63488,0.9875942
69198,0.999035
66963,0.99834406
36595,0.9978148
866,0.99912137
37513,0.9986451
27270,0.9377783
90422,0.015159976
56627,0.9993672
30739,0.9998907
58574,0.021535717
60877,0.02661649
121129,0.99574214
5780,0.99671775
9739,0.99726236
73766,0.9998363
14386,0.99980456
85369,0.9995221
19075,0.9996724
113003,0.99905974
117639,0.9999169
63573,0.9719586
29664,0.99985456
74084,0.99945503
84164,0.99989223
33554,0.050323896
18134,0.9999099
45956,0.9317058
66004,0.48544696
50802,0.9997917
14117,0.07542633
88884,0.99987316
82007,0.9998016
124624,0.9998067
33457,0.12402989
22119,0.99708015
109650,0.99990594
63472,0.9995524
76065,0.99989235
47821,0.044380523
166,0.16377799
28474,0.9997453
76304,0.999281
107416,0.99984205
54465,0.9997571
16738,0.99950945
69157,0.9994624
89404,0.9995177
49671,0.99973804
128058,0.9975503
76358,0.99875677
65994,0.70444924
87817,0.9996942
61376,0.99679416
76308,0.99921906
1195,0.98255366
33015,0.30930555
71736,0.9963644
73232,0.26328602
75093,0.99987316
82116,0.9997888
128045,0.99498063
103845,0.99798465
16949,0.99912256
6262,0.032802537
88827,0.9998117
27080,0.9944482
103899,0.99769956
4581,0.9989176
65904,0.7049334
65786,0.72374684
78500,0.99977833
129587,0.9651963
90215,0.9998698
4291,0.99978393
7391,0.99727637
108418,0.9998658
62368,0.9984578
63485,0.99972636
36423,0.99639684
115556,0.9997322
107495,0.9998857
98181,0.99909246
87913,0.9997738
41445,0.9955467
72665,0.99889106
84469,0.9997118
56245,0.069259726
62138,0.99730766
116470,0.99985075
54416,0.9998022
117680,0.99985063
2134,0.99649173
774,0.99969983
43564,0.98398244
44426,0.99899954
44750,0.044221587
97103,0.9994966
81015,0.9999254
113157,0.99985325
107191,0.999846
121041,0.9987172
116475,0.999879
65834,0.7224018
86517,0.999874
41032,0.99659485
38846,0.99697864
2130,0.99711907
112940,0.9997217
100813,0.070260696
60267,0.9893357
26607,0.09313212
79286,0.07873077
72601,0.9989021
97079,0.9997075
26063,0.99920386
104957,0.99986446
64881,0.9917727
36500,0.9959681
46217,0.02545148
127956,0.9957326
49809,0.99968076
128003,0.5709571
121138,0.9995122
41285,0.9977569
19204,0.9998543
76246,0.99905115
97945,0.9994998
118818,0.9998258
60123,0.9746693
75043,0.9998281
72726,0.9997073
70338,0.99887854
2232,0.997115
103806,0.9979577
65681,0.7125157
4156,0.99761033
71749,0.99890256
23805,0.041402236
53352,0.99790716
61396,0.2674118
122810,0.99950063
12196,0.9987356
34083,0.997566
9770,0.9977895
90114,0.9998832
37316,0.9824913
5470,0.9993624
125782,0.99988306
110858,0.99944514
28511,0.9990645
6584,0.9991277
19011,0.9997876
5394,0.9996309
76386,0.99984515
53154,0.9980428
128210,0.9994067
6261,0.03295693
34974,0.9991622
80994,0.9999113
13031,0.017010048
22598,0.9988379
62339,0.99699235
116476,0.99984837
33285,0.99937063
79516,0.99984884
125703,0.9998373
106104,0.9998981
108471,0.9995407
88996,0.9997242
120129,0.6879394
83666,0.9994037
14652,0.99970716
112951,0.99944144
32626,0.9982881
115235,0.99903995
16942,0.9998336
49826,0.99979514
29643,0.99983907
102552,0.99987936
113274,0.9904033
5850,0.99835926
55362,0.9998865
98090,0.99969506
20309,0.7199177
93639,0.9989832
58777,0.9957371
53346,0.99775034
84192,0.9998691
34733,0.036974
53355,0.99820864
5775,0.99898964
85372,0.99726534
79744,0.9996006
79515,0.99986947
26129,0.99893767
2006,0.9977124
1989,0.99768126
77140,0.99859923
109497,0.99961346
17955,0.9998878
55462,0.99956805
109532,0.9992654
76096,0.99940956
59076,0.99551564
53253,0.99864894
68133,0.99875414
86754,0.99990845
79639,0.99985754
88909,0.33336028
91372,0.99986994
41393,0.99571025
94012,0.9991743
88906,0.99984765
19113,0.9997985
122343,0.9998141
37388,0.99846554
23672,0.99596715
36504,0.96652913
100814,0.046662502
97167,0.99970007
117728,0.9998455
9767,0.9973138
96917,0.9984491
77750,0.03279474
5539,0.99981457
88787,0.993602
123382,0.9998271
81338,0.99931765
20102,0.9899582
14370,0.99921453
16172,0.99907506
34970,0.9990478
70349,0.9988355
39693,0.9909648
16648,0.99926716
76261,0.9982768
76132,0.99875224
99097,0.9994802
85348,0.99988294
116578,0.99981576
40460,0.9934796
6653,0.065743834
79567,0.99983263
37230,0.99557143
18983,0.9998381
55373,0.9998473
45920,0.9976306
105140,0.9998473
1246,0.08622576
72655,0.9976997
107346,0.99937147
44270,0.9967933
79746,0.9998919
106190,0.6863088
44749,0.04203584
26049,0.99828655
22072,0.99775594
59974,0.9934505
72597,0.9991003
67117,0.993919
112694,0.09797839
85293,0.9968129
29490,0.99985373
92417,0.9998739
29692,0.99983406
18165,0.9998462
106340,0.99984705
18133,0.99989414
106118,0.9968958
41210,0.99784076
26233,0.99751055
29427,0.9998369
61283,0.9941537
119841,0.9759084
37866,0.9926011
52144,0.9996871
80760,0.99985766
93430,0.999859
20847,0.9983187
19078,0.9998634
90072,0.99987054
115335,0.9993337
46058,0.9914664
95414,0.07449403
76237,0.4094373
99141,0.9943023
22089,0.9980805
114065,0.9996118
128232,0.99652475
7398,0.9989961
97038,0.9995968
91084,0.99987245
46006,0.97390217
4248,0.99974686
32572,0.997855
89919,0.9999045
86990,0.122893125
45769,0.30929312
18156,0.9996137
89678,0.03019388
67077,0.9997358
106241,0.99984777
61279,0.9967283
69279,0.9980292
38815,0.99780434
21836,0.13429996
114115,0.99975866
29710,0.99981326
90511,0.020801919
45855,0.96564627
96902,0.99987733
125655,0.9998437
106049,0.99981815
5891,0.9973797
28537,0.99888426
29538,0.9998462
109806,0.9997205
49594,0.99936
19020,0.9997911
95889,0.99938416
89904,0.9998902
118736,0.9998584
94643,0.9998542
32598,0.9974022
97074,0.9996631
42901,0.028230175
79510,0.99984705
37387,0.99756783
49872,0.99961334
66865,0.99880433
37406,0.9982475
86758,0.9998078
119989,0.32943273
117076,0.9993255
32846,0.99450254
83267,0.9998029
94689,0.99955076
58807,0.9988906
9746,0.99772483
81613,0.051361457
58792,0.99987507
111807,0.9996997
92179,0.99985373
83217,0.99986374
69709,0.023417225
45759,0.8941341
43435,0.9984578
32549,0.9989925
84197,0.9998615
118788,0.9986727
80828,0.999252
41335,0.9946749
120982,0.9996871
19149,0.9998323
50704,0.99949574
75007,0.998601
25965,0.9997826
38861,0.99793565
28458,0.9998186
49620,0.99940455
38636,0.99484336
34010,0.99724686
28503,0.99943906
90225,0.9998683
88914,0.9998221
45493,0.02008528
52052,0.99972767
5549,0.99936646
21285,0.99468476
118877,0.99869245
29691,0.9998648
68666,0.9986327
116579,0.99945563
831,0.99960643
111872,0.9997634
20432,0.9833702
74914,0.9998211
71751,0.99501663
16745,0.9998927
13319,0.9998548
30678,0.9999095
84266,0.98081607
28540,0.99960464
5800,0.99763966
118775,0.99987686
16741,0.9998976
114401,0.99921536
9038,0.9970667
85274,0.9998574
26160,0.99915516
54172,0.999877
14418,0.9996432
20209,0.9958572
92239,0.9997789
117764,0.99989617
124622,0.23030493
86612,0.9997867
118983,0.9998938
90123,0.99712306
55320,0.99958676
91346,0.56096816
32661,0.99851507
68007,0.99840564
121024,0.9973152
49108,0.99873775
7411,0.9984983
49845,0.9993436
29655,0.9996933
45950,0.94973546
18110,0.99959105
112039,0.99984384
34888,0.9989349
98767,0.038042117
83298,0.9999008
118822,0.9998217
109691,0.99966
61286,0.9939659
35620,0.9945385
20202,0.97562
41075,0.9970963
114216,0.9997868
47268,0.9970663
20303,0.9160217
17936,0.9998109
6926,0.99716645
47559,0.9956417
34988,0.09491561
91074,0.9998555
72635,0.99985135
13914,0.23851861
106149,0.99987173
10548,0.99470806
19140,0.9992047
44224,0.06863871
68088,0.9986382
96955,0.9997104
118916,0.99982065
28311,0.9995474
108410,0.9998425
47265,0.98753554
28578,0.9997557
85598,0.99981445
98176,0.9998574
23838,0.9936801
66920,0.9969024
72860,0.9989785
4311,0.9997402
82022,0.99982846
55521,0.9982553
39514,0.9933947
44884,0.9853828
14250,0.9988217
93378,0.99896073
75252,0.9998405
128242,0.9970113
109515,0.999456
107298,0.99986804
113034,0.9998362
1987,0.99760497
74701,0.07730192
43171,0.9977931
13152,0.025970297
120983,0.99534804
17574,0.035774462
99139,0.99986124
82053,0.9998404
55331,0.9998642
34081,0.99698204
110906,0.24191771
54419,0.9998466
29292,0.9986993
45876,0.5247966
65821,0.7161712
117630,0.9998418
115217,0.99966455
126899,0.9998282
102600,0.99982196
101730,0.9997397
21418,0.99733114
49744,0.9995684
70643,0.9779676
102549,0.9998889
56531,0.99933666
13508,0.24298953
77455,0.9998472
12282,0.9989065
27780,0.9935867
27126,0.9897747
86436,0.99989474
91041,0.9998778
116678,0.9998785
89009,0.99988353
71745,0.99985933
3661,0.021770734
44268,0.9976834
29701,0.9998363
17885,0.9999157
7894,0.9967064
91706,0.9993315
43451,0.5445678
50870,0.3222686
40250,0.9941062
83265,0.99772316
45773,0.97187006
18044,0.99889034
114221,0.99973446
127924,0.92976743
127313,0.99711823
58973,0.9974146
13502,0.9998134
9009,0.06669298
128177,0.99811256
68274,0.99969745
49656,0.9998273
114362,0.22711173
28301,0.9988341
19147,0.99989414
63386,0.99864215
29716,0.9998542
33314,0.9997031
19210,0.9997125
108306,0.99920577
113234,0.22932868
84144,0.99985087
96857,0.99969137
117620,0.9998727
116535,0.9998456
96850,0.9972778
88912,0.99983525
9029,0.9953146
109693,0.9996138
28438,0.99885786
37277,0.9961875
5700,0.99714786
14521,0.9996942
37229,0.9974535
27277,0.99454355
99245,0.99913114
41181,0.9980344
129589,0.9965995
77496,0.99980897
54180,0.9997414
31748,0.99485826
27283,0.99219185
5332,0.9974021
18083,0.999721
127192,0.99798954
57779,0.6928339
57805,0.24626869
5681,0.9996081
104948,0.9998739
58791,0.9980254
70589,0.99835616
85972,0.99959284
41249,0.99750876
92437,0.9998915
119009,0.9998859
41271,0.99710923
118228,0.9995921
29451,0.9998385
54312,0.99979824
103956,0.99872017
29871,0.39785644
4481,0.9995148
113276,0.9985166
98050,0.99937683
5456,0.9999032
51063,0.99975556
12335,0.9997298
74050,0.9998827
108503,0.999716
47485,0.9974089
10890,0.042928185
127238,0.9981931
22082,0.99781466
123446,0.43589735
98092,0.9982912
83010,0.99987113
68096,0.9986512
129545,0.5355741
69353,0.99705553
97140,0.99989927
52148,0.99952996
6520,0.020858815
39545,0.9970324
16845,0.9990264
102597,0.9998423
29697,0.9999019
92230,0.99987257
98083,0.99972934
94804,0.6714779
93674,0.99609655
5587,0.9990256
111814,0.99951065
116666,0.4565945
47414,0.2642394
115904,0.14560786
72668,0.99409807
97990,0.99968743
122132,0.9998944
98034,0.99813724
117684,0.99981505
60271,0.99928147
38741,0.40864018
88915,0.9998429
127957,0.4538452
13329,0.9999125
108457,0.99919254
102852,0.9998617
37203,0.99732375
106341,0.9998443
80978,0.8635592
112066,0.99960774
114210,0.99888974
36491,0.9975248
8249,0.9973908
108559,0.9997359
107307,0.9998561
119245,0.08897829
84297,0.9998017
125732,0.9998091
28405,0.9987206
79687,0.99983954
23827,0.9970169
22730,0.024998236
23909,0.9739255
71509,0.99985754
27312,0.99523735
112922,0.9998789
69418,0.9978624
69686,0.02817348
126882,0.99949074
119630,0.0853593
73660,0.99832827
2122,0.09760232
21420,0.21869609
102846,0.9998658
87631,0.99987864
37214,0.99655473
69386,0.20012793
109763,0.99989986
115239,0.9993067
14500,0.9997743
118924,0.99985695
109699,0.9993311
82021,0.9998375
26148,0.997338
37278,0.9963243
28229,0.9979381
59066,0.2194303
36496,0.0170165
47498,0.99369955
108311,0.99984753
43424,0.99594927
60029,0.9709047
78605,0.9998646
114355,0.9996991
19068,0.9997173
14410,0.99971575
101749,0.9996997
72759,0.99933547
38911,0.9976463
118866,0.9998598
90155,0.9998846
39580,0.9852266
22054,0.99744165
112971,0.9982844
41172,0.99747145
88973,0.99857247
115565,0.99684393
28361,0.99902487
114169,0.99869305
85383,0.9998056
79815,0.9998783
43417,0.9990922
101605,0.99989533
28433,0.99977595
127230,0.99607074
32620,0.9987908
106300,0.69552666
114318,0.9997726
66880,0.9997168
36557,0.9971726
44401,0.99767977
41296,0.99780494
51770,0.99879694
49552,0.99969673
88781,0.9998696
14496,0.99954623
58967,0.9939739
68084,0.9997956
89032,0.99981755
74961,0.9998584
44525,0.9986475
80821,0.721171
23636,0.96452934
125167,0.07590731
90039,0.99988246
23762,0.9965857
112056,0.99791783
116426,0.9998542
122178,0.9997658
28564,0.9994299
27143,0.996709
114223,0.999788
107343,0.9998136
58986,0.997954
58863,0.9998659
4351,0.9997296
98509,0.022099432
80832,0.99984777
69710,0.030437881
108652,0.99926394
43202,0.21915078
54369,0.9997875
29580,0.99985754
110756,0.70404553
19091,0.99987555
127248,0.99756926
38915,0.9979547
95793,0.9936401
128106,0.9964798
98238,0.99962234
6066,0.046252232
129928,0.22092621
76202,0.9998293
29486,0.9998455
49634,0.9997887
68338,0.9970368
118977,0.9998847
12191,0.99979335
26169,0.9992004
34072,0.99718034
65719,0.59931993
22596,0.9985588
10522,0.9944752
2894,0.56617665
49766,0.9998048
42601,0.01611502
72397,0.10046857
121321,0.9998259
125832,0.9998311
78592,0.99962807
71732,0.9998785
90050,0.99991107
14660,0.71893716
86752,0.99985886
77006,0.07961969
90132,0.9998816
2030,0.2666328
14613,0.9944676
8182,0.9963653
91093,0.99985397
91303,0.9998716
125872,0.9998915
53117,0.9993413
7516,0.9957912
117301,0.07597779
72634,0.9990181
1981,0.9975943
72948,0.9991554
13471,0.999788
37418,0.99811184
88727,0.9998574
123062,0.06859552
69343,0.9989642
72938,0.9988954
85287,0.99987054
61172,0.99099874
115898,0.9995902
44322,0.9988194
14421,0.9997689
31279,0.9979621
67130,0.27796677
38826,0.93845195
79569,0.99986184
41448,0.9979498
23783,0.9978089
42705,0.20214379
49561,0.9997068
14682,0.9988902
112934,0.999884
58834,0.9969999
110813,0.999574
115476,0.9992931
19114,0.99957997
7123,0.9977513
58848,0.99448276
96829,0.99799216
109789,0.99988544
96340,0.9993038
121171,0.99973565
47822,0.049747996
6324,0.33247727
28532,0.9988726
9105,0.9963007
37309,0.99751043
90183,0.9991085
96977,0.99984145
21381,0.99737906
66912,0.9997217
67112,0.99857855
84824,0.06765268
13513,0.9997105
53118,0.9994167
80662,0.9998536
87922,0.9996973
107322,0.9998659
76342,0.99973804
93635,0.9975102
79715,0.99983335
67176,0.99736136
108323,0.99980205
46055,0.94369876
103709,0.99708563
32048,0.98292255
85352,0.99987376
58833,0.9921967
12103,0.9990447
123330,0.9998567
128068,0.99741167
46011,0.57771945
34536,0.23749025
37435,0.9989491
1957,0.99619365
116706,0.99991596
29460,0.9998697
97083,0.9998222
115278,0.9989496
42651,0.5494567
14403,0.9997061
1064,0.99887925
22065,0.9970305
26288,0.99880946
35650,0.9632023
83284,0.72485
63434,0.98388517
34906,0.99900585
1016,0.99808204
104039,0.9979144
111823,0.9998672
12034,0.99987674
72897,0.99889874
41135,0.9961616
4293,0.99951494
129577,0.71912324
72894,0.99986136
114311,0.9995172
98226,0.999027
66921,0.9991153
87627,0.9998889
96817,0.9993056
112098,0.9985014
99197,0.99970204
10620,0.996917
71990,0.1693653
23635,0.9871207
111296,0.33917215
14437,0.99971193
49579,0.9993111
29528,0.999833
107443,0.99980885
89087,0.99985814
5837,0.99876213
38865,0.9969885
84452,0.9990478
88834,0.99987435
19252,0.9998572
5702,0.99973816
69367,0.9984945
49815,0.99975365
73842,0.9998337
108316,0.99975663
102512,0.04968069
111812,0.9997254
19202,0.9998253
86574,0.9998565
19628,0.9993443
49859,0.9995715
49624,0.99958104
14444,0.9996326
13255,0.9999002
13337,0.9996861
85308,0.9998648
120990,0.99631643
55862,0.09685675
16886,0.9989447
99438,0.9998603
91322,0.23314287
37516,0.99629164
37307,0.9976441
17866,0.9993831
4589,0.99579865
44488,0.99691474
29646,0.9998197
27220,0.98055065
47599,0.99547845
9070,0.034940585
76285,0.99966645
102566,0.9998691
32184,0.037850935
130121,0.033360228
117873,0.9974732
81954,0.99986386
33281,0.9992029
77405,0.9998946
114614,0.34061143
31003,0.9980246
43094,0.10551049
82100,0.99976987
92500,0.24352066
117668,0.9993988
28030,0.019194292
28571,0.9991755
92423,0.9986052
115225,0.99839526
79864,0.99984837
112133,0.99973327
98000,0.9995259
48974,0.054327503
37503,0.99120843
108455,0.9978993
85593,0.99981004
127218,0.14520225
20034,0.9986035
934,0.53556013
108661,0.99961334
26273,0.99899775
72836,0.9983724
16196,0.99931896
51343,0.02535124
21338,0.9967452
70545,0.98592895
298,0.9973411
17909,0.9998524
33429,0.99873847
29380,0.99985707
95455,0.05422769
33814,0.99785703
125876,0.99987876
122237,0.9997769
5607,0.9976331
47252,0.5854754
89927,0.99989164
16556,0.9981142
47293,0.994639
19102,0.99972004
75140,0.9996131
5727,0.98867255
96788,0.9994869
37204,0.9969163
112960,0.9997968
39630,0.99658006
18145,0.9998603
129555,0.99074835
59064,0.98197454
19208,0.9996518
37507,0.99784887
92331,0.999814
29391,0.9998926
91279,0.9997985
87912,0.9979715
102698,0.99971837
97492,0.99919456
107295,0.99990726
16580,0.9977926
21355,0.99690586
62930,0.99864227
12274,0.9993857
36362,0.9934934
121279,0.9303104
121174,0.99987257
130124,0.014410415
129594,0.87575376
13351,0.9998822
72958,0.99986446
90074,0.9998808
117875,0.9981462
82151,0.99988985
88763,0.9998621
72604,0.9969024
124724,0.9996259
14118,0.08413867
73938,0.9998665
72900,0.9982644
22096,0.9983053
2218,0.6930712
78358,0.99972874
10490,0.9979705
44242,0.99979514
53255,0.9959215
118586,0.9988366
74994,0.9998926
103704,0.99729365
110548,0.9970386
40640,0.99722445
54098,0.9986646
108406,0.9995586
129573,0.9953555
76404,0.9997645
103894,0.9987627
37344,0.9981123
76156,0.9965791
41251,0.9980683
41337,0.99752516
63624,0.9982759
5399,0.9998847
49843,0.9995739
122044,0.9981964
69415,0.9976526
17826,0.9998863
107341,0.47327274
29527,0.9998018
18975,0.99986446
103712,0.9951982
98510,0.0338379
86658,0.9998926
129579,0.996338
44337,0.998803
37490,0.9981628
5481,0.9998511
47255,0.99825996
28164,0.99876654
70292,0.9979983
34148,0.99532616
23777,0.9975541
4396,0.9998933
35677,0.99528545
33750,0.12854445
42898,0.01732198
108360,0.99974054
117637,0.99987423
53028,0.9960592
109394,0.9988651
107251,0.9998684
64720,0.9948067
106355,0.99982184
51962,0.99975973
36430,0.99694973
72707,0.99927014
110679,0.99986947
41424,0.99662507
77200,0.9998443
88888,0.9998299
69507,0.99735934
102547,0.99986243
34097,0.9976036
37370,0.9957867
34980,0.9991474
117824,0.9998134
102661,0.9998926
118967,0.9998362
115573,0.99880207
45916,0.4741117
13347,0.9997706
107250,0.99985707
112953,0.99961036
81973,0.19766752
32544,0.99874
61328,0.9917926
9868,0.3712533
118870,0.99986815
126836,0.99794763
127091,0.9998105
8959,0.99779165
874,0.99958545
92322,0.9998493
84220,0.9998745
84489,0.99976796
127209,0.98629785
79743,0.9998827
53942,0.07206803
102545,0.99984956
107354,0.99918693
56770,0.9990638
72927,0.9998635
45961,0.85866314
31828,0.9994942
124237,0.07413681
35216,0.048340708
87908,0.99987864
52061,0.9995939
89057,0.9998512
91182,0.9998184
13496,0.9987669
28343,0.9996655
97119,0.99979466
44241,0.9988487
65974,0.7185464
8210,0.99893636
114323,0.9970176
21459,0.9983181
119021,0.99984074
90188,0.9997805
62390,0.31742907
59065,0.99757975
127983,0.9972274
122228,0.9997807
16693,0.99989235
118974,0.99991643
43881,0.09244532
7392,0.99885833
84232,0.99975806
114209,0.9994205
41093,0.99774504
78703,0.9997384
5529,0.9990651
128213,0.9848518
58798,0.9992719
19239,0.99978167
119891,0.7092794
50808,0.9996542
89056,0.9998211
26249,0.9988367
14673,0.9992587
25995,0.9943667
60854,0.077836685
118070,0.13231778
28362,0.99979013
45952,0.9198849
85368,0.99953914
44459,0.9971667
6731,0.038131725
118014,0.11069205
85502,0.99983835
109528,0.9998685
91058,0.9998771
29437,0.99988556
80878,0.9999074
18366,0.15242298
104038,0.99822134
18034,0.9998092
90084,0.9998759
87873,0.999881
54324,0.9998599
25955,0.9997453
51388,0.99878865
2071,0.9973627
70994,0.99885285
102689,0.9994917
5948,0.9966017
127936,0.9974763
12043,0.99898773
30593,0.9998871
63542,0.3997258
28271,0.99930656
97080,0.862205
28232,0.9978789
92911,0.042494904
114358,0.99956936
7049,0.019879771
92193,0.99991524
26093,0.9982192
43541,0.87761974
90238,0.9999058
30778,0.999894
55604,0.99976546
44277,0.99809295
80815,0.9998648
65944,0.7232738
109816,0.9998646
69215,0.99854654
81913,0.99988496
43403,0.99218154
34095,0.99645543
122701,0.023115925
13454,0.9998648
55416,0.9998591
126902,0.7163204
34076,0.9970747
91102,0.99973696
102757,0.9973665
88925,0.99984276
19072,0.9997526
64466,0.99764866
93581,0.99868995
126886,0.9954803
65954,0.6887309
19181,0.999876
111954,0.9998141
96886,0.9998654
110944,0.99974376
34222,0.99744236
12234,0.99971145
17944,0.9998648
19249,0.9998939
86518,0.99985254
104044,0.995204
109621,0.4944631
97163,0.9995345
35755,0.98759264
45767,0.8543872
90237,0.9997538
14446,0.99789065
123380,0.9998356
26212,0.9984578
22095,0.99835217
79757,0.99984705
109709,0.9997696
41309,0.9952932
47272,0.9969932
103703,0.9947635
66050,0.39044228
81679,0.023001807
61236,0.99402267
60228,0.9991818
2620,0.9952762
5902,0.9965443
23948,0.9755028
36483,0.9964741
59942,0.9983608
61361,0.99378926
109669,0.99989486
103702,0.9970074
1948,0.9969651
79666,0.99976665
67042,0.99977547
73954,0.99985266
27189,0.99505097
63636,0.9955071
126834,0.9990632
123962,0.9992231
63716,0.9966703
101592,0.9998456
90184,0.9997979
44300,0.99690056
19650,0.9991671
37367,0.99576473
96945,0.9999018
107836,0.999102
103995,0.99658006
84268,0.9998902
123378,0.99989223
29753,0.99947876
124436,0.9972356
9815,0.9952679
75154,0.999627
23637,0.9953316
77219,0.99988556
129613,0.5081758
47301,0.9652959
72875,0.9998779
113223,0.9998454
4530,0.9984242
2077,0.998173
75060,0.9998666
67099,0.9986737
8962,0.9965334
109766,0.9998827
47394,0.9577753
121124,0.9998896
34175,0.99784005
5898,0.9978976
56710,0.99904734
112076,0.99983084
54409,0.99677974
8221,0.05699543
19274,0.9996649
112022,0.999767
107297,0.99984384
34863,0.9987405
65702,0.71046346
47341,0.99753916
28577,0.9996908
128176,0.9972562
72584,0.043597687
31722,0.99944824
44353,0.9968034
95782,0.999696
88776,0.99987113
26221,0.9992181
42703,0.765809
127093,0.9928086
63387,0.99711215
70455,0.9984107
60208,0.99789447
68184,0.99930453
98086,0.9993475
85518,0.9996234
89920,0.9998883
69244,0.6848488
108181,0.02234971
119011,0.9998447
98182,0.99958235
32521,0.99915326
121281,0.9987423
85555,0.999652
109818,0.9997899
8268,0.48765182
76339,0.999113
43486,0.36281103
28278,0.98949385
107197,0.9998356
23964,0.99921894
77402,0.99985147
29589,0.99985754
19066,0.9997433
92420,0.999908
99095,0.99988985
113113,0.9998142
83073,0.99980396
89976,0.99986374
85527,0.99985874
102613,0.999848
127255,0.9975631
24225,0.8043164
128257,0.99323237
39541,0.7640211
129446,0.9960626
124238,0.03276232
113155,0.999874
56573,0.99699914
114208,0.99972326
18154,0.99973387
43880,0.045081265
37381,0.9983407
13423,0.99971837
27085,0.9904303
9863,0.9959906
105007,0.9998161
23687,0.9981437
115268,0.9992907
54230,0.99981946
68147,0.9985984
32832,0.98003274
114363,0.99918157
17877,0.9997209
53175,0.99717003
102548,0.9996674
2142,0.99662566
41176,0.9978263
42764,0.08519231
23866,0.9960427
79844,0.99988854
96814,0.9994273
90125,0.9997154
87625,0.999838
16701,0.9989766
97742,0.04319979
97157,0.99770254
127914,0.99568367
112850,0.9971437
33030,0.9972698
52541,0.14152163
97035,0.9997141
58706,0.9977992
37198,0.9979323
35908,0.022630028
69306,0.99867475
13550,0.9996922
129513,0.99770796
38885,0.99559057
54168,0.9977769
49774,0.99960226
75236,0.99986434
53210,0.99848986
116374,0.9998641
97047,0.9998667
124776,0.99928916
72768,0.9979087
2221,0.9974329
103858,0.9985902
124722,0.9998288
111888,0.9997304
112064,0.99967325
122391,0.99979633
121187,0.9993411
29708,0.9998791
85416,0.998049
34337,0.026734427
41212,0.9970879
10543,0.9945022
78402,0.9717737
98278,0.9997564
73955,0.99987173
19327,0.99987483
41207,0.99748105
60018,0.9751559
114317,0.99842584
94578,0.99414957
85444,0.99986017
29666,0.9998547
19023,0.9998123
34732,0.03427325
10664,0.9978728
103713,0.99828327
14389,0.99973303
28590,0.99927074
74049,0.9997341
96790,0.999803
98869,0.05670799
9791,0.99480975
69154,0.9978951
1958,0.99810517
30741,0.99989843
86534,0.9998872
28462,0.9995357
28466,0.9987382
53160,0.99808973
12740,0.99911803
95834,0.9996991
79696,0.99988985
1956,0.99662066
63520,0.9995235
79722,0.9998845
41189,0.99704665
69227,0.99509203
111779,0.9976139
11564,0.9977849
106211,0.9998331
41145,0.9967278
100497,0.99976856
12095,0.9988482
91124,0.9997342
20245,0.85910994
13734,0.8199193
10610,0.9967097
51015,0.9995584
44445,0.99715036
18169,0.99985707
41225,0.99768686
62272,0.99516416
8132,0.9962805
67091,0.99576074
114364,0.6203398
114211,0.99921954
54423,0.99987876
65694,0.72264105
127984,0.9977877
97468,0.99916947
99781,0.045439005
59024,0.9937512
109741,0.9998466
46015,0.9975477
42784,0.57223487
103988,0.9971343
49706,0.9998789
90093,0.99977154
12338,0.98624927
44229,0.9981499
29599,0.9998784
21316,0.9968862
41369,0.9967619
76292,0.99899
35631,0.9980868
6634,0.99807596
29493,0.9998472
106063,0.9998685
80758,0.9999043
28984,0.066273935
91159,0.99984443
41089,0.99735653
6590,0.99696237
78698,0.9997098
76420,0.99966705
65854,0.6703009
110723,0.9995746
41161,0.9967121
91394,0.9998393
103896,0.9961367
109755,0.99981695
114354,0.99988306
76333,0.9996668
86282,0.024271313
87861,0.9998996
20295,0.99276686
67018,0.9969805
80880,0.9998983
4180,0.99877876
33042,0.9983583
29470,0.9998591
80824,0.99989486
76288,0.9995554
108417,0.9992507
73165,0.038062397
117858,0.9997193
72794,0.99933016
104404,0.9995946
127943,0.997729
95699,0.9996815
22340,0.033144735
121331,0.99924004
128067,0.9911006
28513,0.9996433
102704,0.99986625
88928,0.99988174
53200,0.9981059
59979,0.99886155
29700,0.44570288
23643,0.99651587
78467,0.9998348
75086,0.6846005
109040,0.64427286
34990,0.12752715
26114,0.9996165
71697,0.99950624
79797,0.9998599
121329,0.9995577
41146,0.99717736
79857,0.9998443
88804,0.99981886
19112,0.99980253
63490,0.99406517
86662,0.9997259
99251,0.9973284
52924,0.99870455
10184,0.025012126
123543,0.99983835
89096,0.69087064
6601,0.9949955
23719,0.99660516
113176,0.99967253
86715,0.9998387
121236,0.9989938
13536,0.99723345
34934,0.999329
88768,0.9998653
36519,0.9979836
82152,0.99989355
33226,0.9688995
127951,0.9974394
58215,0.1424143
73805,0.9998708
4257,0.99914134
69461,0.9990274
107167,0.9998429
38857,0.99644357
34144,0.13080244
7633,0.042681936
67022,0.21822493
17931,0.99978584
31719,0.99485
103749,0.9944931
127866,0.9979831
29403,0.9998878
72760,0.99989295
127228,0.9963883
16615,0.04829827
28486,0.99797946
99154,0.9998035
50260,0.99702424
23666,0.994842
86356,0.9984775
77524,0.7137099
49611,0.9998068
110902,0.99804723
122136,0.9998907
23821,0.9961159
113210,0.28911078
88746,0.9998616
74962,0.9998406
79547,0.9998553
111928,0.9988349
19041,0.9998872
66897,0.9993709
98098,0.99950016
99145,0.99988294
108414,0.9996886
28318,0.99974614
125632,0.9998354
17927,0.99979967
117868,0.9998956
87821,0.9997657
17840,0.99986744
112005,0.9998776
73616,0.039550297
85296,0.9998816
128019,0.99441457
85542,0.9997826
80954,0.7178491
69504,0.99452186
18104,0.9998467
108658,0.9998716
84273,0.99989915
48182,0.049932037
111974,0.9988673
29482,0.9998332
113090,0.9984743
116679,0.9998479
122374,0.9991086
109765,0.9998271
79641,0.9998648
61380,0.9963954
6684,0.9972398
124455,0.99980336
65979,0.701665
61325,0.998884
107310,0.999846
27421,0.9890637
115223,0.9998642
66990,0.9984194
54311,0.9998012
117818,0.3024099
81918,0.9998524
59969,0.9981723
99110,0.99979633
12328,0.9995394
124789,0.9997973
125799,0.99983966
86708,0.9972963
57877,0.70259506
73911,0.99987507
113280,0.99862266
73802,0.9998136
18047,0.99981314
45856,0.9975802
113191,0.9998
14394,0.9995819
41168,0.99690646
77446,0.9998845
127268,0.99758923
48316,0.99618524
36539,0.99574536
88872,0.99982375
71555,0.999907
44214,0.9977379
47314,0.9845388
75049,0.9998566
100384,0.9998765
91095,0.999851
63664,0.999553
66895,0.9997243
18527,0.06396892
23730,0.06666333
67924,0.9983157
76150,0.9998367
103800,0.99570954
61124,0.9742665
97955,0.99936134
76225,0.99974626
52496,0.23757866
90144,0.99988735
66948,0.99984527
60222,0.9846704
28606,0.99965155
9800,0.99748623
37341,0.9982899
43096,0.14740583
18965,0.99985063
1991,0.99768305
52004,0.9998542
70637,0.9940743
78504,0.9997458
74090,0.99985886
66871,0.9998573
10509,0.995359
93426,0.9997073
111907,0.99987113
90096,0.9998944
47402,0.9407832
102793,0.9998492
53263,0.9981146
95030,0.047980808
66638,0.043900564
118886,0.99988365
9103,0.9964224
91367,0.99987483
76389,0.99989307
108513,0.999838
57554,0.99820876
35382,0.99806815
57664,0.7152783
57422,0.049204107
69141,0.99848133
65802,0.7042074
121232,0.99868363
25952,0.99895763
72624,0.9998685
9844,0.99678457
49630,0.9998217
95734,0.9977337
65943,0.70842266
44243,0.99971646
91065,0.99986804
13374,0.79231334
58888,0.9995541
21238,0.9979504
105938,0.99929833
41348,0.99786735
106549,0.05750571
74948,0.9998696
65986,0.7198099
116306,0.9988852
73744,0.9998221
108319,0.99926394
14650,0.99905354
8319,0.9977329
113128,0.9989084
37270,0.99641585
38831,0.9915918
32529,0.999114
84474,0.9998572
26022,0.9997638
51254,0.044872455
125653,0.9997421
122193,0.99985015
43466,0.83452684
8208,0.99725467
128274,0.99498487
100595,0.99680126
18143,0.999268
56653,0.69498414
122291,0.9998253
92523,0.99984276
4578,0.99983144
63290,0.9983901
4306,0.99979204
80053,0.32564405
54166,0.9998161
8236,0.9959299
47453,0.20065579
4242,0.9997603
85610,0.99985635
34136,0.99560344
116570,0.9998915
4551,0.99872094
91371,0.99974376
128194,0.99144137
87728,0.9998004
22732,0.016290568
20207,0.73129123
89924,0.99986875
54470,0.9998851
129451,0.99092156
32565,0.9981337
98287,0.9998286
6338,0.9948508
97143,0.9996495
53364,0.997736
85403,0.9997069
49794,0.9995602
69420,0.998166
13200,0.9998348
84178,0.9998896
5858,0.99807054
28300,0.9985436
58708,0.9987061
99088,0.99867344
87763,0.99983096
127182,0.9952349
1971,0.9971654
69256,0.9983694
18993,0.9997428
62470,0.99486524
46060,0.9971102
59360,0.13713956
47549,0.906707
128218,0.9961138
74055,0.99989986
87831,0.99957067
127994,0.99311864
91267,0.999887
114409,0.99922717
26166,0.9986098
53205,0.9955777
113845,0.07175713
98005,0.9995049
10614,0.9965145
89051,0.9992036
107447,0.99986637
2121,0.09594997
66230,0.16314328
65706,0.71697456
80906,0.99987304
14831,0.038651094
102836,0.99878126
40263,0.9963852
60183,0.9686294
16891,0.99980885
32501,0.9981592
50725,0.99975187
58688,0.025318747
1946,0.99706596
43444,0.99530834
72725,0.9998541
43491,0.998159
44420,0.9997216
69410,0.9987368
6264,0.026924888
49643,0.99961156
92229,0.9998877
112034,0.99851304
67141,0.9957606
100045,0.08362053
102799,0.999887
107409,0.99982184
70488,0.9654127
92391,0.9998734
58962,0.99861443
72689,0.99977607
26152,0.99586225
102690,0.99975485
53213,0.9971072
61313,0.9552415
91220,0.99984694
60079,0.9977118
118827,0.99981946
6069,0.071380295
85421,0.99841523
104944,0.9998616
9848,0.9968911
75014,0.9998658
98235,0.9945808
34878,0.99851614
96314,0.9992834
108270,0.025335986
118204,0.9995003
34839,0.99892706
28473,0.99886227
69254,0.9972631
14648,0.9990916
108460,0.99965835
85464,0.9998323
29706,0.9998598
84402,0.9873054
109619,0.9996798
29690,0.9997514
112061,0.99987626
29705,0.9998685
14482,0.9993765
63526,0.99923015
72730,0.9998889
85484,0.9997416
41388,0.9970393
70862,0.46944377
13552,0.9998342
79794,0.9998822
90025,0.9998673
58805,0.99956256
97110,0.9992679
62241,0.9889755
127958,0.9909966
79853,0.9998474
129496,0.9973924
87890,0.71764493
96869,0.99842477
96953,0.9997229
57729,0.71843964
72800,0.9994671
38730,0.9974331
30576,0.9998765
94720,0.99987495
76236,0.998835
19007,0.9997634
20263,0.88278484
35831,0.04414486
14696,0.99792045
108651,0.999808
41373,0.99791104
96942,0.9997694
14573,0.9997459
23993,0.42040414
109576,0.9997358
91327,0.9998652
94286,0.021967167
88983,0.99983084
41778,0.9978713
124447,0.99985826
109516,0.99985945
70493,0.99919087
109791,0.99989724
37262,0.9977331
69513,0.9992174
118675,0.99987423
72862,0.9998585
85898,0.3496089
113226,0.99957615
37561,0.9992073
69297,0.998142
4247,0.9994512
102699,0.9985464
102850,0.9994887
111771,0.99969614
13397,0.99980813
10846,0.99824846
85633,0.99979824
33562,0.07871801
92516,0.99987495
14633,0.9995028
62512,0.996887
54500,0.9998864
90214,0.9999194
127933,0.99763703
49918,0.9986987
127236,0.99555403
122385,0.99984753
22165,0.99760085
31034,0.9986664
49648,0.99955326
38525,0.009981247
13205,0.9998828
83152,0.9996625
87875,0.99869186
114403,0.99772865
108502,0.99979407
19125,0.99983895
79845,0.99987304
45827,0.95934373
87629,0.9998449
42729,0.33690113
27756,0.99312544
119246,0.047475003
72677,0.9998591
22207,0.9974464
10832,0.99278224
121229,0.99594456
97139,0.9987079
47511,0.9270637
127139,0.9982085
37439,0.9981773
90120,0.9999157
49848,0.9998197
68281,0.9950335
44286,0.9968804
5437,0.9997009
59063,0.97977966
85207,0.026412291
35681,0.9979638
44393,0.99745995
30935,0.9982071
96863,0.999848
88999,0.9995529
103991,0.99358773
49865,0.9990814
11972,0.99584454
103744,0.99764866
112981,0.99978465
41199,0.9978003
79623,0.99986863
106214,0.9998994
71588,0.99889237
120177,0.72401685
110725,0.9996238
1200,0.9114936
15745,0.99882704
71776,0.99841344
59088,0.9976714
34596,0.9987483
23736,0.9922367
45899,0.96245944
30870,0.9999049
37304,0.9983171
43469,0.99727887
2094,0.9968015
31062,0.99803513
41330,0.9976439
113103,0.99856216
14692,0.99916565
104992,0.9998485
79703,0.99984396
88761,0.99986625
14373,0.99975055
44343,0.99882454
32590,0.9987398
19218,0.9996853
127864,0.99774927
28322,0.999485
34981,0.9990403
93391,0.9998765
115272,0.9985347
16851,0.99985456
71786,0.086376145
75040,0.9998555
35790,0.9718373
91165,0.9998591
28469,0.9998448
80767,0.9998703
45821,0.99610305
8990,0.9973621
13517,0.99952793
87782,0.9998272
1108,0.9988757
92194,0.9998765
116427,0.9998499
115277,0.9984396
41185,0.9970631
43292,0.018719597
19267,0.9997694
46116,0.029314362
115286,0.99902177
23779,0.99700826
65874,0.69391537
86721,0.9993863
45913,0.8963905
88658,0.9993912
53056,0.9995993
5650,0.9977977
115473,0.99892443
39273,0.13529056
18959,0.99989593
123447,0.99923885
20846,0.9982772
118873,0.9998455
15688,0.9998559
101597,0.99983525
127252,0.9960824
71601,0.9992704
47649,0.07707834
114770,0.99917114
72607,0.9998412
91211,0.9975102
91363,0.99984944
116708,0.9999236
32965,0.13960543
116917,0.47789764
97050,0.99904746
122468,0.999899
106166,0.18001163
93380,0.9997582
69310,0.99942136
69301,0.22212958
119008,0.9998647
49889,0.9993142
43409,0.9986265
112007,0.9996935
113213,0.99977154
71457,0.99963343
48698,0.9807772
45829,0.96438193
56246,0.03933208
111827,0.9998228
2148,0.9983114
50719,0.9994832
29505,0.9999032
25937,0.9996331
102787,0.9998548
6326,0.9968817
2191,0.12172374
123386,0.99981195
109530,0.9998561
9460,0.88662106
68273,0.9986992
29525,0.9998491
113064,0.99977976
69395,0.9993113
65703,0.7025963
116610,0.999877
119354,0.9992269
4399,0.9995567
121044,0.9992493
123086,0.03110439
111949,0.46421286
5488,0.9996755
4341,0.9998555
39626,0.9942644
112997,0.9998671
18114,0.6616771
128893,0.39627942
26199,0.9992699
59925,0.99425197
14674,0.99910647
28501,0.99719137
69193,0.9975719
128000,0.9935401
89059,0.99949324
9715,0.99747247
45897,0.4457487
44527,0.99766916
119014,0.9998871
45874,0.57809186
14350,0.9996655
45857,0.4721552
98125,0.2980984
18035,0.99966776
65697,0.7125199
72676,0.9996226
100528,0.999808
90208,0.99917704
80191,0.2950521
33618,0.9977602
78663,0.9993206
121133,0.99850094
93347,0.9998386
27333,0.99351054
1990,0.9974784
12243,0.9991387
63635,0.9972078
73800,0.99981636
64543,0.9926684
116516,0.9998252
38677,0.022794176
7245,0.011643958
118921,0.9998099
35794,0.99008304
108518,0.9997596
47339,0.9810387
112938,0.99753714
128042,0.9954959
28351,0.999476
44320,0.99691844
28492,0.99913365
42723,0.63487744
32566,0.999124
18102,0.9998155
15553,0.9991247
117860,0.99988437
38852,0.9970517
76105,0.9998517
103813,0.9985191
61238,0.26123348
85599,0.99984515
41260,0.99418145
91167,0.9998547
1954,0.9972051
35578,0.9917687
73274,0.9990933
80462,0.031531166
109567,0.9995778
26287,0.9983644
52180,0.32957357
76054,0.9998995
26132,0.99881315
124621,0.6453378
13427,0.9998197
66971,0.9995115
88828,0.99986017
103718,0.9975949
47396,0.93887883
96843,0.9997172
58784,0.97577184
34838,0.9987626
39584,0.9948102
9596,0.008540744
91257,0.9998246
124482,0.99984527
114225,0.9996598
18000,0.99945503
128189,0.9974612
42682,0.43105796
90212,0.9998903
44183,0.9970276
88812,0.99890757
128040,0.99725467
126790,0.9913458
87733,0.15883917
117773,0.9998375
21314,0.997502
84264,0.99929893
56808,0.9990251
92531,0.999882
28514,0.99920195
37890,0.99387026
88821,0.9998882
78692,0.9990171
85838,0.18505158
45729,0.99757236
54076,0.99849486
80743,0.9998511
61275,0.9951468
37389,0.9989298
109665,0.9998288
53212,0.9994924
41175,0.99672794
65790,0.7076455
72675,0.99966073
28292,0.99697745
89950,0.999874
61411,0.995359
107514,0.99985254
89970,0.99991167
111674,0.9966356
54325,0.18911333
69407,0.99940574
30468,0.99870956
77882,0.98982435
57914,0.7375315
97082,0.23119688
95941,0.3411321
29563,0.9998344
97953,0.9996841
127244,0.9971474
16988,0.9998227
62320,0.9874824
10259,0.99851173
60219,0.99946696
44520,0.9986659
66832,0.99985397
112118,0.9997985
88960,0.99985147
13203,0.999752
85539,0.99980706
19326,0.9998535
126740,0.9995067
49772,0.9995926
62293,0.99666226
97416,0.23954338
11948,0.9973833
14336,0.99935156
1950,0.99626726
85494,0.99985504
90137,0.99938416
29475,0.99990904
5884,0.9980685
4349,0.99959224
91045,0.9995814
58573,0.027689181
115226,0.99892455
72622,0.9967692
106065,0.9994771
88723,0.999853
47487,0.99736565
28429,0.99937063
87867,0.9996861
45905,0.51087075
2244,0.9983877
60276,0.9922466
90197,0.99987984
96892,0.9998603
91330,0.9998354
129605,0.99004173
26056,0.9994999
52161,0.99582505
69490,0.16209626
38789,0.99835265
1121,0.999343
98040,0.9993369
5769,0.99534863
127925,0.98706055
107886,0.06603903
90233,0.99992573
67025,0.99867827
75156,0.9998516
9988,0.032283217
119013,0.99992025
127159,0.99706
28598,0.9972486
103794,0.99114954
113079,0.9998173
69177,0.9962811
38250,0.997391
126738,0.71905285
20302,0.98690623
47435,0.989995
29679,0.9998872
918,0.9988807
26023,0.9998852
88923,0.999856
39013,0.07143236
80922,0.9998877
128044,0.99841106
124630,0.99983466
56523,0.9994066
47930,0.9962178
116671,0.99984527
109808,0.99982065
42414,0.019090233
85451,0.9998529
60216,0.99816424
84415,0.99987316
26046,0.9985751
29636,0.9998845
117667,0.9998155
65788,0.7198644
69231,0.99741864
90228,0.9999014
68092,0.9985815
29757,0.9998511
39549,0.9980509
34869,0.9983917
95978,0.99667215
86718,0.99986744
5732,0.9994711
32592,0.99843854
5516,0.99869734
13343,0.99987984
74944,0.99987245
61186,0.9974982
85438,0.9997249
120397,0.25239828
14704,0.9991918
101463,0.99981195
62341,0.9959266
37195,0.9966543
111965,0.99984944
5932,0.030653782
70549,0.99709094
32518,0.9982331
21368,0.9958788
2156,0.9974534
91375,0.9998573
123986,0.99923706
29656,0.9998727
60213,0.9909112
64739,0.9932341
33812,0.9953555
10582,0.99777156
29688,0.99984
14506,0.9993507
104915,0.99988794
44339,0.99941456
90119,0.99991
122450,0.50765216
30957,0.9980804
66935,0.99862885
67184,0.99913234
66859,0.99643517
16855,0.99907815
106339,0.999838
69340,0.99912256
115459,0.99988544
839,0.99989426
21290,0.9966467
123469,0.38825867
86965,0.26554984
41162,0.99463683
86627,0.99981755
84313,0.99988484
1010,0.9992545
43525,0.9372497
34070,0.9968555
31789,0.041392203
95981,0.9973502
34208,0.99576426
127216,0.05560241
70432,0.99308276
29386,0.99990094
4564,0.31148553
52006,0.999166
1504,0.98578715
81910,0.9998841
5874,0.9929992
126786,0.9969965
98081,0.9992907
104998,0.9998461
29670,0.99990225
84471,0.99979275
127203,0.99761033
10571,0.9970811
96819,0.99984837
101507,0.99989104
59105,0.9977449
11429,0.020128492
127919,0.9978236
44204,0.99699056
54231,0.99837303
4298,0.9992908
79517,0.99931467
98138,0.9996333
38757,0.9937226
90944,0.0900555
127409,0.032509
25981,0.9998017
87670,0.9998797
69202,0.99981016
15555,0.9997669
91073,0.99975735
72736,0.9995185
43421,0.9947955
116692,0.38367862
127161,0.99785125
65987,0.72257257
20259,0.3995854
5819,0.997303
114218,0.9993063
116370,0.99981624
2510,0.06581592
112037,0.99852717
127988,0.99631447
101488,0.9997992
65739,0.5601916
47257,0.99764234
118722,0.99959606
8311,0.99766433
66901,0.9987728
34954,0.9982551
62381,0.9948361
18955,0.9998753
83296,0.99987614
55654,0.9998497
81344,0.17228588
2178,0.99669206
68036,0.9993179
104762,0.9990909
17708,0.9980081
94669,0.58678913
84134,0.9998708
84205,0.99976784
82098,0.999739
74006,0.9998685
87487,0.02208351
16983,0.999821
65940,0.643476
15546,0.99937564
34892,0.99879277
16560,0.040067453
13398,0.9998503
45784,0.9967153
32634,0.9986576
3412,0.9858088
85622,0.9998524
60215,0.9972007
34837,0.99894327
79654,0.99985456
44376,0.99534553
8940,0.997663
14592,0.9991115
8810,0.01234754
92273,0.9998952
66770,0.99691546
41375,0.99710864
14672,0.99896955
1445,0.04025839
127967,0.996798
118682,0.9998758
28412,0.9995846
28383,0.99980086
51856,0.99943393
9820,0.9979607
92387,0.9993405
127942,0.996497
67142,0.9977337
87584,0.9989668
41436,0.9971418
29466,0.99988794
14706,0.998588
34113,0.9965017
5541,0.99935716
8317,0.99650806
67381,0.9736163
84447,0.99987984
69312,0.9954431
26096,0.9979413
39684,0.9965204
49762,0.99961555
25527,0.9952425
22487,0.35207903
65717,0.716844
107262,0.99830425
90210,0.9992908
69383,0.98379034
89997,0.9998172
59005,0.99485886
47029,0.021693826
48949,0.052156825
46287,0.059916116
75111,0.99986804
30595,0.99988043
52198,0.99975294
37460,0.9984736
84169,0.9998858
115538,0.6630842
129458,0.9957397
107481,0.9999156
22187,0.993676
29544,0.9998447
32638,0.06584197
56767,0.99619234
106202,0.99989283
28406,0.9989398
110389,0.07375402
31785,0.9950541
34056,0.99721473
10531,0.9976671
23849,0.9969989
17706,0.99753296
111945,0.99960023
90153,0.9993273
24549,0.052380186
15501,0.99942315
85537,0.99986994
74955,0.99986005
74038,0.9997408
6701,0.9964528
74965,0.99989283
5941,0.9988551
5904,0.99605834
71791,0.9988304
17851,0.9998609
88886,0.7123679
63476,0.9965773
124551,0.9998254
87868,0.7190798
79756,0.9999001
91135,0.99987495
34834,0.99877244
41096,0.9984067
73801,0.9998621
35642,0.9945834
117527,0.9998746
11898,0.04180303
107300,0.9999052
26272,0.99773836
111765,0.9997738
86524,0.99978596
117676,0.9997737
72697,0.9992866
113228,0.9998047
112065,0.99901986
84322,0.99983
4948,0.99836606
89677,0.060851272
27368,0.9921313
75145,0.9998965
20438,0.8038742
95747,0.9948394
66919,0.99990785
53256,0.996225
128102,0.9970974
49798,0.9998342
29383,0.99987936
88663,0.02983446
59061,0.9996964
26102,0.9972915
82145,0.99989796
122234,0.99985564
22091,0.9977617
128156,0.9934663
86471,0.9998946
29408,0.99987435
116525,0.99985313
78596,0.9997377
79604,0.99986255
68097,0.9984592
13404,0.9998092
17962,0.9998822
44347,0.9976829
80784,0.9998492
129599,0.99466926
88858,0.9978237
1938,0.997323
128509,0.084283374
28248,0.9961506
84280,0.99984455
26215,0.9992719
60244,0.32705924
17833,0.9998412
37186,0.998415
99092,0.9998913
113218,0.9998845
2103,0.99621576
102752,0.9998598
46019,0.50247216
46645,0.0884405
16649,0.9998896
10442,0.9975877
26135,0.9993088
85545,0.99982685
70290,0.9997266
101942,0.08015051
109617,0.9994025
19159,0.9998865
86478,0.9999075
30334,0.06512872
60084,0.99607486
46985,0.11658733
58877,0.99758196
86467,0.9998952
95891,0.98575526
65900,0.71149355
76329,0.99734503
13303,0.9997507
19035,0.9998336
71444,0.9997459
23863,0.9974516
37357,0.9952512
109620,0.9996313
63523,0.9988444
80991,0.999907
23922,0.9970778
73813,0.99988425
84251,0.99984443
111864,0.99981993
107206,0.9998895
12187,0.9993349
63399,0.9994061
61754,0.99918395
14356,0.999015
85265,0.9998714
10581,0.99199754
45880,0.9440184
81857,0.71612483
47462,0.9980064
71540,0.9965448
85363,0.99988055
69308,0.9989373
97153,0.9992955
10063,0.9986424
84399,0.99987006
84309,0.99984133
94545,0.99990904
119380,0.9995684
127595,0.26593947
60259,0.9938737
31029,0.99830604
5778,0.99603736
123616,0.99912804
40427,0.9910313
31752,0.08754184
107389,0.998541
111784,0.99548703
56802,0.9998254
89791,0.047812074
7502,0.042416163
2147,0.9974922
92245,0.9998895
99108,0.99968505
19042,0.9998437
37330,0.99833447
59936,0.9997322
114305,0.9989191
39599,0.9953986
53017,0.9988158
127286,0.8783547
34844,0.9982521
63631,0.99965596
19151,0.9998779
17321,0.3173339
80841,0.999846
100165,0.06186111
41102,0.99742126
96921,0.9984256
41362,0.9949091
69274,0.9978072
32063,0.981544
118780,0.9998461
59111,0.99668807
97957,0.9996947
81922,0.99986875
69472,0.99892694
18052,0.99960345
129486,0.83558774
82156,0.9997558
30639,0.999828
50101,0.11994915
97989,0.99850994
72964,0.994662
97138,0.99966884
12716,0.9992663
9068,0.08423419
56378,0.9983637
14885,0.06455092
56562,0.9950472
50644,0.99764425
26104,0.99872416
53197,0.39612317
124754,0.31018844
30885,0.9998361
113186,0.9995541
25725,0.06708084
66861,0.9990477
20193,0.91207623
5946,0.02037638
68339,0.99888915
53692,0.99924964
94645,0.4736477
113285,0.9996227
24609,0.21824214
90104,0.9998319
54318,0.999803
28364,0.999736
76082,0.99989545
109744,0.9998123
127412,0.046493467
119764,0.9982765
44332,0.99698097
44210,0.99608326
13192,0.99974555
108357,0.9993968
32594,0.99841464
90034,0.9998926
104963,0.99986815
20773,0.019249165
60174,0.9888537
76215,0.9982493
5660,0.99863774
49572,0.9997296
103797,0.99526644
123541,0.99974066
88822,0.99982786
13392,0.43168312
74810,0.99873775
32649,0.99772626
118691,0.99987125
70624,0.98373324
44556,0.996546
18970,0.9998565
64645,0.9970497
106100,0.9998641
105920,0.08481713
23855,0.99774384
47295,0.9981382
19108,0.99979323
28233,0.99665403
29627,0.99985075
113106,0.9996636
35811,0.98362225
23685,0.99605894
26024,0.9961243
76378,0.9996238
28398,0.9997378
28255,0.9982128
26020,0.9993875
129624,0.87289155
53309,0.9964245
46670,0.09165333
63575,0.9824166
68242,0.99472046
57172,0.9988674
128114,0.99402183
34164,0.9972263
126838,0.99601585
72758,0.18359333
91355,0.9998467
92431,0.99985254
56679,0.99889153
14658,0.41778243
68083,0.9988589
7500,0.03030783
28439,0.99886847
16848,0.99988997
84823,0.06929484
91281,0.99986136
23769,0.9957872
78400,0.99975175
26109,0.35834774
53166,0.9911761
25944,0.9995908
50894,0.2800659
2175,0.9970305
76273,0.9995571
46262,0.019217454
4388,0.99902546
109711,0.99986815
20016,0.07508919
39464,0.97570246
30586,0.99991846
81967,0.9998447
23825,0.99694246
42658,0.42943713
49566,0.9997688
76323,0.99951315
96828,0.99981564
16850,0.9996537
121190,0.99973553
97065,0.99927276
86630,0.99989426
10670,0.99048233
117538,0.9962708
68558,0.029323827
80900,0.99990153
53208,0.9968285
31105,0.9983594
107531,0.9998945
13489,0.9998987
20254,0.9680598
2248,0.9965783
90204,0.9993325
17970,0.99968445
29545,0.99986005
65893,0.71503377
23766,0.99813133
72962,0.999718
15832,0.9996469
7535,0.99684334
72705,0.9996039
71747,0.99834335
110932,0.5399207
26136,0.99866724
60628,0.9992298
96967,0.9881598
16786,0.99934715
54469,0.99983835
78423,0.99982953
91104,0.99987423
117576,0.9960722
20340,0.8525821
59977,0.9957913
13365,0.9998048
124576,0.999777
28461,0.99969184
89929,0.9998839
34950,0.9990318
10652,0.99096644
88988,0.9998424
108220,0.9982704
85632,0.99986875
64538,0.9739743
122151,0.9998505
88954,0.9998419
88760,0.99982303
19166,0.9997919
13421,0.9996412
20249,0.74200606
88732,0.97739446
7492,0.99965835
106291,0.9998671
121165,0.21816131
68331,0.9980519
37158,0.9949763
73814,0.9998609
10561,0.99774784
34156,0.99677867
35707,0.9903708
10609,0.9975897
79760,0.9998392
94647,0.99969685
103889,0.9984068
62143,0.013911828
114263,0.99912673
26230,0.9968496
25925,0.99970573
30695,0.999884
20196,0.968857
2008,0.9984755
124528,0.9985936
22291,0.03639705
90202,0.9995478
79659,0.9983498
42030,0.5756833
118398,0.04561918
44363,0.9967032
34112,0.9966446
64818,0.99683565
128133,0.9972894
65972,0.71966916
82054,0.99965954
93434,0.9998386
31985,0.06043489
29574,0.99984956
82105,0.999846
115271,0.9998838
31083,0.2654868
75001,0.999902
127945,0.99629444
102708,0.99987566
98088,0.99925095
34908,0.9989586
34911,0.99940133
37233,0.997511
76336,0.99975747
10665,0.9954659
37238,0.9971769
126982,0.969041
116429,0.9998574
61224,0.9989197
19178,0.9997975
22211,0.9976833
58866,0.9979103
112912,0.9998963
63492,0.99986327
64680,0.99884856
75055,0.99967563
78926,0.04681347
109238,0.0742325
114406,0.9966614
78463,0.9994543
5439,0.99960023
14634,0.895853
94776,0.9991148
67146,0.999658
67123,0.99711084
24573,0.058942236
77935,0.07698708
77005,0.06958877
58959,0.9992818
76260,0.9993729
9768,0.35874516
111181,0.035986606
4340,0.99919504
109563,0.9967018
7483,0.99009645
25929,0.9996902
44514,0.99937123
10484,0.99615294
13866,0.9990386
117664,0.9998312
108450,0.9984162
124637,0.9998623
73850,0.99984217
86614,0.9998934
115464,0.9997136
127169,0.99708563
107276,0.99970716
72909,0.99967706
26222,0.9988901
95843,0.9997476
113021,0.99934655
76248,0.99890447
34941,0.99860954
119010,0.9995227
82062,0.99987304
90240,0.99990976
99158,0.9997918
113047,0.9992312
35576,0.9956369
82154,0.99991333
29634,0.9998677
7368,0.9971878
93489,0.99963975
78615,0.9987459
28559,0.9989895
82104,0.99940014
111777,0.9998117
63489,0.99957186
47269,0.5157967
30920,0.9984308
106197,0.9998832
106248,0.99984634
72812,0.9991461
4357,0.9998907
79709,0.9998584
31709,0.04144806
28372,0.9998442
82051,0.99982953
81815,0.99975914
59042,0.9998574
1323,0.0497172
76366,0.99986243
72756,0.9990852
1911,0.99505496
35000,0.99909675
43746,0.9850536
77392,0.99966013
120995,0.99864143
55636,0.7174232
56656,0.99970895
103907,0.9984596
59080,0.9877201
59036,0.9990834
106147,0.99986076
27383,0.981967
115470,0.9988115
59069,0.998723
5491,0.9998192
4350,0.9998926
75198,0.9997918
26183,0.99960846
52790,0.02164406
109603,0.99986553
12331,0.99861586
124687,0.9997204
128088,0.9968875
72664,0.9997633
107216,0.9998084
34049,0.9965867
90139,0.9998485
117771,0.9998615
107255,0.9998803
67081,0.99976164
19084,0.9998072
6699,0.9962871
118914,0.9988299
69818,0.99316543
85492,0.9999007
66021,0.710732
47299,0.997835
41368,0.99669135
89047,0.999819
44199,0.99834895
44529,0.99896955
112309,0.06294169
82018,0.99981457
44181,0.99761426
56666,0.99953914
103760,0.9975369
7241,0.021488382
53966,0.020239893
23935,0.9971535
26031,0.9998004
96825,0.999806
96846,0.9997249
30743,0.99982697
10540,0.99768853
109554,0.9999143
40777,0.08631388
40054,0.99612707
109589,0.99986863
128223,0.9951133
26253,0.9989471
114269,0.99643373
2076,0.73972934
34207,0.9961015
4450,0.99980956
70538,0.99742717
90092,0.9998776
8494,0.9965953
21335,0.9979158
96975,0.999759
106253,0.99982375
121274,0.7226372
67115,0.99983406
44494,0.99642426
67904,0.068832874
37475,0.9982968
66939,0.9968315
84261,0.9998665
4536,0.99839205
78650,0.25814298
32497,0.99852365
18945,0.9995004
45761,0.90645015
85298,0.9998963
111960,0.9993605
121278,0.99737155
66059,0.7002664
82004,0.9997135
37196,0.99480975
61188,0.99895144
5656,0.99955004
37232,0.9985562
72877,0.99985886
101745,0.9998299
28531,0.99927825
74906,0.9674425
18066,0.9997009
6677,0.9978137
122272,0.99987996
85355,0.9997241
13358,0.99973816
14596,0.9995509
89923,0.999889
21455,0.99789363
13377,0.99984753
96724,0.9981712
91271,0.9998841
87761,0.99969697
87587,0.9998141
44428,0.9986582
124582,0.9998429
110612,0.6788627
8979,0.997449
129490,0.99741095
10494,0.99604744
112041,0.9992843
106684,0.9993044
106204,0.9907623
32969,0.12255256
92534,0.9998983
37353,0.99638915
47054,0.01813132
97124,0.99971575
116431,0.99983764
70477,0.38856354
23858,0.9973437
97029,0.99973387
115557,0.9992181
75193,0.9998796
81905,0.9998759
109776,0.99985266
2901,0.12558773
4260,0.99961406
124346,0.99829465
56806,0.9989625
118678,0.9998399
128141,0.99747604
72644,0.99980956
92286,0.99985707
5841,0.9989248
53690,0.99907434
116416,0.9992835
92196,0.99986327
44246,0.9993882
19000,0.9998474
91349,0.9998666
41141,0.99795157
90134,0.61645293
5396,0.9987872
75991,0.02208822
14499,0.9998017
94584,0.9998455
66367,0.18945964
94639,0.99987936
101690,0.31713712
9031,0.99705637
54265,0.9998161
43511,0.99771166
69446,0.9808828
13415,0.99966097
67138,0.9996313
93476,0.99980325
37324,0.9891834
73746,0.99972755
65760,0.6921876
19289,0.9999062
23982,0.9840206
109616,0.5657432
18064,0.9998281
6751,0.9972519
31724,0.999468
72700,0.99517125
86757,0.9998938
59007,0.9440918
34987,0.9988182
65922,0.42559764
29478,0.99984777
107256,0.99988735
29606,0.99988115
129553,0.94354475
40578,0.027980741
72686,0.9997392
41136,0.9978058
17874,0.9997607
73751,0.9998579
4533,0.9991806
32481,0.9977068
126742,0.99878484
61138,0.99604154
87718,0.99988997
88862,0.9998361
37269,0.8113052
127153,0.99733055
92381,0.99981755
69379,0.6905193
75004,0.9998597
68275,0.99872524
29699,0.99986875
66874,0.99708766
45833,0.99780744
32514,0.99468464
88745,0.9998658
58304,0.16356854
35798,0.9880562
128026,0.99772924
69174,0.99832445
34840,0.9987306
23657,0.99175805
62774,0.019454286
25988,0.99964786
17730,0.9974304
106195,0.9998481
35757,0.9833444
31802,0.99852103
37474,0.9986022
28453,0.99958235
4021,0.08627021
113072,0.9999075
101415,0.9998677
1985,0.9981244
9658,0.98964816
113253,0.9997571
43446,0.99549603
26235,0.9873001
73890,0.99985135
101498,0.99982697
41078,0.8978126
127229,0.9974975
99397,0.99987686
67156,0.17531314
23688,0.99663013
87624,0.999882
77498,0.67813647
128080,0.99559104
128453,0.051555485
85541,0.9997938
124434,0.9998436
65497,0.06160238
29726,0.9998994
87766,0.99980944
91176,0.99977785
38802,0.9977501
41114,0.9979765
127193,0.99753416
55460,0.9996476
99443,0.99979526
89428,0.99947065
96845,0.9997521
110621,0.71170753
37500,0.9986312
29557,0.9998424
5583,0.99747026
38883,0.99523747
99101,0.9999093
44074,0.028086636
49858,0.99971527
85302,0.99975294
13295,0.9997459
110660,0.99951637
29441,0.9998779
77444,0.99984527
23970,0.99446726
67109,0.9997608
42636,0.5171199
125941,0.99976224
18956,0.99985325
96901,0.9997515
59116,0.9987924
128066,0.9976801
54217,0.99975675
23906,0.9944342
106000,0.9998301
49731,0.9995982
14635,0.999156
21377,0.9980357
55525,0.9996549
101396,0.9998479
13428,0.9987822
34105,0.99757963
12714,0.99944466
128149,0.9972535
69388,0.9995479
96908,0.99898535
74051,0.99981374
768,0.9994271
85321,0.9998641
41304,0.99748296
35380,0.99775296
129484,0.88543147
72512,0.087051556
99138,0.9998591
76348,0.573821
76092,0.9993892
24708,0.9971763
50917,0.9996427
5677,0.9968142
61408,0.99480635
121316,0.9998901
39871,0.9978434
8176,0.9962535
64351,0.025745112
79524,0.99986315
47389,0.9960187
29434,0.9998995
37484,0.032523137
10672,0.99386215
50773,0.9994667
75105,0.99821436
87762,0.99989486
116674,0.999858
84662,0.092708215
111970,0.99980897
108565,0.9997161
92419,0.99989784
32819,0.02562736
45987,0.9975096
88840,0.9998031
9763,0.99729127
127178,0.9972741
17213,0.11759537
85595,0.9996798
98141,0.9991351
21312,0.99821043
59109,0.99472046
32601,0.9946307
56564,0.999212
68238,0.9966744
53582,0.06646623
64864,0.9969427
53124,0.99736756
8239,0.99707425
32772,0.053797413
19067,0.99974877
112059,0.9995289
91368,0.9992053
40446,0.051729243
67100,0.9996172
54499,0.9997712
5406,0.99961495
41084,0.9966589
16890,0.9994686
13500,0.9998534
76289,0.9998072
20650,0.32762146
60069,0.99746907
72824,0.9999018
101703,0.99983346
47164,0.99717194
21366,0.9955676
97102,0.9975647
128154,0.9953094
85467,0.99986005
123284,0.99983287
116467,0.99991727
5198,0.07865594
67038,0.9948279
99187,0.9998605
37395,0.9982115
2049,0.99746585
57013,0.38406754
96861,0.99941695
71559,0.9998909
45948,0.99797124
25998,0.9988009
100309,0.9998306
55514,0.99985087
109658,0.999634
22217,0.99822384
79609,0.9998673
10508,0.9957718
73903,0.99982196
71782,0.9962991
129990,0.9918317
822,0.99923193
30724,0.9998896
33435,0.050301105
71789,0.9993687
35640,0.99757
85388,0.9998628
76250,0.9998442
47488,0.9480115
42975,0.9976273
16946,0.9996741
106148,0.9998423
92178,0.9998795
128252,0.9951616
14909,0.041334853
109460,0.9998271
118777,0.9998355
79816,0.9998097
56630,0.4410632
42653,0.6275906
18085,0.99981564
56570,0.9993742
4405,0.3263218
129572,0.88166326
1962,0.9974004
18985,0.99982196
49792,0.99890745
54268,0.99985254
108653,0.9998449
67083,0.9964814
129494,0.998276
128230,0.9967116
76265,0.9989178
9398,0.025120178
31804,0.9984059
99343,0.9998373
60132,0.9941338
117810,0.9998609
4390,0.999637
90057,0.99991393
19207,0.99975544
127971,0.99832267
43566,0.9940502
35021,0.99779874
47543,0.99844897
88788,0.9998586
37440,0.9969029
37491,0.99880004
116608,0.999853
83150,0.39870796
7346,0.99757594
92279,0.9998066
111941,0.9993345
32773,0.0296708
96816,0.99962234
88803,0.9998431
73756,0.9998938
103989,0.70823354
125749,0.6055813
76060,0.9997578
58909,0.99799144
37283,0.99717975
87921,0.99964166
101448,0.9996762
91038,0.9993794
126509,0.03536435
127257,0.9984549
117619,0.99986374
116722,0.99983704
6535,0.99027526
89014,0.9962494
90140,0.99979764
99153,0.99988604
34134,0.9967817
38763,0.9949738
69385,0.99818015
13208,0.99974126
34173,0.99598324
46061,0.9969717
30774,0.99990237
21043,0.99928916
70861,0.12895189
26277,0.9992168
71634,0.9993174
32503,0.99646413
79576,0.99986684
61177,0.9967063
37184,0.9923511
99248,0.999863
96911,0.9990067
109824,0.99905664
5734,0.9957605
66022,0.7171389
92329,0.9998404
86666,0.9998171
111829,0.99984264
55942,0.13506337
103854,0.99401855
88839,0.99983823
41267,0.9985373
23841,0.99655956
91364,0.99986994
121220,0.9998499
8090,0.9844595
16900,0.9996488
109467,0.9998559
63585,0.9958236
73997,0.99980205
129616,0.9952618
47489,0.9973495
45994,0.9961002
60124,0.97957325
38892,0.9968753
53075,0.99797195
85613,0.34851372
112975,0.99990475
37317,0.9980698
129546,0.9289115
97062,0.9998853
52115,0.9997888
127172,0.9949679
84157,0.9998635
127142,0.998209
13287,0.9998964
75988,0.99649566
97144,0.9998005
79525,0.99989605
35753,0.9974679
41269,0.9975211
47319,0.8599832
84227,0.999627
72687,0.99987316
13515,0.99971706
60180,0.9960984
51960,0.9996402
49788,0.9995994
41120,0.9969229
84369,0.99987376
108361,0.9992975
39671,0.995884
37459,0.9976895
53076,0.99961495
72753,0.99968386
41255,0.99755657
96837,0.99985504
99244,0.99985564
14387,0.9997924
86771,0.9971495
23638,0.9870313
41347,0.9974247
18123,0.9998357
98279,0.9993893
64887,0.99442273
53077,0.99855715
82516,0.9994504
9401,0.022104459
98146,0.99969137
88770,0.99985516
118741,0.9943211
87630,0.99974865
44314,0.9967721
58922,0.9974146
51923,0.99972004
23814,0.99553275
86679,0.99985945
72942,0.99964464
128179,0.99697614
12332,0.20506638
34982,0.9993736
90076,0.9997147
19018,0.9997377
113125,0.99923646
70838,0.24521692
117778,0.99979633
35007,0.9993949
38303,0.05337965
58818,0.9990717
59149,0.99640685
98140,0.9998765
61363,0.9953779
114320,0.999851
80968,0.9998586
8938,0.9973525
99399,0.99987614
25836,0.9965089
13733,0.12798798
96826,0.99986994
30833,0.9998518
69423,0.99666625
44475,0.97638786
106213,0.9998692
112011,0.999887
82900,0.99861777
89915,0.99987507
118724,0.99725515
53558,0.13673554
42775,0.8401624
37478,0.99823195
37321,0.99575484
101174,0.04808872
59014,0.9990416
30534,0.9998461
96934,0.99955136
99331,0.9998404
20103,0.76469207
29721,0.9998216
75604,0.99880195
111768,0.99941826
65887,0.6979343
64637,0.9760193
102786,0.9998412
25953,0.9992136
44188,0.99699235
115566,0.99936336
115411,0.99935037
49913,0.99908686
106192,0.9998542
34928,0.05587148
58992,0.9985592
114120,0.99835485
73793,0.9998883
10569,0.99299765
44452,0.9974969
90068,0.99987495
96998,0.9996822
63571,0.99842036
109670,0.999861
16652,0.9998876
7122,0.9967001
118687,0.99977726
97031,0.99918085
84380,0.9998636
10659,0.9955041
42612,0.9661058
27010,0.9983777
123085,0.05947665
111801,0.99984777
98180,0.960706
67066,0.99748105
19128,0.9998518
82050,0.9998518
88832,0.9998173
66851,0.99965096
60112,0.9902851
114998,0.04953753
75109,0.9997613
125920,0.99980694
101402,0.9945229
72918,0.9995431
49737,0.99985695
72809,0.9991129
82002,0.99980587
18093,0.9994024
107449,0.99989176
73848,0.99984825
30772,0.99990106
128016,0.9975775
112104,0.9998646
107261,0.9998447
89882,0.7119452
81870,0.99986386
63675,0.99686676
44489,0.99657696
79653,0.999826
81953,0.9998622
41353,0.99798113
8261,0.9886064
58978,0.99793786
124741,0.9998155
73894,0.9997936
25860,0.9936859
80980,0.8060361
44382,0.99759126
76264,0.99980694
89027,0.9999089
65969,0.71635413
80765,0.9998417
73853,0.99988437
13484,0.51324844
63627,0.97709274
23868,0.99569476
770,0.9991792
47306,0.7774038
127928,0.9977314
79656,0.9998652
69293,0.9993642
105000,0.9998555
99376,0.99964845
117709,0.65558475
28298,0.99941635
105136,0.9998671
37261,0.99755377
53714,0.99933356
47254,0.9904233
1027,0.9997732
31874,0.06191498
69345,0.9977162
98233,0.9996872
9006,0.047785915
49623,0.9997961
37081,0.015382721
9776,0.9979892
67101,0.9962054
109465,0.9998617
69487,0.9997272
85412,0.9937774
19040,0.99984634
19260,0.9998306
97166,0.9997943
76427,0.9989422
68139,0.9986357
37282,0.9982754
20105,0.7734558
5601,0.999602
32182,0.059084922
28272,0.998767
91202,0.99985135
118819,0.99988234
61141,0.9898509
127147,0.9968501
72940,0.9988439
39538,0.98972285
26168,0.99912125
86625,0.99987435
49759,0.99964046
129472,0.9897272
47460,0.8675935
29736,0.9998313
66879,0.9998486
53155,0.9978212
32675,0.997157
37312,0.9960359
129476,0.9857328
66937,0.9997538
97936,0.99890554
18992,0.99986553
121227,0.9978763
5453,0.9997327
47459,0.8776826
105536,0.045231156
70501,0.9997923
72617,0.9997472
4438,0.9994622
114361,0.9992706
59924,0.99834645
26269,0.99970275
47357,0.9242656
6730,0.06091925
98894,0.06264901
92378,0.9934136
69445,0.99473166
87673,0.999866
124503,0.9997857
109661,0.9998548
58982,0.99324846
45716,0.9981735
50896,0.99935144
109716,0.99892384
14683,0.9984987
96928,0.99965453
25476,0.84795815
29720,0.9998379
113267,0.9992041
77210,0.9990953
90108,0.9998758
76395,0.99968827
124778,0.99982893
66909,0.9972965
98004,0.99969995
31014,0.99673176
8232,0.9966821
37996,0.02406457
94774,0.9996202
91232,0.9998273
26054,0.998752
121335,0.9998803
128152,0.99783117
23731,0.9980223
55994,0.9992568
106113,0.9998259
76413,0.99969494
111930,0.9982687
49601,0.999529
93666,0.9982132
89086,0.99991083
41077,0.9972096
106207,0.99982977
72128,0.20561127
4586,0.9985134
49908,0.99623775
2048,0.99725205
117628,0.99988604
115370,0.9998933
53071,0.9981893
16964,0.25174093
114276,0.99979717
22142,0.08432497
41328,0.9909937
37424,0.9993055
100288,0.99915075
37919,0.05208409
54510,0.9998449
14494,0.99977344
63158,0.06752989
61319,0.9985545
14580,0.9994655
109573,0.9993537
69349,0.99953973
102592,0.999869
104246,0.5386124
76063,0.9998553
79877,0.99985087
72654,0.99816495
85402,0.99982905
72820,0.9992004
23784,0.9928629
19036,0.99937624
91185,0.99989974
79420,0.99864835
113074,0.99867344
37201,0.15800162
19309,0.99987614
115475,0.99962604
13282,0.9997789
125005,0.03235455
73956,0.9998667
19243,0.999255
34883,0.9985281
31772,0.99922323
7319,0.9944226
57712,0.704571
6339,0.99684405
61280,0.9923924
6605,0.99760264
128158,0.9933296
115479,0.99977046
122834,0.9995479
113030,0.9968438
90131,0.9998921
28495,0.99940956
56612,0.9987382
10483,0.99772316
84160,0.9998512
127308,0.9973922
97852,0.9980293
76245,0.999851
64728,0.6091071
76103,0.99988604
72714,0.99962974
62422,0.99604475
109674,0.9997261
57923,0.6646039
68941,0.019945486
97358,0.325405
2226,0.9980599
121235,0.9962496
47456,0.9917184
126542,0.10485389
20435,0.9875473
85582,0.9988053
55464,0.9998572
45914,0.32651877
123293,0.08076842
41284,0.99818206
72651,0.99984384
9700,0.9974554
32528,0.9955532
28284,0.9976877
121525,0.026771644
90071,0.99989545
114217,0.999298
85446,0.9998186
128125,0.9975151
38274,0.9970253
22008,0.9991596
54450,0.99522036
26142,0.99777836
95638,0.9996369
72642,0.9995461
84336,0.9998216
88962,0.99985933
4307,0.99969196
104040,0.9971765
53258,0.99753785
96880,0.999871
5605,0.9995697
107410,0.99983823
85294,0.99972624
31400,0.36295512
106933,0.07627764
85594,0.9998803
30877,0.999884
63720,0.9978193
84306,0.9998159
35712,0.13080925
79617,0.9998227
120014,0.49120906
5673,0.99634796
4595,0.99963486
20398,0.9045431
89912,0.99986136
103762,0.99324954
40385,0.042105697
84274,0.9997732
64545,0.9953389
97056,0.9923298
102640,0.99972934
113450,0.16713314
53174,0.724845
4582,0.9998074
90222,0.99988496
13334,0.99981946
65870,0.20165949
62906,0.9989183
37414,0.99223834
68285,0.3922351
121031,0.9996568
49909,0.9994635
6734,0.998871
73985,0.999863
45878,0.4419415
92379,0.9985436
16704,0.99983954
25930,0.99989045
56664,0.9985655
111761,0.9995629
109476,0.9996959
76259,0.9995067
103985,0.99898714
23940,0.0465632
115558,0.9947095
83219,0.9998078
81820,0.9998771
26139,0.99641633
76187,0.99960274
14484,0.9996942
72629,0.9990766
973,0.9996538
38798,0.9947917
67996,0.99972075
55886,0.031053646
69219,0.9984748
103910,0.9980854
41352,0.9974233
6130,0.9962322
19216,0.99984705
32660,0.99891806
89991,0.9999218
99437,0.9998661
59138,0.9996537
91028,0.9998411
37447,0.99886537
108470,0.43711424
113105,0.9997576
60181,0.9982968
72745,0.99930227
115524,0.9984742
111950,0.24240877
109737,0.99972755
60470,0.023174822
67009,0.9985127
118835,0.32126495
80970,0.99585646
41272,0.99818975
45976,0.99681973
71599,0.9987091
29622,0.9999051
65824,0.5039129
72650,0.99898213
10603,0.9952165
50710,0.999764
111875,0.99982846
44381,0.9974853
41253,0.9970387
26080,0.9990545
63429,0.98372316
116434,0.99986863
128166,0.9949726
19145,0.9997002
37298,0.99877435
127271,0.99827206
47504,0.99741215
59118,0.99972564
89045,0.9998518
52196,0.99984217
69304,0.9988789
13504,0.99977106
44187,0.13310662
98043,0.9983918
73851,0.999764
41205,0.9960018
67162,0.99634784
70490,0.99017185
58884,0.9975793
74836,0.9990355
84325,0.9998801
23831,0.99747485
2124,0.057670996
128235,0.9978255
18016,0.9998436
7696,0.98957473
59013,0.9810142
55523,0.9997743
84352,0.99984217
54327,0.9998056
37565,0.9974842
111873,0.99879396
92366,0.26054302
87680,0.9998872
59976,0.99422884
5928,0.25044772
91080,0.9998561
102888,0.9998523
95647,0.9944247
4541,0.99914575
90013,0.999876
9060,0.99400723
119605,0.02739815
90098,0.99980766
115513,0.9997956
110675,0.99981624
84218,0.99978334
96954,0.99914324
4540,0.36332554
76317,0.999665
61174,0.98821694
113073,0.99985504
79739,0.9998184
5582,0.25585133
92430,0.9998461
103954,0.9940202
77263,0.999622
121042,0.99809295
28369,0.9993168
112977,0.99907196
111783,0.9998505
49694,0.9998648
97951,0.9993687
28493,0.9996105
25943,0.99934477
53020,0.998429
102702,0.9998356
18041,0.99883324
61420,0.99699414
15503,0.9996346
109687,0.99973434
5856,0.99781114
103848,0.99318236
55329,0.9998517
16829,0.44352958
128248,0.99727935
128339,0.11973455
25911,0.07688385
46022,0.4130837
53062,0.9973717
44538,0.9976174
87869,0.9998547
81858,0.99981314
23710,0.9975674
98133,0.9980546
25989,0.99877566
31743,0.9986143
74864,0.02667372
72623,0.99403363
57681,0.6615783
47359,0.13490765
25954,0.9996599
19256,0.99986136
113040,0.9993031
90560,0.06828547
63477,0.9882961
23975,0.9973164
93618,0.9981141
80944,0.9998468
29609,0.9998623
27174,0.9958305
72653,0.99911803
96893,0.999783
17900,0.9995932
127143,0.99800247
69326,0.32738635
14588,0.9992686
103861,0.39130434
19080,0.9999033
96985,0.99984324
36494,0.041206952
2263,0.99702626
75094,0.9998816
45715,0.9973761
118823,0.9998035
75100,0.9998307
89046,0.9984487
32674,0.99854785
29368,0.029265275
77261,0.9998498
19099,0.9998636
103231,0.029071469
113271,0.99979883
53152,0.99841547
89986,0.99987626
37213,0.996825
72683,0.9998441
89874,0.99989283
42780,0.6096853
43682,0.039084148
79532,0.99988806
71684,0.99849737
9003,0.99726796
110765,0.9996112
124693,0.9998412
94582,0.9337247
40642,0.9968567
7511,0.9924706
14600,0.9990951
93520,0.9991172
86675,0.99812824
73936,0.99977857
71448,0.99987113
78707,0.99850154
92198,0.9998468
5598,0.99969864
74902,0.9998611
86464,0.99964607
123061,0.060982738
23981,0.99765354
18135,0.9997428
23898,0.99748117
90130,0.9998766
15793,0.9996779
41292,0.99737406
79603,0.99985766
113173,0.9997713
128241,0.9941314
120980,0.9995672
49577,0.9997111
107463,0.9998379
53070,0.9990584
72754,0.9999131
21320,0.99749386
13450,0.9996505
115236,0.9988175
14412,0.99975127
75391,0.109890126
21303,0.99697185
129511,0.99230593
925,0.9991774
32559,0.99713993
89928,0.9998925
60172,0.9966516
81925,0.99985516
18079,0.9998561
60163,0.99850464
113252,0.9992073
22098,0.9975944
14591,0.9991841
79620,0.99987805
29417,0.9998964
2091,0.99795437
114076,0.99780196
29651,0.99985194
12195,0.99961084
128031,0.99706644
14276,0.99847764
59941,0.9992489
35970,0.99672675
27233,0.99678075
34108,0.9966073
32495,0.99898523
49807,0.9998913
115230,0.9992525
7829,0.03868157
19056,0.9998746
46093,0.9625445
128129,0.99734515
34930,0.9986338
96979,0.9998486
79674,0.99986005
98136,0.99972993
96840,0.9990483
47490,0.8454508
4045,0.05363949
13285,0.99989784
73682,0.99745315
18979,0.99979156
116517,0.9998486
6607,0.9974094
28373,0.9991652
23678,0.99723274
13244,0.9997316
43395,0.99301577
98189,0.9996594
37268,0.9975043
33164,0.009562885
84382,0.9998332
23645,0.9971812
4483,0.9991757
72744,0.99906915
102894,0.9997818
55575,0.99966574
34181,0.9967097
127195,0.9947018
99287,0.9998641
44276,0.99792814
97131,0.9990062
37566,0.9938892
127912,0.9946167
43461,0.9963935
20118,0.7282325
2054,0.99660873
46068,0.59974766
3285,0.035702173
79828,0.26008525
123303,0.99986887
88771,0.99979335
89872,0.9998752
96941,0.99981123
107413,0.99989545
12990,0.07659814
106304,0.9998122
54308,0.99977905
37405,0.99852943
13234,0.9998802
107344,0.99975044
35020,0.99833363
29681,0.999882
26260,0.99912935
61314,0.988027
95640,0.9997894
2241,0.9975171
90021,0.99988663
40288,0.9959222
121142,0.65878195
26004,0.9992465
101738,0.9978308
85564,0.5505099
40434,0.9870394
116471,0.99987054
128157,0.99710006
117714,0.99984145
114224,0.99899215
13522,0.9998073
84278,0.401611
28350,0.9996624
57633,0.71980333
90226,0.9980927
40444,0.07310299
38868,0.9943504
112990,0.9997205
99329,0.99977916
90133,0.17651151
87774,0.9987412
8250,0.9978375
49813,0.9998202
20449,0.8377254
55325,0.999783
124730,0.17078668
42749,0.43248147
97950,0.9926535
88890,0.99983454
74034,0.99886346
59026,0.9996112
44434,0.9997136
117879,0.9985172
62164,0.99764365
46285,0.021211006
56616,0.9997366
9051,0.9952034
57556,0.99781644
124728,0.99985766
63698,0.6636642
120758,0.07705829
87572,0.99841917
29558,0.99986374
108496,0.99981064
71354,0.99815553
127250,0.99735427
65749,0.7207871
39578,0.99792874
58828,0.99903286
13100,0.99852043
59930,0.99829096
29433,0.9998871
12244,0.27920914
64743,0.99588567
37426,0.99841714
5597,0.99861526
107205,0.9998869
8942,0.99637187
41329,0.9974329
33238,0.9923401
19255,0.9996555
52540,0.8918083
29676,0.7230348
107219,0.9995185
14440,0.9977234
107453,0.99808335
90254,0.99987257
43290,0.01653123
68225,0.998248
44397,0.9961731
87374,0.056367625
91982,0.029752096
61276,0.99669755
103886,0.32958895
1066,0.19130005
13758,0.5476749
128071,0.99742174
118684,0.99978644
64582,0.99193233
22729,0.02482131
67036,0.9998361
109010,0.9994968
65078,0.13620917
113178,0.99900454
73860,0.99989486
10599,0.9945471
20304,0.9825302
104037,0.9982303
53119,0.99768984
72708,0.99125797
44518,0.9991954
25092,0.9614371
41780,0.9961222
127307,0.99751496
23818,0.9962126
30936,0.99804664
112988,0.9997875
14451,0.9988361
79713,0.9998685
38791,0.99724233
21401,0.99667394
111182,0.026466498
89994,0.9999064
118966,0.9998995
47437,0.08364131
106161,0.9998435
129448,0.9968753
69382,0.99970776
44549,0.9972922
58796,0.9984737
41186,0.9961171
60175,0.9877297
72200,0.119268365
98096,0.9997099
108507,0.9997507
20528,0.996357
87668,0.9997571
31817,0.99432534
112057,0.9997888
26231,0.9996823
112978,0.99915946
127187,0.99708384
86966,0.16862915
20099,0.99204624
97165,0.9925216
129732,0.026936397
112010,0.24626894
63394,0.9975635
109833,0.99960536
30776,0.999861
74039,0.99876726
88753,0.9997967
20350,0.81827617
72739,0.99984825
28394,0.9986608
92382,0.99987197
110479,0.020803027
126997,0.96144176
129501,0.9941732
10511,0.99683785
112013,0.99987614
41400,0.99820745
76061,0.99977416
58921,0.96105194
72907,0.99860805
47625,0.99588567
3358,0.037943803
1127,0.997905
49849,0.9993437
122479,0.99929166
92498,0.43693134
91268,0.99984455
27128,0.9966876
2177,0.995811
89083,0.9998555
107357,0.999876
85275,0.9998505
115511,0.99916315
39532,0.9924575
93295,0.01468356
108878,0.60925525
107068,0.9987025
21292,0.9976539
23696,0.9943264
99431,0.9998833
115571,0.9997327
23673,0.9978581
29632,0.9998092
49691,0.99986196
112466,0.9988668
71538,0.99987006
20150,0.9719623
59147,0.99892706
51412,0.9994831
5640,0.9987651
2602,0.052431732
5716,0.4248132
92374,0.99989843
129521,0.48586088
44447,0.9961612
114799,0.53815174
87818,0.99970275
41394,0.05820431
86422,0.9990175
21431,0.9974788
49710,0.99903214
7830,0.045204222
75139,0.9998622
108372,0.99950445
42754,0.25818002
90044,0.9998671
12647,0.1198161
110623,0.9997557
65948,0.70994306
69247,0.99894065
92339,0.9999076
106068,0.99902236
19262,0.999721
9891,0.99702543
118737,0.9998568
129563,0.9292261
29612,0.99988306
56618,0.9996823
16176,0.23494959
129464,0.9960681
23807,0.981217
104041,0.998403
107270,0.9998965
69437,0.99963915
15634,0.99666035
61175,0.99472976
36766,0.9977024
74812,0.9988753
107210,0.9998808
75002,0.99983346
59983,0.9958835
108497,0.99981207
5706,0.99869907
62282,0.9948841
24585,0.1666924
34195,0.99714285
106199,0.9990681
60027,0.99632806
75207,0.9999095
8263,0.99737155
15402,0.9981152
54276,0.9998011
106162,0.99642473
72838,0.9951703
108506,0.99974185
106015,0.999877
45747,0.9984528
91187,0.9998534
37226,0.9902264
8258,0.9968683
84436,0.30407402
69438,0.99930966
105042,0.9998186
97053,0.99910945
8194,0.99382645
44239,0.9969805
45732,0.9980964
19626,0.9993254
37338,0.99853265
39652,0.9924825
66016,0.6948933
12356,0.16177127
114229,0.66131335
114130,0.99980277
85490,0.9999081
1937,0.9966934
127041,0.9978562
26241,0.9983088
44365,0.7388776
43158,0.99871135
90255,0.99984884
41418,0.9969932
1960,0.99800235
91157,0.9998311
1944,0.9977331
59990,0.9959649
92332,0.99988234
76278,0.99922836
36583,0.99722654
113224,0.9986206
107301,0.9998549
124639,0.9997756
35348,0.1331875
74101,0.999887
60034,0.9970241
110800,0.6383544
28518,0.9976695
58924,0.9978156
79555,0.99986935
87666,0.9998629
13399,0.9996519
37482,0.046587326
36445,0.9967914
80808,0.9998661
91287,0.99504083
126125,0.2408461
67058,0.9985114
61646,0.07604398
115280,0.9996001
89990,0.999895
86761,0.9997845
47356,0.9931138
130025,0.37792888
41203,0.9979504
20242,0.38257253
49885,0.9997011
93528,0.99983585
17189,0.08122669
56269,0.030840028
49802,0.99792755
129618,0.98231816
22109,0.99762964
44444,0.9979693
117719,0.99985576
69160,0.99767166
129622,0.99489516
91142,0.999853
6603,0.9918013
93443,0.9998565
37250,0.9978606
89956,0.9998273
33453,0.996768
29730,0.9998776
108453,0.99875414
12047,0.99976164
37207,0.99843735
103799,0.9983329
45891,0.9986877
85351,0.9998956
110717,0.99802727
85431,0.99984
44372,0.9970342
41299,0.9979448
16642,0.9983896
18987,0.99985015
75097,0.999848
20211,0.9135901
69509,0.99892575
72779,0.99985325
112095,0.99894804
31837,0.99873716
113247,0.9979063
63728,0.9998834
34110,0.9968258
94781,0.9944324
32181,0.05856595
28310,0.9972932
113461,0.11037117
127981,0.99629277
12292,0.38197055
75187,0.9998908
121226,0.99966466
41072,0.99787796
87732,0.99988663
44545,0.996763
45969,0.5627751
76240,0.99921954
32573,0.057349745
35633,0.9980856
58809,0.9989184
72618,0.9995807
76107,0.99938285
20108,0.75181574
73852,0.9998894
23621,0.9969087
105916,0.99858356
85379,0.9998565
118838,0.37573618
115368,0.9997422
37293,0.99781466
20115,0.7524504
97010,0.9985209
4577,0.9898539
88940,0.99988484
73846,0.9997718
17842,0.9998858
9986,0.03958128
50954,0.99965584
92283,0.99984086
96922,0.9998803
72694,0.9997414
28541,0.9984937
108307,0.99558544
41046,0.9953792
102899,0.99987686
108308,0.99647164
49647,0.9995943
115371,0.99978036
72855,0.99878174
35637,0.8104546
34152,0.99671763
29744,0.999894
86481,0.99943334
91957,0.056607094
117632,0.99987113
106196,0.99944884
122836,0.99932086
26071,0.99868315
65981,0.712147
108218,0.99849975
41154,0.997547
103891,0.9984908
34099,0.99766064
83250,0.999795
17982,0.26268947
39656,0.9931017
108468,0.9998282
105782,0.06576073
84366,0.9998499
65991,0.7047452
8195,0.9969426
112020,0.9997907
22400,0.9969741
66910,0.99539655
41319,0.9969182
32650,0.041197967
69158,0.9996263
99433,0.9998362
81018,0.9999082
86674,0.9998809
49765,0.99986315
47343,0.99738556
109753,0.9963786
28535,0.99926776
115472,0.9997234
38746,0.99758124
20433,0.9480455
12197,0.32060888
16978,0.9991928
98126,0.22944343
20244,0.97456646
2238,0.9973183
33366,0.99957174
91036,0.99986255
32602,0.9958188
76298,0.9998708
32584,0.9987097
18036,0.9998642
28239,0.9997962
99151,0.9995214
76294,0.999483
39669,0.9928926
84328,0.99984324
108420,0.99988663
74042,0.5103346
48722,0.99356717
1224,0.92250985
16737,0.999793
101651,0.99985266
53111,0.9985158
85447,0.9998511
33359,0.9995852
118739,0.99986255
34176,0.9967822
114325,0.99927217
79697,0.9998635
1519,0.9976514
68917,0.06762689
74089,0.9986117
53159,0.9995616
17841,0.99971193
91329,0.9998698
115422,0.9998659
49820,0.9997341
66964,0.99880815
18986,0.99986815
61170,0.9942878
85466,0.9998485
129277,0.0397619
17895,0.99972266
54363,0.99968207
43558,0.9978447
19157,0.99988055
97092,0.99987423
95920,0.99930966
47535,0.88011736
47397,0.9499763
72854,0.9992899
42730,0.99763334
16929,0.999762
112103,0.99955505
36692,0.09714946
56484,0.9994661
105002,0.9998354
36515,0.9968284
71551,0.9997601
44513,0.9995977
113282,0.9998648
114170,0.99928635
116512,0.99984014
71629,0.30491558
10966,0.098956585
68720,0.96459985
55226,0.9983398
72783,0.38410172
91359,0.99988997
43419,0.38971588
129550,0.62506396
91235,0.99963033
49911,0.9987758
112946,0.99964964
59095,0.999843
79799,0.9998685
74426,0.99910456
49867,0.9998418
86661,0.99388194
99299,0.9998716
85608,0.9998764
31891,0.9987627
38767,0.99640274
26179,0.99908376
84330,0.9998344
47308,0.9694492
44200,0.99735034
11428,0.019502427
21277,0.9979023
101551,0.99984884
102854,0.9998273
85276,0.9991522
2114,0.99778
58682,0.99803025
54842,0.99934167
76069,0.9998073
128266,0.99816954
85486,0.98794556
102750,0.99982685
107186,0.99988556
85420,0.9996846
14434,0.99966896
5817,0.9969844
33459,0.99950564
119015,0.9998559
13445,0.9997993
59060,0.99847096
121526,0.027304864
85354,0.99984777
121186,0.99739045
24993,0.04115841
41407,0.99699414
69443,0.9988194
20250,0.92300713
90022,0.9998808
14694,0.9986738
96855,0.9996728
84419,0.99978083
80666,0.99989474
117781,0.9998653
54322,0.99840516
20342,0.32475287
56654,0.6635465
95778,0.9958792
32490,0.9970396
10534,0.99684
34100,0.99660635
29384,0.9998447
44266,0.9952586
128023,0.99696916
76221,0.9995246
72808,0.9998522
22209,0.9969643
113164,0.99964213
67174,0.9996544
7242,0.012521834
63632,0.9787152
42900,0.020826882
117712,0.99987686
86577,0.99883467
99140,0.9998678
80673,0.9998741
47433,0.9933507
34360,0.04466936
38837,0.9960228
30984,0.9987526
87583,0.9990336
74033,0.9996611
63440,0.9983741
118821,0.9999032
129729,0.0353582
117522,0.99955565
73959,0.99971205
29657,0.9998586
84476,0.9998598
72868,0.99873954
47302,0.2313535
99412,0.66085654
38634,0.9932193
66946,0.9986206
86434,0.99986815
54218,0.99984586
111982,0.9988148
106115,0.9998529
76167,0.99945325
43535,0.9965168
102565,0.99759716
88904,0.9999021
113236,0.3218426
34851,0.9981242
126888,0.9969844
106303,0.9997563
118972,0.30394182
88789,0.9998305
69390,0.9993443
65779,0.717241
49895,0.9990251
54316,0.99983585
102837,0.6691478
97941,0.99922335
84347,0.99983287
113045,0.99974364
62378,0.9904013
60242,0.3123095
81829,0.9998305
47253,0.5006616
96890,0.9997402
85575,0.99984765
72627,0.9998714
29513,0.99984884
41358,0.9976979
72882,0.9997955
20353,0.8727412
64770,0.9941367
103850,0.99801636
111906,0.9994721
13340,0.9998902
23974,0.9963355
41288,0.9981968
87858,0.99990284
67984,0.9989581
120112,0.9841505
63732,0.99745685
114131,0.9997856
76095,0.99615955
34089,0.99720615
107483,0.99987483
10640,0.9957119
44432,0.9983588
29619,0.9998814
81962,0.9998498
30988,0.9987124
5708,0.99641967
69287,0.701347
76375,0.99861455
110771,0.99974626
122278,0.99984825
85357,0.99983346
89949,0.9998529
68098,0.99872476
98288,0.9998448
61759,0.07801633
95053,0.025392031
38881,0.98908794
44282,0.9967663
15741,0.99912983
1641,0.016547823
121319,0.9989166
45964,0.37065724
109666,0.9996655
89996,0.9998766
85391,0.9997136
103094,0.033810426
121239,0.99972624
85332,0.99984634
108517,0.9994281
84293,0.99986994
49833,0.9997032
85488,0.9995403
88786,0.99988055
17912,0.9998908
90142,0.9999175
80817,0.99984527
55623,0.99989283
72967,0.998541
44424,0.9980317
32512,0.99919003
71498,0.9993463
128012,0.9979873
72846,0.9999012
41396,0.047101647
8215,0.99643046
34119,0.99692196
66982,0.99956924
84443,0.99984777
60024,0.9928905
116478,0.99964285
87809,0.9997981
97019,0.999777
127952,0.998348
108562,0.9997174
61084,0.98235
28560,0.9995759
66033,0.7025246
128078,0.9962567
79846,0.99988735
43484,0.99433494
52152,0.94084144
22048,0.9967296
20576,0.16486491
17925,0.9998024
86522,0.99991846
109657,0.99984527
55652,0.9998535
32542,0.99857426
121087,0.9976708
113122,0.99937516
66229,0.15789706
49642,0.9998012
107161,0.9998672
106210,0.9984193
66947,0.9992884
73998,0.99985933
18037,0.9998216
13482,0.8349529
15215,0.36505678
25926,0.999811
31774,0.99745685
109591,0.9941375
87927,0.9999007
8935,0.99779415
111972,0.9989335
56810,0.9994271
65620,0.9980386
44341,0.07881606
49560,0.9990115
12141,0.999173
125390,0.034120243
81589,0.08250979
78365,0.999861
6534,0.9265571
97007,0.998616
121175,0.99653983
34884,0.9988135
58786,0.99755824
4447,0.99990845
32673,0.70885515
88799,0.99983644
21164,0.034211405
47604,0.9944852
65792,0.51302165
17863,0.9998876
41408,0.9971443
81952,0.9998331
28324,0.999014
13196,0.9999155
126893,0.9998374
47554,0.95445377
74947,0.999848
29626,0.99982077
91189,0.7201254
32486,0.99914753
50948,0.99932945
54304,0.99987113
46041,0.93247485
22122,0.9977514
47351,0.9527727
10658,0.9938228
88941,0.9998259
20311,0.68059254
119968,0.9791405
5872,0.034205806
42704,0.18248896
56811,0.9996146
38776,0.99726886
58775,0.99866307
79883,0.9998772
82161,0.9998349
96996,0.9997663
53252,0.9982322
914,0.9983277
86722,0.9998318
19008,0.999406
66039,0.70225835
102649,0.99973327
129442,0.99806935
117670,0.9999037
23737,0.997886
14583,0.9996798
92235,0.9998902
70837,0.1488246
18978,0.9999062
4393,0.9999261
16995,0.9997764
27082,0.98944366
96832,0.9997341
21752,0.22430536
80752,0.9998963
9475,0.995023
91123,0.9998486
43758,0.9972748
18947,0.9998791
58994,0.99920315
40067,0.9960828
25934,0.999403
30962,0.9984459
12176,0.999537
77542,0.9997199
9597,0.01222094
77300,0.99992
67096,0.9971782
18010,0.99986756
76093,0.99903274
61368,0.99928826
98486,0.049754195
28451,0.9990281
95985,0.99909806
78561,0.9996762
28415,0.9995764
72829,0.9997402
78319,0.04412982
49920,0.998606
69496,0.9970529
29731,0.9998747
128107,0.99853814
50126,0.11429139
103862,0.46942836
107398,0.999866
5590,0.9998099
28906,0.9991511
47627,0.9798732
50869,0.33583245
87734,0.3279905
44360,0.9972299
80789,0.99827623
67080,0.9987312
15703,0.99953556
23692,0.99756855
29447,0.99987185
49665,0.9998658
59016,0.99837226
104788,0.9989655
23995,0.97835916
37472,0.9985915
13194,0.9999012
66943,0.9985863
63590,0.9986083
91128,0.9998568
117521,0.9998492
91253,0.99984837
54182,0.9972277
61086,0.99729306
44433,0.9989479
16931,0.9997296
25922,0.9996668
69249,0.99914646
2062,0.99627656
23791,0.99805474
20285,0.38476247
107222,0.9998653
85290,0.99984646
102326,0.06578203
5604,0.9984962
69325,0.16697733
109572,0.99981743
94499,0.9998479
21336,0.9979115
81817,0.9998677
107493,0.99981755
58813,0.99652255
14353,0.99972993
129452,0.9967739
44512,0.99760485
89029,0.9998777
126851,0.9952915
80959,0.9998387
107426,0.99987495
113022,0.9997695
85409,0.99840945
84217,0.9988764
79442,0.99911326
9279,0.9937495
90230,0.99985766
66046,0.721483
22058,0.9969676
5395,0.9996551
70228,0.99351305
127266,0.99440855
47443,0.99644655
37495,0.9985415
90150,0.99977833
32454,0.97499996
89892,0.9998584
41174,0.9967315
124349,0.021644186
6566,0.9975032
91229,0.999864
4440,0.99940777
128010,0.99578816
47510,0.9945089
108988,0.9994467
67082,0.99687093
106002,0.99989235
77366,0.70100766
114315,0.9998406
90112,0.99986994
87860,0.99984956
32516,0.9981579
7537,0.9985234
36576,0.9500545
52429,0.065822855
118930,0.9998417
19105,0.999864
98274,0.9979411
13098,0.9986816
102707,0.9998323
96881,0.99911135
98001,0.9993724
2043,0.99586284
2254,0.9972337
54174,0.94870263
44221,0.99750453
114074,0.99985087
72175,0.07375868
127281,0.9968059
102611,0.9998061
85320,0.99984133
54261,0.99982256
103093,0.22358721
46804,0.9973693
70588,0.33813268
90062,0.5035381
9027,0.9964386
12139,0.9998318
73849,0.9998667
53361,0.998359
44436,0.99968994
91174,0.9998692
22235,0.99734926
26176,0.99901795
128052,0.99723864
72712,0.9996911
785,0.99960047
67204,0.43753663
4337,0.99962807
49897,0.9990451
118864,0.9998559
6522,0.9942485
35742,0.99343103
80799,0.99991024
23834,0.99634796
19213,0.9996811
72614,0.9998319
95780,0.9877501
19054,0.99987924
9400,0.02105467
44403,0.99565256
115416,0.99844825
90181,0.99991274
62522,0.30484706
82766,0.07367736
34098,0.99692106
22111,0.99710757
114272,0.99986076
65736,0.71576
94420,0.9976636
19131,0.999908
5487,0.9997682
69498,0.9984119
30726,0.99990976
6651,0.99707305
112980,0.9991523
128251,0.9972692
45907,0.9573436
47512,0.99732345
90058,0.99987257
1640,0.028594313
21444,0.99601436
96751,0.045045644
88989,0.9998746
18142,0.99958795
67108,0.9995732
127273,0.9969735
12032,0.99950755
39697,0.9948762
65791,0.6866058
81748,0.9989594
47055,0.47425553
84434,0.3451013
101590,0.9998473
79662,0.9998648
33224,0.98031723
34118,0.99592304
116472,0.99979573
20394,0.5515163
10668,0.9944712
75091,0.9998565
72640,0.9999058
83058,0.9996692
80186,0.9995932
86704,0.99982136
9671,0.96972746
119990,0.70735675
66386,0.99856526
118830,0.99868673
107497,0.9998677
121038,0.996425
76097,0.99968183
19117,0.9997043
91052,0.999863
76140,0.9998049
20392,0.77154255
60071,0.9972657
37462,0.99704033
86569,0.99981385
31730,0.9993242
54514,0.9975151
75059,0.99988604
1896,0.5126588
87633,0.9998871
38792,0.9977335
11043,0.99696046
88796,0.9998933
86583,0.99988496
63534,0.99720097
45812,0.9609415
68323,0.99903035
14274,0.99831533
100789,0.03315212
9264,0.99290437
79060,0.9996649
32244,0.9960226
63383,0.98904127
32440,0.94749635
81809,0.99984705
78694,0.99964905
38811,0.9939359
43405,0.9976209
72702,0.9991474
84222,0.99985456
7634,0.10028887
68134,0.99981064
14439,0.99957544
54482,0.3946556
116609,0.9997836
21449,0.9982653
19073,0.99975413
89293,0.48725706
20294,0.7205626
32609,0.99677485
23684,0.9834471
72750,0.9998486
36559,0.99599767
10660,0.9966421
107213,0.7229543
65924,0.7203554
109751,0.99988806
92485,0.9999095
55473,0.99984264
1169,0.8676294
15653,0.72844833
61173,0.97935367
118828,0.9993643
28359,0.9985915
63721,0.9983107
23699,0.99655104
94624,0.9788053
52054,0.9995524
85406,0.99984765
4309,0.9998354
57014,0.5169655
66911,0.9992501
84132,0.9998135
33165,0.012578397
97956,0.9986071
119222,0.04230812
112012,0.9990969
43527,0.9976121
101586,0.99986863
72659,0.9990115
17953,0.99989164
639,0.059683237
23910,0.99771404
4594,0.99893135
126652,0.99888736
2198,0.9970067
44392,0.9974016
49758,0.99966395
20210,0.96402097
59055,0.9998982
76052,0.9998926
47501,0.44189733
94680,0.9996531
49632,0.99979717
54211,0.99980885
88935,0.99985504
57037,0.29485524
69104,0.07502315
87104,0.3413109
88924,0.9998685
85643,0.999821
128069,0.110182755
9266,0.99706596
34229,0.9965815
14547,0.99959916
29604,0.9997478
111809,0.9994765
109722,0.99977654
43492,0.99907637
72738,0.99987805
107460,0.99988246
34184,0.99552685
107175,0.9998785
76380,0.9987752
54319,0.9995357
65102,0.1229788
4435,0.9990202
45763,0.91197634
5961,0.9982047
28551,0.9987238
36567,0.99689364
123489,0.9998429
45781,0.9502
129107,0.059103947
30255,0.10009958
65787,0.67650324
19290,0.99978906
31040,0.997912
91233,0.99987113
31842,0.99733776
128240,0.9830093
13354,0.9995946
23867,0.99663144
72720,0.9857076
99149,0.9998884
24201,0.06445101
34200,0.9966467
20104,0.9612126
29649,0.99984014
97036,0.9993736
28367,0.99974865
112826,0.9976683
44228,0.99802893
93428,0.999764
80773,0.999882
75096,0.99984336
68322,0.99981254
81963,0.9998467
117583,0.99981827
60220,0.30289426
22130,0.9973736
39077,0.021634845
55565,0.99987245
86724,0.9998666
81825,0.9998677
88734,0.9980988
8167,0.99796546
43521,0.9951355
38822,0.9904422
35124,0.029311152
87573,0.9998599
4439,0.9997521
39641,0.99577856
79612,0.9998435
118685,0.9998568
4492,0.9995486
2974,0.43466213
11813,0.079182856
69206,0.997778
31878,0.9990144
9846,0.9980215
91234,0.99969923
93351,0.9998758
37517,0.99807847
66053,0.71319765
4355,0.9995679
28435,0.9913694
126134,0.1990935
28908,0.9990945
7413,0.9986761
100240,0.999826
98051,0.9994473
8226,0.9967115
71642,0.99920017
20241,0.34800997
19134,0.22580855
36506,0.9958203
102644,0.99986184
108550,0.9981895
67163,0.99702865
55252,0.9981652
73993,0.9998486
20257,0.9888812
122224,0.99973553
78600,0.9789773
82741,0.1330151
8252,0.9983668
20351,0.9363819
89005,0.99983406
34242,0.99571335
19170,0.99962246
111778,0.9995913
111851,0.99855524
39469,0.7078107
108451,0.9997476
33264,0.9979233
107361,0.99916756
35626,0.9968071
5950,0.99569255
72830,0.9996057
102891,0.9998853
26184,0.9985751
5505,0.9991259
90580,0.9995536
121325,0.99976176
96974,0.34824464
90051,0.99982625
111967,0.9990314
63630,0.98316896
102804,0.99981266
20154,0.9714674
71592,0.9997694
68329,0.99862266
44451,0.9937265
73943,0.99987483
76206,0.99668413
126855,0.98304546
14544,0.999331
110095,0.141991
18952,0.99985266
34223,0.9979127
67090,0.999785
67114,0.9975356
19083,0.9998367
19025,0.99940836
59115,0.9995111
26878,0.018150497
19282,0.999788
107211,0.999882
65911,0.720828
84463,0.9998925
86423,0.9998603
78554,0.99982613
44253,0.9973327
28586,0.99906653
5900,0.9959453
23983,0.99658716
116282,0.9988048
65778,0.71606994
4490,0.9993913
34130,0.99607277
77317,0.9998579
61140,0.9838256
14619,0.99924326
100927,0.03852319
20163,0.9683663
95697,0.9924144
31064,0.9978371
123526,0.99890697
109719,0.9998186
42801,0.6373791
23738,0.9967116
74908,0.99982303
23722,0.996126
107158,0.9997392
84288,0.9998479
34946,0.9988794
79801,0.9998468
53030,0.9971994
79602,0.9999039
81033,0.99984825
129604,0.9621792
100259,0.9998616
90094,0.9998752
28243,0.9959
71645,0.9998554
30835,0.99984574
96847,0.9997148
5407,0.99930763
69299,0.99828976
75233,0.99979395
21294,0.99769247
23819,0.9971096
103953,0.9980702
41182,0.99785763
37442,0.9987081
109837,0.99947757
5947,0.021358354
22683,0.047859047
107477,0.99985147
84265,0.9982596
84424,0.99983454
67129,0.99968684
112084,0.6888758
76109,0.9998549
97071,0.9983627
29290,0.99815494
89954,0.999892
107173,0.99987996
96803,0.9998553
103228,0.95356876
31854,0.086277865
5651,0.99795604
129926,0.37173298
51772,0.9988159
85596,0.9998227
4535,0.99985576
95730,0.99832875
109654,0.99976593
75469,0.028559538
112718,0.019231746
109801,0.9998845
92243,0.99982077
122428,0.30581662
87687,0.9993166
63729,0.99903476
107445,0.9998661
69277,0.99839205
110817,0.99979144
117768,0.9998274
90221,0.9998704
121318,0.9991603
106308,0.99985266
86753,0.9998784
11162,0.08727821
35744,0.9951622
129566,0.8816061
125605,0.9998103
44387,0.99911124
113251,0.99989676
12381,0.99925715
32377,0.013036032
63731,0.9960905
79689,0.99988043
57170,0.9988003
10648,0.99628156
53068,0.9987085
123578,0.16568057
101603,0.999853
16445,0.011456735
28287,0.99979573
37425,0.99798054
66854,0.99342173
38141,0.028438266
29443,0.99983037
116565,0.9998597
109561,0.999877
64791,0.996198
15498,0.9988323
30789,0.99984896
20391,0.8331461
84459,0.9998853
19109,0.30616736
78458,0.99981385
113055,0.9997514
44375,0.9985831
87100,0.99917287
26121,0.99941766
44346,0.9965609
65970,0.70869505
12387,0.9989593
4498,0.999595
55571,0.9998405
86437,0.9996996
59090,0.71214384
114121,0.9995185
76160,0.99776983
34077,0.9965496
47584,0.8332789
72832,0.99882823
5746,0.99871314
107072,0.059950624
34861,0.9984668
26255,0.99915576
121075,0.9995982
94637,0.99943966
83894,0.07812772
4433,0.9997874
12036,0.9998054
107360,0.9998398
74950,0.99985385
47309,0.8909326
67201,0.98826665
72943,0.9987011
127302,0.996582
90251,0.99884415
69235,0.9920459
12293,0.9975376
47407,0.8184408
14579,0.9993581
58966,0.9947413
107452,0.7204977
91214,0.34768653
82159,0.56986254
106054,0.99990153
74318,0.051096603
69449,0.996806
31726,0.9987029
49754,0.9998462
67017,0.99979824
41354,0.9965403
127293,0.9971353
80212,0.9994879
102609,0.9998584
44415,0.9969578
26025,0.9991891
56754,0.9975477
118774,0.9998332
41338,0.99660385
112128,0.99904054
58844,0.99881434
97145,0.9995679
60209,0.9899157
84177,0.9998877
41099,0.99758744
29613,0.999899
111951,0.99971527
97073,0.9997706
84125,0.9997937
69289,0.9995018
44464,0.030800734
71584,0.99882704
74953,0.99986017
41236,0.99610484
54498,0.99984956
106053,0.9998518
87580,0.99976045
89988,0.99982363
113199,0.99986637
12385,0.9978961
39575,0.99676394
46420,0.9981337
91098,0.99969697
27645,0.099706344
44417,0.9987871
103944,0.9951261
20152,0.98791933
7892,0.9904895
93376,0.99990606
61621,0.06532404
28167,0.022170704
84405,0.9998559
53744,0.07497391
20301,0.34402457
22233,0.99759763
101538,0.9998461
32505,0.9986627
91323,0.9980648
82148,0.9998492
35013,0.99857116
68136,0.99970704
63480,0.99923015
61329,0.9992919
126947,0.9993561
21407,0.997059
84308,0.99983776
53220,0.99752146
41109,0.99766904
63443,0.996191
75249,0.99885213
93441,0.9989135
9462,0.997343
26116,0.99923754
26070,0.99905425
32050,0.97337556
34912,0.99907887
23836,0.9952441
93494,0.69331014
69339,0.99839157
89042,0.15949918
26048,0.9981944
85300,0.99977523
73901,0.99986494
108604,0.21555273
123341,0.9998343
47410,0.9940645
32560,0.9988625
43496,0.9976064
22087,0.997983
51061,0.99940264
49931,0.9981828
14404,0.9989679
25992,0.99952686
88737,0.99984133
10562,0.99594975
103856,0.9985019
84386,0.9998801
117458,0.9984693
5442,0.9977829
96248,0.08553082
109672,0.9998136
114175,0.99966025
81957,0.9998789
28328,0.99972135
75202,0.9997565
125688,0.99986506
20348,0.9747073
9075,0.99523634
91598,0.053100962
6654,0.055776197
39512,0.994739
49901,0.99929464
102596,0.9998597
19227,0.9996075
39530,0.9909272
102784,0.9999014
114370,0.9997763
84324,0.99983776
5447,0.99898654
113208,0.9996037
28545,0.99793977
96899,0.99955934
32581,0.9963217
58864,0.99747723
48589,0.012031041
5808,0.9968215
19085,0.99981314
1994,0.9960877
18990,0.99989617
46063,0.90514433
66960,0.99858177
19285,0.9998406
17872,0.9998134
13385,0.9993376
21812,0.9987532
104965,0.9999051
34153,0.99794954
84126,0.9998228
10600,0.9519584
37437,0.99872786
28325,0.9990381
65896,0.34361845
35320,0.5174697
76087,0.999859
107448,0.9998913
67211,0.9998192
20212,0.7304369
8244,0.9164212
115415,0.99814117
86616,0.99655885
68189,0.9995716
36578,0.996763
68177,0.9976839
69313,0.9986432
85476,0.9998852
2007,0.9952734
20338,0.7300627
34842,0.43029314
84345,0.9998541
76056,0.9998902
23697,0.9946878
64628,0.9807679
127934,0.99368495
100453,0.9995054
86438,0.9997465
49884,0.9998204
25986,0.9982443
17812,0.9998704
37325,0.99614906
34752,0.027393559
114168,0.9995467
101536,0.9998996
117390,0.05308279
39074,0.9986523
80847,0.99990046
108367,0.9992181
19292,0.99859947
27370,0.54066056
28472,0.9998104
34180,0.996644
102556,0.9777875
66927,0.9998764
14686,0.99890125
67187,0.9951297
34194,0.99686736
35696,0.99510777
19212,0.99990475
49667,0.9995546
86427,0.9998493
121033,0.9998599
28544,0.9987801
110714,0.9992268
126986,0.9971521
118978,0.9998642
5748,0.99756503
110919,0.9989403
52019,0.999814
2231,0.99663395
65784,0.72400707
87569,0.9997054
36435,0.99664694
12370,0.9983321
23778,0.13465038
37421,0.99801135
45820,0.933056
28231,0.99944395
88891,0.99985623
60068,0.9984275
128122,0.9973131
93622,0.99959713
22163,0.9966493
62383,0.9859331
14656,0.99921715
81878,0.9999083
33758,0.1070292
75011,0.9998715
69210,0.99914384
39617,0.993188
113241,0.99976534
122337,0.9998248
63637,0.99976486
15651,0.99849284
107367,0.9999138
85286,0.99983466
121072,0.9996308
62433,0.9957919
36489,0.9967457
98244,0.99987566
94484,0.99987566
126890,0.99945897
61189,0.99411833
106205,0.9998654
107392,0.99982977
54177,0.99982184
1970,0.9966049
52096,0.9995049
60023,0.99560827
70301,0.9997285
29662,0.9997557
41265,0.99651235
76384,0.9998305
30868,0.99990535
121122,0.99989426
107228,0.9998217
72802,0.9998342
16852,0.9990363
97012,0.99902594
8202,0.99788684
128238,0.99688715
4485,0.9976355
84466,0.9998578
15776,0.99275994
97718,0.06836392
85407,0.99982566
54221,0.99958354
89025,0.71689624
111893,0.9997644
60067,0.9917282
107408,0.9997558
127670,0.9986933
38879,0.99075437
37501,0.99666303
80889,0.99986744
59071,0.9982999
107533,0.9998572
32504,0.99742585
5745,0.99471647
99328,0.9997291
100922,0.99961346
80933,0.99988985
14713,0.99858785
123470,0.38168725
88810,0.99914706
87773,0.99927384
10621,0.99251693
13565,0.9990157
94741,0.9998658
12101,0.99974436
73999,0.99984014
19135,0.99989307
111877,0.9999095
39543,0.9931298
32625,0.99897873
111917,0.9998696
15782,0.9953377
116380,0.9991448
42960,0.997426
10492,0.99704343
50125,0.13766314
58835,0.99861586
114087,0.9986259
16893,0.99887556
58940,0.99834824
106359,0.99986553
127225,0.9953596
34122,0.9968995
122472,0.9998568
6458,0.011407203
53106,0.9960664
101695,0.99986684
57530,0.998444
84118,0.9998578
17958,0.221588
67035,0.9953074
64772,0.97611827
79643,0.9998274
43463,0.9988844
28029,0.013470423
114264,0.99852246
114167,0.9997931
112852,0.9978817
50965,0.99939096
96811,0.99983346
29669,0.99986804
35777,0.9914391
128247,0.9947642
123524,0.9986091
106003,0.99992096
127791,0.047644634
102595,0.99986494
87581,0.99946076
85628,0.99818844
60134,0.99574345
122372,0.99971
121682,0.9993098
60171,0.9942357
118961,0.99977964
85530,0.99988735
98197,0.9989065
68188,0.9987698
87814,0.99963295
72819,0.9941301
48205,0.20973723
126753,0.99915826
28279,0.9988734
44238,0.9980009
37536,0.99847656
2211,0.9980951
16699,0.99971396
34063,0.99743974
79615,0.999739
82492,0.9992243
67151,0.998166
121032,0.9981851
76128,0.9997373
57921,0.6818376
13281,0.999864
8088,0.9622084
43427,0.27635512
36426,0.996908
71762,0.3692682
116710,0.9999287
36418,0.99732673
54128,0.02545253
19124,0.9998084
98236,0.44596216
65735,0.7202911
56704,0.9995801
114078,0.9997669
122243,0.9998167
105142,0.9998067
108641,0.99974936
63583,0.99955505
115568,0.9975159
128005,0.99724966
35781,0.99543923
72913,0.9982703
37279,0.99741215
37542,0.9984669
101599,0.98304904
127940,0.9964057
80976,0.99986255
54210,0.9998393
81961,0.9998783
64639,0.99918467
127911,0.9977945
67196,0.99809414
26208,0.99928325
35670,0.9964928
59079,0.99857974
78701,0.9987795
45109,0.042376023
55512,0.99990547
19141,0.9997656
53022,0.99770904
19214,0.9998759
109597,0.99915636
119738,0.99889
14427,0.99972385
122437,0.034534086
34986,0.999116
19246,0.9998952
102710,0.25584382
88846,0.99989617
7533,0.9977034
25958,0.99965084
3028,0.9988845
76321,0.6660204
61227,0.99672097
37518,0.9972193
10487,0.99824715
9204,0.035110172
79088,0.054258905
879,0.9984888
37468,0.99753857
78471,0.99987924
23795,0.99284333
64584,0.9884398
31053,0.996967
106059,0.99983895
98239,0.999627
28299,0.9987864
46062,0.9913982
80596,0.9985967
72766,0.99977404
51055,0.9995316
79887,0.99985063
54467,0.99981457
77352,0.9996499
110865,0.71378964
63967,0.041675244
89977,0.9998293
63569,0.9952453
63539,0.99462366
85408,0.9998896
125114,0.9993544
20390,0.962991
124774,0.99980086
34155,0.9955759
44455,0.9977888
826,0.9990294
20097,0.9767506
34920,0.9979937
5633,0.9995297
104950,0.9998585
66899,0.9989784
97060,0.9998673
31007,0.9984553
114275,0.99634355
44260,0.99609
109637,0.99983215
61369,0.9983552
126158,0.21509737
88992,0.99719054
23726,0.99818605
72781,0.44038677
110671,0.99885
28316,0.9983877
55602,0.9995396
41122,0.9972474
76414,0.9988938
90805,0.07891866
44310,0.99640393
916,0.99910825
127210,0.9978649
7415,0.9958864
58894,0.9995732
45714,0.9974892
85603,0.9998746
44470,0.9994854
17902,0.9994537
29659,0.99987626
2052,0.9979942
119029,0.99985635
44553,0.99737513
28428,0.9988825
54074,0.998713
5730,0.9990067
9058,0.9974552
102558,0.99922454
28270,0.9995635
31757,0.9991353
17807,0.9984864
60178,0.99141324
98184,0.999522
17933,0.99985313
13561,0.9996815
6755,0.9963413
74053,0.9996731
114182,0.9999032
49687,0.9997584
68533,0.05438368
110961,0.9996184
10606,0.99569905
103710,0.72273076
103996,0.64524037
2092,0.9960926
103796,0.9987153
89007,0.99989355
61237,0.51628083
32646,0.99865973
95745,0.998845
47605,0.2339995
119937,0.49365488
121181,0.9996407
79560,0.999826
61429,0.9850914
36428,0.99704367
2590,0.038498558
60036,0.9974044
129530,0.98877525
109749,0.9998591
85441,0.9998896
98243,0.9995364
107466,0.999887
12178,0.99973875
37521,0.9985802
18060,0.9998975
89060,0.99989784
41095,0.9971771
31475,0.9984781
1714,0.99731475
53965,0.06268467
33954,0.038948175
60162,0.9960985
103763,0.695867
58925,0.9986979
31088,0.99792165
65867,0.72040445
85560,0.9998815
2247,0.9980034
79745,0.99988997
32535,0.9956201
22178,0.99698955
125743,0.9991074
16984,0.99864465
36561,0.99510866
59937,0.99598867
28529,0.99975306
72797,0.99924845
19026,0.9999136
115382,0.59158957
87926,0.99983084
58857,0.9997888
91044,0.99987006
116485,0.9998977
89078,0.9998939
12283,0.9995121
45843,0.9976966
111958,0.9988931
16755,0.99983335
108369,0.9994765
65798,0.71866566
127969,0.9987024
69408,0.9989328
49930,0.99965894
28523,0.999648
35001,0.9986059
6460,0.010788943
99349,0.99501604
62324,0.9944964
40836,0.997535
85532,0.9998254
98290,0.9998592
91732,0.9997594
18106,0.9997298
55423,0.999824
102884,0.9998658
21042,0.99914837
42766,0.55546576
127204,0.98859745
25982,0.99862397
122368,0.9998708
96940,0.9996276
102688,0.9998179
112495,0.056086577
2259,0.99786013
54413,0.9998684
117673,0.9998348
12128,0.9998024
69217,0.99969065
128112,0.99692494
86468,0.99930334
112917,0.9998797
28303,0.999663
32571,0.99755573
21436,0.99685466
56631,0.99982905
19901,0.023158576
90005,0.99986565
85487,0.9997427
28508,0.9993592
10527,0.9927619
49555,0.9998925
102892,0.9998826
39654,0.9952194
103750,0.98824114
94685,0.9998235
43954,0.9974687
76324,0.97147954
26087,0.9997558
91276,0.99987614
15751,0.9971732
19324,0.99982387
36541,0.9959203
98224,0.995557
33631,0.9980234
116568,0.9990897
128020,0.992184
118679,0.9998958
27429,0.99680245
64532,0.9971113
69360,0.99846435
15784,0.9997017
17966,0.99989986
109580,0.99967515
39612,0.99541086
1249,0.06410224
41133,0.9972084
98179,0.9998683
88880,0.9998185
69462,0.9877977
111770,0.99979335
47307,0.9958674
96797,0.99921215
30820,0.9998933
88731,0.9998963
84420,0.99984014
16647,0.99990237
63715,0.9902824
120064,0.9761322
76098,0.99982697
110810,0.9995092
63376,0.9995165
41209,0.99810314
129465,0.86584246
34107,0.99738044
60260,0.99800843
94778,0.56381476
13557,0.99781954
41191,0.99779886
60026,0.99733514
98230,0.9939501
109747,0.99898106
114162,0.99302834
79561,0.99984944
9081,0.99718577
4528,0.9988882
115328,0.99868983
19059,0.999803
114181,0.999635
50858,0.999532
75041,0.9998524
9748,0.9969313
44402,0.99805367
1075,0.9986206
13495,0.9998165
101559,0.99954116
104051,0.99926215
128120,0.99739957
1248,0.05036083
30333,0.06037181
69477,0.9972059
16791,0.9998536
94831,0.99988115
17858,0.9999008
75057,0.9998416
91280,0.9998722
53115,0.99687433
90172,0.729482
29530,0.9999012
29750,0.9998903
58324,0.99894696
111847,0.99973077
74910,0.9428946
69447,0.996185
108660,0.9997501
115414,0.9997315
80865,0.9998536
81875,0.9998729
111522,0.039412968
31671,0.9979632
95937,0.6626199
94034,0.9992254
37525,0.9989986
70434,0.99407214
89067,0.999853
28596,0.99902666
10847,0.99806684
102657,0.9998586
16646,0.99972576
87877,0.9993818
68292,0.99842656
114375,0.9988217
14676,0.99893576
90052,0.9997867
41125,0.9973488
87830,0.9995272
117625,0.9991543
67137,0.9978136
28421,0.99987483
72605,0.9991134
22206,0.08110416
16650,0.99942195
105011,0.9977354
97061,0.99969065
53207,0.99949837
5483,0.9993948
84174,0.99988663
122466,0.9995821
75196,0.41798785
35666,0.99421257
29671,0.9998227
65783,0.71484137
23931,0.99779046
36104,0.10172736
85646,0.99986243
69455,0.997488
96796,0.99938834
41645,0.02342199
6658,0.99622935
76192,0.99951017
31791,0.99791867
16691,0.9998833
88908,0.9998411
32577,0.04173817
13473,0.99974304
45863,0.91183525
51858,0.99958974
5789,0.9996177
90061,0.71117747
81912,0.99988997
36526,0.5994807
63576,0.99961877
109715,0.99971896
18148,0.9998116
82960,0.9998203
39623,0.9961687
62006,0.058395512
103898,0.9983132
47318,0.6916087
128138,0.99678576
90964,0.99768245
5537,0.99984896
28138,0.99835855
47408,0.19868141
33355,0.9983878
79787,0.9998242
122145,0.9998252
127220,0.9964791
1834,0.013069211
115228,0.9998516
112879,0.7953769
61334,0.99357104
81916,0.99979895
26290,0.9985581
10645,0.9967302
19278,0.9997967
77114,0.99876875
6753,0.99749583
107858,0.99931157
103700,0.99654144
93877,0.48016548
19138,0.999648
112087,0.9958747
87685,0.9995004
35770,0.9940578
113024,0.99890614
38293,0.02349666
26185,0.9401437
104852,0.9998709
79840,0.9998698
60169,0.99931526
72606,0.99986196
12199,0.999647
34975,0.9992095
69483,0.9963736
113978,0.9985561
87622,0.9998658
53351,0.9992466
24933,0.010867463
50754,0.9995596
103990,0.99765813
26078,0.9972247
66992,0.9981134
6852,0.045311708
6686,0.9954405
52022,0.20397013
90020,0.9998586
75206,0.99973685
44497,0.9975789
49677,0.9995204
71536,0.9997569
49666,0.9992094
85380,0.99983513
47030,0.014944032
37271,0.9962488
117828,0.99983895
87578,0.9998066
5540,0.9992022
23862,0.9972082
69228,0.9961081
103958,0.9983595
108422,0.99861336
27229,0.99646336
48181,0.02728844
922,0.9988852
14595,0.99929
68321,0.9989681
105101,0.99657
89913,0.9998847
17859,0.99991834
80845,0.5633652
84395,0.999833
124445,0.99987435
44559,0.99690336
75058,0.99983835
50946,0.99926025
88795,0.9998802
29663,0.9998504
49606,0.99941397
21288,0.99761707
19517,0.03269595
17943,0.999882
55408,0.9998554
80920,0.9989324
121909,0.05742873
77538,0.9986313
26134,0.99958485
19198,0.99985015
79789,0.99987113
73841,0.9998877
59988,0.99332905
89022,0.9998692
47570,0.05484623
123282,0.99988353
90007,0.99979764
10628,0.9846044
73840,0.9997894
49890,0.9992861
111932,0.9998354
115377,0.9995592
84397,0.9998512
56667,0.99981266
128034,0.9963198
117760,0.9998388
49570,0.9997123
13236,0.99982303
121076,0.99940574
22204,0.06824864
106163,0.99989736
18108,0.9997378
46023,0.49564445
26266,0.99897337
94285,0.031248145
54509,0.9998852
81016,0.99984336
105053,0.9998155
10535,0.9966966
51919,0.9991953
90117,0.99989593
2067,0.9980426
58190,0.06803989
67056,0.9995863
66746,0.998254
37254,0.9969592
81909,0.9999107
43471,0.28197876
109463,0.9979025
53112,0.99851614
125695,0.99981934
117050,0.99953425
33305,0.9984297
17981,0.17523746
60170,0.99365145
86755,0.99993515
128139,0.9954158
81964,0.99980956
21309,0.9966389
59934,0.9983108
80732,0.99983215
105203,0.99983263
86428,0.9998087
102604,0.9998561
14643,0.99930036
68278,0.99970835
97002,0.9997199
34213,0.9978521
79792,0.99983656
97118,0.99960166
81590,0.06949796
31852,0.063200265
52102,0.9997309
97149,0.99926907
106322,0.42537037
41401,0.9942068
110774,0.51209795
64837,0.9953549
17324,0.99940085
127072,0.8837028
129540,0.9651531
29421,0.9998343
33268,0.9992849
19169,0.99970514
121322,0.99980575
42734,0.55570316
39523,0.99505323
14695,0.99853957
66254,0.13544223
99339,0.9998541
5653,0.9977984
12224,0.99940276
34931,0.99937385
22080,0.9977864
98085,0.9998203
98912,0.8350026
19319,0.9995906
49735,0.9995578
79798,0.9998976
14406,0.9992286
9835,0.99580353
86418,0.9996107
68151,0.99952173
129506,0.9920215
78696,0.9996859
72776,0.9992279
90250,0.9998281
37243,0.9978288
45518,0.02448884
48566,0.013347234
27320,0.98595375
29714,0.99987173
9785,0.99697
4256,0.99722666
127024,0.71334255
75240,0.99658537
111836,0.9996606
40477,0.996108
109611,0.9999218
93587,0.65240836
126801,0.993982
80917,0.9998938
115333,0.99985945
88951,0.99981767
86726,0.99985373
113018,0.9998286
19203,0.9998505
81229,0.07280669
44352,0.9972972
20395,0.9603293
19295,0.99974006
1241,0.8604787
54709,0.065019324
41156,0.99685425
60160,0.9990563
67010,0.9972029
77271,0.9998497
23790,0.99573565
8966,0.99639267
34145,0.6205973
87808,0.9998118
19132,0.9996414
87826,0.99991214
111830,0.9997974
32630,0.99710673
62420,0.98707736
68328,0.9981976
96961,0.9995098
85385,0.9997186
833,0.9996414
79624,0.9998288
116288,0.18728073
91353,0.9999025
67006,0.99962866
17861,0.9998765
107269,0.999819
69142,0.9985703
129794,0.9989648
10650,0.082406096
123854,0.024906792
102839,0.99985766
18018,0.9998253
123428,0.9997993
119020,0.9999087
96590,0.08152384
31739,0.9982943
85510,0.99986756
127184,0.99671304
111680,0.045337554
54452,0.9994424
43393,0.99722064
8186,0.99721354
18171,0.9998036
63617,0.99753153
13413,0.99977595
71607,0.9995596
91137,0.99985576
109262,0.022983264
14585,0.99940884
96919,0.99912244
79543,0.9998715
67019,0.9997627
127315,0.9968436
107254,0.9999106
36300,0.013492994
63734,0.9992306
96813,0.99972135
34166,0.99696153
68279,0.99847263
50902,0.999742
23619,0.9974195
23639,0.9976701
84365,0.99981755
2239,0.9966608
94482,0.999861
38809,0.99643826
86516,0.9997992
37412,0.9897065
13490,0.9998247
29532,0.9998498
82101,0.9973679
64885,0.9939879
20545,0.9790506
7244,0.0128425965
34858,0.99874604
36533,0.99558073
5799,0.9955188
79671,0.999871
23740,0.99685293
53304,0.99695754
26245,0.99973065
40189,0.011751161
44390,0.9977921
67140,0.99610436
28567,0.99732435
55556,0.9998741
81011,0.9998685
88946,0.99989474
103815,0.99772495
43293,0.017720347
96833,0.99970764
109682,0.999276
77448,0.9995327
93901,0.3354351
29455,0.9999051
127162,0.9971962
17911,0.99978966
106006,0.9997229
86562,0.99984825
1308,0.050682396
117526,0.99985147
5945,0.996354
118477,0.065084286
45768,0.58813876
5701,0.99728775
24958,0.013336103
104871,0.9998367
9083,0.11094589
108364,0.998621
66873,0.9997663
88759,0.9998659
41167,0.9975981
128144,0.9977816
2486,0.046369098
43402,0.9970983
85422,0.99916613
70449,0.9985253
69052,0.99802244
44250,0.99673104
110867,0.9993773
61182,0.99406934
120506,0.99905103
72816,0.99129945
113264,0.9996606
72804,0.9988136
49649,0.999564
31866,0.06893559
28293,0.9977423
89883,0.9998597
44482,0.99935144
114279,0.99907625
72925,0.9994654
59011,0.9985421
27316,0.9789315
27279,0.9291893
69495,0.998941
44233,0.99666387
32659,0.9979431
85266,0.99981993
14582,0.9993457
75204,0.99974865
85631,0.9997813
129597,0.9958125
18935,0.03867868
64541,0.99099535
2141,0.99638015
107260,0.9998054
69319,0.998475
69137,0.99695385
107348,0.9999049
125601,0.99980134
37188,0.99870384
75992,0.031549342
26066,0.9989737
73996,0.999884
123530,0.99979395
26244,0.3907619
72722,0.9997118
107299,0.9998857
76313,0.99872226
128153,0.99628603
34140,0.99716705
79735,0.9998722
73298,0.99918705
29412,0.9998895
16796,0.9998547
104850,0.99988806
61230,0.9460169
84360,0.9993498
94595,0.99896646
92519,0.9998123
106356,0.9998809
30770,0.99986947
85344,0.9998679
85401,0.9981875
49934,0.9992136
9698,0.9970009
46054,0.9962824
101306,0.998912
49492,0.9986926
84358,0.99987817
59012,0.9958187
91403,0.99986863
34985,0.9990244
99194,0.99986565
43445,0.99451494
92238,0.9981377
126903,0.99779
15269,0.083430834
118996,0.6621654
1056,0.9982838
53305,0.99815995
98285,0.99905235
101501,0.99983907
61089,0.99873275
17573,0.059463695
127165,0.99755704
76176,0.9989165
73904,0.9997862
36401,0.99621624
96923,0.9996822
23979,0.9979494
49905,0.99972886
120890,0.9960282
88724,0.9998754
58957,0.31736082
25452,0.9890189
104001,0.9981773
16061,0.19161195
107166,0.99987936
124536,0.9997296
104653,0.026571559
75054,0.99987316
85367,0.99886084
52211,0.99973196
63586,0.9955693
8983,0.99607617
128207,0.35989943
91357,0.99986637
35186,0.9890576
69373,0.99939597
66061,0.70740277
43582,0.21013702
23675,0.9964592
23793,0.9972832
20164,0.9914914
32538,0.9969037
52154,0.30146497
84114,0.9994708
87634,0.9998197
65723,0.7224764
69397,0.99857104
111832,0.99975294
96976,0.9996681
37209,0.99503267
108423,0.9997043
26626,0.9980737
98087,0.99942267
37506,0.049264688
52117,0.9992342
8206,0.9944047
14581,0.9996438
34050,0.99758804
10565,0.9957249
14391,0.9994235
18899,0.09491123
96891,0.99943227
85273,0.99981946
22050,0.9973502
103946,0.9945003
34088,0.99779177
66772,0.99800116
115332,0.9985655
19186,0.9998648
10632,0.99424183
113180,0.99927574
109778,0.715523
43534,0.8869178
121189,0.9971379
25928,0.9996055
108448,0.9998273
98282,0.99912137
99205,0.9996363
127213,0.19589095
45758,0.99824417
23915,0.99424213
47262,0.99553347
35024,0.9988192
69432,0.9998456
19033,0.9998246
69163,0.9985671
88949,0.9998252
5696,0.9997161
112028,0.99934
69362,0.9993911
72594,0.9982571
73758,0.99986863
113053,0.9984798
91087,0.9961688
96818,0.9993704
17375,0.31689855
5934,0.048202522
115478,0.99888676
97991,0.9996251
128282,0.9976496
42164,0.9983802
92512,0.99887425
44267,0.9974968
71549,0.99971825
127904,0.99845266
46016,0.9978034
65835,0.70834017
77411,0.99980265
49811,0.99969375
96969,0.9989791
47263,0.7440478
44301,0.9965946
80987,0.99987686
84356,0.99981815
45908,0.20060208
68183,0.99870956
68247,0.9971986
81907,0.99984705
97100,0.9980495
79610,0.99987745
49605,0.9994603
21423,0.9975672
53027,0.9987923
58853,0.99785066
84168,0.99978715
108650,0.99984956
127234,0.9980565
44206,0.99738985
5693,0.9983608
19129,0.99986696
36480,0.997698
118093,0.01822172
33616,0.9897391
38828,0.36050674
93485,0.9998573
14717,0.999035
86470,0.9998246
55327,0.99983215
111810,0.99986625
23925,0.9961993
98286,0.9932846
70388,0.9969795
113255,0.99971896
2167,0.9977883
51879,0.99987936
64726,0.9915421
30551,0.9999056
31700,0.9959972
122433,0.99983895
36888,0.11223203
44197,0.9997583
85638,0.9998487
87713,0.9996853
23830,0.99521554
111934,0.9998281
53170,0.99806637
61176,0.9982021
16991,0.99959487
75255,0.9998267
112063,0.9998405
31792,0.06573587
115406,0.5733993
107415,0.99985933
56658,0.9984571
117720,0.9998908
108597,0.9940597
50236,0.99708253
17597,0.013257685
88979,0.9998691
122387,0.9998841
36443,0.9969963
86221,0.021337137
49812,0.9995902
114214,0.99964607
10530,0.99398285
34162,0.9971091
78448,0.9997178
109551,0.99969614
23677,0.99539196
91366,0.9991774
44190,0.99696475
99332,0.99986136
101198,0.07215757
108463,0.9998709
31826,0.99856645
116660,0.99986935
106159,0.9998565
76158,0.999597
66839,0.9997414
66918,0.9999232
69488,0.99552155
34949,0.9986198
117629,0.9829306
87819,0.99987113
95632,0.97919935
98147,0.99988127
96872,0.99917823
129583,0.91638917
37382,0.9985904
39551,0.99773514
5869,0.058319397
121093,0.99953806
41261,0.069473974
23852,0.997308
101728,0.9997253
102896,0.9998293
99435,0.9987459
109520,0.99879766
67098,0.99977857
17598,0.011465305
81024,0.9998858
128036,0.9980883
86676,0.9999342
106023,0.999876
20577,0.42328188
90097,0.9998568
6681,0.996429
28585,0.99962497
19118,0.9998728
26258,0.99904186
72837,0.999724
60081,0.9920236
102703,0.9998888
1700,0.9934701
128130,0.99765104
14502,0.94351923
93535,0.9698257
31075,0.9980148
14671,0.99972266
41409,0.996671
17190,0.18704556
66995,0.9986016
41371,0.99899274
120991,0.99958557
88811,0.9998585
21165,0.04192967
108593,0.9993617
46017,0.42613566
5876,0.9980829
44189,0.99716276
92334,0.9998535
41395,0.9972187
67198,0.9997428
54169,0.9996094
58774,0.9986216
8222,0.04674043
64551,0.9957717
84461,0.99982494
36411,0.9980896
61184,0.9953839
59141,0.9971444
98281,0.9967573
14578,0.99929106
118969,0.99983907
36570,0.058001343
44259,0.99796677
85315,0.99986744
44449,0.9967648
41344,0.99667287
16985,0.9999014
4503,0.99926347
13342,0.99968636
128237,0.9974355
127219,0.99778
113111,0.9998548
71245,0.07618257
68244,0.99723154
47264,0.9886468
63522,0.9964059
129534,0.53932774
84400,0.999801
60268,0.99265385
68082,0.99878174
84149,0.9997993
37373,0.09250653
19299,0.9998648
117434,0.99883574
76392,0.99965155
72775,0.9995826
93432,0.9997739
107499,0.9997638
30929,0.998672
74003,0.9998456
120989,0.99839216
106145,0.9998646
105088,0.99985194
4434,0.9994754
73755,0.99987006
69264,0.9988543
122138,0.99983263
103810,0.9973658
10636,0.5353449
128009,0.9958919
95653,0.99926573
1112,0.9976701
80837,0.9998498
66011,0.7181302
118729,0.9998468
85507,0.9998454
16651,0.9997842
37431,0.9978027
71590,0.99978346
54229,0.9998086
63385,0.996024
63638,0.9983241
45268,0.98746055
83154,0.9998485
78925,0.02289929
120981,0.997752
105098,0.99984443
84364,0.9998895
105094,0.9998776
7396,0.99928504
47387,0.9962213
125773,0.5303427
49598,0.99980265
86564,0.99980634
47361,0.83953226
58876,0.9998178
28273,0.9946661
46050,0.9975165
61261,0.3274748
14481,0.99968004
93526,0.99967706
66944,0.99364436
6065,0.075271256
34185,0.9970937
23905,0.98743725
54733,0.017705578
116711,0.99990666
21416,0.99722725
62030,0.0628718
68141,0.99831885
8256,0.99775356
108310,0.99950576
75089,0.9998448
90143,0.9999064
98190,0.9985549
115224,0.999754
53122,0.99185055
60988,0.99771464
43587,0.99509686
60368,0.08328739
103798,0.9899586
74898,0.99990046
65696,0.67090434
41129,0.9966329
99430,0.9998246
127294,0.99640995
71653,0.945806
38807,0.9977787
67079,0.99953866
19323,0.9997781
116941,0.083685964
22200,0.9970439
6457,0.017196361
61425,0.94261587
45805,0.9200982
19314,0.99985397
35184,0.9890615
36402,0.9965725
49860,0.9993581
80703,0.9998739
19043,0.9998852
88829,0.9998646
99253,0.6100391
19177,0.99986875
42810,0.10621579
88744,0.99986005
26155,0.9995597
34212,0.9965957
80078,0.4615242
30541,0.99990463
87857,0.999736
91148,0.9998765
34135,0.9964798
112923,0.9998611
87639,0.9996737
65686,0.6184704
93583,0.9995615
112999,0.9982017
13480,0.9998462
65971,0.7073756
65462,0.044096712
4542,0.9990707
117541,0.9998579
120374,0.25089997
85400,0.99984515
90148,0.9998461
92416,0.999864
9817,0.99640346
99345,0.99981135
129443,0.9945669
63538,0.99633324
77536,0.99739057
39072,0.99198604
54179,0.99972683
6657,0.060375426
102835,0.99986005
72596,0.99816954
111813,0.99962664
63445,0.9975109
41151,0.9985683
14462,0.9994241
69151,0.9991124
90164,0.6973594
86656,0.9998049
14466,0.9997143
49569,0.9998004
13487,0.99983406
32493,0.99888986
90178,0.6829527
45962,0.69208026
29950,0.67048854
18077,0.9997446
14348,0.9996823
69172,0.9988586
57685,0.7160532
86484,0.99989355
50769,0.9994721
41366,0.9973205
20396,0.5954127
125847,0.9998286
107834,0.99942905
85285,0.9998635
69372,0.99767405
110804,0.99916637
100545,0.9998103
29456,0.99985206
28378,0.99878854
17759,0.054191552
125837,0.999846
9837,0.99790084
122429,0.9998362
115515,0.99827576
66925,0.9998481
16884,0.9975068
17920,0.9996716
86424,0.9992131
69453,0.9971553
20451,0.9459087
84378,0.99978787
51866,0.9997236
44077,0.015919877
47448,0.59548867
109622,0.19947907
13534,0.999665
30946,0.99702805
89788,0.9981558
76272,0.9988286
113263,0.9996779
125795,0.99981266
5645,0.999821
27325,0.9844418
72740,0.99949324
20293,0.99252
94599,0.999729
45860,0.91032684
44366,0.055833533
26232,0.99892384
129551,0.99627054
117769,0.9998348
117772,0.9998498
54370,0.999856
123570,0.99987376
10496,0.9961909
79750,0.99896634
2298,0.9968033
37508,0.043936804
112100,0.9986325
92418,0.9998863
49739,0.9995061
113143,0.9998186
44535,0.9983589
96786,0.9965894
117762,0.9997973
61072,0.9969555
8029,0.014770425
71784,0.99949515
57397,0.03138366
115221,0.9997812
27272,0.9942602
64547,0.9754346
102834,0.99985397
97025,0.99952424
38501,0.017708143
5500,0.99973863
115022,0.01998176
2079,0.99664515
118730,0.9764237
117460,0.9982303
17801,0.99989164
42660,0.3995007
51727,0.012643521
71557,0.9993685
87506,0.9978295
79554,0.9999058
49746,0.99982625
65691,0.7104558
84332,0.99983776
37545,0.9894685
85284,0.99984765
20336,0.9861842
85279,0.99775344
69492,0.999808
102801,0.34457323
53125,0.99667144
125778,0.9997632
64595,0.99454767
96873,0.9952678
103814,0.99877673
20251,0.99282783
51050,0.99935645
82102,0.9984933
37892,0.9948213
19103,0.99991786
127278,0.25300702
97049,0.99984527
101440,0.99941385
2199,0.99688417
85395,0.9998062
12280,0.99105537
7463,0.99837375
17918,0.99981827
95701,0.99815434
8267,0.9975962
23877,0.9973264
15511,0.99973685
86482,0.99988604
50998,0.99980193
118202,0.99923694
66926,0.9988673
63380,0.9974911
48724,0.9913208
117770,0.99987674
47413,0.41732138
116423,0.9998938
74293,0.07158072
84491,0.99983954
4243,0.999428
66999,0.9990121
69204,0.99875796
109495,0.9998091
49704,0.9996921
44257,0.99659604
102751,0.9998466
60016,0.9989202
68743,0.15564092
106357,0.9998259
78648,0.97938716
110727,0.9996314
103952,0.9979353
99247,0.9998901
29452,0.99989796
96960,0.99935204
47368,0.8007739
30597,0.9999182
105111,0.9998259
95882,0.9997049
41169,0.9982969
44499,0.9976156
84362,0.9998442
41381,0.99756277
47401,0.98790365
82149,0.9996855
53581,0.023872746
78550,0.99987817
122245,0.9996619
66942,0.9978161
107155,0.9998129
91126,0.99978954
124580,0.99985445
62527,0.98555773
11514,0.01702744
75107,0.9997402
86764,0.9998994
111703,0.057040576
8886,0.99302363
70311,0.99928916
29422,0.9999062
17985,0.9996995
82979,0.9998442
59092,0.7016182
46003,0.376351
124689,0.99974424
47464,0.99555135
89043,0.9998043
53221,0.99716216
60274,0.98820984
129562,0.9948748
122285,0.9998524
80658,0.9998287
75964,0.9960652
10524,0.9950896
87571,0.99973613
69214,0.9986858
117724,0.9998609
119219,0.034150586
106957,0.046013497
122149,0.9998399
26061,0.99919385
10528,0.9949464
16950,0.9998617
72695,0.999091
29703,0.9965501
19281,0.99984753
70394,0.9942871
82106,0.2726797
12241,0.99973553
61364,0.9945064
122318,0.30873013
30818,0.9998209
59032,0.9983076
79812,0.9998481
54354,0.99976796
27264,0.9986291
16785,0.99983335
109664,0.99971265
64528,0.9751017
117867,0.9998493
17991,0.99976236
71511,0.9998573
127472,0.99740297
45718,0.99621516
59104,0.9998317
60168,0.9806369
5828,0.9961831
111867,0.99978703
99334,0.99621874
117325,0.058279723
89000,0.99987185
16986,0.9989191
25834,0.99599177
8417,0.061341908
10594,0.9958859
20149,0.86123836
19143,0.99981505
79621,0.99986005
72684,0.9997117
102076,0.9994684
109750,0.99897254
45779,0.9959674
29675,0.9998493
78352,0.99985075
41248,0.9981178
14508,0.9994573
72718,0.99977475
45777,0.61653733
111961,0.99987984
40654,0.99662507
30685,0.99990225
13474,0.99977905
60257,0.99739045
93399,0.99910647
8306,0.9964561
21640,0.027605988
99089,0.99984753
61266,0.99631506
73933,0.29977816
78552,0.9997522
61091,0.9881577
76376,0.9992829
68053,0.9992889
13216,0.99781346
29584,0.99985373
103811,0.9980526
105940,0.99922216
47346,0.9520459
127915,0.9990615
23629,0.99698836
18031,0.99977607
33422,0.051115904
67034,0.99841654
43522,0.99728346
18341,0.19435178
18002,0.9992607
36449,0.99738973
70392,0.9943414
72852,0.9993112
118768,0.99984527
5554,0.99975485
45999,0.9564644
92429,0.99987733
54358,0.9998023
15645,0.9996101
10564,0.99738127
113174,0.9994248
5654,0.99976784
85497,0.9997284
10498,0.99427164
119221,0.014569359
44493,0.99637115
44311,0.9979321
68234,0.99951696
80967,0.9999105
32664,0.99885285
112072,0.999491
37082,0.014091946
80946,0.9999224
100357,0.9998679
45926,0.54938966
117857,0.9999094
125599,0.9998522
117572,0.98004544
86476,0.9994498
126880,0.9971654
79702,0.9989826
12100,0.99924624
1031,0.9985668
53066,0.99759126
108626,0.29846844
49658,0.9997999
72666,0.9984818
45785,0.9987382
19017,0.9998066
117877,0.9999018
80813,0.999887
107272,0.9998253
110390,0.0799484
37240,0.997783
34913,0.99912745
104896,0.99987197
41430,0.99746907
62577,0.9863121
102128,0.29816347
108501,0.9995436
88937,0.9998971
107490,0.99939024
86740,0.70562094
77413,0.99982184
98003,0.9989329
49595,0.9996043
71594,0.9998733
72970,0.99926907
28465,0.99986553
26008,0.9969035
8139,0.9936186
80852,0.9999161
69431,0.9611723
19263,0.999579
877,0.9996778
79768,0.9998746
18128,0.9998292
88934,0.9998807
36441,0.9968636
52163,0.9997179
58946,0.9990318
13314,0.9994374
27412,0.99625325
40307,0.9968832
95642,0.99896276
101197,0.06441199
99137,0.9998435
49740,0.99959654
123482,0.99980897
29749,0.99986017
47583,0.9443773
89875,0.9999027
47366,0.9972318
85338,0.9998709
67202,0.9967552
53109,0.9945768
129477,0.9874256
122186,0.99925953
99255,0.99987113
84458,0.99987507
115525,0.99933976
124595,0.99954337
85437,0.99988544
49910,0.99872833
53019,0.9985971
106103,0.99990547
41229,0.997122
72896,0.9987797
85304,0.9997906
124589,0.9998692
86419,0.9999037
12386,0.9764544
106101,0.99990237
111138,0.08728231
129581,0.9973895
2045,0.9963736
37351,0.9982699
18005,0.9998791
122239,0.9998486
5870,0.025867455
45774,0.9944882
92375,0.99988484
86619,0.99969244
101645,0.99987185
72968,0.99881846
49793,0.99982315
31986,0.05154583
108516,0.999086
64576,0.9968274
69484,0.93252033
37202,0.19415984
90830,0.038707912
8916,0.997267
107525,0.999819
59860,0.995285
120122,0.56755775
23669,0.99486405
76302,0.9995616
106146,0.9998559
89887,0.99985933
11812,0.008998473
1943,0.99701893
126984,0.99363565
8957,0.9962212
97078,0.99661094
44541,0.88685226
29450,0.9999168
50485,0.022906926
47956,0.9962909
85360,0.999818
29625,0.99989164
87717,0.9997048
87488,0.02394003
54449,0.9995559
9594,0.012541116
57856,0.71649206
36461,0.99694747
50813,0.999332
117856,0.99986064
43397,0.26688007
13424,0.99988425
107364,0.9998068
76306,0.323761
32259,0.99631244
18089,0.99964905
43513,0.99650913
91032,0.9998491
21279,0.9985831
119987,0.99976546
65909,0.09517412
85503,0.99990034
111919,0.9988279
61226,0.98901296
5813,0.99572843
5548,0.9998652
34106,0.9974535
50102,0.1371854
109510,0.9998022
129473,0.88546485
95839,0.99957496
78544,0.9997938
62797,0.02135139
111775,0.9997962
109545,0.9998337
51875,0.9997285
85623,0.9992415
125928,0.99985564
88874,0.9998437
101680,0.999859
5433,0.99930274
101697,0.9986204
67011,0.9989022
44298,0.996253
54183,0.9998449
20386,0.96908075
56527,0.9997054
32635,0.99777585
20297,0.9661492
63396,0.9965503
69411,0.9995116
72788,0.99819213
89479,0.22440079
45915,0.96921116
25957,0.9989035
125895,0.9998011
94737,0.9999138
86432,0.9998987
58901,0.99871635
53214,0.9993444
106200,0.9998142
50287,0.17169662
4338,0.9998029
108317,0.9994272
13387,0.999841
31696,0.9976102
106301,0.99987614
67989,0.9986204
72678,0.9993678
34179,0.99706787
98129,0.9986552
68080,0.9989911
14685,0.9982578
60116,0.9939107
115570,0.9997009
103615,0.010652808
41196,0.997401
124593,0.99986076
28286,0.99925953
118733,0.99873537
28393,0.99884003
99661,0.023548381
19150,0.9996557
103711,0.996329
17947,0.99985075
4599,0.9991548
31204,0.06608154
89981,0.9998282
29381,0.9998745
125734,0.999806
88736,0.99985313
65826,0.7131343
95847,0.9994442
128029,0.99784076
52000,0.9997676
50486,0.015310509
26039,0.99897766
47053,0.017093856
54313,0.9998024
79611,0.99986386
74958,0.9998683
103716,0.9973139
87103,0.26033568
35661,0.9894986
41446,0.99763
127986,0.99025726
31321,0.6604172
20349,0.7650826
79557,0.9998661
85556,0.99339527
29620,0.99981433
53024,0.9981998
36417,0.9968701
29594,0.9998305
111763,0.99972874
64599,0.9982571
88141,0.02689053
5550,0.99846303
65950,0.62306046
104954,0.9998671
10577,0.11071977
128127,0.9977331
40838,0.9984553
128268,0.99727064
34962,0.99900925
108551,0.99968743
64730,0.993291
114166,0.999297
13250,0.99985504
4253,0.9993667
34178,0.99648774
29480,0.9998895
37529,0.9983803
255,0.11806822
38898,0.9969189
37549,0.99799025
59125,0.8589521
79807,0.9998692
48565,0.014602154
85371,0.99986553
91121,0.9998498
7461,0.99832374
81877,0.9975089
114128,0.9996406
108601,0.9998455
62414,0.40006402
121089,0.9980045
109614,0.9998516
122199,0.9998791
128099,0.99520797
99296,0.9993187
37192,0.9984522
9839,0.99757534
45754,0.99805415
54503,0.99988127
98485,0.03655289
38752,0.9977375
89407,0.5292466
14399,0.9981901
82000,0.9998721
32641,0.99830794
24324,0.99395144
102885,0.9998683
76222,0.99880767
10378,0.034044165
15042,0.9987269
34341,0.031939175
90028,0.9998356
99093,0.9991998
15828,0.9982476
53011,0.99806434
31790,0.052655306
61168,0.99868697
49333,0.022078099
65946,0.6930422
86514,0.99118537
65926,0.6836124
58932,0.9938001
101688,0.9998117
90124,0.9998344
16930,0.9988764
114228,0.99975663
75012,0.9998691
14450,0.9997918
107330,0.9998784
14534,0.99969804
67014,0.99533194
57904,0.70609623
5873,0.047913525
44247,0.99968934
29717,0.9998727
14604,0.9992378
92464,0.99985266
32627,0.9983144
123434,0.9998821
68342,0.9981013
78354,0.9998307
76181,0.9990073
75775,0.06537652
32575,0.99802655
84219,0.9998561
70442,0.99628973
5824,0.9938923
72928,0.99783427
85563,0.9998343
37456,0.99811065
54460,0.49093515
41390,0.9973537
72199,0.14204313
36415,0.996765
108602,0.21982744
108663,0.99984336
121046,0.9997739
4454,0.99920124
34216,0.99743646
18957,0.99989915
29729,0.9998394
67765,0.088543825
112964,0.9996619
58885,0.9988859
69170,0.99890494
80437,0.029196199
68243,0.9950772
59136,0.9952311
80754,0.9998646
108564,0.9996321
54459,0.99980205
15810,0.7106764
39680,0.99579996
12290,0.9965383
37757,0.05148112
65933,0.7203369
94783,0.99968624
78134,0.016367957
41270,0.9970458
75239,0.9998882
13330,0.9998596
37331,0.99738115
90421,0.028220387
29481,0.9998692
45719,0.95894796
16710,0.9997315
59971,0.99851257
107289,0.9998036
2023,0.9975555
73958,0.99989057
107394,0.99989367
111912,0.9995435
36482,0.9976628
129564,0.9121973
69188,0.9990471
96883,0.99944216
69358,0.99844545
69276,0.9990627
96862,0.999793
106252,0.9998344
78454,0.99965477
72648,0.99974924
54269,0.9996815
37301,0.99853086
27072,0.99826837
5728,0.9972367
85413,0.9990274
41130,0.99578494
115560,0.9998336
20286,0.2801971
107303,0.9998567
6142,0.9954792
66362,0.9989196
106254,0.99986625
19306,0.99987316
28307,0.99874675
14388,0.9994849
91370,0.9998373
16708,0.9999145
68293,0.99904865
113156,0.9976689
49358,0.027601505
63619,0.99615496
76274,0.9998735
23860,0.9975788
105422,0.02538255
76303,0.99971527
16802,0.9997086
49702,0.99964845
53067,0.99969685
41097,0.99775946
121332,0.99961555
61281,0.99745303
66009,0.7213686
108594,0.99989676
27414,0.99715316
59858,0.9959109
96956,0.9998636
12093,0.999838
82109,0.99986804
89972,0.99987316
117767,0.9998431
31863,0.99937975
89049,0.9997831
72681,0.9995426
86571,0.99985874
65913,0.7229379
122130,0.99982244
49791,0.9994603
46057,0.9964425
86466,0.9926984
127249,0.9973475
59022,0.999271
19190,0.9998485
99193,0.99987733
47451,0.9972153
27754,0.99503976
31698,0.9967553
90091,0.9998964
98283,0.9997098
15845,0.9964574
31876,0.99828136
91109,0.9998398
46046,0.9434957
45917,0.99573237
128253,0.98473585
64833,0.995539
91088,0.999859
6128,0.9089442
29488,0.99981827
34082,0.99543935
44344,0.9979754
114324,0.9990404
47248,0.9578651
82061,0.9998332
6850,0.058379523
109639,0.9994466
23681,0.99647826
91150,0.99989605
85478,0.9998889
91117,0.9998425
28357,0.99898785
21453,0.9966343
34183,0.9969567
75150,0.9998605
118929,0.9998553
99254,0.4373597
52056,0.9989563
129538,0.996555
106164,0.9977714
111884,0.99973875
12180,0.99986124
102593,0.9997838
5595,0.6665637
112078,0.9998259
30864,0.99989617
114259,0.9995881
106306,0.99987996
49628,0.99961627
70597,0.9841233
18980,0.99984145
85339,0.9998449
107395,0.99982136
11239,0.9937157
76331,0.9970571
117587,0.99971324
84354,0.9923774
106243,0.9998342
27168,0.99767166
43524,0.99776196
69237,0.6462732
74480,0.081155136
94839,0.9998783
111870,0.99981767
115318,0.9985055
67089,0.99768424
89905,0.99936384
26182,0.99954575
76235,0.99895084
30645,0.99989307
101741,0.99984443
127935,0.996881
86474,0.9998493
107249,0.99988186
85335,0.99949753
9057,0.996783
33434,0.037306067
103857,0.99790394
80684,0.9998294
13201,0.99846494
96981,0.999841
50909,0.99948287
33412,0.9995888
89980,0.99986064
110856,0.9917995
69506,0.9979633
111805,0.9998938
115330,0.99862766
11586,0.9974963
121265,0.99938
28321,0.9991447
44388,0.99731547
117679,0.9998547
49591,0.99959916
101699,0.9996804
28595,0.9991881
38117,0.024146091
9854,0.10746884
43441,0.99898237
98084,0.990209
44230,0.9977951
16689,0.999828
114173,0.9993305
70628,0.98537934
27074,0.9969894
127036,0.57779986
76118,0.9998696
121216,0.99966025
87911,0.9998355
104967,0.9998778
116432,0.36436242
96994,0.9998481
61131,0.99020594
68668,0.99904484
85430,0.24534243
23826,0.9949858
3278,0.014552911
31754,0.9986808
19009,0.99985313
90065,0.999899
76338,0.9998833
72901,0.999366
86610,0.999526
2286,0.997306
109541,0.9998085
96987,0.9998312
43586,0.99324
61093,0.98899686
84349,0.99983084
11030,0.9931995
84375,0.9998055
118674,0.999887
34876,0.99877375
125365,0.06904383
116690,0.23624481
91401,0.999877
17881,0.99983835
73855,0.99983525
34151,0.9967013
118926,0.9998815
125747,0.9998418
23756,0.9967488
29467,0.9990715
85535,0.99980074
17968,0.9998338
35616,0.9932934
80706,0.9998901
81862,0.99986434
43470,0.9984005
112310,0.044901602
78456,0.9998233
31867,0.07378859
106052,0.999895
92188,0.99942744
116564,0.99988616
116621,0.99970776
41417,0.99762255
79523,0.99985766
128057,0.99757177
119031,0.9998381
99295,0.9998543
47598,0.99696165
76048,0.9990883
8914,0.9976248
79868,0.9998313
102838,0.9998605
80721,0.9998889
68286,0.9943395
5608,0.9996773
47560,0.9958923
99206,0.9998443
16892,0.9998627
85495,0.9986255
109237,0.050353553
65800,0.38871703
88963,0.9998697
117774,0.9998672
66863,0.99898237
53074,0.9993863
108363,0.9998498
125882,0.27678353
34215,0.9967321
89269,0.5565281
106351,0.9997458
58815,0.99734914
28253,0.99700516
64082,0.9985403
32662,0.99849
38896,0.99562657
125935,0.9998104
5464,0.99971217
103888,0.9970092
68000,0.9985323
116527,0.9998945
121219,0.9998666
8170,0.9970708
109743,0.9997243
32509,0.99880135
72880,0.999665
127261,0.9973768
115285,0.99913234
12320,0.9984578
22213,0.9974064
129450,0.9702106
57940,0.68513703
41153,0.99764496
109807,0.99975723
34400,0.9940964
29492,0.9997968
7513,0.42859754
115564,0.38751554
99291,0.9998733
76166,0.9998859
12768,0.1544551
16948,0.9998714
37349,0.063622795
90115,0.9999137
109470,0.9985306
69363,0.9978194
5699,0.99888784
4251,0.9996376
88848,0.99980026
883,0.99856806
32545,0.9968755
115412,0.9982666
66932,0.9984421
30953,0.9979906
111980,0.99969304
87874,0.99876803
88958,0.9998882
47354,0.2761656
91331,0.9998772
63674,0.21407714
23980,0.991299
23647,0.9979692
74036,0.99928385
59124,0.9975631
117775,0.99988437
37215,0.9966875
129829,0.055665303
15786,0.66117543
26097,0.9972452
101581,0.42443633
106260,0.98928434
28249,0.99838483
31744,0.9985287
114129,0.9998827
5444,0.99975353
10770,0.05097367
108605,0.9995865
64826,0.42675295
54223,0.99985516
69233,0.9987287
29684,0.99985695
39673,0.989581
5646,0.99977857
88922,0.99983263
41433,0.9979127
88889,0.9997857
53211,0.9981158
76344,0.7231581
53259,0.9958883
84127,0.99982244
108544,0.9997112
68235,0.98911476
55360,0.99987507
116659,0.99986756
91263,0.9998934
49801,0.99984217
124442,0.9998721
86709,0.99983454
77453,0.9985328
38805,0.9925929
118782,0.9998053
127991,0.9980394
43684,0.043721173
104919,0.9998159
81364,0.99950576
28395,0.9993948
92237,0.9998628
29491,0.99984956
92295,0.9998789
127289,0.9977818
108515,0.99986243
2106,0.99552476
127288,0.996793
97097,0.9987105
46083,0.9949345
117812,0.9997224
63667,0.992581
41334,0.9928966
25949,0.99914885
16843,0.9997713
6662,0.994934
111290,0.99595284
72847,0.9894108
121095,0.9998572
114420,0.9997557
32604,0.9970988
64839,0.99726284
69434,0.44628116
75008,0.99986494
29725,0.99988914
97992,0.9994025
91378,0.999889
72770,0.9990062
36027,0.20586672
129582,0.98993766
37159,0.9945426
107456,0.9998381
44505,0.9963308
63714,0.9971482
61382,0.9997584
49776,0.99967515
107353,0.99991477
76382,0.99977046
44557,0.99633247
76406,0.9998939
89909,0.9998568
50760,0.99953127
37272,0.14596304
30986,0.9975769
102564,0.99987996
32606,0.99894375
72813,0.9950689
65863,0.5326467
2986,0.3628141
32258,0.99557495
59110,0.9978467
60256,0.98908603
84258,0.99975175
117631,0.9998677
26264,0.9993457
112994,0.9993499
73941,0.9986935
28304,0.9991479
104848,0.9998777
8245,0.9976047
33409,0.99907863
5845,0.99837697
49712,0.99973685
23947,0.9740568
73806,0.99986196
58778,0.99859196
13264,0.99902296
61078,0.9731516
29598,0.9998795
29483,0.9998603
90082,0.9998323
109472,0.9993979
44461,0.9968828
90176,0.99979144
22237,0.9976101
69195,0.99632275
121270,0.9986517
53171,0.9980673
6682,0.9968554
19245,0.9997222
59972,0.99656975
46008,0.980638
72842,0.99871826
61331,0.99611264
49854,0.9998141
86608,0.9998035
6627,0.9958549
125880,0.9992126
118965,0.9998204
114073,0.99892336
99204,0.9978796
108519,0.99961406
124626,0.9997049
89039,0.9998802
34729,0.019046396
43494,0.9981614
99199,0.99988496
46646,0.08298035
62228,0.79429525
103478,0.05871914
8613,0.04609626
85470,0.999856
32769,0.021380512
20252,0.9802624
23743,0.9969349
52010,0.99980205
77167,0.02617222
115365,0.99905413
18173,0.9998715
85414,0.99984384
115567,0.9985007
44407,0.99733835
97072,0.9997744
72733,0.9999019
114414,0.9998964
45865,0.9088501
115555,0.9990569
102803,0.99983966
110797,0.2948359
16806,0.20503952
9719,0.9978187
113088,0.9997534
16742,0.99729544
61191,0.99809843
97334,0.61759704
19300,0.99981934
26028,0.9984829
107512,0.9983804
3637,0.026851589
82068,0.9998977
127295,0.9957301
15544,0.99987066
106247,0.9997806
16939,0.9996939
97876,0.99784875
45133,0.12526102
49796,0.99968326
60083,0.9937079
102647,0.99983966
28339,0.9996138
61085,0.9984156
55377,0.99981767
29682,0.9998679
89016,0.99987745
127907,0.9951497
28366,0.9998258
72595,0.9999131
90121,0.9998957
85358,0.9998456
112114,0.9989058
74383,0.11880934
35711,0.99396646
19302,0.99986684
29484,0.99988556
76359,0.999882
28291,0.9937033
20167,0.98401064
103993,0.9956512
15736,0.99703276
85319,0.9999038
62581,0.9984831
10654,0.99533576
54401,0.99979705
87917,0.9998902
8189,0.99794215
91191,0.9998652
8219,0.99743986
109521,0.9998561
129557,0.99458355
111897,0.99938273
104952,0.99985635
111766,0.9990189
80690,0.9998747
126268,0.99978703
55573,0.99497485
18048,0.99433917
102796,0.9998622
118970,0.52702546
42779,0.2064117
13238,0.99925846
79058,0.99974984
28333,0.99987197
67165,0.99968743
63378,0.99889475
87669,0.999859
16842,0.99938655
41364,0.9967943
50708,0.9992318
107163,0.99981993
76310,0.668986
109525,0.9997694
49610,0.9998272
42548,0.9902298
37345,0.9986339
124534,0.9998362
33292,0.9994574
9772,0.99720615
85572,0.9998758
109372,0.99910635
20162,0.9910024
85475,0.9998405
41116,0.9976012
60078,0.9995431
47587,0.99715316
106193,0.99984396
76112,0.9996469
83121,0.9998393
126945,0.99962795
87783,0.99980754
29392,0.999848
1966,0.9979298
111968,0.99961936
52013,0.99942005
114068,0.9998857
27274,0.9901355
47607,0.23368059
46089,0.33035794
51904,0.9991128
62285,0.9922106
101653,0.9996631
38660,0.9938215
31870,0.99904543
72692,0.99967635
59047,0.99534297
117571,0.9998248
19518,0.14054658
45738,0.9956623
128162,0.9246172
98198,0.99839276
25341,0.3254617
13227,0.9996722
13290,0.99984825
96632,0.41780198
33161,0.013257897
13306,0.99977237
106194,0.99985945
106155,0.9998528
41110,0.9967616
130184,0.9976029
65699,0.410265
29674,0.6734117
16788,0.99951136
28911,0.09731085
116721,0.9998765
34240,0.9962786
74899,0.9998104
61371,0.9961481
10773,0.05089395
129614,0.995269
34182,0.99649304
102701,0.9998535
115287,0.9992518
60038,0.99828196
26098,0.99895096
93679,0.9956059
96926,0.9986859
75098,0.9998012
92236,0.99985874
65756,0.7147307
7442,0.9974201
72693,0.99986553
57808,0.71280867
93393,0.99976045
57777,0.69829637
65693,0.72026616
16644,0.9988176
109762,0.9997464
50671,0.021683335
107439,0.99983275
106358,0.99715936
19180,0.9998728
127089,0.99982303
99100,0.99930966
49863,0.9996809
72934,0.9996793
76407,0.99972194
65743,0.722096
14357,0.9996381
37567,0.9969734
99200,0.9998467
61180,0.9809208
32488,0.9980495
30674,0.9998896
84181,0.9998498
29694,0.99985886
116521,0.999863
87825,0.9998635
26200,0.9994093
34965,0.99859506
67106,0.9973563
127275,0.99786025
85277,0.99956304
98144,0.99938476
102544,0.9998921
122282,0.9998677
80887,0.99885976
76090,0.9995295
87725,0.99988675
18029,0.9998343
28413,0.29454207
88784,0.99990475
84128,0.99984527
55477,0.39040795
92324,0.9998566
65894,0.68667185
96793,0.99986506
114411,0.999225
1982,0.99790156
28335,0.9998035
110754,0.9992538
19019,0.9998708
37259,0.99731004
75159,0.99988365
109560,0.9982609
69185,0.99885774
106017,0.99989045
66872,0.99732614
2119,0.99779034
19303,0.99980503
120148,0.30204147
9713,0.99777126
79506,0.9998846
89945,0.99990094
93110,0.052898172
14425,0.9997738
98046,0.9908761
63181,0.01300409
106958,0.027796125
28306,0.99968004
1442,0.030115575
117569,0.9998982
114119,0.99955684
129516,0.99812144
75042,0.9998821
17868,0.9998858
127233,0.99545586
95741,0.9972741
27331,0.9969079
83917,0.061949305
85428,0.99981767
69165,0.9996996
106056,0.99986386
41137,0.99821126
43543,0.9987608
43413,0.994796
84188,0.99986887
102643,0.9998516
56800,0.9992974
87865,0.9998646
41289,0.9976453
113126,0.9984896
92184,0.99979657
89088,0.9998379
28464,0.99969304
109508,0.99984896
69173,0.99962306
87579,0.9994222
68308,0.24680117
65746,0.68830645
66013,0.71578413
45851,0.6790228
94791,0.9974492
37519,0.9985575
41187,0.997315
13432,0.9997379
32520,0.99760395
115372,0.99853206
47442,0.97674656
6727,0.99708813
114163,0.9991449
69508,0.9986891
106250,0.9993224
107479,0.9998919
23835,0.9971942
65875,0.70298743
72763,0.9967321
115317,0.9983236
960,0.9987149
23733,0.99766964
94682,0.9995709
48314,0.99413496
27410,0.8789267
2187,0.9974439
17831,0.99987066
60161,0.9979159
106111,0.9998815
43482,0.9825951
82067,0.9998481
28234,0.9967127
18027,0.99986327
13294,0.9998518
91407,0.99980813
37320,0.9970356
59476,0.99679226
41391,0.9941512
47409,0.86478657
127232,0.99344134
79800,0.9998771
87484,0.9989335
95546,0.99864334
87778,0.9999026
40973,0.014355924
104043,0.994216
68186,0.9998398
85558,0.99917245
65965,0.71611136
1910,0.99790025
72947,0.9996611
29393,0.9998454
37530,0.99892104
69229,0.99861455
88816,0.99984574
4389,0.9992034
6586,0.99821365
80717,0.9998455
37868,0.9938899
113596,0.99908733
27224,0.98616856
79649,0.999819
104003,0.99898714
47589,0.9969682
28597,0.99865025
23926,0.9972198
39209,0.027223049
10501,0.996752
45134,0.054983716
63633,0.9991103
94399,0.04823721
15632,0.9930864
17906,0.99988735
102901,0.6956365
37185,0.9975943
5897,0.99654007
110710,0.9991571
26175,0.9998111
34917,0.99921525
123574,0.9998878
59981,0.9935361
34217,0.9952884
30959,0.99729854
117816,0.99987113
64874,0.99443805
106108,0.999876
52880,0.057206206
108853,0.41033742
69401,0.9985663
84310,0.9998385
25701,0.07541386
114410,0.99917394
89432,0.7286077
10481,0.99523795
72933,0.9995223
98134,0.9992219
6629,0.9971307
94672,0.99606663
116424,0.99986017
10455,0.9984515
23732,0.9976077
108327,0.9998578
127170,0.99688965
128087,0.99625576
10558,0.9972263
5424,0.99869627
66933,0.9897195
86769,0.9998758
91161,0.9997584
23735,0.99731666
123965,0.059664194
88842,0.99986243
37274,0.9973199
98228,0.99918157
91215,0.999843
17987,0.9998958
77463,0.9991492
85333,0.99946195
85504,0.9998634
79521,0.9998473
49834,0.9862303
33333,0.9993136
76121,0.9988152
47350,0.9731786
43006,0.13755833
105138,0.99987626
51975,0.9995529
84334,0.99982834
85604,0.9981274
34086,0.9957183
50898,0.999403
63478,0.99971503
102880,0.9991053
114366,0.997649
2025,0.99767
39554,0.9958118
63292,0.99780554
49790,0.99944645
113154,0.99959046
47529,0.99559647
84269,0.9998447
94730,0.9967601
33455,0.9966037
126674,0.99858344
35748,0.9952442
41376,0.9963102
109774,0.99953926
115373,0.99984777
52100,0.9996557
44523,0.9983192
126518,0.05852659
106097,0.99813724
99300,0.99983406
55510,0.997898
10694,0.04455509
58782,0.99873024
71490,0.9999119
127274,0.9978503
73989,0.9998031
35655,0.99643517
76330,0.9990313
102849,0.9983632
17835,0.99989116
56677,0.9994373
113980,0.9986381
104046,0.9962908
55364,0.9992889
43495,0.9915856
23706,0.99644935
91209,0.99987257
124488,0.9998116
20569,0.9486215
85627,0.99984837
25959,0.9981207
85597,0.99909604
23745,0.99572587
2210,0.99563843
127123,0.99786526
71455,0.9997204
89011,0.9998517
68187,0.99817204
29653,0.9998559
30881,0.9998467
81206,0.10018475
7372,0.99744487
33383,0.9984327
37326,0.9967344
124547,0.9998362
75009,0.9998118
78419,0.98920643
86198,0.06750826
114084,0.99975985
32643,0.99895096
95634,0.99831164
56673,0.99960965
86485,0.9969421
38794,0.99673504
43538,0.99976736
81876,0.9998574
22189,0.9973527
47289,0.99424064
102736,0.99985814
41412,0.9964031
820,0.9990416
113075,0.999808
114004,0.9983725
25920,0.9995371
51796,0.99866843
96948,0.999814
7698,0.99614906
56610,0.9996301
21412,0.99737
28224,0.99675363
85397,0.9998901
79747,0.9998741
44429,0.9960574
1945,0.9973099
25888,0.06059728
111984,0.9991967
112030,0.99960667
129221,0.027653996
61190,0.9996917
116672,0.99971
34537,0.3063541
127955,0.9964198
20354,0.97629386
95821,0.7138752
7470,0.9988651
36590,0.9979413
31704,0.99749845
15778,0.9916937
95798,0.30445692
98038,0.99849176
114171,0.9997819
46090,0.28433394
61134,0.98277295
47393,0.9933148
109728,0.999899
79563,0.99988735
32595,0.9974572
72632,0.9992449
112442,0.9982639
93677,0.9984561
90017,0.99988997
73939,0.99984396
103840,0.99709725
32378,0.012612972
5967,0.99700695
105096,0.99980754
17794,0.99991906
37386,0.99895227
111959,0.9998171
84245,0.99989283
45803,0.93220747
41386,0.9981054
79885,0.999892
107378,0.99979955
124440,0.9997495
43536,0.9977919
85361,0.99804
65930,0.7123645
73798,0.9997489
71505,0.99931824
50963,0.9998338
84357,0.9998615
107405,0.99986804
108654,0.9995989
84136,0.99988675
107397,0.9998944
85499,0.9998466
29401,0.9998466
88990,0.9998435
109552,0.99979204
103612,0.9986104
110806,0.9997638
80575,0.048505865
117533,0.99985135
109696,0.999863
53248,0.998393
45734,0.99774206
116515,0.9998503
55501,0.6841514
128134,0.9960024
28283,0.9994929
99389,0.99985194
33630,0.9986506
91175,0.999843
102746,0.9996513
28424,0.9972415
84372,0.9998362
71461,0.9998884
44280,0.99726105
90075,0.99983513
112016,0.99962616
34171,0.99652594
63391,0.99981326
114404,0.9991478
114079,0.99982065
62333,0.98146546
61316,0.99329424
29454,0.9998764
123445,0.65787625
82008,0.9975654
55610,0.61451805
13249,0.9998609
79802,0.41900536
86425,0.99991894
63621,0.99645114
34189,0.99801135
128135,0.9977881
49558,0.99943084
67155,0.9965237
36540,0.99832636
46024,0.80976117
107154,0.99985194
62548,0.70911056
50509,0.019126916
87667,0.99986625
5413,0.99949324
88968,0.9984995
68181,0.99992764
102785,0.99988794
117721,0.9998584
25950,0.99938357
5863,0.9939207
121177,0.99975234
30720,0.99983215
101505,0.994668
63435,0.9953708
73799,0.9996118
29379,0.99988246
111927,0.9981298
88855,0.99916553
106206,0.9998221
20969,0.09528003
28407,0.99905485
28352,0.999526
19021,0.9997739
91043,0.99986374
54263,0.9990212
72772,0.9993899
113114,0.99904126
49726,0.9998103
26085,0.72026277
45903,0.4831996
111997,0.9996061
117074,0.99969923
38787,0.99802667
80943,0.99988985
123620,0.99985933
74100,0.99977916
69450,0.9961534
30672,0.9998374
128224,0.99733233
15586,0.9981072
47572,0.05797443
68229,0.99865997
68046,0.9974247
80972,0.9999068
48417,0.016098402
127047,0.99960357
128837,0.30163196
4436,0.9998481
119872,0.9863435
76051,0.9999124
103767,0.9972681
88953,0.9998735
28313,0.999265
99148,0.9998598
88780,0.9998411
21948,0.017311003
87577,0.99985874
63389,0.99932575
34936,0.99879336
110821,0.9998889
23902,0.744947
11224,0.9717405
122066,0.9985505
23658,0.9991726
47296,0.4890053
89894,0.99989855
28548,0.28086278
93672,0.998705
16709,0.9903391
101684,0.9998281
2115,0.9979752
28337,0.99741614
49646,0.9997042
122416,0.9994777
69519,0.9987197
125590,0.999826
29713,0.9998425
28302,0.99968123
27377,0.9980101
98007,0.99976355
98275,0.9997737
128111,0.9959758
43516,0.99640536
26043,0.99921715
22124,0.99814785
29637,0.99985814
115331,0.9988354
76334,0.9988273
113077,0.16650778
80904,0.9998863
29621,0.99988353
94586,0.9997497
34997,0.99836725
68182,0.99604
32587,0.99687153
2307,0.9974481
97094,0.999426
121135,0.999124
47932,0.99721944
120987,0.99979967
74918,0.9998487
22196,0.9965863
127973,0.994866
22536,0.10226854
101747,0.999848
110413,0.07775601
91227,0.9998652
70639,0.9979721
26240,0.99911207
6461,0.011707147
44198,0.99935883
94780,0.63412386
21239,0.99782026
28574,0.99925464
82059,0.99977344
113206,0.9997595
13345,0.999858
5562,0.9995565
53262,0.66613495
18968,0.9998703
88279,0.1777686
67161,0.9997594
93439,0.9998908
84190,0.99977905
50727,0.9998259
38276,0.99709415
13202,0.999845
101461,0.9993044
56614,0.9994715
40186,0.019967891
29746,0.99989414
62418,0.99586177
16694,0.9981377
95736,0.99922574
22167,0.9978974
118917,0.999856
55117,0.091901235
42673,0.51863915
128265,0.9973533
116657,0.99954516
35015,0.99802065
71378,0.99786526
72724,0.9997224
6736,0.99656796
64850,0.70597667
108607,0.9996805
97122,0.9991897
102641,0.99980336
26149,0.9993243
28317,0.9995358
127032,0.9864847
112693,0.06898555
962,0.9986235
50994,0.9995433
50815,0.99966264
72807,0.99859244
79648,0.99985754
125006,0.13389677
91274,0.9998698
41399,0.997079
92233,0.999859
110848,0.99985456
47452,0.9980361
16853,0.9970675
49827,0.99950755
29533,0.9998016
88755,0.99939585
72814,0.99989927
35152,0.031704254
109764,0.99926645
14490,0.99959415
49618,0.9977957
43514,0.9970919
34956,0.99898
118884,0.9998572
90196,0.58939946
32540,0.99767333
89959,0.99985385
112015,0.99987817
94630,0.99988544
87684,0.9993919
107195,0.9998547
109720,0.99987113
113260,0.99581945
125776,0.9998491
79591,0.99984956
58846,0.9926388
44292,0.99834096
96887,0.99969625
34091,0.9968478
113152,0.9987866
20109,0.9751855
125943,0.9998272
56470,0.9995347
89888,0.99752563
7438,0.035247117
91134,0.99990165
28521,0.9995757
81874,0.99984
127256,0.997715
53254,0.9982408
39573,0.99753904
117687,0.99985003
57938,0.6876951
13543,0.9998758
90578,0.9992669
20165,0.9887944
54367,0.9997509
23843,0.99763596
71728,0.9978957
8193,0.9951296
16833,0.9998222
125738,0.9998247
122289,0.99982554
2225,0.9970272
128041,0.9951682
34836,0.99900275
124787,0.9997919
44456,0.9982064
45951,0.9827271
116723,0.99984
64530,0.9996903
63616,0.9998242
31761,0.9937831
75245,0.99989796
41389,0.99346125
19275,0.9998092
37397,0.9981817
47250,0.8409109
116613,0.9998627
38774,0.99591905
17853,0.9998683
9034,0.9957331
53120,0.9977118
106345,0.99681157
127961,0.9977931
5566,0.9996736
106212,0.99984825
127164,0.99801207
127972,0.9927424
8237,0.95673627
107351,0.9998914
83533,0.026056407
76137,0.9998958
8187,0.9859364
58840,0.9990163
47162,0.99725264
47492,0.989654
21307,0.9963322
70610,0.30096287
5489,0.9992762
121284,0.9992712
90806,0.07295772
69482,0.9993185
16993,0.9998827
112468,0.99912006
68341,0.99963427
38761,0.9945551
34902,0.99922514
68146,0.9980938
75188,0.9998524
41450,0.9975553
6143,0.99653196
29738,0.9998703
108466,0.99981207
127223,0.99614716
42029,0.43365705
69511,0.9969766
104996,0.99987626
5596,0.99985147
15638,0.9962978
109668,0.9976126
68145,0.9964128
92470,0.9997465
108644,0.9998441
108498,0.99984014
90175,0.99981385
15677,0.69796795
14630,0.9965456
85455,0.9998932
27830,0.13096118
93902,0.25169042
79575,0.9998914
82132,0.3082007
22139,0.99693286
32062,0.9876524
44076,0.015801936
66893,0.99879223
44299,0.9968957
13529,0.9998323
5448,0.99892634
70641,0.98075837
44539,0.9966055
29556,0.999853
109482,0.999882
92376,0.99986243
28468,0.99973184
2021,0.9965353
41350,0.99792767
111914,0.99986994
97112,0.9987527
69844,0.99460196
111808,0.99875987
22239,0.9973864
99099,0.99983466
10523,0.9965737
77223,0.99982136
113110,0.9997098
54455,0.9997545
128148,0.9975707
96900,0.9989686
49559,0.9995347
61179,0.96895516
123347,0.99985695
129444,0.99586725
116714,0.9998925
84327,0.99985135
19632,0.113945656
86222,0.11649126
84255,0.9998789
41163,0.99783415
127239,0.99723214
71453,0.9986966
102610,0.9998666
96949,0.31135467
65741,0.7206639
79826,0.24939837
86611,0.99992895
128123,0.9982498
123495,0.99959856
5422,0.9993304
115462,0.9998933
14345,0.99983144
21274,0.99748176
61136,0.9810755
111840,0.9994228
77389,0.53721213
90247,0.9998585
69281,0.9986701
56532,0.99922335
82063,0.99978405
36580,0.9102633
64589,0.98705417
62485,0.9956115
45713,0.99577636
128203,0.99952686
89863,0.024461282
35412,0.3629112
42546,0.9933488
17894,0.9999155
23946,0.996983
13920,0.74552816
72679,0.9998011
27170,0.99444616
27124,0.9969223
26201,0.99855417
58983,0.9968695
106005,0.9998423
21305,0.9979705
32507,0.99901485
69248,0.99737954
4532,0.99929464
105061,0.999882
107393,0.9988201
28563,0.99960047
88797,0.9998141
53318,0.7951955
65806,0.7157607
47400,0.9552618
93386,0.99869007
107164,0.9999056
109557,0.9988141
4353,0.99975973
62573,0.96019
14679,0.9990977
26494,0.019858574
114085,0.9987992
63673,0.99334747
96910,0.9966066
43579,0.9976342
39858,0.99715024
81039,0.99987173
43562,0.03221285
96920,0.99755245
113015,0.9989172
76152,0.9996526
129558,0.98923934
9033,0.99757844
96963,0.9994455
129466,0.99429685
43443,0.9979559
60211,0.999052
121083,0.99823403
85585,0.9997912
118677,0.9998616
28490,0.9997118
45902,0.40313166
115220,0.99979407
65885,0.7203363
28375,0.998719
76283,0.9991924
65873,0.71006376
1106,0.99882776
71488,0.99917275
41192,0.9973477
101494,0.9998746
89050,0.9998896
56818,0.9997019
103719,0.99723536
107411,0.99987423
128015,0.9957487
15847,0.9986443
26218,0.60171556
109626,0.99990153
67143,0.99751484
118783,0.9998642
17839,0.9997043
97086,0.9998097
72883,0.9998454
121126,0.99988747
72709,0.99981695
9861,0.99645776
81924,0.9998641
13124,0.9980611
37391,0.99879116
43468,0.996154
105186,0.999859
79762,0.9998411
49629,0.99974066
102606,0.9998723
89006,0.9998667
55504,0.9997948
128272,0.99763954
128273,0.99804723
87664,0.9998211
28478,0.9985826
14479,0.9997756
47454,0.99629587
41094,0.99745435
56769,0.99969876
124599,0.99981827
46091,0.62244296
34201,0.9959921
25987,0.99897146
50717,0.99978703
20290,0.7311068
72961,0.99876046
129533,0.42416263
60752,0.022108044
99136,0.9998091
43685,0.04891519
91223,0.99984586
105063,0.9998307
129574,0.98021805
102563,0.99954456
28555,0.9990645
69267,0.9979842
8136,0.9982704
63587,0.9968016
98041,0.99981314
89097,0.99977654
70390,0.9951762
29642,0.99939346
59991,0.999188
117573,0.9997925
91054,0.9998541
77206,0.9998617
63639,0.98887235
90146,0.99983275
10503,0.9973552
21331,0.99786454
78406,0.99987423
114388,0.61681664
53110,0.99806553
42727,0.3955851
99338,0.99985814
59980,0.986113
43396,0.9985719
121326,0.9949238
58820,0.9986841
36406,0.9963832
1014,0.99809736
82163,0.9998416
115574,0.5408857
16658,0.9997347
18056,0.9997341
62005,0.067947544
88274,0.99933285
43436,0.9957943
118771,0.9998454
108659,0.999688
91292,0.9998573
65776,0.34275225
20402,0.93910134
106114,0.99982786
20651,0.3960551
38380,0.029257597
128051,0.99763787
107356,0.999859
55375,0.99665654
44252,0.99687624
82146,0.9998338
54451,0.9997763
44240,0.9974548
29650,0.99984837
5547,0.99966836
127131,0.9966524
110522,0.99665916
102900,0.99987066
108359,0.9995571
17855,0.999271
83173,0.99982774
90047,0.99984205
29739,0.99987555
22141,0.059159733
31201,0.018858625
9008,0.029908836
77313,0.9998355
13483,0.99986756
89098,0.9998293
57683,0.716778
102800,0.9998653
62583,0.9930062
63713,0.9985044
67188,0.99774075
43942,0.9759076
49581,0.9992793
81974,0.24075997
69159,0.9973671
63568,0.9997887
10529,0.99526983
98280,0.9968792
32455,0.96755445
101751,0.99929714
14487,0.99981135
68337,0.99881434
116572,0.9998913
19284,0.9996716
56525,0.9994784
79036,0.9996594
68199,0.9881611
75194,0.2908383
88791,0.9998474
50767,0.9994941
80723,0.9998795
84228,0.9998847
109803,0.54924613
107797,0.05527984
74919,0.9980944
103909,0.99743193
15684,0.9987748
78640,0.9998248
95437,0.07418723
31750,0.09785875
101601,0.9998858
88926,0.9971215
17935,0.9998603
26094,0.9988821
74916,0.99981266
49604,0.9994086
2182,0.99608165
101311,0.051709414
109676,0.9997737
16987,0.99962974
58878,0.999775
58788,0.99822396
114086,0.9982551
54868,0.9993247
88985,0.99982566
40405,0.9968984
30545,0.9989365
38866,0.99147975
5691,0.9998481
69502,0.9982987
69243,0.99683124
66018,0.71462715
49573,0.9993912
79518,0.99983597
17849,0.99991655
96992,0.99014705
10598,0.9840061
70528,0.99048936
88955,0.99991083
125597,0.9997551
87859,0.9998907
20012,0.9982304
86563,0.99992156
37249,0.9982839
69391,0.6727603
45975,0.57729363
13187,0.999882
31397,0.047987733
14688,0.998844
97937,0.9998166
124532,0.9997696
85399,0.9997986
110915,0.9997044
69435,0.99573
89922,0.99989223
10515,0.9975291
129612,0.9662732
97115,0.9988336
72774,0.9997305
101734,0.99955434
62374,0.9915918
100576,0.9997925
10639,0.99629176
57806,0.63813275
31517,0.025556264
20098,0.9393544
96943,0.9998186
37480,0.99788266
103942,0.994719
28549,0.99960417
44478,0.9976714
46669,0.103817545
89978,0.9997781
72921,0.99988484
65754,0.71704006
65992,0.66093785
101444,0.9998317
126976,0.9991708
42608,0.529615
13352,0.99964297
97085,0.99974054
108407,0.9992042
91381,0.9998091
14532,0.99942315
16897,0.99978
116524,0.9998048
121043,0.9998522
10568,0.9967411
86665,0.9992095
64820,0.99923325
87924,0.99991703
96181,0.45971096
76199,0.9997851
67086,0.9959585
75185,0.99985564
45966,0.5464116
43426,0.9981263
28566,0.9990435
3388,0.98814106
31835,0.99431956
20480,0.9951798
69209,0.996514
111999,0.99973804
13210,0.99969506
5512,0.99987733
17798,0.99991834
1968,0.9978363
54259,0.9997656
34955,0.9990126
40336,0.99559844
75250,0.99986875
37446,0.9977639
108598,0.31638786
26236,0.9990854
16994,0.9998381
43458,0.9971342
6636,0.99663216
73804,0.99982566
90205,0.9998915
128225,0.9961511
118872,0.9998388
56775,0.99931
25936,0.99761045
75051,0.99987304
42638,0.528006
128201,0.9982127
22144,0.030173946
29487,0.9998337
28387,0.9995018
18032,0.99978095
61012,0.9969746
93445,0.99977034
76106,0.99990666
15599,0.999114
26079,0.9997651
46067,0.64219844
2287,0.9980667
84263,0.9998599
113067,0.9951308
20388,0.8184582
40382,0.047929294
76343,0.99985397
41091,0.99845886
26038,0.9994661
121078,0.99970716
116379,0.9998851
127243,0.9980574
76211,0.99669707
21414,0.99750936
101582,0.33831564
47398,0.9496554
19146,0.99971205
47445,0.996765
97490,0.9992487
109555,0.99987984
7418,0.90590256
75580,0.9984767
29582,0.99985445
23840,0.9968748
77396,0.9997267
72905,0.9995629
107442,0.9998971
105044,0.99985695
37562,0.9977325
96897,0.9998512
6612,0.9963709
49730,0.9996637
111316,0.99895084
102559,0.9998528
19173,0.9998555
89064,0.99990416
74043,0.9998568
69413,0.9991062
96999,0.99982774
22792,0.99722457
85571,0.99988043
2644,0.99619776
86421,0.99990034
22191,0.9951711
112965,0.9998411
66063,0.71701866
83319,0.99983776
84305,0.99773955
66846,0.9986571
72786,0.9986563
91119,0.99984074
13288,0.9996817
31706,0.36075053
23742,0.9972873
130186,0.9975326
89969,0.99985826
68224,0.9992569
89983,0.9998971
64776,0.99472815
70599,0.99385697
2273,0.9977848
77306,0.9997675
48338,0.99724007
37379,0.9977558
28580,0.9995277
8418,0.075129025
112979,0.9993906
89903,0.9998293
90014,0.99987197
11238,0.9957157
54505,0.9998472
23978,0.97896
76340,0.99943596
12090,0.99987006
10533,0.9966714
98187,0.99959975
46043,0.88774246
34102,0.9965862
8933,0.9969433
32589,0.99773955
90136,0.9998522
128037,0.99535584
121224,0.9920238
72600,0.9988356
107487,0.9998474
9205,0.019906247
45974,0.43077487
88879,0.9998344
59072,0.9982566
29509,0.9998375
19081,0.99983656
76168,0.99907327
23912,0.99571276
23880,0.9977379
5652,0.9994925
95956,0.68875337
92341,0.29546374
115430,0.99926895
53201,0.96220124
15730,0.99884963
22226,0.9973979
13373,0.18149538
97044,0.9993717
60853,0.0853696
93474,0.9993554
17837,0.9996972
31090,0.9980562
68049,0.9923459
90018,0.999882
109471,0.9998447
91130,0.99984944
19184,0.99983263
72583,0.088581495
104053,0.99911016
13393,0.99981993
75238,0.99988437
27183,0.9922368
16697,0.99979573
119824,0.980121
1949,0.9982901
14556,0.99961084
105188,0.9998299
72902,0.99961925
23761,0.9972899
67540,0.9991905
54349,0.41634986
5749,0.9996111
76057,0.99977165
84247,0.9998447
118923,0.9998542
92195,0.99987316
2277,0.99691427
59003,0.99814487
20772,0.017042194
96924,0.9992342
85390,0.9993486
81997,0.26307622
110769,0.999694
60087,0.9899871
72751,0.9992872
111868,0.9972588
72941,0.99787307
75151,0.9997218
96964,0.99982697
34914,0.9993861
107500,0.9998871
85523,0.9998592
19164,0.9998184
32442,0.95210147
107170,0.9974948
121140,0.99963987
35644,0.9960616
67987,0.9988318
86667,0.99983585
9077,0.9971915
2127,0.99716467
13292,0.99964356
116308,0.99838305
65891,0.5661365
45814,0.85213727
42413,0.012793373
61410,0.9792621
5506,0.99970573
17795,0.9996277
62477,0.99388677
78266,0.99766684
123624,0.99984217
23757,0.995452
114373,0.99852645
71797,0.9999018
52002,0.9995704
88735,0.99984646
69409,0.998495
23965,0.9972588
67037,0.99804807
109655,0.9991074
88741,0.9998653
56477,0.9997391
16883,0.99977726
35716,0.9929698
682,0.99671364
37245,0.99856794
98258,0.57548034
113256,0.99970585
26278,0.99916625
54360,0.9997422
63584,0.998912
53354,0.9980562
14455,0.99979395
98383,0.05504418
92389,0.9986266
29724,0.9998524
49857,0.9996339
73984,0.9990884
116528,0.9998671
21409,0.9971022
53257,0.9992317
45776,0.9973463
118694,0.99985325
114638,0.3630196
52046,0.3441683
110627,0.9998079
112992,0.9997998
69324,0.99745053
85272,0.9998586
89812,0.9983393
111874,0.999894
75046,0.99988365
34977,0.99884653
60030,0.9988263
38909,0.9976162
14339,0.9998461
70226,0.9939551
52165,0.9998267
11086,0.78657836
19122,0.99972326
80780,0.9999063
1638,0.020472832
44430,0.9977641
113078,0.58785486
44477,0.99893135
13240,0.99986553
12378,0.99968743
58935,0.9987191
10544,0.9980317
96842,0.99978954
75853,0.036325634
67166,0.9986695
51958,0.99971765
63536,0.9929467
75220,0.26215792
80747,0.99988234
20206,0.75329584
128182,0.9981735
98044,0.99972504
65937,0.7031879
49831,0.9995509
29759,0.99986947
23900,0.9965474
550,0.071047984
91198,0.9996166
41247,0.9965593
65750,0.70363754
101398,0.9998573
13447,0.9997739
67177,0.9997986
20352,0.8420539
36444,0.9967962
107511,0.9999094
30960,0.9970925
40305,0.12600808
12966,0.034071848
45834,0.9311811
88950,0.9998128
36454,0.9948656
94551,0.99982697
93624,0.99918634
7441,0.039368257
91085,0.99988973
127964,0.9945417
27095,0.99748
71222,0.13274154
84236,0.9998274
91244,0.99987674
10615,0.9982987
20437,0.99159473
127474,0.99848336
42677,0.545464
14341,0.9997856
88927,0.998697
20443,0.98989165
128163,0.9912815
79593,0.99985635
41217,0.9967294
118726,0.99989057
42217,0.06073537
29439,0.9998715
60082,0.98264647
128283,0.9980848
106346,0.9998635
90169,0.9998361
115154,0.99766684
31125,0.037959002
14629,0.9995664
108514,0.99954456
5594,0.99972063
41378,0.99780005
90161,0.9998747
10502,0.9955083
28327,0.9992797
114800,0.29222426
19248,0.99981695
19296,0.9998037
6660,0.99732333
49902,0.99943167
86566,0.9997608
127124,0.9981135
5602,0.9997819
67013,0.99967873
55600,0.9998286
106215,0.9998722
96991,0.9985448
72626,0.9990024
80669,0.99986565
16940,0.3307175
13356,0.99929655
13492,0.99987257
49907,0.99906355
92522,0.99986756
92466,0.9999088
82382,0.049005445
41218,0.99719304
28386,0.99960357
30955,0.9981864
30630,0.99987066
72903,0.9998827
99303,0.9998752
32380,0.008865038
64868,0.9984861
89911,0.9998685
72851,0.99768853
85180,0.9991123
28534,0.99942327
54326,0.16275677
112966,0.999708
79842,0.9998815
41149,0.99714166
33431,0.053359106
113201,0.9995059
106344,0.99988306
42649,0.48494416
8960,0.9975993
120993,0.9998272
45998,0.9967415
109475,0.9997706
109478,0.99987555
4342,0.99979526
105398,0.034064766
62426,0.9847557
39650,0.9960437
114268,0.99985313
128140,0.99776566
80751,0.99987614
5906,0.99907374
19092,0.9997793
20400,0.93548477
56623,0.89251393
41226,0.9966254
127926,0.9907958
55410,0.99825937
55333,0.9998677
53366,0.99871397
116574,0.99984
45862,0.996783
6853,0.028163457
102554,0.9985569
129629,0.9575058
51917,0.99946374
76379,0.9971681
26191,0.99727577
79568,0.9998723
96888,0.99987066
16903,0.99795234
62525,0.99844533
97043,0.99980706
91250,0.99989855
32499,0.9991185
116713,0.99985254
59029,0.99890375
124591,0.99978644
37538,0.99837047
22222,0.99747294
5924,0.9992244
26037,0.99845564
128184,0.9978313
28245,0.99966073
26033,0.99984145
99337,0.9998604
13254,0.9998987
13419,0.99985635
29388,0.9998621
10560,0.9939281
20393,0.96236944
54258,0.9998505
14702,0.9990513
8184,0.9982035
85291,0.99988127
37512,0.99672544
65841,0.7224141
44519,0.9994124
44473,0.9990528
18103,0.9998535
62520,0.97891414
82070,0.99984753
4429,0.25483835
96810,0.9997627
81956,0.9997745
52113,0.999819
126926,0.67632747
108403,0.99984586
80704,0.9999052
8298,0.04509725
49607,0.99952257
45736,0.9972994
28912,0.08350839
128239,0.9961901
47596,0.99634653
69322,0.9989768
128028,0.99740773
87730,0.99973744
47579,0.99526936
91266,0.99983454
59062,0.99778914
101743,0.9991247
111908,0.9998722
39662,0.08379847
41115,0.99678314
92368,0.9997676
45958,0.9914386
49864,0.99945503
41211,0.9976392
106309,0.99984574
26162,0.9989537
19209,0.999724
30717,0.6019259
120994,0.97880334
117579,0.9998387
4240,0.999338
53015,0.9991208
79511,0.99963784
96367,0.105433956
37332,0.9974235
128171,0.99458236
781,0.9998412
14586,0.9986343
20454,0.9856156
13212,0.9996859
87574,0.9998791
9870,0.9967892
37260,0.9973506
28396,0.99925286
17951,0.9988599
58914,0.9990195
29440,0.99987996
104269,0.05662617
89957,0.9998956
49695,0.9992481
84457,0.99856335
109609,0.9998111
96958,0.9987858
34939,0.9984842
128164,0.9616925
99028,0.99800426
15826,0.9997402
8285,0.9492665
80210,0.9994593
12343,0.9980204
75191,0.9998692
118915,0.99401253
125924,0.99946815
8223,0.9964647
85330,0.9972258
5756,0.99988496
88764,0.9998115
81026,0.9994691
9761,0.9979825
50819,0.9997974
39536,0.9975376
53206,0.99795026
19182,0.99970263
114117,0.9993567
13237,0.99988127
37225,0.9979127
73940,0.99988663
122293,0.37329337
99091,0.99984527
54422,0.9998074
111947,0.99931014
124691,0.9997416
4499,0.9986784
97095,0.99975485
61423,0.9970969
69192,0.99944085
79704,0.99985445
92288,0.99984336
92343,0.99989545
45945,0.5681926
69355,0.99844664
118721,0.9998915
122464,0.9902602
114307,0.999616
94802,0.31883973
103947,0.99880266
67180,0.99783
14298,0.04978485
29712,0.9998627
70612,0.31618413
26105,0.9993266
10649,0.991623
66040,0.7138929
91379,0.9998523
85591,0.9998209
79791,0.99985754
113243,0.9998896
69429,0.998792
104630,0.08043605
110773,0.2919392
127191,0.992269
103842,0.9941567
56514,0.9991804
18081,0.99983275
5636,0.9988696
87586,0.9995617
43354,0.9942514
49584,0.999616
57038,0.40312806
102692,0.99683243
84282,0.99984956
11165,0.026454104
122143,0.99985003
49861,0.99960715
79664,0.9998155
46045,0.992195
107502,0.9998118
5752,0.99902415
44725,0.04532732
116576,0.99980015
102844,0.25453097
89902,0.9999114
85432,0.989851
62330,0.9972408
23969,0.9952991
39993,0.027828785
70970,0.9991709
57969,0.7173381
50804,0.99982613
19229,0.99981123
71780,0.99955696
69405,0.99730045
44405,0.99640816
129536,0.12258168
110029,0.018165026
44220,0.99704117
85316,0.99985707
29723,0.9998765
128219,0.9964127
25948,0.9998491
52146,0.99968004
109710,0.99942833
49893,0.99906284
115379,0.9996934
86530,0.9998665
35653,0.9953815
96791,0.99986804
2096,0.9978504
55506,0.9998299
76982,0.06446785
97126,0.99973243
78644,0.9996044
29595,0.9998877
49728,0.99969614
91224,0.9998394
78509,0.99984956
968,0.998884
28381,0.9998006
35608,0.038708728
80077,0.2414397
25967,0.9992532
76271,0.9998318
66848,0.9959629
38252,0.99666876
53016,0.99835193
92190,0.99986815
90003,0.9998691
16849,0.9997497
97091,0.9997557
117825,0.99987495
82009,0.9991109
71630,0.37252337
79032,0.03973027
41158,0.9973456
1114,0.9979341
127235,0.8552949
114071,0.99973434
5496,0.9998405
53105,0.9968432
57398,0.07058014
109815,0.9998479
33316,0.99971205
97177,0.61806065
25997,0.99806434
86483,0.45812577
113168,0.99986744
15588,0.99961674
86605,0.36717603
129590,0.92189467
125647,0.9997955
87620,0.9998723
25317,0.55924076
90006,0.99987376
43352,0.99311924
86620,0.99903286
41306,0.9936422
102599,0.9995753
63589,0.9983701
13458,0.9995988
112976,0.99943715
88798,0.99985313
23908,0.9950304
21344,0.99714965
58970,0.99952507
128062,0.99805754
91033,0.9994369
12605,0.22605753
74044,0.47721416
54323,0.99966574
53168,0.9992142
79416,0.018148653
111816,0.9995468
41180,0.9976985
117540,0.9998247
16754,0.99959046
118817,0.9998274
114179,0.9980118
89030,0.99985695
77409,0.9998337
81728,0.24397312
47496,0.9939288
41157,0.99684614
109701,0.9962431
70645,0.9990246
4296,0.9995535
1444,0.06925937
56764,0.29809174
87683,0.9998266
20389,0.6705631
110677,0.9976278
21362,0.9965899
128199,0.99650735
73896,0.9998716
44413,0.9976659
99336,0.9998336
78711,0.99894553
61271,0.9652674
36963,0.9977586
63622,0.99574935
85347,0.99973816
15649,0.9987093
78404,0.99404174
71738,0.25159588
28485,0.9996762
94015,0.37514305
76397,0.9978173
101411,0.99984455
6710,0.998171
112986,0.9996307
112969,0.99941456
65769,0.72132754
20397,0.7283932
41321,0.99784577
29529,0.9998349
90077,0.99989104
26178,0.9989318
31820,0.9977851
114423,0.99909234
2292,0.99674547
112050,0.99411607
44180,0.9589249
22215,0.99563545
14647,0.9994265
23627,0.9957046
36767,0.99742883
12989,0.09742442
80898,0.99990463
99445,0.9996691
106242,0.99987197
19200,0.99970275
113834,0.042998828
87876,0.9992478
76405,0.9994843
37358,0.99710804
118963,0.99989974
128103,0.9971112
69294,0.9995665
127668,0.99900514
26229,0.99832577
56472,0.99925286
28443,0.9997509
66037,0.7112554
60266,0.9950127
10182,0.022708448
7518,0.99809605
54365,0.9981852
40458,0.0906999
29629,0.9998481
128086,0.99544084
89936,0.9998685
88751,0.9992312
16641,0.9998776
29633,0.999841
43532,0.11477559
63481,0.9846197
58298,0.99904543
19183,0.99979335
13439,0.99975055
72952,0.9994485
85264,0.99897754
31770,0.9985795
97113,0.99736005
76159,0.9995689
20346,0.7693543
94826,0.99854374
20258,0.9729212
71221,0.06707492
88749,0.999076
49578,0.9997713
33433,0.9994492
28584,0.9992933
65892,0.71002287
77304,0.9988171
84131,0.9998524
28244,0.997083
87872,0.99976224
53008,0.99926144
74997,0.99975723
59982,0.9842816
20521,0.9752126
103801,0.98317516
14537,0.9994555
23923,0.9968701
102697,0.9998442
129925,0.10111508
70303,0.99622405
53349,0.99921775
127804,0.015664898
88972,0.99983525
37380,0.99852306
79597,0.9998615
25990,0.99975735
118778,0.9998716
96799,0.9995654
88777,0.9998448
112024,0.9998373
105207,0.99936384
83510,0.07084622
89073,0.9997886
79804,0.26042798
123194,0.99847716
92242,0.9998622
49668,0.9990534
56815,0.99986005
27139,0.98952556
122195,0.9997522
51638,0.072319694
99144,0.9998196
2144,0.99713874
96854,0.9998615
72858,0.9964645
34226,0.9977197
69514,0.9975847
85645,0.99982965
4310,0.99977654
25985,0.999788
53270,0.99597496
92479,0.31655928
78661,0.9977882
36419,0.99692935
19283,0.9996543
107366,0.99960536
118824,0.99982613
13410,0.9997776
34879,0.9985422
93384,0.9995807
14486,0.9997173
5589,0.99970466
53267,0.99623764
63687,0.9993486
23876,0.9971763
82014,0.9998265
5843,0.9972338
56533,0.9989452
127127,0.99731535
21405,0.9975375
97034,0.9998385
63577,0.98410183
54171,0.99975365
17950,0.99912554
20246,0.9794502
25450,0.9977088
20434,0.70962286
98195,0.9998431
30722,0.9999174
69327,0.9985195
47441,0.99845505
15509,0.9984451
97090,0.9997743
115425,0.99826837
124981,0.15307328
29550,0.99988925
19176,0.9998909
120999,0.99251246
96929,0.9974202
36589,0.9952988
28592,0.9997532
84140,0.99988496
48340,0.9970631
90063,0.99990857
116619,0.99984527
47455,0.9794555
114069,0.9995753
10489,0.99689734
76293,0.9993364
76415,0.9985948
46020,0.5344053
35731,0.9943709
98289,0.9998466
32655,0.9978509
126290,0.9997296
27133,0.99027586
41235,0.9964477
85559,0.9996375
8217,0.9970599
91365,0.9998665
26100,0.9988992
2133,0.9974497
104378,0.9996828
87122,0.9983708
124370,0.9986004
76219,0.9998041
114310,0.99954295
9794,0.9956161
97357,0.28625602
62472,0.6901678
65856,0.72031206
22193,0.997086
94768,0.99982125
104913,0.9998572
42797,0.13233148
116719,0.997335
76418,0.9990777
109507,0.9998473
105015,0.99584347
118612,0.99857974
41280,0.99659926
37200,0.9945826
67060,0.9978331
19175,0.99987316
90213,0.99990964
4590,0.99962604
71649,0.99866354
51013,0.9996581
44306,0.99690825
14639,0.99811435
91184,0.9998734
1964,0.996225
128050,0.9960905
81859,0.99972457
61123,0.97751075
34116,0.993997
89898,0.99986863
91168,0.9998287
95895,0.99981266
63493,0.99975616
65728,0.49322882
13298,0.99977905
44273,0.9983784
81971,0.9998379
76311,0.99979705
129500,0.99654996
98618,0.9990176
49231,0.07808529
71597,0.99970967
106245,0.99983644
68051,0.99848145
4597,0.9990134
29592,0.99985933
37084,0.013416422
28358,0.9946898
84384,0.9998622
99426,0.99985564
126884,0.98205906
79810,0.9998344
5648,0.99974674
79505,0.9998841
13375,0.99944
5806,0.9982564
48033,0.21143258
60469,0.08480121
62516,0.99656135
107285,0.999824
9202,0.05131431
37190,0.99839133
13519,0.9998517
13284,0.9998467
86475,0.9998957
37228,0.99838924
98644,0.99916196
34094,0.9964663
79309,0.07349053
16937,0.99959236
19321,0.9998913
56763,0.9995352
5921,0.9969567
96898,0.9998271
126749,0.9986864
105806,0.028513147
96932,0.9995491
4397,0.99944514
43490,0.9988186
88952,0.99982613
36885,0.049305476
32607,0.9985721
76421,0.9971927
43429,0.9971413
108556,0.98856366
44508,0.9968911
19082,0.9996942
63314,0.99763656
37311,0.99510396
72793,0.99918395
103746,0.9979845
116513,0.99987483
47509,0.6350146
23930,0.9976768
122287,0.99988127
89953,0.9998629
31596,0.016262274
19305,0.99967694
29686,0.9997851
44176,0.9985543
79613,0.9998611
102553,0.999851
95832,0.9995141
31103,0.9973683
32834,0.9817114
4585,0.9996617
113076,0.9982784
72706,0.99915814
23873,0.99685955
99398,0.9997774
34854,0.99818736
4495,0.99961025
26188,0.99877757
115184,0.04910654
67001,0.99846447
34163,0.9974214
58980,0.9944582
110948,0.9992379
127399,0.049427833
39676,0.9936081
5965,0.9883703
99002,0.99828905
76134,0.997552
107259,0.99984
123478,0.9987373
113219,0.99979943
29588,0.99980444
68290,0.9988205
59126,0.99964345
82012,0.9997557
107314,0.99975413
59836,0.9944707
61365,0.9952312
20215,0.89700264
26223,0.99967265
88801,0.99829704
117685,0.27369612
16854,0.999845
43557,0.995329
3254,0.01652252
9876,0.99463934
35718,0.9938693
129559,0.99417996
94394,0.9981981
106246,0.9998147
92321,0.99988365
37289,0.9967069
5579,0.99947757
44511,0.9968232
92246,0.99988544
1978,0.9962304
73990,0.9998274
109647,0.99964523
78557,0.7983474
107362,0.99981993
89876,0.9990251
77204,0.99971
4443,0.9996313
13242,0.999826
37552,0.9985134
96946,0.9997943
10583,0.99673414
58880,0.9987463
97942,0.99915576
104861,0.9998604
85340,0.999718
70478,0.6322268
34921,0.9983467
61780,0.9994972
41232,0.9966217
102696,0.9998431
72911,0.9998325
41750,0.03588876
4442,0.99954057
92293,0.99987733
29316,0.99841034
26284,0.9976018
128053,0.9958716
117577,0.99980634
108610,0.9997203
94010,0.9992262
108085,0.07466226
116372,0.9998356
37455,0.99819094
37378,0.99840987
73764,0.9998573
53557,0.17457181
80965,0.99979883
88748,0.9998254
36468,0.99784136
95682,0.9986928
129596,0.6190253
84052,0.9987425
29471,0.999843
78902,0.034253187
43414,0.99733055
105146,0.2202283
112949,0.99228704
128085,0.9974874
18950,0.9997197
69476,0.9768961
116715,0.99983394
69346,0.43470886
88762,0.99985385
85587,0.9998142
80778,0.99985826
74099,0.99991786
85619,0.9998449
28240,0.996781
65599,0.045448303
87909,0.99987674
28384,0.99946064
59073,0.99759716
71682,0.99715555
68276,0.9997533
78657,0.9998647
125551,0.16358882
14593,0.9994086
95968,0.99943525
85268,0.99881786
85423,0.9998462
28440,0.99946576
73549,0.07888906
129462,0.99499786
29707,0.9998487
99207,0.99984205
115234,0.9989434
116581,0.99985945
28536,0.999681
94670,0.5810859
114220,0.9991042
13395,0.9998449
85394,0.9998876
79472,0.03713727
53218,0.9977088
13890,0.99931884
54167,0.9997967
113127,0.99983716
68557,0.015739549
90004,0.9954639
17899,0.99950457
99190,0.99984694
85384,0.9992693
127158,0.99807173
8291,0.9971017
778,0.9997495
23806,0.13695523
76254,0.9978162
68288,0.98428786
39682,0.9958852
107492,0.99980515
92371,0.99989426
88817,0.9998273
65839,0.6389488
109595,0.9998267
70094,0.020092953
57616,0.7271323
5440,0.9998393
45815,0.71590877
109671,0.9998423
88722,0.9998565
124549,0.9998305
5930,0.9997453
26000,0.99880695
112053,0.99986947
85621,0.999876
74001,0.99983966
41367,0.9974813
31008,0.043229286
85614,0.9998294
44548,0.99693394
79663,0.9998634
34051,0.9966671
30728,0.9999033
96206,0.095641755
25972,0.999587
29295,0.554437
99150,0.9998671
80974,0.9998903
96853,0.99987674
113071,0.99933404
41301,0.9977882
47591,0.99717546
45823,0.9532169
129598,0.32338637
63676,0.28893688
114304,0.99964476
91196,0.9998709
95655,0.9985476
69466,0.9977859
121039,0.9980697
48206,0.021272657
79856,0.99982905
23879,0.9969607
53319,0.93641526
18087,0.99958605
53021,0.9987317
47546,0.08401565
106258,0.99984515
38824,0.997051
64778,0.9942433
90128,0.9998914
113051,0.99959916
44377,0.99723
116628,0.9998456
109634,0.9995677
6562,0.99747
101638,0.9998568
16799,0.9997141
34895,0.9984486
9737,0.99616647
54406,0.9998592
17887,0.9998814
114265,0.99872786
10641,0.96364206
79737,0.99922156
30829,0.999851
108547,0.9998317
34190,0.9972824
85282,0.99984443
54497,0.9997836
30689,0.99988043
22069,0.99736696
41323,0.9973724
49717,0.19896393
117574,0.9998611
35687,0.14751136
96812,0.9993318
127310,0.9966934
76783,0.45525664
122702,0.024101613
45970,0.15857394
2002,0.9984547
87879,0.9999181
118887,0.99987197
65961,0.7113743
34065,0.9975974
88870,0.99987495
85554,0.9998431
103752,0.99528944
91239,0.9954881
45959,0.46904737
6656,0.036158245
114160,0.99903154
71795,0.9997583
72374,0.0605511
14631,0.99975115
34115,0.99704045
37522,0.9991148
28256,0.9995659
89004,0.9998939
33353,0.99936086
127263,0.99718225
42962,0.99828416
66864,0.99988294
1341,0.06877044
15824,0.9983645
16422,0.06486192
70070,0.08371057
2000,0.9971727
54222,0.99983275
117582,0.99989724
19230,0.99982184
68086,0.999328
94534,0.99983275
76353,0.6687539
26301,0.99922824
84376,0.9998838
70346,0.99888176
77202,0.9998265
87862,0.9998084
109646,0.56269115
21392,0.99709964
94787,0.9997174
58915,0.9968432
91284,0.9990651
5926,0.9977906
94678,0.99500656
110005,0.07190679
69489,0.99849164
47188,0.9980525
108374,0.9995517
37488,0.99859554
50765,0.99969804
80664,0.9998704
99384,0.9998398
14405,0.9996406
5958,0.9988323
85562,0.22500245
19237,0.9999006
117537,0.9998611
32629,0.9983407
113118,0.9998035
39591,0.99673426
116580,0.99986565
58842,0.999569
38783,0.99570024
76368,0.999579
85592,0.9996654
28376,0.9983181
79530,0.9998951
66889,0.9998536
79670,0.61522365
93620,0.9984127
49803,0.99967515
59474,0.997503
96885,0.9995278
117624,0.99981004
2179,0.99741274
39268,0.9956032
98045,0.99874204
61409,0.9968065
9062,0.996874
103755,0.99599564
98284,0.9987488
53353,0.9982955
61277,0.9933888
128011,0.99425006
54214,0.9998926
63570,0.99609417
14517,0.998448
53308,0.7248123
52098,0.9995628
97059,0.99982786
67071,0.99960655
18911,0.02953934
13539,0.9998617
75092,0.997809
34867,0.9990458
94541,0.99986005
41204,0.9976254
28414,0.29520428
74996,0.99965155
26196,0.9975802
109702,0.9998847
8152,0.9967584
94495,0.9991499
116612,0.99987054
99277,0.77185833
23690,0.9964191
73808,0.9997888
18094,0.9990564
20406,0.98973876
37434,0.9987882
14665,0.9989692
62243,0.99355423
63668,0.999699
19100,0.9994118
73763,0.9998661
68038,0.99979967
4583,0.999899
129475,0.9274459
50758,0.9997373
84363,0.99979717
108640,0.9993432
56568,0.9985065
87675,0.99969697
55093,0.07830643
2046,0.3843579
121173,0.99888295
97033,0.99975544
14569,0.9996419
69218,0.99977213
37535,0.9987451
121029,0.99615353
28565,0.99557173
127180,0.99685436
34071,0.99585825
91067,0.9998504
76077,0.99976593
78367,0.99961203
36466,0.99623364
111834,0.99987113
32483,0.99935514
76318,0.99901724
12606,0.49400976
65861,0.4122008
45813,0.90888333
29453,0.9998265
2220,0.90995336
80800,0.999859
68034,0.99965596
97104,0.99940515
75578,0.9973506
10505,0.9967199
82876,0.9989328
117524,0.99987316
128089,0.99440855
16999,0.9997036
108553,0.70994383
96795,0.998963
33211,0.034408648
2123,0.99828416
44281,0.99682766
127801,0.030981751
91190,0.68181616
92225,0.99988186
41100,0.99677086
5830,0.9946278
127965,0.9964592
44285,0.9978429
43488,0.05034058
20444,0.31036413
51954,0.99955815
11226,0.97159237
37733,0.052477416
110721,0.99941623
54305,0.9971035
85611,0.9998485
127303,0.99655735
56270,0.082248874
41646,0.03514442
41111,0.9972307
128013,0.9980354
90009,0.9998939
2173,0.9973321
37444,0.99856925
79570,0.99986565
121077,0.9994374
4354,0.9995603
35762,0.9958782
98047,0.99896896
44218,0.99722254
107485,0.9998765
59151,0.99984145
73747,0.9998603
70093,0.026392061
79698,0.99983776
8026,0.01574271
30578,0.99988556
27375,0.76840824
109660,0.99976057
5445,0.999848
113108,0.99981743
86472,0.99580514
23618,0.99543035
48847,0.46068746
79753,0.99986637
98893,0.06447984
29497,0.99983
16798,0.9998354
84209,0.9998832
13452,0.9998148
107313,0.9997608
110629,0.9997029
116724,0.9998572
85837,0.24551715
75053,0.9998529
91091,0.99985397
99333,0.9998698
87828,0.99979824
14352,0.99972516
86580,0.9999279
129792,0.99817264
123604,0.45388854
16744,0.9996723
47274,0.99735594
84050,0.99850166
106337,0.9996232
50911,0.9995945
41263,0.99751353
92181,0.9998486
44515,0.99953854
129532,0.9647307
49609,0.9995359
4449,0.99933976
91172,0.9992772
18001,0.9998672
2108,0.9965162
91342,0.9998282
90111,0.9999018
112091,0.997629
17914,0.9998423
125736,0.99982315
17896,0.99989474
84223,0.9998758
20166,0.657118
21359,0.99765104
96859,0.9970222
97939,0.9998807
28332,0.99938893
124584,0.9998512
61217,0.9902305
29506,0.99984896
112062,0.9996489
115313,0.9986008
21383,0.9979424
39632,0.99748
37479,0.99848783
47503,0.9719069
90036,0.9998567
35705,0.99485695
44450,0.9919755
90166,0.99990904
50723,0.9998615
37314,0.9957645
65827,0.71488106
43878,0.24354976
95876,0.9998197
90235,0.7053825
65844,0.7211223
69436,0.4698322
121045,0.9845738
121233,0.99970007
79833,0.99985766
39797,0.08063037
66035,0.7202672
34233,0.99525696
97058,0.9994241
67993,0.9976845
128110,0.9963266
28262,0.9943538
50706,0.9996952
56481,0.9997408
91309,0.9998399
76276,0.9991767
117534,0.99984825
65881,0.7102919
127196,0.997015
92474,0.15829565
109566,0.9998678
72889,0.9986324
76425,0.99904686
116662,0.9998746
28489,0.99865687
63384,0.9975822
44334,0.9976584
91094,0.9998498
102460,0.99890876
88843,0.99983776
113204,0.9995408
111842,0.9992842
105439,0.02402889
127247,0.99763024
76145,0.9998876
42758,0.9656069
74702,0.03137269
110959,0.9996854
18973,0.99979657
10607,0.99708384
70204,0.9941432
77296,0.99975294
72949,0.99867284
79759,0.99958223
1152,0.99142367
118979,0.9998348
20157,0.9832948
89908,0.9998031
9656,0.96537846
61360,0.9985973
113058,0.99970406
45345,0.024423236
65877,0.7055938
22154,0.99613744
92428,0.9998969
37361,0.9822629
23881,0.9974043
129633,0.9970234
69317,0.9986986
26059,0.9990307
43367,0.99293834
69220,0.997652
106198,0.99978584
111969,0.9998198
89653,0.066065915
63718,0.9985624
41333,0.99715185
75155,0.45105234
91278,0.99985397
79695,0.9993793
37502,0.99849546
43555,0.9983897
26602,0.9978091
4446,0.99986017
966,0.99887365
26163,0.99865663
69238,0.9987047
109458,0.9997701
89294,0.19077103
5511,0.9998419
71741,0.99900216
66751,0.049264632
116375,0.9998412
46092,0.31773022
108548,0.99971575
108854,0.66017693
14535,0.9996996
75088,0.9998499
52215,0.99962604
70384,0.99577445
127279,0.99785185
85392,0.9998803
2082,0.99431944
34054,0.99704033
84163,0.9998461
62278,0.99348795
23753,0.04084578
91050,0.9987148
47555,0.99460006
35646,0.9861059
30691,0.9998839
114133,0.995884
80714,0.9998512
38722,0.99531096
69161,0.998437
41278,0.99645716
65996,0.7093764
119019,0.9998317
75045,0.99982566
91226,0.99984884
41083,0.9971955
19265,0.99980193
117623,0.999845
33827,0.9975629
28422,0.9983835
127923,0.9973375
128017,0.9970893
113026,0.99956006
122180,0.9998847
62239,0.9723227
69491,0.99982184
100257,0.9872689
85500,0.9997857
65959,0.72423553
85415,0.99986124
36530,0.99795544
76171,0.99980384
92320,0.99984217
66972,0.9987907
65925,0.7159534
90149,0.9998894
22106,0.99763393
69332,0.9981621
4263,0.9995646
97800,0.044875253
89058,0.99985147
7485,0.99570364
28450,0.9993137
108353,0.9998547
59921,0.99492633
122485,0.99976164
68237,0.9986253
73942,0.9998431
88752,0.99934286
49829,0.99981755
76268,0.99803954
80872,0.999851
80819,0.99990463
83171,0.99983346
82107,0.99976903
29414,0.99988174
107319,0.9994735
98091,0.999775
34126,0.99743986
83125,0.66182727
81812,0.35416406
69323,0.9986854
2172,0.08313755
114082,0.9995871
39405,0.012831285
110138,0.99868554
121315,0.9984658
29494,0.9998975
109835,0.99967766
14408,0.9995104
118885,0.99989474
109758,0.9998673
25963,0.99982446
82010,0.999782
85334,0.99976295
83741,0.006549011
44316,0.9968893
69380,0.99708813
50904,0.99967
69392,0.9986387
28353,0.99967694
76188,0.9998031
65828,0.70336163
123568,0.9998766
12189,0.99949646
19030,0.99983764
34080,0.99743444
43559,0.99630725
92532,0.9998853
73809,0.999833
5832,0.997175
109602,0.9998629
117682,0.99985623
109571,0.99975556
44305,0.9969368
38876,0.25833905
58829,0.9962037
36495,0.9964592
84290,0.9998517
111991,0.9996749
89897,0.99936277
25994,0.9991027
13537,0.9994987
128046,0.5783573
80895,0.9999101
80734,0.9998776
45900,0.9981969
62376,0.99518245
90154,0.9998542
106016,0.9998895
39643,0.99116766
97001,0.9992204
44138,0.9822588
114267,0.9992706
4491,0.9991937
16757,0.9987664
44534,0.9998388
41340,0.996454
40479,0.99379784
110863,0.9988392
61133,0.9960377
19089,0.9998684
20453,0.73063374
48590,0.011050149
67131,0.997512
72806,0.9997392
59067,0.9970393
124538,0.9997793
29524,0.9998503
10574,0.86567616
125786,0.99978477
32551,0.9980406
107333,0.99985147
102889,0.9998709
22794,0.99730396
1837,0.016634248
44544,0.99753404
65710,0.71560466
50996,0.9995803
46671,0.11223949
88982,0.999863
76756,0.99942696
98080,0.9997969
12354,0.7204296
66902,0.9988167
10513,0.9941083
26986,0.9978467
71440,0.9997149
72879,0.99984336
110719,0.9996501
44510,0.9971354
64058,0.99896395
26283,0.9991555
49935,0.9991689
95162,0.9992513
16836,0.9988539
69050,0.9980444
90129,0.66463685
23904,0.9941175
112093,0.999716
50800,0.99980575
109813,0.9998087
7363,0.9973502
76347,0.99944776
26216,0.99963593
35727,0.9894187
49764,0.99960226
114083,0.9998248
75153,0.9988176
2034,0.9976653
115468,0.9995103
7370,0.9982168
47450,0.91549677
44577,0.052995544
27078,0.9912361
66886,0.9985145
8984,0.082907476
106294,0.99984634
115509,0.9985568
92422,0.999879
76099,0.9993981
16896,0.9998667
85525,0.9998958
75005,0.99988246
37305,0.99736965
76083,0.99933225
123397,0.99981207
76255,0.9997882
35516,0.015235509
26226,0.9984993
77450,0.9998568
17810,0.99986863
28308,0.9987784
126932,0.99399865
37556,0.9987993
10545,0.99697375
10631,0.9971349
74045,0.9848028
118918,0.99989605
82357,0.042914495
29648,0.999856
16835,0.99987507
66835,0.9987128
28604,0.9993755
92090,0.9988098
90135,0.9999001
72690,0.99978167
129510,0.9901154
96836,0.9996916
17346,0.99905497
37208,0.9958936
127292,0.99703336
88118,0.04897303
30981,0.9977404
18158,0.99976784
14523,0.99957293
126792,0.9994685
60182,0.98639953
44507,0.9968227
127920,0.99689364
66954,0.9988438
27318,0.9948866
87676,0.9998241
7348,0.998681
71636,0.9996648
37441,0.9976605
51046,0.9996
49713,0.99984515
44386,0.9994511
123622,0.9995652
2517,0.078606375
67898,0.9982912
61426,0.97745574
1012,0.9991366
59028,0.9980406
98089,0.9997627
106573,0.020819012
44500,0.053186473
127221,0.98965085
40850,0.9980762
34234,0.99655306
58960,0.99856395
91035,0.9998647
65968,0.6978922
76429,0.7112512
37532,0.9984085
92426,0.99986863
116705,0.17688198
35796,0.9940714
8302,0.99685234
85573,0.999858
26991,0.03494766
44264,0.998021
56752,0.99962664
23883,0.99708754
45760,0.9875508
92186,0.9997725
123389,0.99983644
8287,0.99785656
23630,0.99751365
114314,0.99883455
21429,0.99726236
64674,0.9933236
14681,0.99906796
41262,0.272409
85533,0.99986124
104007,0.9986557
41034,0.99651176
109829,0.99874413
29696,0.9998605
60273,0.9951292
87575,0.9996784
36223,0.02901521
47585,0.99607736
30874,0.9997961
46004,0.44187322
91286,0.9995302
18092,0.25821972
109538,0.9996984
14491,0.9996474
107266,0.9998609
127258,0.99761605
14447,0.9995065
24969,0.06005686
128165,0.9949922
44416,0.019817417
99186,0.999866
29752,0.99981254
44194,0.99986005
10538,0.99649554
52065,0.99969983
122389,0.9998864
41244,0.9970784
18003,0.9997938
91125,0.99984145
95933,0.99920136
77488,0.9997495
18515,0.46009427
37308,0.9975682
60130,0.9772366
125389,0.06563067
91031,0.99985886
71494,0.99936515
81722,0.9982724
36450,0.9968892
115465,0.9987085
72742,0.99937797
86606,0.17666496
46778,0.99646556
43416,0.9963503
125791,0.9997433
29564,0.99987733
36166,0.9983981
46036,0.51280665
97121,0.9997888
107350,0.99981314
61430,0.9988636
91255,0.9998721
69156,0.99951684
46069,0.91263187
126755,0.99900025
82096,0.9997588
51028,0.39158094
50893,0.33279973
99159,0.99982846
81958,0.9998385
106022,0.9998648
14343,0.99984765
82013,0.9978801
118672,0.9998976
64309,0.07616181
99351,0.99981993
59927,0.9910035
68942,0.044767655
93447,0.9999007
36886,0.05583384
15695,0.36763754
16038,0.49967775
88932,0.99886876
16944,0.9991985
120013,0.36683252
25961,0.9994479
123602,0.69969255
24957,0.010437007
72747,0.99893516
47558,0.99765694
4550,0.99969184
26088,0.9951749
88757,0.99985504
124643,0.9998258
8025,0.018513128
93530,0.99916136
76325,0.99912304
72861,0.99920064
93537,0.9987406
31741,0.9997004
4391,0.999902
61235,0.9946865
19298,0.999708
28214,0.016779164
89999,0.9998437
90227,0.99985194
122320,0.9998067
116569,0.99981064
32541,0.99771655
4488,0.99937975
45854,0.9988318
121264,0.720198
14488,0.9996867
109536,0.99986446
58926,0.99744993
108314,0.99988043
15789,0.9995241
45771,0.19458373
112124,0.9992244
59978,0.99517006
87863,0.9998055
65700,0.6988347
77407,0.99982387
104994,0.9998779
107702,0.05357785
63565,0.21225151
76621,0.6592896
34972,0.99926454
92191,0.9998827
72874,0.99945253
79608,0.9998084
88907,0.9998783
47545,0.9976152
34192,0.99663687
81970,0.99986994
85469,0.9971486
127287,0.99807334
109799,0.9997954
41228,0.9977702
109798,0.99991906
65113,0.5944263
91259,0.9998766
113042,0.9990095
52156,0.32427937
23660,0.9619308
4455,0.9992793
14342,0.9998147
28237,0.9998204
107529,0.9998677
92481,0.9998679
44222,0.9962457
28382,0.9998092
129483,0.9480351
2236,0.06279015
13253,0.99984324
35624,0.99621934
92438,0.99988496
59097,0.99887604
5504,0.9989636
127605,0.1981817
10557,0.99350184
106259,0.9997075
96823,0.9997814
36593,0.9964599
125885,0.9998338
79839,0.99982363
63680,0.99294466
78408,0.99943966
28496,0.9992943
58999,0.99986494
41148,0.99716717
17857,0.9998435
95071,0.07298095
109708,0.9998417
96698,0.9986494
98130,0.9991523
52213,0.9997147
27783,0.14913289
79310,0.042403653
67195,0.99866366
127264,0.99761933
42162,0.9987878
5747,0.9985006
5662,0.99698955
14677,0.99905795
101557,0.6935209
32576,0.058642205
37419,0.9974068
109519,0.9998171
30084,0.9991423
13485,0.9997967
90001,0.9998349
85580,0.999843
32585,0.9933762
110898,0.999635
34058,0.99797624
45960,0.96967167
36498,0.996393
77250,0.99973637
22337,0.029965654
1936,0.99738973
74317,0.04726943
90253,0.99976987
9001,0.9976688
75247,0.9992107
41222,0.9966703
29748,0.9998367
72685,0.99909234
35544,0.05367893
76136,0.9997008
20296,0.29690307
38770,0.9977926
77551,0.99929726
86473,0.9998425
28329,0.99975723
54353,0.9997559
13300,0.99980265
72791,0.9998896
24189,0.03227955
89962,0.999879
2136,0.99740845
111995,0.99985325
91139,0.9998951
69393,0.9985258
29378,0.9998684
9792,0.14182846
23620,0.99741447
91369,0.99986005
5463,0.9998884
93585,0.99967074
61278,0.98937887
7833,0.08206314
71446,0.99969375
127154,0.997497
10380,0.02116265
114277,0.9994771
65684,0.71104765
54271,0.9998522
16804,0.9996402
23670,0.99617034
73276,0.9991177
75104,0.99985206
127311,0.99811816
14589,0.9987154
16656,0.999833
106324,0.2708711
122294,0.5089317
13223,0.99984026
80843,0.9998599
28342,0.9993987
123626,0.99914753
4299,0.9996891
112942,0.99887973
28594,0.9997029
62389,0.49000144
26120,0.9973647
87576,0.99975485
31005,0.13119362
107317,0.6897152
84301,0.29260895
26193,0.99882454
19234,0.99970907
46884,0.036671817
39567,0.99357843
105823,0.024878435
77390,0.31051984
106150,0.99979216
106144,0.99986947
86567,0.99989367
72844,0.99985456
1123,0.99898523
85474,0.9998411
2183,0.94437253
103707,0.99693406
97135,0.99914086
1980,0.9977755
91100,0.99954236
97150,0.9997452
89092,0.9998549
67020,0.9987086
127267,0.9962131
85442,0.9998932
29578,0.9998342
115315,0.99896276
65939,0.71626043
51011,0.99961334
58928,0.9995396
92726,0.2698114
129512,0.992148
53079,0.99762625
127058,0.39183673
19174,0.9997167
110967,0.9989812
32525,0.9981158
34963,0.9990483
17797,0.9997799
82118,0.99987066
34114,0.9959682
75148,0.99981815
118723,0.99982315
5446,0.99843794
80728,0.99983597
69199,0.99787915
46012,0.51264405
6265,0.096462466
128281,0.9964072
16800,0.99965286
4249,0.99978393
76050,0.9988551
10050,0.99895775
46601,0.20182055
26167,0.9993406
47798,0.061368942
122477,0.99988174
106342,0.99986196
108373,0.9997274
54462,0.99947697
74992,0.9980123
128105,0.9965358
2189,0.9976163
55658,0.9998184
88835,0.99986196
89019,0.9997955
111865,0.9998248
67124,0.9976767
84464,0.9993255
37217,0.9977295
123853,0.027250204
65683,0.71828395
84221,0.99981457
25933,0.9953625
61137,0.99034685
66936,0.9982318
7468,0.997322
29407,0.5976706
76622,0.5690949
92526,0.9998598
79527,0.99990845
114365,0.99912494
90446,0.02436722
19160,0.99973124
118695,0.99987924
39628,0.9936126
66931,0.9959603
64632,0.996743
72929,0.99970764
90060,0.9999101
79600,0.9965668
118831,0.9999025
60072,0.9987016
62518,0.9978283
19028,0.99986124
79693,0.16964507
73892,0.9998745
7637,0.056057803
85346,0.99596345
72602,0.99980325
76170,0.99948394
119889,0.48676464
115376,0.9987888
63382,0.9990252
18127,0.99987936
7494,0.91034067
70580,0.991731
35785,0.99239445
17818,0.99981374
72657,0.9994356
96986,0.9997552
88931,0.9998648
121030,0.99957246
107506,0.99980813
115413,0.999742
29949,0.31484303
2163,0.99803394
23773,0.99753344
71655,0.99978894
67067,0.99982196
41281,0.9976544
12193,0.99965656
10596,0.99122494
78362,0.99984777
67055,0.996434
121170,0.99990416
88903,0.9995821
128723,0.40942177
14529,0.99949694
2192,0.9974867
58776,0.99883014
87585,0.99982846
124541,0.9997503
91272,0.9998661
28488,0.9987417
30866,0.9998778
19061,0.999453
48700,0.98619115
69164,0.99815315
125780,0.99973494
1110,0.99792755
18086,0.9997619
17322,0.9991302
123328,0.9998411
18006,0.99971026
17808,0.9989955
76133,0.9998418
18725,0.0815226
61378,0.99660623
59093,0.9983954
17939,0.99983585
38902,0.98985773
37451,0.99644923
64580,0.9947915
19205,0.99979216
118861,0.29854617
111989,0.9990729
66908,0.99986196
58824,0.99834883
101686,0.9998592
90046,0.999899
66934,0.99877733
29672,0.99985373
37909,0.034609124
8323,0.99629116
43467,0.9932934
44284,0.9967546
25951,0.9981963
15426,0.9981482
1058,0.99830437
67514,0.99878687
99282,0.99985933
36493,0.03127911
3370,0.01944321
79658,0.99984014
72871,0.9995665
97164,0.9998092
5457,0.99973255
91140,0.9998222
19250,0.9998615
68091,0.9994843
94530,0.99985015
127135,0.99793255
96868,0.9996014
121191,0.999731
7420,0.997412
72639,0.99928015
85569,0.9998566
59009,0.9988205
44414,0.99327964
9824,0.9972155
50950,0.99983406
47539,0.9976826
73857,0.999863
98178,0.99919015
7387,0.103614375
19158,0.9998235
10580,0.9914938
19251,0.9998611
42614,0.98779756
69194,0.9981902
20652,0.9898969
93336,0.99973077
92224,0.99916184
75063,0.99981195
16654,0.9998271
20384,0.97855365
127608,0.16159835
72870,0.99966145
127975,0.99743867
14445,0.99973434
86763,0.9998523
76208,0.9996798
47592,0.8713843
63620,0.9987066
1715,0.99551094
41274,0.9975393
67095,0.9969494
113029,0.9990889
72815,0.9989844
112921,0.9998568
76431,0.99951386
12379,0.9959046
87758,0.32302922
104045,0.90068954
32513,0.9960704
72656,0.9996408
121084,0.9981463
54226,0.9998323
76123,0.9996506
10549,0.9966943
51662,0.07329475
66991,0.9998549
84299,0.99984384
66869,0.9979005
15018,0.99848926
89964,0.99985945
19087,0.99985707
62564,0.9904834
67065,0.99954104
19063,0.9998374
58816,0.99719304
28266,0.99933654
5485,0.28631583
35679,0.9958889
89951,0.9998473
69261,0.998744
17959,0.99988854
121073,0.9990313
129525,0.9565762
5744,0.9995516
59923,0.9972978
66922,0.9985707
116571,0.9998541
71246,0.058677323
129584,0.83089453
114134,0.9998196
87906,0.99989855
37244,0.99541616
44487,0.9996146
107282,0.9998989
75149,0.99987197
105014,0.6899394
8196,0.99793637
26115,0.9997881
67094,0.8907034
102602,0.9961557
65714,0.72432375
13521,0.999483
45947,0.46663627
109649,0.9999013
74677,0.059504803
73862,0.99985754
60022,0.9990096
14719,0.998278
13197,0.9997327
79706,0.9998716
68100,0.9989587
109578,0.99737406
5397,0.99968827
77248,0.9998903
28583,0.99851876
26138,0.99926037
45764,0.9965264
69518,0.9976392
29644,0.99985564
19079,0.9998379
89028,0.9998716
68042,0.99919575
26171,0.99940324
91275,0.9998229
26083,0.99979514
53249,0.9955581
104036,0.9971226
129623,0.9942075
128095,0.9980957
49596,0.9993316
87878,0.99979204
45911,0.8821883
776,0.99977833
75253,0.99973685
68006,0.9989145
32491,0.9986186
115572,0.99893695
66868,0.9991786
76172,0.9991725
45806,0.9976738
72955,0.9990513
97155,0.99966955
14691,0.9989555
113068,0.9983972
51871,0.99970657
14551,0.999742
88993,0.9988626
40377,0.9964736
73908,0.9998356
33946,0.014465617
103118,0.035449963
94824,0.99957925
116465,0.9998148
72931,0.9982134
67105,0.9981621
74098,0.9988589
69350,0.988977
90030,0.99985826
114374,0.9991283
74002,0.9997563
127136,0.99749184
88856,0.99979097
59070,0.9988224
97108,0.22043741
36962,0.9980477
127968,0.99743927
114127,0.9991373
68137,0.99857426
123345,0.9998448
53941,0.034733545
61225,0.9960252
59021,0.9987478
7448,0.9964258
16703,0.99926525
17997,0.99986744
63677,0.99897826
121132,0.9985727
117782,0.9999044
30852,0.58361834
65486,0.055689268
29398,0.99989486
54734,0.09258294
26009,0.9995957
74998,0.9998456
129627,0.9868203
81822,0.9998814
117865,0.9998965
60129,0.98754776
124672,0.9998522
63925,0.17258753
66862,0.99858886
8282,0.99559325
66959,0.9984029
66838,0.9997346
34121,0.99772877
85376,0.9999007
26011,0.9997346
111769,0.99954116
13389,0.9998716
39601,0.05999928
13456,0.9990866
53268,0.8251423
65689,0.3730556
5416,0.9990607
120977,0.99945027
71544,0.9997899
36689,0.032472447
2230,0.9969517
28517,0.9984485
4292,0.999877
116466,0.99990594
16885,0.99980086
34957,0.9992163
49810,0.99893326
17816,0.99972385
107510,0.99986243
121036,0.99904436
58831,0.9985287
5556,0.99950516
92272,0.9998275
86480,0.99985516
95732,0.9991708
2110,0.995572
85479,0.9985763
67032,0.9955317
41160,0.99617827
37376,0.99793965
111952,0.9988882
69485,0.99883336
2245,0.9976307
13465,0.9997037
62276,0.99765754
38848,0.99797267
79755,0.99984825
39604,0.99429554
122418,0.9998585
74903,0.99980134
64641,0.9904805
18972,0.99972075
80776,0.99988747
47797,0.049144078
26220,0.69619405
89934,0.9998493
88964,0.99982613
10539,0.9940507
91076,0.9998368
60076,0.9854741
90090,0.9998789
76184,0.9982122
8180,0.99679106
98260,0.29473123
25504,0.95484227
33335,0.9995278
109695,0.99979323
76369,0.9961294
12289,0.99867404
21329,0.99754757
100429,0.71386725
29424,0.9998561
79849,0.999853
64733,0.99314886
23758,0.9980129
59119,0.9990779
85377,0.9998801
111975,0.9996271
1836,0.011773332
59020,0.99978346
43501,0.5536042
115265,0.99844295
97089,0.9998449
64442,0.99801743
79814,0.99971694
93437,0.9974226
13388,0.9998604
8141,0.99797446
108555,0.9987676
128285,0.9960608
96784,0.9998466
96871,0.99911946
78519,0.9998035
32615,0.999126
49556,0.9994985
34146,0.9968935
58599,0.045418877
41345,0.99760985
3004,0.99716514
97954,0.9891067
885,0.999553
97959,0.99956053
44531,0.99959177
89071,0.99938595
115219,0.99900216
47540,0.68143547
29485,0.9997776
110819,0.99948007
13291,0.99986255
45968,0.9087788
74428,0.99912244
108242,0.99876404
28522,0.31222326
92323,0.99986196
71632,0.9997553
49670,0.9995277
129460,0.9107194
45912,0.4305002
94490,0.9998692
63726,0.9777084
128147,0.99714404
37384,0.99783677
21283,0.9977132
2031,0.9977549
81823,0.9996985
68282,0.45236546
31086,0.9976357
65848,0.4740789
7367,0.9968264
47601,0.94301206
90249,0.9998274
34792,0.9968354
60121,0.9989058
15686,0.9996606
72662,0.9991774
47954,0.99550015
76185,0.9995177
127276,0.25700313
76210,0.9993705
84404,0.99985397
99387,0.99959964
75962,0.9948414
13436,0.99974686
51044,0.99960464
84453,0.9998963
2317,0.996741
107441,0.9998543
60074,0.99541265
74000,0.99977535
108612,0.99951994
119603,0.07967148
53303,0.99912494
23950,0.9966889
3772,0.9985568
72599,0.9997527
8936,0.99750704
81295,0.1320486
32548,0.99827874
29539,0.9998491
106302,0.99547184
44193,0.9996501
109599,0.99979585
88815,0.99987936
55648,0.98314685
101701,0.99979466
106688,0.044896185
123635,0.9994288
74032,0.99981445
2138,0.99777883
9867,0.10918543
38894,0.9674849
8158,0.99737847
51869,0.9995327
33385,0.99958366
128236,0.9958187
28225,0.9995933
96877,0.998445
107455,0.9998784
60493,0.024813116
43550,0.22111636
61622,0.047917098
59987,0.9988674
125645,0.9988034
16844,0.9996742
12582,0.20943497
49698,0.9993382
97996,0.9997584
66005,0.7129912
95880,0.99982953
92486,0.99990034
113016,0.999696
41440,0.9974837
102883,0.9978933
53113,0.9992205
20111,0.9289295
111964,0.99978036
76305,0.9996271
23874,0.9965403
123587,0.9985104
113136,0.9656065
110957,0.9996867
99288,0.9998609
104006,0.99798226
126938,0.9966702
97096,0.9998312
74066,0.20867193
106244,0.9998573
107165,0.99990034
69314,0.99771416
71459,0.9998374
127188,0.99650276
112959,0.9988574
36690,0.024416642
30530,0.9999174
7394,0.9974437
64866,0.99387014
80858,0.9998491
43156,0.99789953
67104,0.9994974
17214,0.1604233
90012,0.99990416
44378,0.99690706
65842,0.7118978
56380,0.99873453
75090,0.99955314
43481,0.9967243
37212,0.9976707
130035,0.034193236
69162,0.99857306
37429,0.9975546
99202,0.99983704
96807,0.9983746
69348,0.99825233
79622,0.999871
29473,0.999863
54357,0.99982303
5956,0.9983968
62370,0.99495596
106060,0.99981326
73807,0.9998648
60128,0.9710118
108647,0.9986946
37481,0.99820364
22402,0.9948685
19069,0.9998491
97984,0.99880207
72559,0.11360471
111879,0.99989676
8809,0.016650528
39517,0.9963014
44383,0.9977749
73658,0.99680626
116617,0.9998142
26289,0.9975902
103939,0.99837387
44351,0.9971584
92177,0.9998877
81908,0.99986017
44271,0.9969381
84794,0.9996742
30643,0.9998437
109456,0.99972063
75136,0.99958855
128115,0.9959143
125592,0.99988556
14628,0.9991209
5680,0.99984586
118826,0.9998665
104906,0.9998828
59018,0.9988446
29477,0.99988556
34996,0.99866235
127208,0.9980702
72792,0.99803716
2235,0.9967372
7048,0.02051909
46095,0.9416611
91236,0.99982834
109752,0.99986947
29521,0.99988997
119629,0.0752665
69465,0.9986332
41419,0.9977997
4453,0.9998288
52104,0.9996784
49693,0.9996216
96848,0.999445
8254,0.9978532
91261,0.99988735
85208,0.025728663
69399,0.998175
2268,0.10506484
37235,0.99767715
88897,0.999897
41414,0.99730504
60270,0.87671125
26228,0.9989735
107451,0.9998454
91307,0.99984276
128004,0.99593097
79694,0.21859553
65973,0.7142829
23764,0.99718386
117618,0.9999267
16662,0.99987113
106018,0.99988866
68048,0.99868375
28505,0.9987072
68340,0.99772614
34533,0.30364215
114165,0.99972135
45757,0.99593663
41150,0.9982033
118839,0.99972147
34964,0.9985808
87781,0.999894
121934,0.022003813
121130,0.99674773
13400,0.9990464
2047,0.996576
41331,0.9980605
79034,0.9996388
17705,0.056068502
25978,0.9983156
128269,0.9974039
105172,0.24430804
62535,0.9968771
111953,0.9991179
28491,0.99948895
32666,0.99687374
20307,0.31931356
84215,0.99985814
85327,0.99955195
45725,0.9964652
89066,0.9998914
26045,0.99285394
128007,0.99552804
91573,0.20856927
41451,0.9984787
25977,0.9984952
5969,0.9944628
76072,0.99960643
129617,0.98795533
91037,0.9998932
32568,0.9990325
20968,0.12537883
34864,0.99544
2275,0.998382
43457,0.9988606
4347,0.9994816
85529,0.99976975
101632,0.99987924
34008,0.41589808
94486,0.9998392
83025,0.99987245
18981,0.99985147
59452,0.9975787
44219,0.99636877
29457,0.9998938
101173,0.07859549
19086,0.99973065
128211,0.96963364
61122,0.9949162
109424,0.050993912
44522,0.9982895
2237,0.9971668
121088,0.9997191
10491,0.9933066
91730,0.9997367
28265,0.99785334
2260,0.16734959
59045,0.9993193
94261,0.023980696
10634,0.99843544
115471,0.9995814
63430,0.99986494
80738,0.9998723
45755,0.99684036
69213,0.991447
10675,0.9842504
79418,0.99853563
129607,0.6832058
19902,0.027173134
4348,0.99975127
85331,0.9998615
39598,0.083609164
46261,0.026491014
47506,0.9986719
55502,0.27338165
65840,0.34646952
20197,0.3825312
83027,0.9997594
129441,0.8795425
127982,0.4934732
43553,0.99652845
107311,0.99982834
54350,0.6130986
28471,0.9972427
15693,0.99970776
108469,0.32658768
106336,0.99983656
44326,0.9981535
73891,0.99985707
129479,0.9975979
67209,0.9996306
45819,0.9971185
109493,0.9998153
109822,0.99890447
13525,0.9996123
86535,0.999848
127141,0.9978538
63424,0.99956816
23801,0.9213729
44225,0.99826103
102791,0.9998424
70586,0.7130735
84326,0.99988365
101555,0.99974054
114183,0.99968064
16797,0.9996315
67054,0.9989833
108313,0.9970578
10541,0.9971048
129839,0.2426218
44373,0.9982992
109703,0.9997012
97024,0.9997508
38820,0.9975955
67026,0.9982917
14625,0.99918586
10604,0.9978199
2075,0.9978504
79626,0.9998386
85581,0.9998534
117876,0.9998423
104898,0.99985814
121267,0.9989002
49711,0.99989414
107201,0.9998318
7046,0.039504886
92284,0.9998653
90173,0.9998666
29614,0.9998801
30718,0.47015858
79607,0.9998628
53156,0.9973902
121169,0.9989029
115922,0.99959844
41349,0.99787796
107489,0.9998827
90037,0.25320157
121034,0.9977308
41452,0.9983419
10486,0.996188
8310,0.9958806
5393,0.9997944
41273,0.99708766
98177,0.99980015
58189,0.03353195
55671,0.9944518
5409,0.99877805
92535,0.99988043
7487,0.9985317
84311,0.9998739
121660,0.99945456
86572,0.9979551
87723,0.9998578
126757,0.9964162
90000,0.9999045
83008,0.9998247
66997,0.28304303
32246,0.99453497
32593,0.97456044
46780,0.99759066
85551,0.99976546
55996,0.9987727
26128,0.99953675
95645,0.997684
69503,0.99905556
45801,0.11037581
70534,0.99581605
9079,0.9972205
73952,0.99985707
32580,0.9983829
65747,0.71951246
127927,0.99624795
56326,0.04432151
89008,0.99782014
66998,0.21955515
10834,0.99328375
47297,0.9971739
102797,0.9998653
13256,0.99971575
6068,0.05185261
47249,0.683126
87923,0.9998417
15557,0.9993868
12287,0.9998398
75199,0.9998267
10647,0.9950572
108322,0.99976426
32669,0.9972178
125651,0.9998708
112334,0.038598176
30637,0.9998915
67045,0.9988945
36545,0.99608886
72616,0.99987066
50620,0.99654156
53310,0.9869113
20200,0.9368796
113032,0.99977857
83260,0.30092973
128097,0.9967439
103949,0.9960247
68129,0.9980432
44227,0.9995721
44374,0.99527645
79859,0.9992867
65793,0.71966255
16898,0.99963915
26067,0.9996598
14606,0.9993236
109781,0.999292
25968,0.9998161
10638,0.8434101
26285,0.9993794
90554,0.9990926
75085,0.40664673
43433,0.99729687
89055,0.9998872
21340,0.9962303
42680,0.38776934
128142,0.99664223
26150,0.9977463
49699,0.9996308
106048,0.9998883
44186,0.99813545
23747,0.99493235
123472,0.99982697
91089,0.9998913
53203,0.99318224
110950,0.9989975
44203,0.9970061
34073,0.99574596
44471,0.99893624
37216,0.99738747
14590,0.9996245
43448,0.9965881
122295,0.9998647
69168,0.99884075
49651,0.9996753
118789,0.9998528
53307,0.9966893
105046,0.9998241
54257,0.9998405
61187,0.9940393
75235,0.99865675
84179,0.9998547
106009,0.9998098
41426,0.99736184
57782,0.48760375
61330,0.98218805
47353,0.9979486
41076,0.99709666
44396,0.9969842
84113,0.99984133
39270,0.9986547
128214,0.9972276
37497,0.9973309
94418,0.9986457
39645,0.99457186
32523,0.9987801
60279,0.99538344
119606,0.044285864
44364,0.99703646
92424,0.99826354
86582,0.37004444
120781,0.057101414
105057,0.9979704
65941,0.71174675
85336,0.99981433
106069,0.99986386
10555,0.99857163
59023,0.99439067
20214,0.9664828
38887,0.99770075
28603,0.99938655
31848,0.9980755
80941,0.999754
53162,0.9982827
41380,0.99740714
123474,0.99986887
49799,0.9996946
34959,0.99592173
9036,0.9971451
5392,0.9996284
77254,0.99986184
108609,0.9989023
86523,0.99975973
8690,0.9974612
53073,0.99826354
49622,0.99943715
84123,0.99986124
67048,0.9984862
20243,0.7370585
123591,0.9996357
42799,0.1641999
67075,0.99390596
116656,0.999879
91106,0.99989045
74957,0.9998312
63431,0.97116417
45923,0.51917267
98186,0.9965571
40581,0.059160978
52192,0.99957913
44321,0.9977436
85452,0.9998258
98191,0.9988564
53314,0.9908202
4598,0.99869126
55118,0.048365615
4539,0.99873
80756,0.99985015
87871,0.99975663
90201,0.99977475
94396,0.99808145
34938,0.9992409
76388,0.9996364
46053,0.98295826
39582,0.99233866
73905,0.99963033
68001,0.99873215
111871,0.99989974
23897,0.9914308
69280,0.9998692
106112,0.9997601
118932,0.999859
59933,0.9884654
107396,0.9998349
18090,0.6013565
21264,0.99742955
59926,0.99978644
36587,0.995424
74946,0.9999012
4452,0.9997031
26065,0.99949634
35738,0.9908875
108086,0.060578912
109509,0.9990559
25956,0.99891496
80998,0.9998838
102555,0.9998567
113095,0.99980754
16698,0.9993562
5684,0.9997429
82099,0.999736
23952,0.99767643
58769,0.9983392
109678,0.99989235
23716,0.9966048
19264,0.9998789
127080,0.9999088
90190,0.9998882
47548,0.11284244
17940,0.99880683
44521,0.9983176
47449,0.99407506
127157,0.99625385
108611,0.999757
36424,0.9961516
44391,0.99856335
32621,0.9985667
60604,0.99917275
72850,0.99785006
61323,0.98557985
112925,0.9998653
113620,0.9989912
53063,0.99753165
69222,0.9989225
23721,0.99656576
42702,0.20491326
85382,0.9998166
20418,0.5612252
64735,0.9828917
34989,0.9986986
117844,0.30902457
34886,0.9989606
13321,0.9992968
28140,0.99825126
79574,0.9998753
38878,0.10989862
53260,0.9994436
66388,0.9989868
89093,0.9998715
61321,0.97296053
37404,0.9984334
65888,0.6326629
26238,0.9979948
18989,0.9994242
17964,0.99984133
91122,0.9997907
69260,0.9985172
43489,0.024599904
117006,0.55615455
110917,0.9985935
19024,0.9998455
49669,0.9997403
89085,0.99725324
12132,0.9996973
20305,0.9456717
32665,0.9986318
106008,0.9993524
28510,0.9991703
34022,0.997712
38785,0.99704945
112021,0.99987996
41166,0.9959825
67205,0.99849105
5915,0.9986078
88775,0.9998536
26143,0.99900216
69475,0.69606453
44472,0.99503905
127171,0.99558467
111565,0.07732398
41300,0.9983052
32612,0.9989761
13530,0.99979883
21270,0.9970227
80846,0.7168742
54162,0.99984837
4451,0.99919254
92377,0.9998852
69255,0.9984389
74904,0.99989355
76144,0.9995577
88981,0.9998209
28498,0.9984925
56762,0.3444215
18994,0.9996245
114072,0.6556647
21616,0.9978993
104050,0.9967278
58958,0.21838655
2044,0.9966415
24165,0.025020443
38687,0.018429998
108499,0.9990988
42518,0.03439754
23812,0.9942351
56518,0.99122566
107507,0.9998833
12245,0.9994823
29409,0.99990284
105194,0.99984
61414,0.9966613
54373,0.9997844
126832,0.99353164
65983,0.7231344
28477,0.9971607
102660,0.9998839
54315,0.9998299
23928,0.9932694
15488,0.995471
22032,0.107213326
29516,0.9998696
116622,0.99968255
76100,0.9998852
99335,0.9998741
67189,0.99793625
927,0.99920577
94634,0.99047863
122677,0.06485264
18091,0.99973136
112957,0.9996823
76067,0.999749
24190,0.017118076
84796,0.99970573
65813,0.72224057
101594,0.9998977
125841,0.9998903
69341,0.99980694
37257,0.9967026
2126,0.20614861
49654,0.999803
19048,0.99977404
14498,0.9997547
41442,0.99769104
107162,0.99944335
118454,0.03940996
54307,0.9998534
60223,0.9985954
31081,0.9946374
77361,0.9997272
87588,0.9998654
102740,0.99986947
17852,0.9996517
76151,0.99976224
38817,0.1816904
95738,0.99888295
44177,0.9987897
85485,0.9998821
127922,0.98802
113102,0.2149583
100790,0.04403439
77415,0.9999101
92385,0.99985075
23744,0.9965689
68149,0.26424444
19179,0.9997278
20119,0.96314716
88769,0.99985504
92333,0.99987507
53025,0.9980135
43584,0.9961223
117616,0.99982977
2870,0.16083865
67154,0.21149586
17960,0.9997367
44150,0.9901792
71492,0.9997187
105090,0.99988735
57146,0.9991019
4252,0.99987936
73845,0.9998266
37548,0.99872017
22117,0.99798715
114274,0.99850863
49697,0.9995946
41216,0.99809176
94036,0.99917394
123441,0.99985564
10246,0.9969317
46002,0.6446853
76053,0.9998479
49652,0.9998467
89053,0.99984646
124733,0.9997627
23759,0.997009
116627,0.9998722
42632,0.61573005
49883,0.9997931
19194,0.99986756
53312,0.993049
41223,0.9982193
29459,0.99987173
13204,0.99987555
1977,0.99785465
49818,0.9998246
15590,0.99889094
92325,0.99990094
16989,0.999546
19062,0.9997075
58771,0.9767061
80856,0.9998857
117842,0.20067242
98870,0.06281734
85424,0.99984205
52111,0.99949956
63671,0.9978362
2197,0.998044
114367,0.99916065
58912,0.99876946
123290,0.9996774
113189,0.995983
10579,0.99521255
49912,0.99893624
55619,0.99986315
98142,0.9991755
81009,0.99986625
102652,0.99986815
117831,0.9997249
105556,0.9996877
61362,0.9985305
19231,0.9998411
84199,0.9998498
82112,0.9998387
80461,0.04341853
115322,0.9985708
97016,0.9991186
110006,0.06958391
23933,0.99726474
26044,0.9994691
118743,0.999851
81927,0.9997218
20117,0.98331535
96935,0.998154
65884,0.71947724
33358,0.057784855
90016,0.99985313
53126,0.9975677
39675,0.032876216
122333,0.9998499
50510,0.028500384
72673,0.9979158
127076,0.9961636
76163,0.9996941
10674,0.99522495
52406,0.13204734
77217,0.999845
2283,0.9959021
121127,0.999559
44208,0.99742067
76182,0.99410135
5462,0.9999119
5509,0.9997682
19187,0.9998185
49753,0.9997875
113259,0.99966013
27362,0.99027306
123338,0.9998492
70454,0.3783973
14304,0.04767402
41444,0.99754757
7539,0.058529995
103860,0.99884355
90010,0.9998258
23781,0.08817967
13524,0.9998258
37505,0.9927085
116667,0.9998518
79764,0.99983215
66905,0.99845874
95728,0.99762124
112974,0.99987245
20159,0.9910755
13448,0.9996873
54517,0.99981505
16951,0.9906006
2176,0.9958221
125498,0.9983941
75110,0.9998926
49916,0.9996131
65236,0.99901307
10644,0.9984016
34187,0.99738413
98277,0.9998393
33028,0.998054
123220,0.99825054
84315,0.99981064
46394,0.9986046
102756,0.9998511
44207,0.99738175
26103,0.9991917
113001,0.99987626
84319,0.99983907
16231,0.09372346
55861,0.095824406
124768,0.99914217
34239,0.9970427
41833,0.14064011
19155,0.9998369
5810,0.99866736
5510,0.99970216
27191,0.9982686
117590,0.999838
14142,0.08623801
129570,0.9958246
13317,0.999877
4297,0.9998956
99283,0.9997943
99378,0.9998073
69501,0.99735945
58907,0.9969133
68052,0.9977616
99386,0.6985438
35683,0.99240005
92518,0.9999056
75015,0.99958855
8243,0.99735475
28423,0.99889034
37463,0.9972155
76232,0.9948054
56575,0.99924576
29395,0.9998815
66970,0.9991098
15559,0.9981431
84418,0.99983656
98193,0.9980919
90179,0.9997849
110610,0.9998259
116482,0.9989309
54512,0.99972063
91133,0.99980897
115316,0.9998254
31811,0.99809664
43510,0.9925039
28524,0.28163502
43434,0.9971228
69412,0.999038
41449,0.99588275
77258,0.9998598
5412,0.9993327
99301,0.99987566
44442,0.99616563
62568,0.9903377
129509,0.975244
28455,0.99954295
43422,0.9974099
73753,0.9998627
46051,0.55561596
94480,0.99988174
63529,0.99564505
76307,0.99956733
1997,0.99616665
51386,0.9994448
118676,0.99989045
127948,0.99654835
35740,0.98266417
67084,0.9998778
32636,0.060225934
44348,0.99684876
88833,0.99978787
19301,0.9998934
117733,0.99985516
39794,0.04916059
80952,0.9998511
113250,0.99978334
14530,0.9995975
90159,0.9998903
115510,0.99899036
121238,0.9989724
45824,0.99730396
81035,0.99982685
37256,0.99741757
29611,0.9998394
101496,0.9997253
89076,0.9998735
109756,0.30516714
67520,0.22283961
92278,0.99986243
46286,0.029555986
8321,0.9968166
45901,0.45049238
45652,0.9520857
14698,0.99213094
14503,0.9997242
60114,0.999019
112014,0.9995426
96565,0.06793967
79767,0.9999192
54405,0.9998191
114306,0.9996049
17856,0.9997402
108642,0.9994398
76730,0.9991437
15843,0.99763525
54458,0.20241566
101642,0.99968207
63733,0.9979352
49635,0.9995142
41325,0.9966319
2279,0.9963883
55314,0.9997507
34096,0.99723154
125930,0.99986005
116422,0.999843
129606,0.93295324
8964,0.9973769
116435,0.99982613
19197,0.99985003
49701,0.9998666
72767,0.9825499
96906,0.999859
90147,0.9998012
91092,0.9998704
50817,0.99971193
118785,0.99986327
88733,0.99792224
113171,0.99969006
45517,0.01813396
69290,0.9984487
95943,0.9997489
85641,0.9992685
31839,0.99943644
39621,0.99714005
108370,0.99963224
112117,0.99983084
107159,0.9998938
76227,0.998171
47403,0.9967353
111767,0.9996252
49844,0.99911076
91321,0.99983215
34880,0.9985201
61126,0.99762964
104959,0.99940944
113010,0.99978346
121094,0.9985318
41107,0.99730057
72785,0.99106383
5697,0.9990613
53266,0.99726605
69352,0.9994024
120081,0.6726937
97041,0.99988294
10605,0.9952632
97741,0.056354407
66866,0.9990339
97561,0.037431676
110164,0.9983677
35635,0.99742895
129492,0.9758016
11970,0.99749374
98148,0.9989355
97020,0.9998324
35026,0.99906844
113239,0.99629223
91078,0.9998523
37291,0.9965391
90029,0.999629
102755,0.99793315
17907,0.9998895
30768,0.99985313
23642,0.9986524
116519,0.99980134
35722,0.99737513
52048,0.99968314
18125,0.9997453
103943,0.9925851
99390,0.9999051
39606,0.99283785
26295,0.9976204
59744,0.023241568
125933,0.99987674
128229,0.9959009
127301,0.99674475
27646,0.06299495
29410,0.99988997
88978,0.99982494
7437,0.04080657
13350,0.71877056
63684,0.9987219
44313,0.9959863
75138,0.9997881
83668,0.99965966
44404,0.9968458
46500,0.16973218
1018,0.9992747
59074,0.9990728
85365,0.99981683
56474,0.9998229
27364,0.98759216
82017,0.9998659
97162,0.9997094
29553,0.9998721
32487,0.9911912
4255,0.9984213
4546,0.9988734
122678,0.037277296
72682,0.9998423
96905,0.9998246
80730,0.9998272
25939,0.99972206
17956,0.9998348
130221,0.102188475
36425,0.9964438
102802,0.9997371
42656,0.4710977
116727,0.99989176
85373,0.99853134
103708,0.996971
93670,0.9639562
95188,0.9988393
34204,0.16630337
79855,0.99987113
96805,0.9995017
37221,0.9975649
74960,0.99984574
85046,0.049954023
84170,0.9998431
32645,0.9965126
38658,0.9948354
89965,0.9998381
58861,0.9968811
53316,0.9910585
72923,0.99985826
71690,0.9997445
40410,0.992305
67072,0.99873966
57781,0.72063947
67125,0.9995907
122191,0.99976283
25923,0.9990139
69127,0.023728184
96993,0.9997241
85538,0.9997769
75232,0.99860615
34141,0.18832208
28932,0.9991697
73944,0.999866
106305,0.999798
86613,0.999895
69820,0.99508095
91328,0.99983966
81915,0.9998542
14501,0.97039336
31841,0.9987577
84159,0.99985754
80882,0.9998869
13469,0.9998055
79705,0.9998185
55885,0.023392128
67078,0.9990287
122376,0.05814854
112001,0.9998733
63428,0.9983835
118731,0.9998512
22169,0.997979
68332,0.9991522
107349,0.9997712
88860,0.9998864
117766,0.9998704
21390,0.99557024
58827,0.99874026
42747,0.63835615
84162,0.9998822
111820,0.99739504
90938,0.9979844
107429,0.99960226
103701,0.99429446
62335,0.9929014
36509,0.9970252
5459,0.99927443
127197,0.9957157
84229,0.99987245
111938,0.9998043
74452,0.99905795
99243,0.9998423
111786,0.99957186
115237,0.9989361
93687,0.9933581
72592,0.99896836
73750,0.9998555
8230,0.9973484
68043,0.9973846
34924,0.9990081
19221,0.999793
76309,0.8492324
66613,0.0574684
25931,0.9982169
90160,0.9998222
37523,0.99832827
23817,0.9958627
111957,0.99967825
33826,0.9976089
65725,0.69964594
11042,0.9969343
85353,0.99975246
65982,0.7102232
34898,0.99825865
80797,0.9999163
54181,0.99986434
107454,0.99987996
72610,0.99892753
127176,0.99757534
54453,0.99979967
89916,0.9994634
112074,0.9998282
83357,0.11104491
29296,0.04525514
114125,0.99617827
110673,0.9998325
76277,0.999356
44317,0.99755245
127963,0.99869376
34023,0.9973048
17806,0.99885523
113159,0.9998636
40774,0.10922187
125751,0.9998554
80937,0.9998516
27394,0.4927228
107701,0.0871839
127082,0.9994863
37194,0.99755895
9798,0.9977186
28420,0.99970466
17864,0.9998455
74087,0.99987984
43453,0.77385557
22533,0.13706508
80902,0.99989426
1023,0.9987264
19005,0.9996767
111319,0.25914657
58867,0.9969317
105144,0.99987566
68005,0.9988702
19012,0.99980015
32652,0.9978072
32968,0.038178023
61287,0.976557
54279,0.9998253
72628,0.9996786
60258,0.99795216
18982,0.9997633
23954,0.99926275
34905,0.9990953
76314,0.9998584
5643,0.99922466
103477,0.0622697
23668,0.99737144
99341,0.99984205
129561,0.92633384
61381,0.9979988
83223,0.99983716
86706,0.9984963
23854,0.9980259
23820,0.996874
47352,0.9397603
100451,0.9996413
12045,0.99980503
2036,0.997841
97142,0.99955255
23789,0.99631643
69251,0.9979771
99302,0.9998822
91179,0.9998503
22534,0.19447373
66988,0.99981993
91207,0.999894
69225,0.9987747
3796,0.99880755
88725,0.9998652
28280,0.9995921
98528,0.06350225
106021,0.9999062
123639,0.9999143
69305,0.9934116
4261,0.9991873
34228,0.99646014
109613,0.99967
72966,0.9994209
62387,0.99827886
110706,0.9997849
69493,0.9981744
51908,0.9989477
23708,0.996825
51004,0.35422963
84151,0.999759
88845,0.999795
85318,0.9998117
97152,0.9997261
46048,0.19892819
18750,0.02305189
125638,0.9998288
118728,0.9998159
76300,0.9998173
47438,0.16763613
29680,0.9997652
65733,0.7120574
39678,0.99641466
129481,0.89906543
65879,0.6923233
37273,0.99659306
41134,0.9973738
65917,0.714256
95751,0.99986327
13406,0.99885666
37337,0.99729246
72649,0.99871707
49586,0.99981636
113222,0.9998294
85498,0.999166
98294,0.9992336
111993,0.99878293
79444,0.99901164
77461,0.9997725
59001,0.9993826
95930,0.4202221
26118,0.99968016
81864,0.9998621
103999,0.9975095
91270,0.9999105
122147,0.99987197
47345,0.9979474
74915,0.99988544
79522,0.9998487
62435,0.9958133
121184,0.99967563
75254,0.9997192
118964,0.9998368
72843,0.9985049
23768,0.9974101
68195,0.99855477
11028,0.99298155
30839,0.999764
26019,0.9997836
58920,0.99851745
49915,0.9997323
931,0.9995229
35775,0.99619436
2140,0.99685574
92240,0.9783513
40403,0.99307853
88525,0.02853836
103959,0.99857116
129454,0.9947812
23729,0.99663585
56468,0.9994469
128060,0.9955877
76269,0.9997241
10651,0.035873808
66913,0.999079
113278,0.9996464
69842,0.99464744
29534,0.99985087
90095,0.9998017
22338,0.04339537
107215,0.99987435
72908,0.9975555
129471,0.9404485
5542,0.9995945
34556,0.36940023
2170,0.33434582
56756,0.9993624
99289,0.99983394
47505,0.99216264
60035,0.994948
5632,0.99919266
107342,0.6742053
58916,0.99981755
65890,0.7147132
89941,0.99988735
65871,0.7086894
57829,0.7217826
2158,0.9980792
59985,0.9954893
32599,0.9990821
121120,0.99920005
33266,0.99922836
96915,0.99939406
5882,0.99733514
63473,0.99404633
76360,0.9984043
21556,0.0359548
85534,0.9996001
20441,0.9837373
18012,0.99944144
106203,0.9989255
61372,0.27561343
108402,0.9997454
88948,0.99822253
56675,0.99982893
63588,0.99860173
17973,0.99982893
45858,0.95382947
34874,0.99822575
103852,0.99881434
49615,0.9995535
97077,0.99987113
5943,0.99951136
92467,0.9998783
39521,0.9943889
23760,0.99692
40970,0.0153674055
32484,0.80678463
50900,0.99961627
55421,0.99982554
128159,0.99747485
42773,0.4932545
88868,0.9988518
9765,0.294354
115477,0.9997768
41416,0.9979899
71693,0.99939704
39466,0.997677
108305,0.9998093
73957,0.9998223
1995,0.996949
106071,0.9998628
13277,0.9998405
26303,0.9994548
129565,0.9092542
35618,0.06344485
121121,0.9988738
102887,0.9998282
127950,0.99576974
39571,0.99442613
5723,0.9982083
87616,0.99985087
106288,0.99987316
27218,0.9896293
2102,0.2886344
5703,0.99977285
96794,0.9990972
23717,0.9968629
90962,0.99777883
34919,0.99830025
42134,0.5276262
49862,0.99967515
108615,0.9966702
58322,0.99898964
59103,0.9994803
45957,0.5882174
26133,0.9965565
92390,0.99987113
93629,0.9961624
47595,0.9977986
88933,0.9997955
72849,0.99923384
80594,0.9985532
46396,0.9981754
76295,0.9997502
6927,0.9959096
127304,0.9965521
31715,0.9957339
69374,0.9980672
29413,0.9998915
47304,0.6755516
49896,0.99912816
63629,0.999813
22241,0.99790347
121910,0.0628367
128151,0.9981577
58953,0.99969244
130122,0.029607452
95776,0.9984768
41177,0.9981018
116378,0.9998846
21360,0.14911613
112920,0.9998665
58942,0.9983333
37340,0.9968495
5971,0.99368036
69311,0.998662
69478,0.99968576
72778,0.99969196
66855,0.99969745
118981,0.9998832
54371,0.9997087
85521,0.9998807
22159,0.997439
17957,0.22190478
119028,0.9998266
60028,0.9925804
2055,0.997759
97057,0.99983656
105005,0.99983084
4501,0.9990976
85516,0.99816173
70532,0.99650323
128072,0.9964813
92231,0.99987733
80823,0.9998908
85553,0.9996575
2256,0.81749654
23960,0.99767524
85449,0.99978846
67064,0.9956077
125745,0.9997272
87589,0.99985325
128216,0.9969928
115423,0.9824552
39510,0.9968125
53104,0.9986933
78609,0.99978334
71605,0.5134265
2060,0.9981
27172,0.995666
120988,0.99859124
26237,0.99895346
85362,0.9998597
45870,0.99654937
76346,0.24277976
18946,0.99987555
17952,0.998904
66883,0.99835145
43097,0.09480098
66929,0.9907851
103766,0.998659
111869,0.9998324
127241,0.99381185
29577,0.9998814
77505,0.9997569
114123,0.99901485
112930,0.9993913
119018,0.99991035
80680,0.99985147
28257,0.99675083
28355,0.99951017
15837,0.9998202
45967,0.9942572
85617,0.9998271
18551,0.25193495
41085,0.9974765
84430,0.99983156
80850,0.99991417
9885,0.99659723
65898,0.70185834
110618,0.9998963
5922,0.99750584
107437,0.9998932
114227,0.999151
90244,0.99981755
26082,0.99943763
67007,0.99484444
87682,0.99969864
7509,0.99946696
55608,0.99969566
84203,0.99985147
127269,0.9972915
14358,0.99980086
69328,0.9979906
35022,0.9983986
123349,0.9998735
80712,0.9998461
90895,0.048367094
68334,0.99944717
75248,0.99966884
127265,0.9952076
12049,0.9997143
2097,0.99665856
32623,0.9993088
118673,0.999833
8145,0.9971379
69211,0.9955953
23674,0.9948992
10635,0.9955354
73803,0.9998609
56629,0.3834842
87350,0.060163636
5533,0.99951637
67210,0.9938274
5741,0.9988551
106154,0.9998393
65215,0.23250213
125774,0.34913868
115409,0.9997217
105105,0.9998784
74959,0.99940217
77252,0.9995048
115924,0.8736606
55560,0.99800056
85814,0.43917602
87729,0.99979216
98048,0.9993773
4295,0.9991536
26017,0.9989944
49625,0.99978393
92465,0.9998704
66614,0.09554846
26006,0.9986162
101407,0.99987316
72647,0.99971086
23815,0.9963831
57421,0.08416805
37392,0.9971111
128018,0.9962842
31988,0.052623983
116658,0.99988496
44226,0.9992229
102561,0.99987805
102758,0.9989994
10623,0.997482
76286,0.99957556
28494,0.99917006
45869,0.99744886
10554,0.9969421
102656,0.9998155
116618,0.9998004
20292,0.7708709
128175,0.9968305
5535,0.999616
964,0.9995778
115274,0.99973184
44961,0.04596738
97101,0.99985385
129730,0.04505113
67185,0.9984345
19120,0.99979156
89921,0.999879
44483,0.99942845
97952,0.99932265
16655,0.999089
108561,0.99965465
101558,0.6856335
2066,0.9954941
53302,0.9957283
111790,0.9997526
90245,0.9998266
93539,0.99902403
28356,0.9992956
29617,0.99983776
41413,0.9970163
49870,0.9993247
67172,0.9975673
44335,0.9983734
41351,0.9976943
14441,0.99959916
114261,0.99936694
63574,0.9959407
26119,0.9998441
56706,0.99978703
59986,0.9977319
14548,0.99965537
63581,0.99614006
88806,0.9998518
25974,0.9993992
23921,0.9975846
97052,0.99984396
66983,0.99914896
129469,0.9875888
69452,0.99809223
64870,0.99816656
67135,0.99692994
111876,0.99984705
36478,0.9966607
88887,0.9998647
54163,0.9941811
30735,0.9995709
23963,0.99712545
103502,0.08486676
28543,0.999723
111863,0.9996731
2206,0.9956033
14449,0.9994634
89001,0.99986684
113232,0.99958855
98042,0.99984705
79691,0.9998286
84234,0.99796355
16847,0.999887
13380,0.99985564
72609,0.99956924
103901,0.9952549
20010,0.99873286
70355,0.99986017
61318,0.9741538
90200,0.9993905
78659,0.9997583
18096,0.999087
92116,0.9986796
8293,0.9965934
84286,0.99980265
25941,0.99912316
19142,0.99988174
111700,0.99539006
72960,0.99818534
99242,0.9998586
53013,0.99747366
107461,0.9972531
65846,0.69400936
102790,0.99984944
111856,0.99957997
51921,0.99990296
108546,0.9983784
91273,0.9991364
50762,0.9997073
92435,0.9998822
76297,0.998845
39527,0.99590766
112058,0.6116369
53018,0.9984024
126759,0.9981139
23718,0.9980586
121550,0.036416896
80950,0.99986756
36470,0.9959175
79851,0.99983656
23885,0.9973271
78559,0.999705
105532,0.99949896
86766,0.99984205
21346,0.9983386
69196,0.9741597
41286,0.99708444
41453,0.9975374
5771,0.9983158
44274,0.9974502
91348,0.2941904
109607,0.9997886
89816,0.030765269
80675,0.999892
31872,0.9988662
80570,0.99891543
864,0.999131
79805,0.99987483
86570,0.99959606
35010,0.9990061
61417,0.99938655
45733,0.9978258
74767,0.016528688
126736,0.9976978
62908,0.9986493
127200,0.9957087
31593,0.01940316
109802,0.99988747
18051,0.9998807
121082,0.9933286
106297,0.9998883
2086,0.995391
118770,0.999874
57971,0.70013916
5935,0.9974759
94676,0.9999101
26005,0.9993793
79863,0.99986184
129988,0.99642247
127222,0.9935822
47533,0.9976719
76241,0.9992384
99278,0.7216904
88854,0.99896646
44283,0.999181
28254,0.9988445
88865,0.9998472
99147,0.99974066
37253,0.99831045
19065,0.9998331
58976,0.997422
124772,0.99986553
15799,0.9990589
96824,0.99296606
85398,0.99979657
13437,0.99985397
67126,0.9961479
76387,0.9997826
36463,0.99524045
128032,0.9984584
125649,0.9998023
14432,0.99979085
87780,0.9998752
49742,0.7046651
14541,0.9998419
99234,0.9998456
13426,0.99976057
103757,0.9970798
37287,0.9976399
91305,0.99951804
103804,0.22648442
79793,0.99984586
33420,0.10473706
35774,0.03986819
103753,0.99633515
44249,0.9973394
23661,0.33300614
90187,0.9998995
7045,0.025527513
63482,0.99867415
29624,0.99985206
44202,0.99636495
126995,0.99683243
27418,0.98257
34958,0.99927765
113594,0.9991726
73897,0.9998209
97022,0.99960285
8614,0.10275124
92114,0.9989618
95572,0.9986873
81866,0.9998276
2194,0.99676406
1518,0.99823123
87721,0.9999049
99285,0.999793
85356,0.99976724
98049,0.9997708
78598,0.99385214
121125,0.99591297
13548,0.9996259
30580,0.9998921
55469,0.9996518
115279,0.9996277
111956,0.9987564
123218,0.99883574
77215,0.99957675
105554,0.99933904
87349,0.029054401
19280,0.99985373
24574,0.1260842
128178,0.9953399
29693,0.99983466
76390,0.99918896
111782,0.9989587
61264,0.99740773
