curve_idx,outputs,igi_fp,igi_fn
81877,1.0,3.3494144e-16,5.416415e-11
20521,0.9936417,7.148343e-08,0.70217025
128088,1.0,8.118627e-17,8.808247e-10
129564,0.99813867,1.0103146e-07,0.27521014
34207,1.0,2.8567612e-26,1.1689662e-16
24958,0.0031061692,9.906576e-07,0.0022015518
128171,1.0,1.7287436e-13,4.938374e-07
61235,0.9999999,2.5779153e-12,4.1663952e-08
123965,0.0015033789,2.0184882e-07,0.0010441443
69450,1.0,3.573811e-14,3.0493847e-09
90111,1.0,2.5133666e-30,3.421128e-20
69314,1.0,1.4454539e-15,3.4534273e-10
12243,1.0,4.071804e-17,2.8932263e-11
34073,1.0,3.0456365e-27,1.6414777e-17
29712,1.0,3.240438e-23,3.7963123e-15
70586,0.1950889,0.00022527303,0.20794281
34100,1.0,3.3888826e-24,3.832427e-15
92196,1.0,3.0265117e-22,1.5041765e-14
127958,0.99999976,2.2687362e-12,1.7048934e-06
41247,0.99999976,1.0573408e-12,5.5559717e-06
33434,0.05949633,0.00016076273,0.060912684
1962,1.0,1.6556163e-30,1.422449e-20
116678,1.0,1.5142004e-28,5.878845e-19
87122,0.99999905,4.627059e-11,4.721009e-08
82132,0.10371819,0.000107281,0.10052371
116470,1.0,2.0032377e-27,4.1990356e-18
1715,0.99994576,7.212065e-08,6.8079396e-07
72597,1.0,7.367502e-21,6.785343e-14
128224,0.9999999,3.5267104e-13,5.7284495e-07
75204,1.0,1.7997412e-22,1.1084589e-14
109806,1.0,3.366964e-24,7.4020293e-16
32662,1.0,3.46877e-17,4.6308316e-10
79622,1.0,5.871501e-24,1.0004082e-15
76254,1.0,3.4152836e-14,1.5507269e-09
27095,0.999884,1.0359155e-08,0.003761027
17931,1.0,2.9717826e-28,1.0149406e-18
63726,0.999995,6.127698e-10,1.6862166e-05
17868,1.0,1.0272238e-29,7.007659e-20
14589,1.0,3.2572574e-22,8.539862e-15
104043,0.9255482,8.839702e-06,0.8017349
85573,1.0,5.867347e-28,1.9764296e-18
124589,1.0,5.5030805e-28,1.8738104e-18
92177,1.0,1.5293088e-23,2.061171e-15
87879,1.0,1.0240625e-29,1.0343817e-19
17885,1.0,3.3114044e-30,4.458232e-20
128015,1.0,2.6187059e-16,3.1221992e-09
13254,1.0,4.1209834e-30,3.5379355e-20
91267,1.0,2.3837308e-24,5.709599e-16
43421,0.9999473,2.4471485e-09,0.0039995466
19197,1.0,1.0345453e-23,1.6765064e-15
15847,1.0,2.012655e-16,7.158073e-11
59012,1.0,1.0170665e-14,1.7106346e-09
31986,0.00031210214,8.7537355e-09,0.00022840756
32674,0.99999964,6.7666614e-12,1.345731e-06
37278,1.0,9.630457e-15,5.6007448e-09
28429,1.0,9.817886e-16,2.679118e-10
84347,1.0,4.412761e-23,4.7448524e-15
34959,1.0,1.4751495e-23,3.9571767e-14
79750,1.0,8.644505e-25,2.3074586e-16
101501,1.0,4.5595116e-23,4.898402e-15
111897,1.0,4.9589678e-20,4.2496293e-13
44177,0.99999976,6.983999e-13,1.0078544e-05
77453,1.0,2.8329875e-16,3.061102e-10
85361,1.0,6.516395e-22,1.7295969e-14
49728,1.0,2.2004004e-22,8.1753214e-15
106294,1.0,8.559481e-26,6.697435e-17
91117,1.0,1.2730424e-22,9.731832e-15
59042,1.0,2.07823e-25,1.1198822e-16
128257,0.9999993,2.6888583e-11,4.2111346e-06
30468,1.0,1.1709107e-26,8.850965e-23
60220,0.2190207,0.00018762828,0.23015933
34155,1.0,7.5789095e-27,3.8847343e-17
68145,0.9999995,1.6077022e-11,3.2785704e-07
50996,1.0,1.04118526e-22,6.46657e-15
5489,1.0,5.3698286e-18,8.346011e-12
63687,1.0,7.857694e-22,2.7650374e-14
86467,1.0,4.304334e-28,5.9933764e-19
113078,0.17693198,0.0002254071,0.18842246
91036,1.0,6.416367e-23,6.24792e-15
84280,1.0,4.0932225e-22,1.8343286e-14
54498,1.0,4.7393007e-29,2.2945083e-19
69380,1.0,2.0290606e-15,4.2709097e-10
34022,0.99999964,2.5030814e-11,2.4873225e-08
68557,0.0013599925,1.6541912e-07,0.0009063852
34974,1.0,7.12588e-31,3.8233348e-20
49579,1.0,2.9788785e-19,1.6093705e-12
1938,1.0,9.4912524e-29,8.572877e-19
103888,0.9999889,4.042636e-10,2.3530056e-05
108363,1.0,1.1083983e-24,3.8331118e-16
77396,1.0,1.03150984e-25,3.4868796e-17
79591,1.0,2.2309578e-19,1.2726457e-12
85478,1.0,1.2028697e-25,7.9857796e-17
72175,0.00021676137,1.2918411e-09,0.00023462322
55600,1.0,2.0714837e-20,2.7336174e-13
29574,1.0,7.3995846e-28,2.3117911e-18
109829,1.0,5.5749283e-25,1.5180266e-16
106242,1.0,1.4241435e-27,3.770012e-18
26991,0.00011757092,8.8068525e-10,0.000116949326
116466,1.0,1.0977334e-28,4.2131046e-19
10548,0.99992025,5.221616e-08,0.0005121256
14425,1.0,2.2071918e-23,1.6086191e-15
88791,1.0,2.891387e-24,5.8892014e-16
76311,1.0,4.116933e-21,6.628983e-14
4435,1.0,5.7337874e-22,1.8967556e-14
61170,1.0,7.811808e-13,1.2880135e-08
30833,1.0,3.9183635e-28,1.462786e-18
49569,1.0,3.8901334e-24,8.81622e-16
18992,1.0,6.132194e-23,5.1296256e-15
75220,0.114713006,9.28353e-05,0.10745389
54312,1.0,1.5303701e-24,3.9072823e-16
16836,1.0,6.7275195e-18,1.4441672e-11
48338,0.9998846,2.4345988e-07,1.214769e-06
5967,0.9999987,9.772904e-11,4.63717e-06
21344,1.0,2.2518532e-20,3.5097214e-12
114087,1.0,4.4065317e-18,8.176222e-12
79511,1.0,8.3881914e-27,5.2752153e-18
49845,1.0,1.3733146e-21,3.6977498e-14
58774,1.0,5.425697e-16,2.0068193e-10
20303,0.9869184,4.560939e-06,0.06468041
49719,1.0,4.8936153e-25,1.7273039e-16
17842,1.0,1.119311e-29,1.0926831e-19
67137,1.0,1.5067026e-15,2.754058e-10
97937,1.0,6.8265046e-26,5.361665e-17
84127,1.0,4.062872e-22,1.86415e-14
16897,1.0,7.7170846e-25,2.8127643e-16
10606,0.99997723,8.134562e-09,0.00011225657
2191,0.77953476,4.0903483e-08,0.7510312
44553,1.0,7.309334e-20,3.3603055e-12
29703,0.999046,2.1744243e-07,0.055618186
883,1.0,5.0582792e-20,3.6691434e-13
64576,1.0,8.438893e-14,3.9788244e-09
13242,1.0,8.082118e-28,2.4999377e-18
93110,0.00014966562,1.2997896e-09,0.00015185916
127313,1.0,1.9850065e-17,1.9054631e-09
55410,0.9999722,5.2069833e-09,0.00011740299
117857,1.0,3.7421925e-30,4.2977067e-20
127243,0.99999917,5.01397e-12,4.8495807e-05
34983,1.0,6.897687e-31,3.3186674e-20
55654,1.0,2.3124892e-32,9.913258e-22
28248,1.0,1.8049267e-13,1.1838451e-08
16891,1.0,1.5115877e-26,1.8892137e-17
118737,1.0,4.9873354e-25,2.2090529e-16
55416,1.0,2.380112e-26,2.79617e-17
108660,1.0,5.0914112e-24,1.0693295e-15
67066,1.0,3.769011e-15,5.856086e-10
47366,0.99998546,1.856238e-10,0.001859146
122293,0.10770733,9.117897e-05,0.09993255
93476,1.0,1.3405202e-20,1.6972479e-13
1248,0.07790712,0.00013975597,0.081508934
116424,1.0,3.5748218e-28,1.0282058e-18
74701,9.605917e-05,3.5811604e-10,0.00012344388
69289,0.9999993,3.652529e-11,2.6974547e-07
9763,1.0,9.948755e-22,6.15539e-14
55469,1.0,1.0368125e-24,3.7103643e-16
73848,1.0,7.476431e-25,2.9322634e-16
58190,0.0014288524,1.7858032e-07,0.0009995569
108353,1.0,1.5121708e-25,9.7877046e-17
109525,1.0,8.826472e-26,6.511913e-17
121082,0.99999964,8.690124e-12,1.3465382e-07
87571,1.0,1.9765658e-25,1.0899788e-16
33359,0.99794227,1.6945702e-05,0.0058625056
57685,0.8643611,8.886002e-07,0.87014586
9462,0.9998325,4.5808332e-07,1.5865022e-06
55504,1.0,1.975958e-22,1.20280305e-14
5922,0.9940872,4.6425495e-05,0.037188087
107501,1.0,2.8041863e-21,7.1540227e-14
9083,0.099745266,0.00038048075,0.100116245
53111,0.99997544,3.3793681e-09,0.00015881298
67987,1.0,3.615092e-24,7.1575904e-16
103850,0.99999833,8.0842846e-11,1.3689844e-06
108327,1.0,1.3625532e-23,2.0532447e-15
103704,0.9999999,5.7130967e-12,1.2865944e-08
129561,0.99946195,2.3096785e-08,0.093142055
92516,1.0,6.774649e-25,2.7619404e-16
44544,1.0,2.1821931e-23,2.6544786e-14
69374,1.0,3.4353502e-16,1.367775e-10
28291,0.9999999,2.5063766e-12,3.3086988e-07
39013,0.0002896385,1.2007827e-08,0.00017138873
5946,0.051844634,0.00012657314,0.05326224
28253,1.0,4.181836e-14,4.331901e-09
28214,0.00031846404,4.7326285e-09,0.00033276094
60123,0.9999944,4.1868484e-10,8.189072e-06
36428,1.0,1.0082807e-24,1.5791914e-15
38802,0.9999999,1.6128151e-12,7.6742737e-07
58867,0.89931655,2.4901197e-05,0.7949838
4483,1.0,2.2463489e-24,4.3621157e-16
54322,0.9999994,6.160496e-11,3.3765582e-07
102752,1.0,1.9469114e-23,2.5719097e-15
5409,1.0,6.1627892e-18,8.202135e-12
67381,0.0217781,1.1005558e-06,0.0011494099
72647,1.0,3.5693355e-25,1.6803793e-16
101745,1.0,1.8714205e-22,1.2647317e-14
76090,1.0,4.1478183e-19,1.5246283e-12
8187,0.9994617,1.2037034e-07,0.028127074
58791,1.0,8.85336e-16,2.4816907e-10
61411,0.99999976,7.509108e-12,1.05956815e-07
95701,1.0,5.0195714e-18,7.404813e-12
54422,1.0,4.7391065e-27,5.9211375e-18
63443,1.0,3.813294e-15,5.760932e-10
87580,1.0,3.4387305e-25,1.6374571e-16
21164,0.003702381,1.4857519e-06,0.0026293958
42797,0.37624726,7.4023937e-06,0.3785854
128282,1.0,1.2021899e-19,5.0789013e-12
108496,1.0,3.1606045e-25,1.5318891e-16
26100,1.0,1.6999631e-20,1.1950721e-13
2254,1.0,1.0653909e-25,5.2572614e-16
96795,1.0,1.887736e-18,4.5121016e-12
4359,1.0,4.531689e-27,4.229403e-18
99159,1.0,2.888157e-24,7.0308076e-16
106150,1.0,2.6103123e-28,6.6595965e-19
22191,1.0,7.2211623e-16,2.8137992e-09
76378,1.0,3.6705362e-17,1.7555369e-11
129511,0.9997756,7.998311e-09,0.035182953
39545,0.99999774,9.1091745e-11,2.7887032e-05
53117,0.99999905,4.09419e-11,6.640366e-07
41084,1.0,7.9141384e-27,3.9755084e-17
75140,1.0,1.9437067e-22,1.0585707e-14
41440,1.0,3.1682035e-21,1.2421505e-12
53207,0.99999774,5.0554305e-10,6.567812e-07
25930,1.0,4.022044e-34,3.5172474e-23
25476,0.70290935,0.009205159,0.0053155394
128102,0.9999999,3.9611885e-13,1.8646393e-06
90075,1.0,8.90659e-28,1.920912e-18
130121,0.02220495,0.00010497633,0.012213716
109764,1.0,6.832533e-23,5.3466172e-15
92278,1.0,2.6336884e-27,5.929139e-18
41451,1.0,4.829791e-21,8.2201726e-13
12289,1.0,2.601909e-15,2.822161e-10
37253,1.0,3.2788444e-25,1.1214945e-15
1249,0.07514518,0.00022972804,0.07619282
55502,0.2703378,0.00015194665,0.28441623
76208,1.0,5.874482e-16,1.2474845e-10
29381,1.0,1.6373659e-28,8.1276663e-19
66848,1.0,7.775159e-15,5.873178e-10
2097,1.0,1.8159646e-26,1.2399134e-16
113125,1.0,1.0458802e-19,7.028432e-13
129534,0.45654505,1.955721e-06,0.45362672
80974,1.0,1.1655966e-29,8.576732e-20
66918,1.0,1.4819123e-30,2.1904699e-20
17960,1.0,5.4156043e-24,9.872644e-16
16796,1.0,1.2956583e-28,5.376693e-19
65973,0.9046149,1.8912493e-07,0.90990883
10558,1.0,2.0996718e-19,8.75065e-12
76344,0.8465407,1.153773e-06,0.8467175
9785,1.0,3.2922277e-19,6.147452e-12
67123,1.0,8.2717206e-15,9.315472e-10
37474,1.0,5.1979707e-25,1.7833254e-15
98184,1.0,7.7324805e-29,2.5045375e-19
111993,1.0,1.2837198e-18,3.3016849e-12
82104,1.0,2.359861e-26,2.1958442e-17
123194,1.0,1.6446763e-22,3.41236e-18
66936,1.0,4.6333623e-16,1.4513253e-10
43514,1.0,7.8597305e-15,1.672182e-08
16988,1.0,9.646025e-27,1.3703241e-17
4550,1.0,3.27518e-26,2.9851724e-17
56269,7.328496e-05,3.2540237e-10,7.729331e-05
7485,1.0,4.7947586e-16,1.1778422e-09
13490,1.0,2.2368384e-26,2.4859598e-17
101741,1.0,1.1506232e-24,3.4495327e-16
69290,1.0,2.6251186e-15,5.886187e-10
34906,1.0,7.970053e-30,5.0431573e-19
34171,1.0,1.9189109e-27,9.694244e-18
14484,1.0,1.2953335e-26,1.3638729e-17
66931,0.87745607,6.178108e-05,0.7573182
109620,1.0,3.4637825e-26,3.169201e-17
35608,0.005120757,3.297876e-06,0.0034726567
37491,1.0,1.177224e-21,3.7268889e-13
85410,1.0,7.567695e-28,2.4421294e-18
17708,1.0,1.7063891e-27,7.165703e-24
69217,1.0,3.0327988e-22,1.5924982e-14
42677,0.7872852,1.0530566e-07,0.7494154
47503,0.9911334,4.5505447e-05,0.09190979
54222,1.0,3.702714e-24,7.016259e-16
100309,1.0,3.4039097e-25,1.6061657e-16
122195,1.0,7.738469e-22,3.1759466e-14
118969,1.0,1.405391e-25,7.740466e-17
81970,1.0,1.6488026e-23,2.4143257e-15
35696,0.9999999,2.3937187e-12,3.506069e-07
65926,0.9449934,1.437689e-08,0.9476793
118914,0.99999213,1.3601091e-09,1.7313767e-05
121127,1.0,2.805707e-20,1.6994635e-13
89816,0.00020038571,7.2413116e-09,8.255366e-05
47438,0.3119022,7.015672e-05,0.31228527
98284,1.0,8.939219e-16,5.1827453e-10
127222,1.0,2.4291533e-15,6.4863194e-08
65986,0.7617511,6.745722e-06,0.7714703
25952,1.0,4.7888633e-20,2.960665e-13
75604,0.9998956,1.2906379e-07,4.4106932e-06
74864,6.969449e-05,2.7714897e-10,7.034819e-05
91261,1.0,4.613343e-24,9.86376e-16
7367,1.0,1.724779e-27,1.5009414e-17
58304,0.00086072553,5.455647e-08,0.00064981927
113252,1.0,7.272059e-22,2.7116704e-14
27279,0.9997799,5.0062465e-09,0.009227134
114267,1.0,1.213178e-18,3.6619024e-12
63430,1.0,2.523741e-24,5.984727e-16
91198,1.0,2.676904e-23,2.7601195e-15
104006,0.99999976,1.1113735e-11,2.0297644e-08
8195,1.0,4.128251e-16,1.9743587e-09
13388,1.0,1.0091185e-26,1.3426358e-17
102850,1.0,1.5225096e-31,1.7227193e-21
32601,0.99999976,6.503043e-12,6.279189e-07
23978,0.99859697,2.493889e-06,0.018456262
25920,1.0,4.5841485e-18,5.019146e-12
125599,1.0,2.2327104e-20,2.4462333e-13
45957,0.9377537,7.3706343e-07,0.8694395
114307,1.0,2.5234355e-22,1.446067e-14
79698,1.0,6.033273e-25,2.7689978e-16
86572,0.99667126,9.699709e-07,0.19967581
28351,1.0,2.5967613e-16,1.3644919e-10
79722,1.0,2.0525853e-24,5.105163e-16
90205,1.0,1.7193839e-29,1.4165853e-19
22048,1.0,1.5302476e-24,9.720213e-16
114411,1.0,4.882796e-19,1.8350898e-12
72763,1.0,1.2890466e-14,2.1738669e-09
37552,1.0,2.7587746e-21,9.477382e-13
73658,1.0,1.1422998e-18,4.6648434e-15
88888,1.0,1.289706e-21,4.486583e-14
118970,0.12498823,0.000113457136,0.118831225
92518,1.0,1.13043506e-26,1.5651323e-17
32587,1.0,2.280028e-16,1.8979909e-09
32440,0.79003024,0.026903208,0.010748996
20389,0.9898531,3.0352678e-06,0.056593217
89934,1.0,1.5357949e-27,3.017894e-18
91087,1.0,7.5334336e-17,2.3341924e-11
102800,1.0,8.4874877e-20,5.919199e-13
68338,1.0,8.917928e-17,6.2837145e-11
74452,0.99999976,7.565823e-12,4.124881e-09
66909,1.0,3.4946328e-15,5.7056e-10
106015,1.0,4.723162e-23,4.9454912e-15
58706,1.0,1.2495168e-27,7.578405e-23
86530,1.0,4.917654e-28,1.6339114e-18
12386,0.22095361,0.00015329379,0.22772595
102892,1.0,1.0824593e-29,9.737822e-20
96958,1.0,3.7018374e-17,4.2371856e-11
34095,1.0,1.0222575e-25,2.417919e-16
41196,1.0,1.4301014e-24,3.1746613e-15
79787,1.0,1.5726511e-22,1.1329026e-14
34996,1.0,9.625976e-30,3.3660608e-19
123330,1.0,5.786782e-24,1.2004922e-15
37391,1.0,2.4228607e-22,1.3051006e-13
41161,1.0,5.682217e-14,1.05758e-06
83666,1.0,8.195782e-13,5.571793e-10
25985,1.0,1.2345217e-19,5.088935e-13
61177,0.99999976,6.0568104e-12,8.1359474e-08
95778,0.9946489,2.6579985e-06,0.23656628
96960,1.0,3.9566774e-22,1.7773159e-14
71494,1.0,1.1293475e-36,1.4726966e-25
67100,1.0,4.1252673e-20,3.7532043e-13
22226,1.0,1.5834358e-18,5.0161153e-11
75054,1.0,1.2400841e-23,1.9993563e-15
112100,1.0,7.097295e-21,1.1559574e-13
96852,0.73933107,7.753254e-06,0.74150795
10561,1.0,9.2247214e-20,4.165322e-12
107351,1.0,4.7458696e-21,1.12339256e-13
49618,1.0,3.722244e-16,1.02005265e-10
61237,0.6933025,1.4427082e-05,0.70390385
66053,0.54735446,5.1850406e-05,0.5596948
55623,1.0,9.4050855e-27,1.5059655e-17
61277,0.9999999,3.3560461e-12,5.9127263e-08
106241,1.0,1.4527973e-27,3.5632538e-18
85282,1.0,1.6835816e-23,2.4023186e-15
2082,1.0,7.8364845e-26,5.451298e-16
46116,0.0005703209,4.7214595e-08,0.00020180861
7387,0.07072214,3.1599517e-05,0.0848536
63389,1.0,1.5598438e-19,8.059489e-13
112917,1.0,1.9068209e-26,2.3100996e-17
82053,1.0,8.627638e-25,3.2334358e-16
127307,0.9999999,8.686987e-13,3.2049886e-06
48417,0.0027830626,7.724306e-07,0.0019804207
14683,1.0,3.969666e-21,3.0774584e-14
44414,1.0,1.2862474e-13,3.6079093e-08
83250,1.0,2.1266789e-24,5.6383034e-16
58914,1.0,3.4912495e-22,1.7731037e-14
127971,0.9999354,7.3901214e-09,0.0024458708
85333,1.0,4.399124e-26,3.4991245e-17
126753,0.9999999,5.4622786e-12,1.6781312e-08
116667,1.0,5.179729e-22,2.1480024e-14
81206,0.0009282301,6.780629e-08,0.0006778968
127670,1.0,1.4601784e-16,6.7170393e-12
44285,1.0,3.0266888e-27,3.8392854e-17
129612,0.99840504,9.507982e-07,0.055084907
125005,0.0015049063,2.0771823e-07,0.0009972497
72200,0.00021696504,1.23953e-09,0.00024191916
45805,0.99638164,7.619901e-08,0.5444055
20097,0.9746466,1.1730016e-05,0.08462157
108641,1.0,3.235201e-23,3.599957e-15
103939,1.0,1.3255982e-12,3.8296912e-09
65802,0.7683336,6.4583855e-06,0.7765641
67514,0.9999759,3.5980119e-09,4.5333854e-06
38883,0.9999546,2.3482343e-09,0.002944201
86726,1.0,2.06831e-27,1.9647393e-19
34110,1.0,5.180322e-22,1.5131062e-13
112718,8.694754e-05,3.7110903e-10,9.8007404e-05
53112,0.99999666,1.5490233e-10,4.835464e-06
15426,1.0,1.4747815e-26,1.872657e-21
70454,0.47888792,6.9067944e-05,0.49216825
120129,0.12404929,0.00020333234,0.12802531
10628,0.99224913,7.523694e-05,0.04471424
23858,1.0,1.8720732e-19,8.4329e-12
21331,1.0,4.396962e-25,9.929373e-16
71222,9.731685e-05,7.375501e-10,8.526474e-05
102602,0.9971269,1.9962889e-07,0.34507355
81964,1.0,1.2850927e-24,4.046489e-16
94010,1.0,3.1798576e-17,1.0117197e-12
73809,1.0,7.921335e-25,3.056093e-16
107206,1.0,3.6738102e-19,9.030126e-13
32571,1.0,2.987918e-17,4.2925832e-10
91235,1.0,8.70464e-23,6.780837e-15
12197,0.12062916,0.0001805227,0.12393081
29736,1.0,1.7335912e-20,2.1771902e-13
115268,1.0,7.272372e-20,5.418662e-13
20109,0.9965863,6.1666475e-07,0.035262376
45768,0.8825529,1.0941511e-06,0.81811917
127936,1.0,1.2212699e-13,7.812727e-07
116435,1.0,6.6721054e-27,2.9534668e-18
47254,0.9949831,1.939967e-06,0.25005782
43469,0.9999918,3.130164e-10,0.00027588947
62485,0.9999999,4.5870486e-12,5.0585896e-08
43685,0.0002916958,1.4443981e-08,0.00013181189
46092,0.9951256,3.52432e-11,0.96268487
62930,0.9999976,3.1628114e-10,3.9019504e-08
90161,1.0,2.9073424e-27,2.2200074e-18
69504,1.0,5.4572254e-13,3.0692316e-08
93494,0.14272249,0.00023027827,0.1517285
87575,1.0,1.3023257e-24,3.9947866e-16
22340,0.00019250979,5.612433e-09,0.00010459543
72648,1.0,5.0948112e-24,1.0785101e-15
34596,1.0,2.440934e-13,1.0009533e-09
103886,0.104779385,0.00014673012,0.10301467
65714,0.4972919,6.5812215e-05,0.5101572
56752,1.0,2.7564222e-18,6.0236768e-12
41416,1.0,2.9848194e-17,1.1156158e-09
106147,1.0,2.3986068e-25,1.04493253e-16
9824,1.0,6.894266e-24,1.7879506e-15
20016,0.00011889802,1.570719e-09,8.2071245e-05
14357,1.0,1.0542252e-24,2.5045316e-16
112969,1.0,1.2721943e-27,3.2891288e-18
2283,1.0,2.9389548e-27,1.5881065e-17
98190,1.0,2.622608e-21,6.414622e-14
26283,0.99999976,9.563404e-12,2.7457475e-08
107492,1.0,3.491641e-19,8.1938124e-13
16754,1.0,5.7807555e-25,2.1607633e-16
38879,0.99970156,5.2753435e-08,0.015184508
87666,1.0,4.086363e-27,7.418729e-18
17957,0.1827777,0.00017684932,0.19449644
91067,1.0,1.8087092e-22,1.1615529e-14
9009,0.04564064,8.4177336e-05,0.049951293
124733,1.0,1.7342176e-22,1.11958435e-14
107533,1.0,2.904415e-20,3.6036227e-13
36468,1.0,2.150029e-20,1.4962006e-12
107154,1.0,1.9422115e-20,1.6400664e-13
113263,1.0,4.145525e-19,1.6961224e-12
16691,1.0,2.3130307e-29,1.5745386e-19
91133,1.0,9.616212e-23,7.652922e-15
55510,0.99997795,4.202099e-09,8.8831024e-05
14508,1.0,6.71435e-23,3.3572706e-15
31088,1.0,1.1695318e-25,6.7082294e-16
74898,1.0,7.0959505e-26,5.534627e-17
129557,0.99983263,6.0206187e-09,0.02410881
17797,1.0,1.1137672e-26,1.32225905e-17
13300,1.0,2.535384e-27,4.8658403e-18
69382,1.0,4.821447e-23,4.796097e-15
76199,1.0,2.2095035e-20,2.0389712e-13
88788,1.0,1.6515148e-24,4.911385e-16
80847,1.0,1.4057909e-28,2.9668686e-19
60171,0.99999964,1.1095393e-11,1.6341913e-07
111808,1.0,3.439361e-17,2.5461147e-11
41115,1.0,2.387335e-16,1.4431643e-08
76187,1.0,1.0498019e-18,2.3837362e-12
96854,1.0,6.006843e-24,1.1946447e-15
18103,1.0,6.956231e-27,1.1160988e-17
54326,0.33647907,0.00010954452,0.34766215
76171,1.0,2.1986144e-21,4.8508852e-14
17970,1.0,2.2631254e-28,7.656294e-19
85277,1.0,1.1452059e-25,5.85113e-17
28912,0.00046081975,1.004952e-08,0.00041503218
69363,1.0,1.426344e-14,1.6447218e-09
28522,0.10787901,0.00010548024,0.104207896
88988,1.0,1.2056273e-23,2.0422697e-15
101728,1.0,5.155619e-15,6.490707e-10
39530,0.9997675,5.7692287e-08,0.008030106
13458,1.0,3.5462436e-21,6.840401e-14
23789,1.0,2.892133e-19,1.4485619e-11
60267,0.9999976,9.522563e-11,1.6597535e-06
88890,1.0,7.0166555e-25,2.8564812e-16
96810,1.0,1.8814828e-24,5.308043e-16
10540,1.0,1.2974003e-19,6.569729e-12
14702,1.0,1.7026925e-16,1.4258538e-11
72962,1.0,1.4746207e-23,2.0785257e-15
96181,0.00073737756,3.7334864e-08,0.0005691105
13200,1.0,4.6918286e-22,2.1837478e-14
87683,1.0,6.474951e-26,5.237941e-17
29316,1.0,8.198347e-28,1.7981542e-24
60628,0.99913764,3.7904474e-06,3.4110297e-05
31792,0.15889014,0.00018791546,0.17100997
1023,1.0,1.0894204e-26,1.13641125e-17
78559,1.0,1.5650582e-20,2.2909775e-13
117770,1.0,7.095073e-29,3.9065905e-19
68038,1.0,2.1012214e-16,5.6033463e-11
63542,0.3461145,0.00011250401,0.35958114
45830,0.9956742,1.4657978e-07,0.52825934
127141,1.0,2.3573362e-23,5.0220905e-14
107413,1.0,8.5103395e-21,1.7561279e-13
111934,1.0,1.367916e-25,8.832071e-17
104848,1.0,5.018522e-24,9.089556e-16
66861,1.0,6.786902e-20,5.3658396e-13
106164,0.99743986,8.901778e-07,0.13845776
101198,0.00012272244,7.3416756e-10,0.00014455675
16849,1.0,1.9063717e-24,5.1091953e-16
101496,1.0,7.620359e-21,1.1174025e-13
112957,1.0,1.4422984e-22,9.549318e-15
34050,1.0,1.631503e-23,1.5906798e-14
118612,1.0,3.76008e-22,1.4913631e-19
121095,1.0,4.40016e-28,1.447659e-18
45716,1.0,2.2122572e-16,8.171261e-09
85336,1.0,1.8569472e-24,4.1504204e-16
102740,1.0,1.4938124e-25,9.0250454e-17
101651,1.0,1.1583194e-20,1.6232981e-13
114401,1.0,5.821524e-23,5.0400904e-15
44500,0.22633483,0.0011186262,0.20925401
61369,0.9999987,6.6251886e-11,7.660265e-07
110810,1.0,4.1245705e-22,1.8786345e-14
108406,0.9999982,3.5457767e-10,3.149355e-07
13522,1.0,3.3523245e-26,3.2108796e-17
26260,1.0,3.6569195e-19,7.2422363e-13
42779,0.46023786,1.07804335e-05,0.44797167
32660,1.0,4.3843868e-16,2.6481541e-09
123428,1.0,1.8172374e-21,5.618857e-14
91196,1.0,2.4723526e-23,2.3849606e-15
84334,1.0,7.0749257e-25,2.8593813e-16
115332,1.0,2.0702217e-18,4.657898e-12
97955,1.0,5.8399246e-21,1.0092002e-13
129599,0.9998418,3.713648e-09,0.030303005
128040,1.0,5.533801e-18,2.4021918e-10
107164,1.0,5.1353073e-21,1.232836e-13
75097,1.0,7.577608e-27,1.1842891e-17
5509,1.0,3.8846522e-21,8.443755e-14
28488,1.0,1.6173264e-14,1.8761865e-09
94480,1.0,1.936028e-27,4.683934e-18
72813,1.0,4.1375886e-14,5.149099e-09
63586,1.0,3.26603e-14,2.5826685e-09
128201,0.9999876,1.6647249e-09,0.00012969921
51921,1.0,1.5657031e-20,1.6329341e-13
46601,0.011639475,1.6410459e-05,0.0030127256
5510,1.0,1.9218221e-24,5.2029745e-16
129829,0.0004775604,2.3415936e-08,0.00022811441
109666,1.0,1.5720497e-24,4.5851847e-16
79753,1.0,1.6204121e-24,5.0101263e-16
13285,1.0,4.175691e-29,2.6854597e-19
37529,1.0,1.7347783e-24,4.855798e-15
7319,0.99995387,8.278504e-08,5.7952066e-06
125703,1.0,5.0527724e-24,1.0540692e-15
37441,1.0,8.944006e-21,1.2222211e-12
23930,1.0,9.66559e-18,2.1628647e-10
21409,1.0,1.311354e-24,3.0334575e-15
84336,1.0,1.1371189e-23,1.0205211e-15
43536,0.9999604,2.8288611e-09,0.0018166708
2247,1.0,2.9901534e-24,8.244157e-15
26087,1.0,4.9480354e-24,8.21643e-16
129496,0.9999988,8.2743526e-12,6.760533e-05
111779,1.0,2.5146327e-15,4.5972665e-10
90172,0.37432507,0.00016527617,0.36266342
13447,1.0,1.0228703e-24,3.3574223e-16
9739,0.9999982,3.249023e-11,5.1257895e-05
4542,1.0,9.424312e-32,3.6311577e-21
91284,1.0,5.186276e-21,2.9467483e-14
116706,1.0,1.8854225e-29,8.616149e-20
80747,1.0,4.1388712e-27,7.72589e-18
23736,0.99999905,3.9911713e-11,5.5151113e-06
118477,0.00012399256,7.705642e-10,0.00014036885
55648,0.9999982,1.0179827e-10,1.7071924e-06
77935,0.007204162,8.917524e-06,0.0021896583
116572,1.0,1.0914811e-23,1.6871822e-15
22533,0.0022216854,5.321598e-07,0.0013695217
40307,0.99999845,6.609361e-11,1.1307319e-05
53259,0.98094934,1.2861946e-05,0.45553055
121129,1.0,6.4527523e-13,1.6825991e-08
781,1.0,1.1292762e-25,7.450582e-17
83171,1.0,4.5424086e-24,9.911209e-16
44240,1.0,4.712762e-22,1.4677924e-13
44426,1.0,1.09180145e-16,6.671794e-10
26082,1.0,6.69408e-20,3.674382e-13
2007,1.0,7.8082816e-27,8.793812e-17
79643,1.0,4.1585695e-22,1.942462e-14
36498,1.0,2.620174e-24,2.5056414e-15
102699,1.0,1.5967195e-18,2.3512602e-12
37215,1.0,7.26512e-24,6.5536366e-15
121232,1.0,5.1658476e-18,6.8822864e-12
32606,1.0,8.637271e-21,2.4049445e-12
23952,0.99999154,1.2276528e-09,6.0218077e-05
23792,1.0,9.475383e-19,3.888972e-11
121039,1.0,6.258694e-14,2.3686701e-09
103856,0.99999595,3.606413e-10,6.0273937e-06
66879,1.0,1.6579605e-23,1.906795e-15
71795,1.0,7.033333e-30,9.060182e-20
128272,1.0,4.4048217e-16,7.114551e-09
4436,1.0,2.4778805e-27,5.1802537e-18
95941,0.8415117,3.943454e-05,0.15392208
54128,6.875697e-05,3.2422767e-10,3.99758e-05
28455,1.0,3.75181e-16,1.3986308e-10
107441,1.0,2.3319832e-20,2.9883455e-13
88923,1.0,9.653401e-24,1.6620392e-15
109622,0.45295706,7.678076e-05,0.44097984
110548,1.0,2.6445175e-22,1.32570855e-17
64874,1.0,5.4566535e-13,2.521933e-08
31105,1.0,5.130175e-22,1.7478941e-13
61232,0.99999833,9.077798e-11,1.5429658e-06
2218,0.65376514,0.00041163532,0.5555805
70612,0.120528676,0.00020181708,0.12230363
53254,0.99998844,8.9027147e-10,3.839275e-05
71607,1.0,3.6409643e-21,2.9328092e-14
127193,0.99998295,2.5459507e-10,0.002050207
75249,1.0,5.0510523e-26,3.4940427e-17
119937,0.253736,0.00013648147,0.20917119
57779,0.9187393,1.0870998e-07,0.92156327
127188,0.999997,2.2390322e-11,0.00030274442
26182,1.0,8.738609e-23,4.411887e-15
4503,1.0,1.6204686e-23,1.6596125e-15
79744,1.0,6.636947e-27,8.833751e-18
116660,1.0,3.0897318e-26,2.7115574e-17
2096,1.0,6.8308135e-23,7.233108e-14
121089,0.99986064,2.3107626e-08,0.0026411628
1123,1.0,1.3477306e-18,2.233503e-12
122385,1.0,3.0308675e-22,1.5554922e-14
18001,1.0,1.2643737e-23,1.8975867e-15
61371,0.9999999,1.4005353e-12,2.6036261e-08
80968,1.0,1.580629e-26,2.0209013e-17
13395,1.0,1.4972925e-25,9.5524405e-17
49651,1.0,7.247294e-24,1.0391098e-15
5744,1.0,3.038686e-19,1.2010941e-12
95738,1.0,9.794497e-18,1.29771e-11
5845,1.0,8.762499e-18,2.032366e-10
87921,1.0,6.303068e-25,2.486862e-16
130186,0.9999999,1.7239335e-12,7.077008e-09
79859,1.0,4.69241e-26,3.6174914e-17
89791,0.0020483853,1.2796001e-05,0.0007465816
22196,1.0,2.5633608e-21,2.2413033e-13
53304,0.9969073,8.569309e-07,0.19486505
85466,1.0,1.5053497e-26,1.8037047e-17
74044,0.12509118,0.00011001286,0.11754415
29439,1.0,2.637651e-26,2.7875858e-17
20206,0.99189633,2.310623e-06,0.05221233
74899,1.0,6.829012e-24,7.715854e-16
21290,1.0,1.7573079e-20,9.0621885e-12
87374,0.00013166631,1.28548e-09,7.336509e-05
37525,1.0,1.5450568e-26,1.8210728e-16
79759,0.9999993,8.964e-11,2.113996e-07
127228,0.99999976,6.7488837e-13,5.714831e-06
108468,1.0,1.599376e-27,4.216821e-18
61430,1.0,5.891279e-20,2.5863556e-13
96825,1.0,1.0196457e-22,6.928149e-15
113155,1.0,1.1575346e-25,8.023797e-17
76376,1.0,2.5324115e-16,7.40668e-11
19160,1.0,1.4712276e-22,9.911705e-15
46069,0.9952427,2.762126e-07,0.48465812
35777,0.99999905,7.097412e-11,2.4139329e-06
95978,0.9999428,1.7193104e-08,0.00049540395
83219,1.0,6.1383955e-23,5.875315e-15
58901,1.0,5.8343216e-18,9.435271e-12
52213,1.0,5.475316e-20,4.970263e-13
112037,1.0,4.739131e-17,3.097568e-11
108652,1.0,3.307331e-20,3.4273187e-13
127123,1.0,1.666428e-20,7.340534e-12
90154,1.0,1.1211332e-26,1.4761898e-17
101601,1.0,1.1074067e-21,3.618063e-14
58775,1.0,4.9383794e-17,3.6959363e-11
102707,1.0,1.0503275e-24,3.7185255e-16
53068,0.9999994,5.4191013e-11,1.432251e-07
69261,1.0,3.0996255e-18,6.625842e-12
69488,0.9999999,2.4375389e-12,7.4708794e-08
99397,1.0,1.5568911e-24,4.3506317e-16
114224,1.0,2.2319282e-19,5.076003e-13
91095,1.0,1.6897307e-25,1.08061816e-16
30733,1.0,3.2490215e-27,5.54536e-18
92116,1.0,1.530979e-22,1.5682923e-19
103802,0.99993944,3.760069e-09,0.00048063407
16984,1.0,4.612231e-18,8.719645e-12
74996,1.0,3.8183733e-23,2.8483437e-15
53171,0.99996364,5.1185385e-09,0.0002980923
116422,1.0,1.4475413e-28,6.240619e-19
117576,0.8171699,1.896685e-05,0.7535041
32551,1.0,3.9509108e-13,2.275667e-07
107197,1.0,2.1329393e-20,2.7334558e-13
27078,0.9999466,1.4587332e-09,0.0025600782
54257,1.0,4.6512138e-23,3.9823123e-15
63440,1.0,1.1727992e-15,2.0972998e-10
39641,0.99999976,6.4276726e-12,6.397242e-07
53965,7.785752e-05,3.7696965e-10,8.071078e-05
44404,1.0,5.1270274e-21,7.409669e-13
58805,1.0,9.8026955e-23,7.33133e-15
49774,1.0,9.004355e-22,2.6756704e-14
32529,1.0,2.6151248e-14,3.276404e-07
104992,1.0,7.7197676e-24,1.4697744e-15
41156,0.9999794,4.5961354e-10,0.0019282565
23877,1.0,1.100892e-19,7.1342984e-12
37202,0.5587977,0.00013433082,0.5117899
37216,1.0,3.4966303e-24,4.895787e-15
64530,1.0,5.038081e-34,3.978318e-23
121326,1.0,3.0520725e-13,1.0852121e-08
125924,1.0,2.423299e-19,1.2885465e-12
97126,1.0,1.0258324e-24,3.5035472e-16
85485,1.0,6.512545e-29,2.3670732e-19
121191,1.0,2.6377759e-23,2.6657766e-15
49492,1.0,6.1132163e-27,1.02881176e-22
2277,1.0,8.3632426e-26,3.662426e-16
91268,1.0,8.635277e-25,3.1908684e-16
39469,0.0056599914,4.2214283e-06,0.0037323162
61372,0.1847747,0.00023562126,0.19586883
23855,1.0,9.6871525e-17,6.298789e-10
103760,0.99999714,9.593059e-11,2.9721414e-06
85303,1.0,1.4499973e-25,7.3758405e-17
12032,1.0,4.7260987e-16,1.3813453e-10
107456,1.0,4.1413994e-19,1.9725942e-12
82148,1.0,2.8475256e-25,1.5058284e-16
16985,1.0,4.7591206e-29,3.3390503e-19
129465,0.9913776,3.031543e-07,0.6493049
45994,0.9999968,3.0763832e-11,0.00025617905
12385,1.0,5.6472454e-13,6.656151e-09
92190,1.0,5.372254e-23,5.289107e-15
68288,0.9999999,1.172716e-12,5.8006645e-08
74997,1.0,1.9996827e-24,3.188155e-16
113019,1.0,9.317197e-21,1.5204834e-13
109551,1.0,4.092576e-25,1.8236102e-16
87487,0.0018745968,5.9661506e-06,0.0009100803
20250,0.99846077,1.5502698e-07,0.03160144
88978,1.0,1.27222115e-23,2.0399027e-15
28490,1.0,2.8086014e-18,5.9504563e-12
117670,1.0,7.4801494e-30,3.6384253e-20
87817,1.0,4.7229207e-26,3.790766e-17
68187,1.0,2.7676207e-19,1.0831565e-12
101749,1.0,1.4423776e-19,8.4914037e-13
49717,0.23653351,0.0001573054,0.24618572
78448,1.0,3.8344459e-22,1.9834955e-14
2043,1.0,1.8005342e-26,1.3623761e-16
8936,1.0,4.427569e-29,4.0104921e-19
87576,1.0,5.078299e-24,9.916352e-16
19251,1.0,8.095558e-24,1.4013241e-15
5496,1.0,2.7092479e-20,2.728294e-13
36443,1.0,4.314615e-25,8.279609e-16
34080,1.0,1.3296542e-24,2.1452418e-15
14418,1.0,5.6951073e-25,1.6838058e-16
53170,0.999985,1.8590983e-09,6.4154025e-05
46804,1.0,1.168507e-16,2.9179088e-12
37337,1.0,2.4971102e-23,2.0709015e-14
16704,1.0,3.7525963e-24,8.3438463e-16
28308,1.0,5.0855536e-15,1.2771317e-09
110621,0.9385283,2.6141054e-08,0.94088817
107300,1.0,3.007813e-19,1.0202267e-12
12101,1.0,1.4920615e-21,4.4246735e-14
13098,1.0,4.445806e-25,5.363679e-21
103852,0.9999999,3.0684001e-12,9.026494e-09
87915,1.0,2.9412474e-24,6.6927657e-16
9861,1.0,2.1376843e-16,5.0477705e-10
13196,1.0,5.1823866e-26,4.4485552e-17
109621,0.41992626,7.648793e-05,0.41692087
128144,0.99997115,1.151423e-08,0.0001540183
117682,1.0,3.0166635e-25,1.2781019e-16
43562,0.079175845,0.00026388362,0.08061043
73840,1.0,1.3415529e-21,4.522755e-14
52211,1.0,2.268737e-19,1.2271077e-12
69495,1.0,1.2777739e-18,3.643704e-12
97800,0.00019405989,4.114187e-09,9.6595155e-05
69820,0.87876755,0.005981725,0.0008645341
41444,1.0,6.5491065e-17,1.5063911e-09
71488,1.0,1.1710941e-18,3.6022704e-12
106205,1.0,4.1084371e-25,1.8927278e-16
79706,1.0,2.6020375e-23,3.252141e-15
70311,1.0,5.431093e-19,2.1717127e-12
97102,0.9939891,4.4465583e-06,0.20539431
8256,1.0,2.5115682e-20,1.947067e-12
75109,1.0,1.4776227e-22,1.0204203e-14
69164,1.0,8.539536e-15,1.1910013e-09
110629,1.0,6.494804e-22,2.6619064e-14
9204,0.00028287157,6.239865e-09,0.0002273657
34867,1.0,2.0228625e-30,6.714206e-20
129452,0.99997973,2.4764135e-10,0.0031423504
99386,0.12945609,0.00011346223,0.12204439
89019,1.0,1.5299112e-21,5.1111208e-14
18064,1.0,4.270563e-27,7.298615e-18
5433,1.0,3.1672988e-20,3.0585354e-13
116380,1.0,1.5373255e-26,1.554179e-17
108306,1.0,2.3339489e-21,6.1934277e-14
59125,0.9415684,5.870065e-06,0.81948423
78467,1.0,1.0107993e-24,3.6655428e-16
44507,1.0,2.1136941e-20,1.812379e-12
7363,1.0,1.0531948e-19,5.233331e-12
16641,1.0,1.6650606e-29,1.2155029e-19
80865,1.0,1.5349866e-27,3.248256e-18
8962,1.0,1.7874854e-24,1.545142e-15
50870,0.521938,4.2775242e-05,0.52900577
92498,0.19351597,0.00019762095,0.20772779
18985,1.0,2.3679633e-22,1.3278438e-14
29633,1.0,9.217315e-24,1.6390203e-15
34957,1.0,1.6603724e-30,1.2053032e-19
41032,0.99999774,5.9878963e-10,2.0455288e-07
109530,1.0,1.4102559e-26,1.8635534e-17
114409,1.0,2.9718594e-22,1.5660872e-14
92366,0.14573489,0.00022320238,0.15506868
14586,1.0,4.4762407e-29,2.950841e-19
37192,1.0,2.6902974e-28,4.7535406e-18
127791,0.011617647,2.3723172e-05,0.0074013984
28540,1.0,2.1692855e-17,2.4172336e-11
129454,0.9999732,6.134691e-10,0.0027499774
15649,1.0,3.818368e-18,6.7317376e-12
61190,1.0,1.1693138e-24,2.9127758e-16
94804,0.1679057,0.00025058255,0.17945202
80077,0.0014435083,2.4164197e-07,0.00081910123
128139,0.9999963,2.5566613e-10,3.4769175e-05
102661,1.0,3.5459082e-27,7.188449e-18
13485,1.0,4.4343227e-25,1.8827111e-16
41203,1.0,2.053695e-19,4.0125743e-11
107529,1.0,2.8174222e-18,3.056391e-12
110906,0.11239195,0.00017910515,0.111678526
6634,1.0,2.1082336e-21,5.51099e-13
66871,1.0,7.8305925e-20,3.733584e-13
88799,1.0,1.5775586e-24,4.9177595e-16
65867,0.8118232,3.0560761e-06,0.8195945
88816,1.0,2.1939475e-21,6.649713e-14
72694,1.0,5.121778e-25,2.2176568e-16
5332,1.0,3.8778213e-24,7.206924e-19
115570,1.0,1.2671875e-25,7.75915e-17
85535,1.0,8.702792e-28,1.2367945e-18
85479,1.0,2.4984931e-22,8.903728e-15
23735,1.0,4.353336e-17,1.0164815e-09
85331,1.0,9.962522e-26,7.680816e-17
112072,1.0,1.3353004e-18,3.0203624e-12
129464,0.9999995,1.6197607e-12,2.9869749e-05
122151,1.0,3.3997123e-21,8.4780165e-14
21292,1.0,3.4688594e-19,1.03203536e-10
44382,1.0,8.5440814e-19,2.8293009e-11
46217,0.00043414577,2.5703104e-08,0.00015925684
99190,1.0,6.699971e-23,5.42301e-15
74998,1.0,2.261584e-25,1.2520526e-16
45876,0.8707771,3.4157964e-07,0.81720144
128097,0.9999956,1.2880907e-10,0.00013404294
15645,1.0,2.2909478e-20,2.6119956e-13
107511,1.0,4.1032003e-20,3.2608156e-13
112041,1.0,8.100702e-20,5.6341195e-13
255,0.00013271857,3.5637576e-10,8.677021e-05
84364,1.0,1.3382074e-25,7.988979e-17
91065,1.0,4.676189e-24,1.0375928e-15
75086,0.118919365,0.0001050288,0.11343528
42680,0.9521566,2.9528396e-08,0.9064364
107496,1.0,1.476379e-20,1.2856343e-13
90228,1.0,2.8228943e-28,5.198364e-19
1937,1.0,4.588681e-25,2.159034e-15
16038,0.00031730605,3.891276e-09,0.0003074164
114406,1.0,7.765977e-13,7.660689e-08
40774,0.002265916,5.471799e-07,0.0013805783
61429,0.9999825,2.0801185e-09,3.7861297e-05
55652,1.0,1.7315106e-26,2.081674e-17
120148,0.18096071,7.920108e-05,0.15236962
73165,0.0015128339,2.0342631e-07,0.0010447861
128057,0.9999963,4.278008e-11,0.00026633515
34228,1.0,5.0658284e-28,3.9294003e-18
29592,1.0,8.11249e-26,6.0727815e-17
55994,0.9999999,2.5293897e-12,1.9631123e-09
114318,1.0,2.2340798e-22,1.3442984e-14
13404,1.0,1.1788857e-23,1.7162116e-15
121077,1.0,1.5103882e-19,6.6031805e-13
78358,1.0,4.678603e-22,2.0369489e-14
127950,0.9999999,5.0963563e-13,3.8037879e-06
115237,1.0,4.5787087e-20,3.9980785e-13
1836,0.016773399,4.4676244e-06,0.017830057
17920,1.0,1.15355785e-26,1.3998e-17
16804,1.0,2.0916212e-27,4.032662e-18
86761,1.0,7.022218e-27,5.816985e-19
44513,0.9999999,9.80439e-13,2.4910432e-07
118676,1.0,3.6625327e-26,3.3526084e-17
67520,0.00037637804,4.2018913e-09,0.00017372775
104050,0.9999639,1.8388242e-09,0.00019183567
108453,1.0,1.1971e-21,3.1611283e-14
69393,1.0,5.9399435e-16,1.8680761e-10
116618,1.0,1.3358714e-25,2.989822e-17
17944,1.0,1.0008472e-30,1.6858269e-20
75053,1.0,4.1122316e-25,1.9586583e-16
99247,1.0,8.183525e-23,6.1381865e-15
90124,1.0,1.5418825e-27,4.012468e-18
77444,1.0,1.1163821e-28,4.2810686e-19
69231,1.0,3.5461753e-14,3.2307597e-09
91157,1.0,1.4054789e-22,1.0039719e-14
89970,1.0,1.02770195e-29,1.0254788e-19
4298,1.0,1.9143733e-24,3.1558957e-16
87620,1.0,1.60849875e-27,4.1274278e-18
128182,1.0,1.6629934e-19,1.359571e-11
34086,1.0,4.2301386e-21,9.359413e-13
109536,1.0,5.1234165e-26,4.4844204e-17
113189,0.99943703,1.1203722e-07,0.0076257163
60079,1.0,6.045075e-15,4.091296e-10
10596,0.99904734,3.392297e-06,0.004879459
54177,1.0,2.039091e-25,1.1973404e-16
72758,0.44328853,7.3792806e-05,0.4472004
49911,1.0,1.856433e-21,4.5534228e-14
106357,1.0,1.2899882e-26,1.723755e-17
69408,1.0,1.0141738e-19,7.4455253e-13
24225,0.3309709,0.05305895,0.003360615
28332,1.0,2.8237945e-16,1.2538967e-10
79613,1.0,1.4046488e-21,4.748023e-14
33165,0.0035029044,1.3340315e-06,0.0024456114
26088,1.0,2.3877337e-14,1.2883715e-09
71354,1.0,6.170695e-25,1.2488119e-19
66947,1.0,2.2316227e-18,4.6754683e-12
60083,0.9999999,3.9938348e-12,6.644307e-08
87819,1.0,1.2140526e-26,1.6902597e-17
19314,1.0,5.9179134e-24,1.1720434e-15
125605,1.0,1.03153274e-19,8.0807615e-13
129587,0.9981831,3.4568643e-08,0.39849383
95655,1.0,7.026032e-17,5.1455104e-11
34122,1.0,1.790485e-20,1.8044112e-12
57729,0.82453614,2.543547e-06,0.8304862
31754,0.99842715,9.2029795e-06,0.006156285
13439,1.0,5.2080603e-30,1.3619836e-20
122701,0.00337381,1.4430728e-06,0.0019153312
108658,1.0,7.705965e-25,2.6196453e-16
99099,1.0,4.645045e-22,2.242482e-14
51063,1.0,1.7482282e-27,2.6475007e-18
109554,1.0,6.448046e-30,7.60329e-20
94541,1.0,2.1292295e-30,2.6222595e-20
25977,1.0,3.6052032e-17,1.8503128e-11
6586,1.0,7.279263e-18,5.358228e-10
80462,0.00022463022,8.023982e-09,0.00011735743
90173,1.0,7.610393e-29,3.2983119e-19
15741,1.0,1.8671185e-17,1.7069176e-11
87868,0.24191992,0.00016049745,0.2508168
92324,1.0,1.6571764e-23,2.5105688e-15
106309,1.0,9.714408e-28,2.8824424e-18
29490,1.0,1.2206941e-25,8.406558e-17
94780,0.16340001,0.00024857494,0.17398207
90082,1.0,3.72627e-28,1.1747451e-18
103231,0.001455241,1.8953408e-07,0.0009746008
96823,1.0,3.1346942e-24,6.829769e-16
109661,1.0,2.6954249e-27,6.0299804e-18
20099,0.9925016,1.9892168e-06,0.053170513
23708,0.9999999,1.5940862e-12,8.121634e-07
16799,1.0,2.1056186e-31,1.0624338e-22
80845,0.17457438,0.00018721458,0.18528023
57038,0.00036595267,6.7436865e-09,0.00029524748
75250,1.0,1.4693696e-24,4.254099e-16
19280,1.0,2.4311206e-21,5.926471e-14
9737,1.0,1.3009649e-17,1.4092562e-10
61225,0.99999976,5.6348745e-12,7.7828716e-08
72656,1.0,3.303203e-23,3.5578264e-15
74087,1.0,7.783335e-26,5.9185435e-17
54734,0.0012201181,1.2446817e-07,0.0008834877
6601,0.9993944,7.619041e-07,0.0075208033
128164,0.99995327,9.460117e-09,0.000801149
30981,1.0,1.2479147e-22,8.070238e-14
22534,0.0018457973,3.3463698e-07,0.0011955315
72824,1.0,6.1412644e-27,1.0277278e-17
61078,0.99999464,4.655203e-10,6.2189e-06
111877,1.0,1.4140483e-26,1.8207314e-17
51013,1.0,6.9363115e-25,2.1715549e-16
73800,1.0,2.492412e-28,5.1619446e-19
47459,0.9800148,1.8463394e-05,0.44298178
67042,1.0,5.402693e-22,1.6883034e-14
117822,1.0,1.5046608e-26,1.9698595e-17
127256,0.9999881,4.3072146e-10,0.00055626885
71557,1.0,2.3061e-19,3.688728e-13
17833,1.0,3.6177252e-25,1.6554829e-16
96923,1.0,1.7282947e-21,5.327543e-14
128162,0.9984282,3.7230939e-06,0.016816327
49669,1.0,9.4501537e-26,6.407434e-17
44366,0.41262612,0.0015295256,0.36036125
19112,1.0,6.4194947e-25,2.5034903e-16
109040,0.00038063966,7.8054345e-09,0.00029429898
37451,1.0,1.5392046e-17,2.2574383e-10
4583,1.0,1.8658225e-32,6.168986e-22
128114,0.9997788,2.421472e-07,0.0015912517
8243,1.0,4.866085e-17,2.2033789e-10
2901,0.0014661861,2.3659945e-07,0.0008560409
47592,0.9949992,9.692417e-06,0.09451564
23841,1.0,3.290962e-25,1.0701416e-15
61266,1.0,4.2671734e-13,8.428989e-09
111997,1.0,2.2433028e-22,1.2681351e-14
7461,1.0,3.006877e-16,1.3909272e-09
44522,1.0,6.845461e-19,2.7694909e-11
30333,8.357785e-05,5.0299614e-10,7.8794816e-05
76405,1.0,2.1223624e-36,5.414424e-25
8167,1.0,3.3118448e-16,1.3743712e-09
55477,0.7703425,5.875234e-06,0.7783669
128238,0.9999957,2.5484626e-10,5.525253e-05
49790,1.0,1.4655037e-21,3.519203e-14
15557,1.0,1.5115986e-19,9.030471e-13
8152,1.0,5.751444e-22,5.117864e-13
28352,1.0,1.7680971e-16,9.4736864e-11
112693,8.120958e-05,3.6143594e-10,9.299825e-05
34733,0.003797992,1.447855e-06,0.0031155297
122132,1.0,7.2733045e-23,5.4739098e-15
110754,1.0,1.8849401e-22,1.1091948e-14
114166,1.0,1.1242593e-19,7.8224243e-13
125638,1.0,8.3353625e-21,1.343502e-13
58885,1.0,1.469536e-19,9.15817e-13
87890,0.27439463,0.00013419577,0.28113613
20651,0.7903619,1.7165813e-06,0.73739403
23883,1.0,2.0456837e-16,1.2733858e-09
101538,1.0,1.1230354e-23,1.4564408e-15
91278,1.0,4.1515137e-23,4.1744308e-15
37414,0.9999975,2.2769409e-10,2.7580145e-06
34914,1.0,1.3258161e-30,8.702097e-20
106006,1.0,3.4057965e-23,1.5233759e-15
90134,0.9832114,6.122835e-11,0.9782485
86613,1.0,1.6289734e-29,4.7716854e-20
6654,0.08078021,4.110395e-05,0.09549066
5566,1.0,3.1171938e-21,7.1536805e-14
67036,1.0,4.9778748e-23,4.0398893e-15
84471,1.0,1.0561935e-24,3.0737476e-16
57170,1.0,3.4621012e-13,1.8954514e-09
63636,1.0,2.6088774e-14,2.4321694e-09
72816,1.0,1.1937416e-13,5.3700995e-09
116472,1.0,1.6814031e-26,1.7916902e-17
106104,1.0,4.2351495e-26,4.0970603e-17
38861,0.9999993,5.3542795e-12,2.352438e-05
2236,0.38648823,0.00013667342,0.37098628
23820,1.0,2.057269e-13,2.3529749e-07
62568,0.9999857,1.4548293e-09,2.0993706e-05
122428,0.17504127,8.321315e-05,0.15308705
21335,1.0,2.4828283e-20,7.578461e-12
29451,1.0,1.9538939e-27,4.342337e-18
69196,0.9962352,1.7179423e-06,0.11137004
109470,1.0,2.4694142e-21,5.949099e-14
90139,1.0,2.1783368e-28,9.716639e-19
79735,1.0,1.377518e-20,1.7296669e-13
29588,1.0,1.0535578e-24,3.563285e-16
9060,0.99999726,3.4683326e-10,7.4316636e-06
97956,1.0,1.7671755e-21,4.9210764e-14
59151,1.0,3.5761264e-23,3.774349e-15
116565,1.0,4.6539504e-29,1.7228657e-19
70528,0.99992764,9.815769e-09,0.0004628967
2114,0.99999964,1.7732545e-12,1.2089651e-05
56484,1.0,7.145947e-22,2.580894e-14
88964,1.0,1.1208948e-24,3.9307535e-16
99412,0.12032433,0.00011201738,0.11475983
102708,1.0,8.241026e-27,1.3238135e-17
11428,0.0009535981,1.16829824e-07,0.00069606677
111995,1.0,1.3751426e-23,1.6145886e-15
18959,1.0,7.221682e-32,1.2857467e-21
18994,1.0,1.5339397e-26,1.6931315e-17
111319,0.0006974878,3.1817468e-08,0.00055108
4485,1.0,1.0059029e-16,1.1101453e-10
55602,1.0,1.321677e-20,1.8033954e-13
92242,1.0,1.1570066e-22,8.6780855e-15
74480,0.00059058407,2.0774987e-08,0.00047757453
92181,1.0,2.397035e-24,6.064705e-16
49859,1.0,4.4499086e-19,2.031333e-12
44429,1.0,1.2350001e-15,2.812919e-09
65969,0.8168125,2.520655e-06,0.8247872
84232,1.0,1.3527454e-21,4.307831e-14
26245,1.0,1.4826988e-22,4.5854497e-15
18173,1.0,1.0492783e-24,3.6210137e-16
8310,1.0,6.542055e-20,3.2096326e-12
87589,1.0,2.0530598e-27,4.9386976e-18
34115,1.0,8.351561e-29,7.9141705e-19
64726,0.9999993,3.2207275e-11,6.483017e-07
60162,0.99524873,1.0893908e-06,0.3047721
88845,1.0,2.0177589e-24,3.4935247e-16
69462,0.9997812,1.048645e-07,0.002421068
87825,1.0,2.3828713e-28,1.0196206e-18
64541,0.99999976,3.9208623e-12,8.2959076e-08
108450,1.0,5.050269e-16,4.178974e-10
53154,0.9999926,6.336916e-10,1.8548775e-05
29407,0.9668434,1.0413193e-09,0.96507215
105203,1.0,1.9319492e-26,2.1966152e-17
66063,0.8080701,3.108904e-06,0.8157811
37892,0.99999917,7.489187e-11,4.4113366e-09
35775,1.0,1.5328311e-15,2.8673106e-09
72650,1.0,2.3361503e-20,2.8020378e-13
99187,1.0,5.6264206e-24,1.1228216e-15
53212,0.999998,1.9071564e-10,1.687823e-06
84319,1.0,4.8071795e-22,2.2761588e-14
69299,1.0,2.640816e-16,1.09807e-10
75015,1.0,2.6311444e-22,1.0474999e-14
55329,1.0,2.0534849e-25,1.22859e-16
118826,1.0,2.3798568e-27,5.49952e-18
115365,1.0,3.3895693e-23,3.501532e-15
18970,1.0,1.5040338e-28,7.401567e-19
113111,1.0,2.903618e-27,6.097779e-18
68190,1.0,1.753813e-19,9.124832e-13
62368,1.0,1.18862685e-14,5.4760224e-10
12196,1.0,1.1164006e-18,2.9790651e-12
89986,1.0,9.1160957e-29,4.504888e-19
92284,1.0,1.1363173e-22,8.4635845e-15
11970,1.0,4.1208394e-24,6.929958e-19
41187,1.0,5.744293e-23,9.008567e-14
72601,1.0,2.9310386e-20,3.1770937e-13
45976,0.99997497,4.762808e-10,0.0029169768
85296,1.0,5.6821187e-29,3.9631942e-19
102900,1.0,2.5607448e-26,2.886449e-17
56568,1.0,6.7886244e-16,5.4251753e-10
116621,1.0,4.266708e-25,1.7578075e-16
99377,1.0,2.3075167e-19,1.2590696e-12
85595,0.99999964,2.2630328e-11,4.385525e-08
89976,1.0,1.3062887e-28,6.951431e-19
93428,1.0,5.549835e-22,2.210758e-14
127252,1.0,2.2031041e-15,2.4763644e-08
125601,1.0,7.9944765e-22,3.283638e-14
56627,1.0,5.8162775e-18,1.2229354e-11
103801,0.99998987,6.831096e-09,3.1837874e-07
45774,0.99989843,5.3184293e-09,0.00923895
48033,0.0020309563,4.2662853e-07,0.0012857096
65842,0.9656808,1.0867256e-09,0.9675665
88858,0.99998724,2.483818e-09,4.248765e-05
38252,0.9999516,5.6579225e-08,5.013588e-07
106356,1.0,4.4433596e-27,8.33474e-18
98092,1.0,1.6363028e-15,6.249462e-10
35762,1.0,2.9939352e-14,1.9549862e-08
41177,1.0,1.232043e-18,1.4110636e-10
71538,1.0,1.5731865e-28,8.3825315e-19
29477,1.0,1.9234748e-29,1.04570066e-19
76302,1.0,8.405302e-18,8.065723e-12
22187,0.99999964,1.2334112e-11,1.2499554e-06
41352,1.0,3.2011677e-25,4.959318e-16
37233,1.0,7.533666e-24,8.883575e-15
63671,1.0,1.4865665e-15,2.9875866e-10
29513,1.0,4.1935303e-25,1.7588003e-16
93535,0.99648017,1.4328947e-06,0.11494803
35001,1.0,3.749553e-29,1.2014615e-18
127608,0.0007471335,4.209353e-08,0.00052963675
50946,1.0,3.0817174e-25,1.0728183e-16
8252,1.0,3.9043174e-16,6.984276e-10
58786,1.0,2.1447836e-15,4.2120557e-10
59026,1.0,3.4152583e-21,7.6608126e-14
23981,1.0,6.6276316e-21,5.799922e-12
63396,1.0,1.2586962e-14,1.1835667e-09
51015,1.0,1.2659277e-23,1.4437732e-15
41089,1.0,2.1079842e-21,7.8446424e-13
68293,0.99999285,5.522847e-10,3.47429e-06
109465,1.0,2.65916e-26,2.9372214e-17
68146,1.0,9.097005e-18,1.2999743e-11
106573,0.0011121422,1.0769337e-07,0.0007355063
125745,1.0,3.7717756e-21,1.0113641e-13
3278,0.003871851,1.6622024e-06,0.0027398667
76061,1.0,8.523336e-21,1.2915034e-13
71780,1.0,5.726796e-21,4.6869464e-14
4546,1.0,1.2542758e-23,1.6670679e-15
12379,0.99700385,1.632042e-07,0.39174888
115555,1.0,4.2675747e-23,3.9339653e-15
86356,1.0,1.0286728e-25,1.4350908e-24
108463,1.0,2.5801539e-23,3.1877308e-15
10834,0.99999857,2.1170579e-10,6.375302e-09
113136,0.9927342,5.1146944e-06,0.18055223
76369,1.0,1.5710995e-13,5.5503375e-09
19183,1.0,1.093727e-24,3.5334247e-16
89030,1.0,4.6218686e-24,1.047911e-15
14694,1.0,1.1427689e-21,1.3908865e-14
126855,0.96303844,5.7203704e-07,0.8754551
75137,1.0,3.176945e-26,3.255837e-17
116288,0.07435536,0.0014020277,0.001681205
87634,1.0,1.7916358e-24,5.1949817e-16
23965,0.9999083,3.92087e-08,0.0010676872
109463,1.0,2.0042141e-14,5.6266134e-09
18989,1.0,3.3756463e-23,3.1526727e-15
36766,1.0,5.652385e-13,1.7651842e-10
97065,0.99999523,1.5686024e-09,1.3187863e-06
76395,1.0,2.8177446e-18,4.1417616e-12
56806,1.0,6.5327467e-22,2.0480012e-14
19082,1.0,2.5971896e-22,1.4022447e-14
34242,1.0,1.6718047e-24,2.649505e-15
34134,1.0,3.1488513e-22,1.240573e-13
106197,1.0,4.7634793e-29,2.5770016e-19
72639,1.0,5.283768e-13,5.245881e-09
88924,1.0,2.9843419e-24,7.4368143e-16
113143,1.0,2.192056e-22,1.2223786e-14
30874,1.0,3.500816e-27,4.5389414e-18
99287,1.0,2.5357472e-23,3.0691915e-15
127124,1.0,1.0902696e-24,3.322514e-15
99437,1.0,1.5026327e-23,2.2233668e-15
2894,0.00065797527,2.8149762e-08,0.00050755555
17812,1.0,6.0580093e-28,1.9846193e-18
44193,0.9999269,7.819386e-08,0.000218539
60112,0.99999964,1.2486884e-11,2.0733783e-07
89994,1.0,6.4757744e-31,9.05344e-21
60114,1.0,1.9164938e-15,1.5789003e-10
44311,1.0,2.664989e-26,1.5647091e-16
94285,0.00019980819,4.2620005e-09,8.9438756e-05
30774,1.0,1.432298e-29,3.6028055e-20
86571,1.0,9.783879e-28,1.5311224e-18
129613,0.98424536,2.1428916e-10,0.9622987
65844,0.8320641,2.0385464e-06,0.83954656
13204,1.0,3.1136592e-24,7.558251e-16
90944,0.000909169,3.7429476e-08,0.00022338143
65736,0.9331648,3.7875886e-08,0.9362798
89032,1.0,2.1490356e-21,6.366743e-14
88979,1.0,1.32395774e-20,2.2625642e-13
26116,1.0,2.4256536e-22,1.00181035e-14
85441,1.0,6.3716973e-26,5.2260262e-17
41436,1.0,1.8229563e-16,4.683723e-09
60752,5.0606046e-05,2.0083776e-10,3.323948e-05
78544,1.0,2.6096259e-20,3.1775602e-13
44749,0.0001910748,3.696201e-09,0.00014038866
17973,1.0,1.7652575e-26,2.0650329e-17
23635,0.99964154,2.4821694e-07,0.0059851906
127264,1.0,6.8943364e-19,2.0551552e-09
56815,1.0,3.647793e-27,7.15761e-18
87673,1.0,1.0056555e-27,2.8568163e-18
62228,0.97544765,1.2849218e-08,0.9384227
59093,1.0,7.160806e-18,1.0668178e-11
75011,1.0,8.483097e-25,3.1249285e-16
119603,9.151197e-05,8.463299e-10,5.559083e-05
67048,1.0,2.328841e-16,8.332894e-11
29731,1.0,1.3344555e-25,8.9124185e-17
125636,1.0,8.360105e-21,1.5378343e-13
85384,1.0,5.630567e-23,1.966858e-15
88780,1.0,1.899664e-24,5.0506923e-16
98243,1.0,4.2477926e-23,4.1504542e-15
84308,1.0,2.9969008e-25,1.5542806e-16
76168,1.0,2.3369663e-16,7.2544505e-11
72640,1.0,5.813665e-24,1.1117148e-15
26602,1.0,1.701786e-13,3.0411818e-10
116723,1.0,4.6359146e-28,1.3985076e-18
113218,1.0,2.7768671e-24,6.5424184e-16
44482,0.97659904,0.0007225416,0.063054055
72938,1.0,1.3188926e-19,7.959944e-13
98191,1.0,3.0064286e-17,3.0033538e-11
49704,1.0,1.1877845e-20,1.5697215e-13
83217,1.0,1.0983226e-23,1.7950921e-15
20346,0.99368334,1.4671266e-06,0.050288733
107165,1.0,3.537153e-20,4.4209387e-13
92178,1.0,7.5412854e-24,1.3753686e-15
128122,1.0,1.6918698e-20,4.1840346e-12
87869,1.0,1.2629787e-26,1.668587e-17
62414,0.2876275,0.00013073726,0.30350798
84160,1.0,9.886774e-24,1.1830757e-15
18018,1.0,9.506589e-27,1.34777765e-17
109591,0.92795104,4.844483e-06,0.8416234
104788,1.0,2.5319221e-21,1.969647e-19
63383,0.9999999,2.967966e-12,1.1302443e-07
2199,1.0,3.6280453e-27,2.0124237e-17
37430,1.0,1.2762307e-24,3.476417e-15
23836,1.0,2.4511768e-15,5.803007e-09
82004,1.0,2.4885223e-24,6.2869835e-16
16699,1.0,2.0911627e-23,2.6547052e-15
33226,0.96442676,0.0026909024,0.0035108945
37238,1.0,4.9831895e-25,1.1774747e-15
28364,1.0,4.7437074e-17,4.071987e-11
127229,0.9999999,1.2676207e-13,1.8524963e-06
61319,1.0,5.5485396e-16,8.676448e-11
62164,1.0,1.7313927e-25,3.074199e-20
39680,0.9999999,7.4169935e-13,2.5810158e-07
14535,1.0,8.8298025e-27,9.7952445e-18
108314,1.0,4.4789e-24,9.461599e-16
107463,1.0,1.0579619e-20,1.4466138e-13
79416,0.00011017159,7.1578043e-10,0.00011321397
72877,1.0,6.908686e-26,5.4897132e-17
128003,0.9251448,9.335103e-06,0.8098473
9279,0.9999889,9.039174e-09,3.3724735e-08
63668,1.0,4.955405e-23,4.4437936e-15
34118,1.0,1.0585123e-25,3.4040293e-16
13471,1.0,3.2722582e-26,2.9452212e-17
9266,0.9999999,4.5347324e-12,3.361117e-10
75254,1.0,8.0383544e-23,6.9675596e-15
866,1.0,8.951399e-24,1.2245948e-15
2517,0.00033976385,1.7081119e-08,0.00012535951
102901,0.8584034,9.471565e-07,0.8623954
47359,0.88445926,2.505835e-05,0.7803549
43445,0.99999976,1.984667e-12,3.4786565e-06
34997,1.0,2.666734e-29,8.941149e-19
8208,1.0,2.9857842e-19,1.1932716e-11
103991,0.99999774,5.9686944e-10,7.8828485e-08
69325,0.2150293,0.00018002269,0.22732592
122387,1.0,5.7966887e-21,1.1576365e-13
43535,1.0,3.2282828e-17,8.999877e-10
128107,0.9989963,2.7706155e-06,0.007338355
13557,1.0,1.2159373e-14,7.9317514e-10
93902,0.0005027255,1.4896031e-08,0.00039327893
118681,1.0,2.4944691e-26,2.6973516e-17
116372,1.0,1.3090679e-27,3.508345e-18
10564,0.99999774,1.8092966e-10,1.1103434e-05
23668,0.9999999,3.9312843e-13,5.934718e-07
104854,1.0,6.4125617e-27,8.025231e-18
128099,0.9999976,7.9439955e-11,3.5976253e-05
91093,1.0,6.3059336e-24,7.022578e-16
117569,1.0,3.556919e-29,1.4134114e-19
10489,1.0,8.1999514e-18,7.099768e-11
128273,1.0,4.5798043e-22,4.5863904e-13
5778,1.0,1.1036781e-22,5.880497e-14
64778,0.9999999,1.4574379e-12,4.8136723e-08
92272,1.0,1.9033446e-21,5.2108254e-14
117571,1.0,4.9183698e-27,4.121795e-18
106204,0.99999845,1.5404847e-10,2.298375e-06
41380,1.0,3.6262155e-29,5.5288183e-19
43584,1.0,8.580883e-21,1.6660374e-12
17877,1.0,2.17809e-26,2.2774451e-17
47625,1.0,5.6099225e-15,1.0543102e-08
6130,0.99999964,4.0320226e-11,1.2525253e-09
11239,0.99980325,8.141433e-07,1.948106e-05
123085,0.00010867254,4.6114668e-10,0.0001410678
63629,1.0,1.2322581e-20,1.5110326e-13
76389,1.0,2.3595392e-24,5.671416e-16
85487,1.0,9.481638e-19,1.1579132e-12
29521,1.0,6.009297e-31,8.445561e-21
116375,1.0,1.595817e-27,4.094355e-18
113075,1.0,3.304413e-23,3.66602e-15
62241,0.9998363,3.0591675e-08,0.0015428646
88907,1.0,2.8247097e-24,7.3801224e-16
13194,1.0,8.781334e-34,3.036015e-23
1950,1.0,4.1787568e-26,1.6056019e-16
111827,1.0,1.5271335e-24,4.527049e-16
75245,1.0,3.3571104e-26,3.3739572e-17
26098,1.0,1.7226694e-18,2.1835376e-12
83173,1.0,1.0941074e-23,1.8301409e-15
44226,1.0,1.6936177e-15,1.2174795e-08
9761,1.0,4.0244666e-20,1.4147327e-12
26277,1.0,1.4843955e-16,2.7848097e-11
112005,1.0,3.8647938e-25,1.7880314e-16
117630,1.0,8.4900115e-28,2.2757157e-18
80752,1.0,4.7527055e-26,4.4791205e-17
109561,1.0,9.084604e-30,1.028676e-19
46068,0.89999425,1.0392172e-05,0.8067521
25725,0.000117592666,1.1203711e-09,0.00010378205
75193,1.0,1.9210084e-24,5.3400515e-16
79755,1.0,4.0870126e-22,2.111702e-14
81679,0.00021930003,3.5548529e-09,0.00016376111
29471,1.0,1.4623721e-27,3.7724726e-18
41445,1.0,1.08520346e-16,1.3709466e-09
24573,0.002098915,4.5392852e-07,0.0013029483
118929,1.0,2.2848749e-26,2.374754e-17
5745,1.0,7.006678e-14,5.1337423e-09
110660,1.0,9.89897e-23,7.400622e-15
72934,1.0,3.6552213e-25,1.6989099e-16
88922,1.0,5.7309576e-25,2.295431e-16
105090,1.0,3.7379604e-27,7.314111e-18
68247,1.0,7.189804e-15,8.9901325e-10
33420,0.24284942,0.00034645555,0.237713
97718,0.00021339317,4.649659e-09,9.873353e-05
46053,0.9998024,1.600127e-08,0.016313769
104001,0.99999833,8.470029e-11,1.3783852e-06
44377,1.0,5.709778e-22,2.2003516e-13
76092,1.0,1.4743319e-18,3.5884113e-12
19170,1.0,3.0870402e-22,1.68445e-14
32621,1.0,6.759124e-21,1.6374167e-12
67032,1.0,6.8245898e-15,9.285103e-10
123389,1.0,8.587494e-22,3.3662102e-14
1700,0.9951432,8.048919e-05,4.8512506e-05
88983,1.0,2.4008142e-24,6.5097304e-16
19103,1.0,8.8794235e-34,4.3756325e-23
69399,1.0,7.0709913e-16,2.2917152e-10
29694,1.0,1.5411231e-28,7.790373e-19
88973,1.0,1.2209406e-18,2.0533302e-12
82741,0.01728876,0.0051120627,0.0060014217
46985,0.0027053824,6.242379e-07,0.0022710327
72612,0.99999774,2.5407795e-10,2.0682214e-06
45958,0.9999927,5.3627748e-11,0.0010791832
39626,0.9999728,1.4559016e-08,8.7624496e-05
92465,1.0,2.206367e-23,2.8465188e-15
106009,1.0,2.3430434e-25,1.2486899e-16
32246,0.9989526,7.625841e-06,1.1797418e-05
115511,1.0,1.8425826e-22,9.587717e-15
119380,0.999997,5.2956817e-10,2.6748113e-08
85428,1.0,2.6585284e-28,1.0625131e-18
82050,1.0,9.367633e-27,1.393019e-17
41095,1.0,8.8457864e-26,3.719235e-16
22106,1.0,1.2399848e-23,7.366738e-15
94676,1.0,2.3310375e-30,5.6139944e-21
10607,0.99999964,8.162495e-12,1.7328055e-06
29726,1.0,6.0305833e-24,1.0231209e-15
125747,1.0,9.600927e-23,7.408164e-15
44478,1.0,6.9276487e-22,2.4964037e-13
82017,1.0,3.0939825e-23,3.7463916e-15
101444,1.0,2.92805e-23,3.1134716e-15
127923,0.99995923,4.853961e-09,0.0011853335
85592,1.0,1.7973176e-24,3.0147904e-16
10577,0.3370936,0.0012970547,0.30668703
2237,1.0,3.495657e-24,6.6160833e-15
101551,1.0,1.2244035e-22,8.653854e-15
53062,0.9766188,1.3884258e-05,0.50733894
19084,1.0,2.9322262e-26,2.6693558e-17
54709,0.00070028857,3.130471e-08,0.0005643863
107702,0.0014313045,1.8120583e-07,0.001006171
44373,1.0,2.3556995e-16,1.2863237e-09
97996,1.0,4.5653396e-24,9.540028e-16
111790,1.0,2.0550767e-24,5.4766223e-16
53206,0.99985933,2.7544024e-08,0.0027326087
91271,1.0,8.343558e-24,1.5248993e-15
2221,1.0,2.1654897e-25,5.289326e-16
90179,1.0,1.6708023e-26,2.1237922e-17
114121,1.0,2.2436733e-20,2.5895047e-13
89046,1.0,6.885226e-16,3.9276832e-11
92385,1.0,4.8677247e-22,2.036778e-14
47302,0.6243111,4.589585e-05,0.5758196
91224,1.0,1.7284765e-24,5.1441433e-16
10638,0.31978652,0.001179255,0.2953787
78701,1.0,3.2319513e-19,1.188442e-12
106341,1.0,6.691244e-28,2.0724026e-18
19128,1.0,5.1346728e-24,1.0496874e-15
29705,1.0,6.743463e-29,4.2040178e-19
120122,0.098670915,0.00010557293,0.09380606
18997,1.0,3.27424e-28,1.2245089e-18
21640,0.0010789945,1.5350197e-07,0.00042110652
30877,1.0,8.029201e-28,2.510431e-18
41396,0.16645285,0.0003242302,0.17607442
87670,1.0,4.7913107e-28,1.6992388e-18
84375,1.0,2.2242547e-25,1.2973083e-16
29388,1.0,3.824517e-27,7.182693e-18
17190,0.0003560998,5.3537055e-09,0.0003303517
56570,1.0,1.5545748e-19,9.242577e-13
9719,1.0,3.1103605e-23,6.1954455e-15
67201,0.9999999,1.7577912e-12,6.4148246e-08
85406,1.0,1.932604e-27,2.235039e-18
88759,1.0,2.6001832e-22,1.3649863e-14
118733,1.0,1.083458e-16,3.2286247e-11
63733,1.0,3.4831054e-16,1.15887334e-10
120999,0.99999964,7.2657466e-12,1.4739028e-07
116432,0.72125256,9.866206e-06,0.7332588
87831,1.0,1.1230387e-25,6.854221e-17
84169,1.0,3.556765e-24,7.3675206e-16
76050,1.0,3.5627085e-19,1.4844438e-12
33827,0.99999857,1.7420422e-10,1.2075098e-08
37538,1.0,1.9134535e-24,4.9550657e-15
127234,1.0,7.599574e-21,1.9267888e-12
37382,1.0,1.3332205e-23,1.7287887e-14
60067,0.9999999,1.5914793e-12,3.3007215e-08
44402,1.0,2.520048e-23,2.0351586e-14
87584,1.0,2.1340782e-28,9.587624e-19
47485,0.9999999,7.0598714e-13,1.5410807e-06
67124,1.0,9.214646e-16,2.0537123e-10
38677,0.009300927,4.088136e-06,0.009962177
115574,0.9852608,4.1091793e-11,0.9795786
41149,1.0,3.2632553e-20,4.878671e-12
58975,1.0,1.210592e-21,3.8441127e-14
87728,1.0,3.9641345e-25,1.8143676e-16
83265,1.0,1.3279825e-15,1.3225009e-10
107319,1.0,1.1415545e-19,3.688749e-13
17887,1.0,2.9070651e-27,6.155248e-18
119029,1.0,8.937712e-25,2.5584924e-16
31321,0.00061263895,2.2987702e-08,0.00048282943
76295,1.0,4.2503277e-20,2.8856293e-13
13561,1.0,2.9124477e-20,2.7563978e-13
9854,0.4876064,0.00084269926,0.42837682
106291,1.0,7.5769184e-26,5.414942e-17
20351,0.98901397,2.876655e-06,0.061846152
69391,0.9662337,1.230541e-09,0.9657381
79420,1.0,1.9669958e-20,2.2839615e-17
21453,1.0,6.88947e-27,1.916397e-17
75004,1.0,1.2145311e-24,4.00981e-16
79576,1.0,3.2347106e-21,8.459601e-14
105094,1.0,2.8979957e-28,1.2402907e-18
49863,1.0,2.6795849e-20,2.8186977e-13
75104,1.0,2.3916563e-23,2.986952e-15
8141,1.0,8.751308e-18,8.503422e-11
121125,1.0,2.3208228e-13,7.3884587e-09
37440,1.0,4.5680316e-20,3.6178731e-12
17573,0.00014094275,1.3686525e-09,8.174305e-05
91280,1.0,2.2220967e-21,4.6717645e-14
96814,1.0,3.761853e-18,7.686669e-12
69147,1.0,3.410281e-16,1.1948369e-10
20545,0.99799013,1.8047064e-07,0.23422834
107307,1.0,2.1104413e-18,3.7548744e-12
37518,1.0,2.58308e-22,8.744451e-14
128194,0.9999974,1.5872523e-10,2.1547572e-05
68341,0.99999905,3.745856e-11,3.2387518e-07
53264,0.9999987,2.0622025e-10,4.3552254e-07
19303,1.0,8.726608e-25,3.0908793e-16
85451,1.0,3.6139975e-27,6.785459e-18
32580,1.0,6.701985e-17,8.0868645e-10
69235,0.9997845,1.029245e-08,0.000593855
65873,0.8892085,4.030015e-07,0.8948887
14600,1.0,4.3860736e-17,1.1425e-11
87908,1.0,3.229065e-28,1.2511633e-18
75199,1.0,7.812554e-24,1.1699662e-15
29693,1.0,5.368883e-27,9.2116835e-18
55565,1.0,2.2765248e-24,6.011636e-16
56667,1.0,1.7314414e-22,1.0846707e-14
14581,1.0,2.9695982e-26,2.2562418e-17
17321,0.000317931,3.943669e-09,0.00030582934
125736,1.0,3.0824257e-23,3.6099684e-15
26240,1.0,3.153056e-16,4.015652e-11
82098,1.0,9.174098e-24,1.5738512e-15
69192,1.0,1.775149e-20,2.0064412e-13
20392,0.9872957,3.923021e-06,0.065722734
69352,1.0,6.974243e-20,5.6081203e-13
66901,1.0,3.3116285e-17,2.5730142e-11
49570,1.0,1.04590643e-22,7.2445364e-15
111842,1.0,3.4113914e-21,7.3714215e-14
112442,0.9999336,7.1543575e-08,1.6636869e-06
60035,0.9999999,1.1807667e-12,2.3138718e-08
84400,1.0,5.90867e-22,2.517499e-14
34912,1.0,1.3723131e-30,8.237377e-20
94778,0.14731431,0.00026581332,0.15489379
5691,1.0,2.3839957e-23,2.3777386e-15
94595,1.0,6.7081477e-25,2.157658e-16
61093,0.9999994,2.177533e-11,3.4863137e-07
79840,1.0,4.566949e-21,1.0481459e-13
91234,1.0,3.545525e-22,1.1157045e-14
117460,1.0,1.3032044e-18,2.5404311e-17
45855,0.9994997,1.7330596e-08,0.09879445
46015,1.0,1.495181e-17,1.2325846e-09
103985,0.9999999,6.613482e-12,1.6198937e-08
91161,1.0,2.3308336e-22,1.1719814e-14
38837,1.0,6.177997e-25,1.6857476e-15
45900,0.9999995,2.0947352e-12,1.9350799e-05
47435,0.9993587,3.0973015e-07,0.018981313
108612,1.0,9.139247e-22,3.363303e-14
41120,1.0,4.1543794e-24,2.4543735e-14
75196,0.15540875,9.955405e-05,0.14376548
128157,0.9999989,5.7081766e-11,4.6879222e-06
129577,0.97870106,4.1448973e-09,0.93979263
118785,1.0,5.0128094e-21,1.12001215e-13
106190,0.119607694,0.00017645684,0.12139272
32518,1.0,9.89435e-18,2.1896496e-10
28595,1.0,1.0115837e-14,1.5971319e-09
79058,0.9999999,1.0117815e-12,7.0187034e-10
5488,1.0,4.196863e-23,4.0436053e-15
94687,1.0,6.803119e-15,2.9268912e-10
820,1.0,1.7062049e-22,9.16585e-15
111777,1.0,8.829349e-23,6.720169e-15
117579,1.0,1.4473101e-27,3.1930326e-18
124497,1.0,1.7895057e-23,2.5314276e-15
41289,1.0,9.442512e-19,7.2478676e-11
5684,1.0,1.15012354e-23,1.5859167e-15
72606,1.0,3.440401e-30,4.8846007e-20
41111,1.0,4.9226705e-26,1.6280274e-16
128230,0.9999924,1.0646194e-09,5.27626e-05
127975,0.9999995,2.5791843e-12,2.0533033e-05
47368,0.9391259,3.11066e-05,0.70557135
117714,1.0,1.5787653e-28,7.2753725e-19
16986,1.0,3.780755e-26,1.7908292e-17
114259,1.0,1.9642737e-20,2.5878163e-13
53346,0.9999752,3.3166865e-09,0.00015481148
23933,0.9999999,4.611134e-13,3.229779e-07
16886,1.0,1.8343e-22,8.747149e-15
125795,1.0,1.5399458e-23,1.9485019e-15
99242,1.0,9.6990886e-26,7.0342917e-17
39541,0.99797267,4.37788e-06,0.026192598
49794,1.0,6.2240557e-24,8.5331497e-16
70455,1.0,2.757854e-17,2.0306637e-11
19056,1.0,4.91424e-21,9.9057196e-14
39523,0.9999732,6.7490906e-09,0.00023797809
72819,1.0,4.734804e-13,1.517043e-08
55996,0.9999981,2.2581184e-10,2.0487965e-08
111832,1.0,5.363559e-20,4.5075835e-13
13375,1.0,2.757058e-22,1.27262025e-14
84376,1.0,2.2035177e-21,6.3142694e-14
127076,0.99916065,8.256302e-08,0.08204924
77313,1.0,1.9726704e-26,2.399422e-17
126947,1.0,2.2984733e-22,6.279269e-15
114071,1.0,7.0880036e-24,1.2979722e-15
72960,1.0,6.7710087e-17,4.869832e-11
65747,0.80048,3.3889276e-06,0.808903
17798,1.0,4.474207e-30,4.77398e-20
38250,0.99983025,4.3038284e-07,1.8829327e-06
72654,0.9999994,3.1970412e-11,3.2325002e-07
9077,1.0,7.732044e-20,2.6629753e-12
123854,0.002128828,4.6400623e-07,0.0013720191
76272,1.0,3.993659e-16,9.031238e-11
54227,1.0,1.6870639e-18,2.5100553e-12
41269,1.0,4.9258077e-26,1.8989618e-16
127089,1.0,6.6755747e-25,2.615232e-16
76421,1.0,1.2427873e-13,4.267678e-09
13373,0.107008405,0.00012404768,0.10683682
39662,0.0905388,0.00032384467,0.09135047
119245,0.0014936484,2.0674827e-07,0.0009843371
66997,0.14979313,0.00022633055,0.15971738
128214,0.9996983,1.424663e-07,0.006570932
123434,1.0,5.2213224e-25,2.0044185e-16
6751,1.0,4.400088e-15,4.8689826e-09
33333,0.99508816,6.2979285e-05,0.015312493
66059,0.8098444,3.127275e-06,0.816986
66912,1.0,2.460763e-21,5.8140714e-14
89028,1.0,1.8942876e-24,5.4107533e-16
37330,1.0,8.5845705e-24,1.2658659e-14
12193,1.0,1.3934594e-18,3.4938116e-12
84419,1.0,4.095686e-24,5.3537173e-16
31040,1.0,1.2692339e-25,5.59718e-16
41388,1.0,1.2168365e-23,2.0286903e-14
5897,0.99999976,3.454069e-12,6.087827e-07
65686,0.39514673,9.49454e-05,0.41141915
29599,1.0,9.33343e-26,5.6925895e-17
37259,1.0,9.6888603e-23,5.077608e-14
124549,1.0,2.5156384e-24,6.702244e-16
21431,1.0,4.6181744e-21,3.354421e-12
18165,1.0,1.3631541e-26,1.8163543e-17
58863,1.0,7.2902655e-26,6.022076e-17
53030,0.9918719,4.389293e-06,0.2815543
44403,1.0,1.398141e-16,5.625173e-10
28375,1.0,2.9795566e-14,5.205305e-09
5780,1.0,9.454273e-24,1.0139634e-14
25911,0.00014549654,2.7098261e-09,7.930174e-05
77392,1.0,1.8662273e-33,4.4797906e-23
128103,0.9999999,4.8823825e-13,5.2738365e-06
44374,1.0,4.9985816e-14,4.141754e-08
30957,1.0,3.6747082e-26,2.4849273e-16
41261,0.123993106,6.229375e-05,0.13927141
71786,0.9857022,3.6028888e-12,0.98543906
75207,1.0,7.473177e-26,5.84261e-17
23743,1.0,6.072775e-19,6.177852e-11
68282,0.2735695,0.00015791482,0.28491756
117074,1.0,6.251139e-15,2.4159662e-11
44413,1.0,9.1439e-19,1.898735e-11
69199,1.0,4.7149903e-15,7.6962414e-10
14490,1.0,3.2651796e-31,8.808265e-21
13539,1.0,1.1519803e-24,3.4357567e-16
45952,0.99566925,3.8948315e-07,0.40205094
98177,1.0,1.2277346e-28,4.8440033e-19
27224,0.99995387,7.083149e-10,0.0027866913
129532,0.999458,1.8753573e-08,0.10864807
49607,1.0,1.3300832e-20,1.7257915e-13
128165,0.99998736,1.4348472e-09,0.00016405995
124768,1.0,1.5245139e-17,1.2910466e-11
124741,1.0,3.81097e-21,8.850465e-14
19087,1.0,1.454117e-27,3.696529e-18
44280,1.0,4.3143792e-20,4.789166e-12
104917,1.0,3.3521803e-28,1.0242244e-18
53162,0.9999956,2.729542e-10,8.434141e-06
72664,1.0,6.834439e-22,2.8457546e-14
28306,1.0,4.40391e-18,8.997603e-12
68329,1.0,2.3558564e-20,2.4285164e-13
106933,9.19731e-05,4.493375e-10,0.00010256348
34981,1.0,4.009246e-30,2.4222082e-19
26150,1.0,9.020133e-15,3.908576e-10
49598,1.0,2.1752605e-24,5.4158953e-16
65911,0.8205546,2.4551218e-06,0.8280869
19066,1.0,1.1390758e-25,7.339606e-17
34051,1.0,2.9162425e-25,7.2328514e-16
95745,1.0,6.559683e-17,4.0641036e-11
16701,1.0,4.3307905e-18,8.522757e-12
23681,1.0,9.32042e-16,4.0516466e-09
45947,0.9712511,7.177801e-11,0.9580178
67095,1.0,4.8517615e-15,6.4357514e-10
54181,1.0,6.858983e-24,1.0783826e-15
63581,1.0,1.474588e-14,1.3511421e-09
73942,1.0,1.4301312e-28,6.949204e-19
28466,1.0,9.387288e-16,3.673862e-10
129447,1.0,8.6081126e-17,8.107982e-09
115524,1.0,5.4336727e-23,4.3809446e-15
50800,1.0,1.5230895e-25,9.763613e-17
22213,1.0,3.3496427e-17,1.6614347e-10
80723,1.0,3.2624236e-26,3.327597e-17
108220,1.0,1.1027691e-22,5.88951e-18
46285,0.00034909666,2.0032111e-08,0.00012583773
32560,1.0,1.1827302e-19,1.0556205e-11
45923,0.8687185,1.9148147e-06,0.80181247
69493,1.0,4.995241e-16,1.7379237e-10
45959,0.9415588,3.1407305e-06,0.8348201
35705,0.9999732,1.6144835e-08,8.1390004e-05
102837,0.85426563,9.7494e-07,0.85690176
105000,1.0,7.4891905e-25,2.1176614e-16
63588,1.0,4.304816e-18,7.0663544e-12
128031,0.99999976,2.0655504e-12,5.552248e-06
32620,0.9999999,7.500072e-13,2.8423847e-07
111856,0.99999726,5.978197e-10,1.3101543e-06
59067,1.0,4.082495e-14,2.9394245e-09
1995,1.0,3.710194e-31,1.7869902e-21
41267,1.0,1.2474319e-18,1.0132135e-10
64466,1.0,3.755383e-27,4.8715884e-22
99390,1.0,1.5773599e-24,4.085809e-16
9790,0.4929015,0.0016577439,0.4116987
108564,1.0,5.579621e-21,1.0308002e-13
109808,1.0,3.7892286e-27,7.013148e-18
97358,0.0004911492,1.7358781e-08,0.00032342508
78605,1.0,2.978736e-23,3.4757275e-15
61313,0.9999949,5.364742e-10,8.108764e-06
72785,0.9991547,2.9605076e-09,0.37126803
67109,1.0,9.075951e-21,1.3049986e-13
2144,1.0,2.5658016e-25,6.803194e-16
26255,1.0,5.4306083e-22,1.2630731e-14
42702,0.3950857,5.5506818e-05,0.384923
36482,1.0,1.4177696e-26,6.6795245e-17
44199,1.0,1.2273269e-21,7.144453e-13
28342,1.0,1.8625807e-16,9.486525e-11
29466,1.0,8.487721e-26,6.376225e-17
10568,1.0,4.5354094e-26,6.043363e-17
90072,1.0,7.055779e-28,1.1515226e-18
104653,0.0023348017,1.1437478e-06,0.00082819466
44266,1.0,1.5213145e-15,4.252411e-09
69490,0.9824158,2.817119e-12,0.9830662
66910,1.0,9.777937e-15,1.0618614e-09
69502,1.0,1.9748638e-16,9.298657e-11
44535,0.9939254,7.793047e-05,0.023177247
103093,0.001626543,2.4388027e-07,0.0010914837
85432,1.0,8.412842e-14,4.4803525e-09
85407,1.0,1.9836328e-13,2.357308e-09
98285,1.0,2.0972192e-22,1.1850003e-14
4389,1.0,2.6204909e-19,1.3824904e-12
63482,1.0,1.7752667e-17,1.5927223e-11
107886,0.0010684162,9.152674e-08,0.0007838376
110797,0.11305628,0.0001893204,0.11356251
26288,0.99999976,7.509696e-12,8.347827e-08
46060,0.99999976,1.1837951e-12,5.755743e-06
118398,0.000117622505,5.4976645e-10,0.0001617983
54469,1.0,1.3219359e-25,9.202417e-17
72610,1.0,6.2133015e-19,2.2878739e-12
124622,0.14434302,6.861981e-05,0.12752074
16702,1.0,2.1317288e-26,2.243668e-17
23692,0.99999833,3.41654e-11,3.3699023e-05
8254,1.0,5.442311e-20,4.583061e-12
1127,1.0,2.141742e-15,2.1725147e-10
88992,1.0,1.7987634e-18,3.1300173e-12
42656,0.75479466,4.822845e-07,0.71251106
74919,1.0,1.5250398e-14,4.3972717e-10
74812,1.0,2.1603106e-23,8.110199e-19
21455,1.0,1.4587052e-28,4.2217282e-19
68082,0.99999833,7.479793e-11,6.5139915e-07
66926,1.0,4.625325e-17,3.2436488e-11
54413,1.0,1.29078754e-23,2.1250587e-15
70538,0.9999999,2.711756e-12,3.3599598e-08
23726,1.0,5.1603553e-17,7.4869916e-10
107455,1.0,2.2310258e-19,1.0422556e-12
20432,0.9940001,1.5239358e-06,0.045454014
34187,1.0,2.6441795e-26,9.6713865e-17
59744,9.891626e-05,8.710378e-10,5.2794563e-05
111908,1.0,3.6281875e-25,1.631403e-16
49605,1.0,4.3055624e-22,1.7185904e-14
85580,1.0,6.6026257e-28,1.1946611e-18
8964,1.0,5.457846e-18,4.6670782e-11
95697,1.0,3.10307e-13,2.3780283e-08
121332,1.0,1.6937223e-21,4.0984418e-14
126757,0.6596387,0.00010256563,0.5832221
34856,1.0,1.8198455e-29,4.423253e-19
29624,1.0,2.5743085e-27,5.648954e-18
64551,0.99999964,9.621256e-12,1.358828e-07
92237,1.0,9.8352824e-23,7.680121e-15
2182,1.0,5.694665e-28,7.353165e-18
28164,1.0,1.7414029e-23,4.39327e-19
5444,1.0,1.3247174e-25,8.2835534e-17
29412,1.0,4.639102e-27,8.632574e-18
23729,1.0,2.9810427e-16,1.3135919e-09
97085,1.0,1.635916e-22,1.0165352e-14
114123,1.0,8.797734e-18,1.2616183e-11
53174,0.118678585,0.00020094974,0.11971303
14358,1.0,2.1618362e-30,3.3783953e-20
78402,0.9999988,8.217704e-11,1.7216851e-06
28531,1.0,8.804261e-15,1.4082869e-09
14487,1.0,7.9925345e-27,9.807358e-18
106202,1.0,3.1212792e-26,3.338799e-17
117719,1.0,1.6857078e-24,4.1288806e-16
9885,1.0,1.0883257e-15,1.2987685e-09
110725,1.0,2.6558506e-22,1.371126e-14
96828,1.0,9.980001e-22,3.1463547e-14
64442,1.0,4.0500815e-26,8.019619e-21
44577,0.00019938208,3.729136e-09,0.00015680521
100165,6.111115e-05,1.7789982e-10,7.491956e-05
92195,1.0,4.2116866e-21,5.5908264e-14
128723,0.002851219,1.1536772e-06,0.0013184281
45897,0.82270306,4.6074277e-07,0.77281475
29750,1.0,6.980807e-23,4.2099486e-15
93528,1.0,6.6518675e-22,2.1326448e-14
43538,0.9999639,3.4311258e-09,0.0012161458
28384,1.0,7.3472003e-16,2.3248761e-10
13424,1.0,3.932824e-23,3.785149e-15
37505,0.99996924,1.8265416e-08,9.137629e-05
114323,0.9596787,5.2725595e-06,0.76570106
96887,1.0,2.1998213e-22,1.2893147e-14
119246,0.0015781967,2.2935482e-07,0.0010524042
127236,0.9999825,3.5378728e-10,0.001658467
20241,0.9912684,2.2536947e-06,0.057816256
108599,1.0,5.7487866e-23,5.343009e-15
37507,1.0,4.1485317e-26,1.8477829e-16
128219,1.0,1.2952062e-13,4.351667e-07
108546,1.0,1.2772775e-17,1.32962e-11
84221,1.0,1.4964156e-22,1.0904706e-14
27645,0.0010835392,9.329244e-08,0.00041529577
78596,1.0,2.207199e-24,6.096599e-16
86474,1.0,7.334991e-31,3.5471775e-21
2273,1.0,1.07863544e-19,1.0498838e-11
28249,1.0,1.4614218e-15,3.2401504e-10
71592,1.0,6.1678037e-24,1.19836e-15
43094,0.0012863422,1.4403119e-07,0.0006575653
112953,1.0,1.322755e-22,9.302487e-15
25968,1.0,1.6825799e-23,1.6808867e-15
47547,0.9994772,8.245113e-08,0.03541928
75964,1.0,9.795997e-17,2.4594403e-13
21556,0.00056394376,4.659862e-08,0.00019473086
86704,1.0,1.3616694e-31,1.0122246e-21
69447,1.0,2.1075345e-13,1.391087e-08
63589,1.0,5.840583e-17,3.490217e-11
18027,1.0,2.1603907e-25,1.2156994e-16
84297,1.0,2.5531224e-22,1.3208092e-14
19178,1.0,9.702616e-31,4.5845964e-21
1638,0.0060815415,6.022487e-06,0.002497608
29564,1.0,5.044296e-25,2.0250309e-16
17859,1.0,3.288483e-29,2.5169405e-19
61646,0.0014091877,1.7201212e-07,0.00097214646
18993,1.0,1.5583284e-25,9.013279e-17
75105,0.9999975,2.4693245e-10,3.2052149e-06
4533,1.0,6.834175e-23,5.4215826e-15
99149,1.0,4.3729794e-23,3.9849105e-15
53118,0.9999989,1.0203543e-10,6.2221113e-07
113040,1.0,7.896491e-21,1.335821e-13
84382,1.0,2.66955e-24,6.774887e-16
29457,1.0,2.440503e-30,3.8085887e-20
84258,1.0,6.163264e-24,4.6982726e-16
64632,1.0,1.5538167e-14,1.2224003e-09
28333,1.0,1.746803e-18,2.8630106e-12
37426,1.0,5.769102e-25,1.8018909e-15
67010,1.0,7.259253e-15,1.0235611e-09
20162,0.99483395,1.2919943e-06,0.04043944
97097,1.0,1.8086794e-17,1.9274589e-11
74053,1.0,8.991655e-22,3.2622817e-14
107397,1.0,7.102089e-21,1.542461e-13
85623,1.0,3.1794283e-20,1.2032809e-13
107195,1.0,2.0163944e-19,1.3691623e-12
107211,1.0,1.1991122e-19,7.423603e-13
44208,1.0,9.147386e-27,6.896921e-17
74910,0.972537,7.35296e-06,0.29749024
91292,1.0,3.170376e-23,3.8416337e-15
36470,1.0,1.5839005e-26,7.825258e-17
114354,1.0,1.5382129e-24,4.526652e-16
19326,1.0,1.2141148e-23,1.8202958e-15
4257,1.0,1.8502177e-22,8.534001e-15
5747,1.0,1.2440727e-17,1.1238437e-11
9596,0.0029615709,1.0016548e-06,0.0021533342
76347,1.0,3.605604e-16,8.639918e-11
15778,0.9999999,1.1131741e-12,5.4659683e-08
92243,1.0,3.0663572e-24,6.5486356e-16
84461,1.0,2.5643339e-25,1.3559935e-16
48590,0.0045211804,2.5367738e-06,0.00293938
91058,1.0,7.98831e-24,1.5209432e-15
73616,0.0030251315,1.8384712e-06,0.0008141979
69518,1.0,4.6524746e-15,6.8742506e-10
22237,1.0,2.3275231e-19,5.8819056e-12
37517,1.0,3.329985e-24,6.931004e-15
28265,1.0,1.02484795e-14,1.132886e-09
27414,0.9997576,3.949482e-08,0.0069790366
13529,1.0,5.885409e-30,7.5492445e-20
91275,1.0,3.2115328e-22,1.658974e-14
129596,0.81815815,2.056753e-07,0.7728868
98195,1.0,1.3363039e-26,1.7856311e-17
88915,1.0,2.0454412e-24,5.9777455e-16
121032,1.0,2.3811075e-14,1.2003608e-09
124349,0.00012825461,1.4025986e-09,0.000101168516
31201,0.00043341392,3.5515736e-08,0.00017241597
6460,0.0030399142,1.0779997e-06,0.0021664135
96790,1.0,7.2616295e-24,1.3253509e-15
45968,0.9997367,1.9311269e-08,0.02579826
71791,1.0,1.8589042e-23,2.2146818e-15
102558,1.0,1.7883948e-29,2.284873e-20
2045,1.0,1.7298798e-26,1.1427107e-16
98189,1.0,5.506328e-23,4.9952243e-15
35152,0.00079905003,1.3813286e-07,0.00022520732
109724,1.0,9.328793e-28,2.0234383e-18
65779,0.93873036,2.4940972e-08,0.9412109
49758,1.0,8.1725824e-21,1.2109663e-13
83319,1.0,1.2223163e-24,4.1760053e-16
1519,0.9999999,8.494972e-12,7.5992257e-10
99445,1.0,1.1022324e-19,7.723184e-13
74426,0.9999994,2.99031e-11,9.196594e-09
45908,0.8801957,1.8447023e-06,0.8116074
72693,1.0,1.9098866e-25,1.1116378e-16
59065,1.0,1.2249925e-14,1.4501473e-09
103712,0.99994326,2.2299227e-09,0.00036099143
90247,1.0,9.005995e-24,1.6331348e-15
52200,1.0,3.3492398e-21,8.106631e-14
128240,0.9975223,1.1737871e-05,0.017246326
97086,1.0,7.858375e-24,1.4350263e-15
44372,1.0,8.851248e-20,7.484814e-12
63639,0.9999999,1.6375011e-12,1.1530332e-07
41072,1.0,2.9978114e-20,3.72694e-12
91383,1.0,8.2280283e-25,3.1298077e-16
23719,1.0,1.9911371e-14,1.0519344e-07
19171,1.0,2.2450923e-22,1.3139045e-14
14629,1.0,1.7603083e-26,1.4987616e-17
98007,1.0,2.5656532e-26,2.7608541e-17
106097,0.99967766,9.638319e-08,0.009306494
63576,1.0,3.4430802e-22,1.6255001e-14
106052,1.0,3.492985e-27,6.9123513e-18
56468,1.0,1.2497393e-22,8.358696e-15
99147,1.0,1.7874667e-22,8.7271185e-15
127244,1.0,3.7965565e-16,1.8516994e-08
112978,1.0,1.8485827e-20,2.3317782e-13
41360,1.0,6.4815675e-28,1.3031851e-17
89073,1.0,2.1941892e-22,1.41154525e-14
41338,1.0,1.0170478e-20,3.984894e-12
127922,0.99879384,7.725604e-07,0.03588711
5589,1.0,5.0969018e-20,4.3125022e-13
29493,1.0,3.4283123e-28,1.2567984e-18
85265,1.0,1.1597887e-25,6.58031e-17
85330,1.0,3.6833982e-17,1.3738403e-11
66921,1.0,6.2676013e-19,2.1706567e-12
127964,0.99999833,2.1040263e-11,6.1462175e-05
88748,1.0,9.540895e-25,3.5408862e-16
122224,1.0,1.5283089e-19,9.740309e-13
47318,0.9826376,5.1123354e-08,0.88571775
12047,1.0,4.744373e-26,4.240358e-17
106199,1.0,5.564437e-31,1.2276781e-21
112103,1.0,3.7956507e-20,2.7482712e-13
39538,0.99991274,3.3411453e-08,0.0011191634
72626,1.0,2.034441e-21,5.3634726e-14
64641,0.99999976,5.5631216e-12,1.6529076e-07
114085,1.0,6.5996916e-17,4.7413243e-11
36593,1.0,3.047524e-24,2.5752281e-15
96970,1.0,2.4877533e-24,6.4617825e-16
108497,1.0,2.8654954e-24,7.3971467e-16
49793,1.0,1.2852292e-25,5.848698e-17
92371,1.0,3.1890434e-23,3.896835e-15
1949,1.0,1.5030755e-21,6.093132e-13
121124,1.0,8.383837e-28,2.4159253e-18
79603,1.0,2.0520686e-24,6.046986e-16
44436,0.99999726,3.1753475e-10,8.907655e-06
41181,1.0,1.7494994e-23,4.1416784e-14
105439,0.001559884,2.20218e-07,0.0010572064
41216,1.0,6.933023e-20,7.658731e-12
45268,0.9940481,0.00010203526,5.5376386e-05
38525,0.040751554,1.2486971e-06,0.04481892
68183,1.0,1.5142981e-21,3.8757924e-14
49731,1.0,4.740999e-22,1.803267e-14
85357,1.0,2.8653082e-25,1.3620331e-16
51958,1.0,1.7564482e-22,1.1187348e-14
68129,1.0,4.9096755e-18,7.971433e-12
39871,1.0,1.1244649e-12,2.304554e-10
43006,0.00017752782,5.8640215e-10,0.00012914743
49625,1.0,1.5140423e-23,1.788503e-15
58798,1.0,5.0350422e-20,4.4620763e-13
113118,1.0,8.417221e-22,2.9075168e-14
73814,1.0,9.912897e-26,7.422526e-17
47570,0.13855885,0.00045865637,0.14488214
116705,0.93704367,2.3306633e-08,0.94039583
96991,0.99999845,1.6074025e-10,1.7581888e-06
87687,1.0,3.9589533e-24,8.3307427e-16
121220,1.0,6.3951557e-31,1.4946257e-20
121682,0.9999999,4.940361e-12,1.8648836e-09
29437,1.0,5.072173e-27,7.9869326e-18
12714,0.99999976,6.5473625e-12,6.0556418e-09
84476,1.0,6.8381584e-25,2.0651759e-16
126158,0.0011449701,1.08942665e-07,0.0008258223
90208,1.0,5.2818775e-19,8.566463e-13
19117,1.0,4.3667903e-25,1.8530627e-16
107487,1.0,2.1221937e-20,2.6157448e-13
118093,0.001433625,1.8021419e-07,0.0009805574
39606,0.9997472,1.879139e-07,0.0032565026
29530,1.0,4.0759123e-29,2.6861054e-19
129521,0.8905187,6.2722973e-09,0.8642851
109262,0.00023143803,6.6786603e-09,9.4091694e-05
99384,1.0,2.4596757e-20,2.7270195e-13
91321,1.0,7.6918463e-23,6.089676e-15
47533,0.9999943,2.557149e-10,0.00012054649
72697,1.0,9.868708e-20,7.1336416e-13
9800,1.0,6.5356233e-19,7.679019e-12
85442,1.0,7.3711827e-29,4.798246e-19
89006,1.0,8.374452e-25,3.1307156e-16
89088,1.0,1.0941109e-24,3.9677228e-16
76221,1.0,1.338313e-20,1.5150035e-13
62339,0.9999999,4.4154467e-12,5.034324e-08
37444,1.0,2.3781904e-24,4.836904e-15
13255,1.0,5.1768344e-26,4.5445568e-17
4347,1.0,6.251972e-23,4.3743653e-15
109837,1.0,1.3481533e-24,3.4657033e-16
37429,1.0,2.5796124e-23,2.6038318e-14
90251,1.0,1.2048441e-18,5.1158145e-13
69435,0.9999999,1.8046624e-12,2.8429097e-08
128274,0.99999976,2.920626e-12,2.2806412e-06
5732,1.0,1.7539767e-23,2.0160523e-15
73801,1.0,2.4063694e-25,1.2562101e-16
84179,1.0,1.973921e-25,1.1890609e-16
106144,1.0,1.9118776e-24,5.682721e-16
118923,1.0,1.3313051e-22,1.00521355e-14
91214,0.11567895,0.00017184153,0.11478442
77250,1.0,9.907804e-24,1.2599348e-15
20395,0.9928019,1.9400113e-06,0.049244054
85504,1.0,1.163012e-21,3.585404e-14
86483,0.97055954,5.476931e-10,0.970295
97124,1.0,2.3833764e-24,6.226693e-16
127928,1.0,3.598924e-17,4.9462616e-09
116471,1.0,1.1950749e-27,8.3201543e-19
90016,1.0,9.326978e-28,2.7648047e-18
2177,1.0,2.2352164e-27,1.2278399e-17
115415,1.0,1.0039151e-20,1.6163896e-13
109607,1.0,4.938583e-26,4.404198e-17
76062,1.0,5.961454e-19,2.0109938e-12
89983,1.0,3.9000025e-30,5.2979177e-20
40640,0.9999999,7.3375386e-12,8.416792e-10
56518,0.9997842,6.939269e-08,0.0009602234
69385,1.0,4.387068e-14,2.482094e-09
34153,1.0,2.2238939e-29,2.6626716e-19
73958,1.0,9.539252e-26,6.649018e-17
27646,0.00015134772,8.107668e-10,0.00011426296
34216,1.0,3.4914314e-17,5.832999e-10
99282,1.0,1.1920309e-24,3.0832833e-16
6927,0.99999964,2.9786916e-11,7.851854e-10
41248,1.0,2.7933887e-16,9.087353e-09
49667,1.0,2.0770315e-19,1.0908753e-12
87484,1.0,1.5052768e-24,3.8140676e-21
124551,1.0,1.2137478e-25,8.017371e-17
44150,0.9998186,8.610793e-07,1.901914e-05
35412,0.00072225416,3.9449425e-08,0.000451923
62468,1.0,6.1325527e-13,1.0047412e-08
59985,1.0,1.3914922e-13,4.21021e-09
29528,1.0,1.2452676e-27,2.9302923e-18
84290,1.0,6.893631e-25,2.80167e-16
89049,1.0,1.7523488e-26,2.2126784e-17
67060,1.0,1.0865918e-15,2.257662e-10
94551,1.0,7.4454256e-28,1.1008127e-18
43457,0.999995,9.0444076e-11,0.0002742556
74911,1.0,2.2426247e-24,4.4801314e-16
102640,1.0,1.4549703e-21,3.848529e-14
58824,1.0,1.0739198e-16,4.507132e-11
17900,1.0,4.441776e-23,3.4412806e-15
98289,1.0,2.7237042e-27,5.8502796e-18
89053,1.0,2.2751707e-24,6.5721593e-16
84192,1.0,3.5802606e-24,8.5016655e-16
116628,1.0,4.5542177e-27,3.3166712e-18
112997,1.0,1.4213396e-24,3.9461079e-16
111930,1.0,3.3323715e-18,5.6666265e-12
13473,1.0,3.452214e-26,3.248939e-17
95703,1.0,8.457973e-14,3.4774754e-09
58573,8.6639986e-05,5.274362e-10,8.53351e-05
99431,1.0,4.1002014e-25,1.7446805e-16
35727,0.9991246,3.868456e-06,0.0027761473
47309,0.9843673,7.586504e-06,0.47555026
67037,1.0,9.982201e-16,2.354256e-10
4499,1.0,1.3164603e-18,3.4550644e-12
109658,1.0,1.5258276e-26,1.76844e-17
116724,1.0,1.2941369e-28,6.0580133e-19
96898,1.0,8.986267e-23,7.333483e-15
64674,0.9999999,1.886e-12,6.9225464e-08
35811,0.9999193,9.368402e-08,0.0002555979
109722,1.0,8.0672144e-27,1.0100783e-17
76390,1.0,8.090177e-26,4.694329e-17
39628,0.9998173,2.1004273e-07,0.0010994546
85516,0.99976534,7.199764e-08,0.0053190985
67071,1.0,2.3765798e-21,5.8332875e-14
76107,1.0,8.821354e-19,2.5989172e-12
925,1.0,1.7155301e-23,1.9231364e-15
98102,0.16986984,0.00025330944,0.18077847
52111,1.0,5.763235e-23,3.707593e-15
69222,1.0,2.2144703e-23,2.8271264e-15
119011,1.0,1.3051935e-27,3.472131e-18
90213,1.0,7.671278e-30,3.8456557e-20
53260,0.99999964,3.3795713e-11,7.7559605e-08
76265,1.0,2.5415363e-17,1.69171e-11
37462,1.0,4.6330344e-20,3.2864295e-12
79798,1.0,2.2124352e-23,2.779773e-15
88946,1.0,7.3879153e-26,5.623694e-17
67054,1.0,2.9990255e-19,1.3688307e-12
80950,1.0,1.048224e-28,2.919624e-19
34222,1.0,5.0878646e-29,5.285022e-19
28578,1.0,2.5090342e-17,2.4959255e-11
16656,1.0,1.100569e-26,1.5192366e-17
76181,1.0,1.7022371e-17,1.4456389e-11
5948,0.9999987,8.753343e-11,4.3897953e-06
71732,1.0,1.7385868e-25,9.160143e-17
129730,0.0005171854,3.6930317e-08,0.00018152814
118678,1.0,3.1633542e-25,1.624107e-16
103716,0.9999975,1.2153253e-10,2.4619799e-06
38276,0.99997354,2.1213648e-08,2.6269367e-07
118996,0.11704865,0.0001689982,0.118667215
46646,0.00481141,3.787188e-06,0.0018186624
39604,0.9999739,4.1154586e-09,0.00038972328
98178,1.0,1.2820369e-17,2.0992081e-11
54416,1.0,1.1329697e-25,7.6951276e-17
96892,1.0,3.545135e-21,7.319346e-14
95937,0.8812139,2.5987003e-05,0.16188791
102804,1.0,9.361462e-25,3.3088524e-16
90560,0.0012531703,1.3716972e-07,0.00083864515
73938,1.0,2.973966e-24,6.4334243e-16
45715,0.99999976,9.757938e-13,9.499386e-06
37314,1.0,5.106956e-23,2.6028931e-14
116692,0.16322358,0.00053806126,0.15999568
2279,1.0,1.3089566e-29,2.029103e-19
115922,1.0,1.7551032e-13,2.1461065e-10
61365,0.9999999,3.0011536e-12,4.7503924e-08
116485,1.0,2.1140463e-30,3.5951447e-20
85422,1.0,5.54353e-22,6.729814e-15
76134,1.0,1.6816315e-14,1.1248119e-09
116434,1.0,4.465909e-27,7.243004e-18
49872,1.0,8.934751e-24,1.283423e-15
29691,1.0,6.614882e-27,1.0505276e-17
63677,1.0,5.800679e-18,8.354995e-12
12378,1.0,1.4753874e-21,2.3070826e-14
102802,1.0,1.5618543e-29,1.040754e-19
29619,1.0,3.2320876e-26,3.0962472e-17
118770,1.0,1.3673398e-28,6.9720655e-19
28574,1.0,2.637945e-17,3.2862307e-11
63520,1.0,9.083745e-21,1.3162227e-13
91050,1.0,2.6985695e-22,1.09171925e-14
1981,1.0,1.5726197e-24,4.1963516e-15
26228,1.0,1.9802578e-16,4.290159e-11
80776,1.0,7.7734834e-26,6.860289e-17
72686,1.0,4.176721e-24,9.400726e-16
10496,1.0,1.1581921e-26,4.0666654e-17
97115,1.0,1.453718e-19,8.0832904e-13
28541,1.0,4.2884156e-15,9.744561e-10
106049,1.0,1.0766661e-27,2.4384614e-18
125651,1.0,2.8804454e-23,3.5713696e-15
44197,1.0,6.751069e-18,1.8694733e-10
62030,0.00013225972,1.7228547e-09,9.93477e-05
32636,0.13876244,0.0004988601,0.14407744
107502,1.0,3.537789e-19,1.6104329e-12
14706,0.9999995,4.2614516e-11,5.9179385e-08
65881,0.94801676,1.0895384e-08,0.9503507
64868,1.0,6.1933804e-18,8.6119775e-12
29533,1.0,9.242437e-28,2.426723e-18
6142,0.9999876,1.0623604e-08,3.749307e-08
1982,1.0,1.301873e-25,6.042213e-16
64599,1.0,1.7431704e-16,6.578021e-11
7892,0.9209222,0.0037010552,0.0006299141
88732,0.9025065,0.00022776148,0.58911175
26213,1.0,6.6595795e-24,8.404894e-16
29553,1.0,6.8877556e-29,4.439803e-19
58853,0.9993494,2.543937e-07,0.019264163
34144,0.63181823,0.00022086923,0.55459416
61276,1.0,2.5818605e-13,4.9077786e-09
5716,0.10646542,0.000120826015,0.10273612
16995,1.0,3.0658611e-27,5.6520585e-18
18035,1.0,9.5739164e-27,1.2562668e-17
56532,1.0,1.4911592e-18,4.458735e-12
87913,1.0,2.299897e-27,4.81251e-18
97941,1.0,1.02525695e-17,1.7338306e-11
114167,1.0,3.7714372e-25,1.8641232e-16
2231,1.0,1.3081677e-22,6.773731e-14
117721,1.0,3.5668124e-28,1.1148684e-18
50917,1.0,4.831076e-23,3.8882522e-15
99302,1.0,2.8039467e-24,7.131182e-16
17794,1.0,7.1041736e-29,4.1200008e-19
34056,1.0,2.616798e-24,4.220706e-15
69477,0.99933594,5.8458912e-08,0.0037398555
107514,1.0,1.0316581e-20,1.8199923e-13
84268,1.0,7.974575e-25,2.5316968e-16
104269,0.5890045,0.034328304,0.0059812795
23766,1.0,1.015506e-18,7.3226245e-11
112959,1.0,7.3875357e-22,2.8104504e-14
128127,1.0,1.3230693e-20,3.2199948e-12
104915,1.0,1.1529684e-26,1.0944279e-17
85503,1.0,4.566791e-29,3.2606188e-19
28532,1.0,1.0462933e-15,3.207304e-10
13502,1.0,1.0804349e-27,2.8217997e-18
111836,1.0,1.4884459e-21,4.2895714e-14
128148,0.999997,5.82717e-11,0.00010534394
97078,1.0,7.573299e-13,4.7340727e-09
54221,1.0,1.2788887e-21,3.4495098e-14
117540,1.0,8.319608e-28,2.3984232e-18
114404,1.0,1.6767624e-15,1.243764e-10
29949,0.0008776113,5.5863026e-08,0.0006705086
28422,1.0,2.2806119e-15,6.153606e-10
110756,0.86842656,8.0239147e-07,0.87284064
21340,1.0,6.7767475e-24,9.515355e-15
43881,0.0028435776,9.654756e-07,0.0015901187
39582,0.99987364,7.771538e-08,0.0012138521
92322,1.0,1.6817128e-24,5.1960913e-16
49854,1.0,4.153112e-24,7.8239195e-16
36461,1.0,1.6147976e-23,1.07426495e-14
21288,1.0,5.108398e-23,6.008982e-14
76336,1.0,5.0665305e-18,5.8364993e-12
76106,1.0,1.1648122e-25,7.320145e-17
46010,0.84276253,7.768513e-07,0.78805757
1014,1.0,5.8691587e-21,8.552043e-14
65877,0.87668353,5.4583893e-07,0.88333255
110865,0.89893204,2.6434302e-07,0.9037233
117524,1.0,2.9376435e-27,5.8254265e-18
85207,0.00011777661,1.4835175e-09,7.041867e-05
105823,0.00012410649,7.663005e-10,0.000132563
105002,1.0,2.2525262e-25,8.855348e-17
59095,1.0,9.917966e-26,7.030563e-17
61012,1.0,8.360303e-27,2.0114603e-21
90149,1.0,1.60271075e-27,3.2214534e-18
84190,1.0,6.8327414e-23,4.3162173e-15
49901,1.0,6.328082e-23,5.1289213e-15
63731,1.0,1.4807152e-14,1.8810882e-09
68558,0.004346274,2.6044863e-06,0.0023289565
44420,1.0,1.7014905e-13,1.7343828e-07
117858,1.0,3.3487604e-25,4.364693e-17
29604,1.0,5.4999407e-25,1.7237756e-16
84404,1.0,1.0121928e-23,1.3232292e-15
28471,1.0,1.4176141e-13,2.7998759e-08
114078,1.0,5.0477663e-23,4.7707144e-15
94582,0.9918297,8.065589e-06,0.22046958
67089,1.0,2.5702228e-15,4.0203368e-10
53253,1.0,3.4263103e-14,4.2659348e-10
88830,1.0,4.9691453e-24,1.0658475e-15
6850,0.00020547636,5.9685275e-09,0.00011366039
69243,0.9999995,1.266921e-11,2.461742e-07
25981,1.0,1.7377646e-25,8.2229786e-17
58792,1.0,9.151239e-24,1.5286735e-15
47433,0.9985279,1.8900497e-06,0.026345965
74961,1.0,4.6887797e-25,2.1523475e-16
114214,1.0,1.0063862e-24,3.5399815e-16
54182,1.0,5.9725914e-17,2.906645e-11
37273,1.0,2.666781e-17,2.3391583e-10
8210,0.9999969,1.741411e-10,3.0151363e-05
81915,1.0,1.0625839e-22,7.814528e-15
72794,1.0,6.638477e-24,1.152865e-15
7894,0.9991591,5.8920614e-06,9.044936e-06
26244,0.13401785,0.0001830874,0.13662195
118887,1.0,2.1917696e-24,6.149832e-16
73897,1.0,1.1160128e-26,1.4637803e-17
65834,0.71689665,1.3610743e-05,0.72631586
7398,0.9993687,1.3220956e-06,0.004587105
98187,1.0,5.68463e-23,5.098879e-15
127204,0.99999917,7.1030157e-12,2.9879151e-05
123345,1.0,4.4892724e-21,1.0308318e-13
96840,1.0,1.1726625e-19,7.589378e-13
33422,0.067787595,0.00020099535,0.06915855
19124,1.0,2.4006834e-26,2.5473796e-17
41304,1.0,1.01804444e-22,7.886765e-14
19108,1.0,7.3859715e-26,5.489567e-17
96890,1.0,8.145156e-23,6.8065725e-15
113010,1.0,1.8434313e-24,5.1800215e-16
41137,1.0,1.3183995e-19,6.4416056e-11
113178,1.0,3.0770146e-20,3.967449e-13
118775,1.0,1.3795489e-26,8.843022e-18
114120,1.0,1.9301467e-16,9.581265e-11
11588,0.99390715,4.7061945e-05,2.819318e-05
111969,1.0,2.2671162e-14,7.0240735e-10
129509,0.99979657,4.9527094e-09,0.040977087
108372,1.0,4.6393505e-19,1.879242e-12
114265,1.0,1.1937863e-18,3.6348884e-12
59936,1.0,2.9516e-31,7.579453e-21
90240,1.0,9.443076e-29,4.7777895e-19
55327,1.0,1.8134764e-22,9.598036e-15
98126,0.24864869,0.00018486017,0.25752252
16744,1.0,1.43631e-27,3.2358141e-18
82382,0.0014299612,1.7768846e-07,0.0009904805
23834,1.0,1.5173162e-14,2.706439e-08
99376,1.0,1.0957808e-18,2.7076882e-12
103990,0.9999982,8.703466e-11,1.4065986e-06
34360,0.00063800585,6.9406056e-08,0.00018637143
62512,1.0,8.909325e-13,1.1281234e-08
116517,1.0,2.8532652e-26,1.1762747e-17
83260,0.116206154,0.00011623181,0.10904123
118679,1.0,5.344181e-26,4.2613086e-17
44518,1.0,3.486389e-16,2.4370035e-09
44505,1.0,1.9686857e-19,8.991358e-12
88502,0.008929984,2.1017022e-05,0.0013341842
28335,1.0,1.06488784e-16,3.554415e-11
10521,0.9981831,9.637372e-06,0.009062893
37442,1.0,1.345442e-22,8.870306e-14
119990,0.150129,0.0002904152,0.1582488
51871,1.0,1.2109494e-18,3.5025123e-12
22159,1.0,5.0106347e-19,1.02916885e-11
112981,1.0,1.39904235e-24,4.3725948e-16
119841,0.998485,4.6208976e-07,0.0426045
86709,1.0,3.813707e-27,5.0553303e-19
90010,1.0,5.5316652e-27,3.2737945e-18
61414,0.99999976,7.270654e-12,9.1031254e-08
56525,1.0,2.7854464e-19,1.3339146e-12
5930,0.99998915,1.7194014e-09,8.507324e-05
5734,1.0,5.6270474e-15,7.6150114e-10
106023,1.0,3.1278005e-25,1.2653046e-16
123290,1.0,2.457173e-19,1.2586758e-12
111813,1.0,1.62954e-20,1.9802154e-13
28473,1.0,6.1326867e-15,1.6006665e-09
10672,0.99999905,4.952563e-11,3.3016618e-06
73813,1.0,3.6707852e-26,3.645252e-17
28329,1.0,5.4842265e-18,9.58477e-12
23630,1.0,9.334254e-25,1.2712132e-14
32544,1.0,9.952093e-15,1.5532851e-08
53063,0.9997811,5.652216e-08,0.005721115
44376,1.0,6.548412e-23,6.568106e-14
118916,1.0,3.593122e-24,8.249155e-16
34946,1.0,1.7011482e-30,8.20304e-20
22144,0.040548056,6.481174e-05,0.04459004
122472,1.0,7.972541e-24,1.408253e-15
101697,1.0,1.7372763e-15,2.2686823e-10
43354,0.9998467,3.2883963e-07,5.4163032e-05
60180,0.99999964,1.3426707e-11,1.4329832e-07
72830,0.9999999,5.079473e-12,2.2179405e-08
49799,1.0,3.2573041e-24,4.3495534e-16
69209,1.0,1.6509573e-13,9.3792325e-09
112128,1.0,2.6763056e-20,2.684659e-13
1031,1.0,1.1303954e-20,1.2656903e-13
41333,1.0,4.845202e-20,1.2800788e-11
22050,1.0,3.4303138e-28,7.635935e-19
7437,0.041423004,8.010527e-05,0.043367527
49581,1.0,1.9199375e-18,6.74275e-12
20258,0.98415965,5.6862295e-06,0.06975169
88812,1.0,7.683903e-22,2.3884396e-14
89057,1.0,1.8325848e-24,3.7813803e-16
107477,1.0,3.674127e-22,1.8563901e-14
7698,0.999998,5.394828e-10,7.378488e-09
68051,1.0,8.8078746e-18,1.1494902e-11
29440,1.0,6.2336287e-25,2.3022183e-16
2103,1.0,3.5466678e-26,2.6506763e-16
113055,1.0,2.747682e-22,1.5063729e-14
9075,1.0,6.553399e-19,1.2000254e-11
85273,1.0,1.8707795e-28,9.218781e-19
86608,1.0,7.97081e-31,1.4114164e-21
106166,0.12885371,0.00020520735,0.1336141
34081,1.0,3.7459103e-20,5.070432e-12
48182,0.0050689313,3.696172e-06,0.0023767904
33409,0.9972899,2.0344687e-05,0.010939932
73901,1.0,2.3620685e-25,1.3410702e-16
28322,1.0,1.7399475e-17,2.103292e-11
96826,1.0,3.8513333e-22,1.6568175e-14
69294,0.99999917,3.812567e-11,2.8467224e-07
12328,1.0,8.212312e-19,1.9958694e-12
5703,1.0,8.442976e-23,5.6208255e-15
72599,1.0,9.7505545e-31,2.0183326e-20
113113,1.0,4.3474225e-27,8.375984e-18
88891,1.0,8.908274e-24,1.554661e-15
2047,1.0,1.2321845e-25,6.079854e-16
69818,0.84384376,0.008680289,0.0010799114
34136,1.0,1.1559857e-25,2.837443e-16
72700,1.0,3.3834697e-13,8.0796845e-09
88948,1.0,1.6968499e-24,3.4946978e-16
44353,1.0,1.0277056e-22,4.833679e-14
119872,0.99850863,5.740092e-07,0.045817852
113206,1.0,1.2920889e-22,8.863029e-15
54217,1.0,1.2730799e-24,3.809119e-16
109589,1.0,1.1740195e-25,8.206371e-17
28292,1.0,9.607016e-14,1.4668559e-08
95732,1.0,9.833192e-21,1.4737032e-13
19134,0.13319133,0.00015701485,0.13493334
111888,1.0,2.2725609e-23,2.7680912e-15
30541,1.0,3.8403715e-31,4.786651e-21
96314,1.0,4.1314787e-13,7.168338e-10
71549,1.0,8.846652e-21,1.4936733e-13
44180,0.9992818,4.4880096e-08,0.102057844
15782,1.0,6.74021e-14,4.6796513e-09
114324,1.0,2.758639e-20,3.18506e-13
91182,1.0,5.2047644e-22,2.4520572e-14
64887,0.89522946,4.1964013e-06,0.8335914
42658,0.80744165,2.0366294e-07,0.7634724
80778,1.0,2.6714803e-28,9.94934e-19
62520,0.99769527,5.3363766e-07,0.0987679
84436,0.122984305,8.8355555e-05,0.11588829
78692,1.0,9.535757e-19,3.1000606e-12
99295,1.0,9.484047e-22,3.1091056e-14
79705,1.0,9.327069e-24,1.0321843e-15
90000,1.0,3.3999724e-28,5.771783e-19
28140,1.0,7.251857e-24,2.0391437e-19
13483,1.0,4.044865e-25,1.7719458e-16
18956,1.0,4.1399135e-27,7.816483e-18
39543,0.99999964,7.02975e-12,1.6542416e-06
79569,1.0,7.100755e-23,6.7385994e-15
77461,1.0,1.2263965e-27,2.4841003e-18
21377,1.0,2.2833644e-21,7.2633045e-13
41075,1.0,2.226261e-30,1.6533462e-20
101197,0.00015282996,9.652328e-10,0.00017965777
56472,1.0,1.7862885e-21,4.7551017e-14
28307,1.0,4.188691e-15,7.290825e-10
114160,1.0,1.8888165e-18,4.5504668e-12
47029,0.00414868,1.923668e-06,0.0031307691
109674,1.0,2.9085057e-28,8.2958776e-19
129476,0.999913,1.0096876e-09,0.023306487
47797,0.00025598347,1.0365559e-08,0.00011332533
122282,1.0,1.2216662e-20,1.7204803e-13
50758,1.0,3.3126147e-24,7.41817e-16
84163,1.0,1.11190954e-23,1.5544177e-15
123616,0.9999999,2.5737689e-12,2.1125906e-08
12245,1.0,1.8791645e-18,4.148118e-12
20438,0.980283,7.1913896e-06,0.07792351
22098,1.0,2.3126195e-26,6.2357944e-17
35655,1.0,1.1668337e-21,2.244272e-13
65786,0.49289027,6.5322085e-05,0.50578856
54868,1.0,3.2725775e-14,1.4900223e-10
107295,1.0,2.1716583e-20,3.2036185e-13
76317,1.0,7.887772e-18,7.596319e-12
90221,1.0,4.1040157e-27,7.564068e-18
66011,0.78061754,5.012803e-06,0.7890009
49870,1.0,5.62072e-22,1.9942955e-14
31086,1.0,5.5267773e-25,1.8312026e-15
90230,1.0,2.233075e-29,1.4912094e-19
89888,1.0,3.657195e-21,6.573119e-14
129565,0.99884427,8.427787e-08,0.1578642
20119,0.98876196,5.424541e-06,0.058816295
26138,1.0,3.0292404e-20,1.8556546e-13
89909,1.0,3.1712269e-28,1.2433888e-18
32581,1.0,4.514268e-17,7.443819e-10
20157,0.9971437,4.5089755e-07,0.03139087
26155,1.0,2.6407238e-17,1.3186363e-11
66920,1.0,1.1679377e-14,1.2369298e-09
8298,0.04925984,0.00010116814,0.05349924
14696,1.0,4.762405e-15,1.10297355e-10
78602,1.0,9.164783e-19,3.2177297e-12
93635,0.9999999,1.8251832e-12,2.3393927e-08
26046,1.0,1.7485508e-17,1.0636564e-11
124591,1.0,2.468614e-21,6.878565e-14
54076,1.0,1.9369301e-26,3.6513663e-22
95839,1.0,6.0206455e-19,2.1759129e-12
15837,1.0,1.2698613e-21,3.232132e-14
106060,1.0,5.0875257e-25,1.7389662e-16
44556,1.0,1.062439e-20,1.20771e-12
23960,0.9999964,2.5188202e-10,3.163009e-05
87780,1.0,8.782332e-28,2.6392823e-18
76095,1.0,1.4119681e-14,1.0441473e-09
85571,1.0,3.2703187e-29,2.270529e-19
63967,0.0014508186,1.8793268e-07,0.0009766904
2286,1.0,5.8963933e-24,4.1157835e-15
97139,1.0,1.9016337e-19,9.767323e-13
88769,1.0,1.2955811e-25,8.814232e-17
23620,1.0,1.1586089e-16,1.4877454e-09
88872,1.0,5.7981174e-24,7.413814e-16
84357,1.0,8.877762e-27,1.4027989e-17
42217,0.000485416,1.1017867e-08,0.0004365709
89087,1.0,8.532e-26,6.585256e-17
5542,1.0,2.6841434e-23,3.0334808e-15
53744,0.00051611045,1.3806828e-08,0.00044692674
125551,0.0004937963,2.4128889e-08,0.00025743045
98238,1.0,1.7036406e-24,4.5711086e-16
38634,0.9999958,1.4975419e-09,4.82141e-07
80212,1.0,1.3165219e-16,1.9417825e-12
89071,1.0,4.3775513e-31,4.1643976e-21
72927,1.0,2.9774546e-29,2.5469493e-19
37512,1.0,5.6920947e-23,2.7931359e-14
79839,1.0,2.6149706e-25,1.4660387e-16
34116,1.0,2.1280213e-21,4.761829e-13
54733,0.0015409156,2.1193674e-07,0.0010631067
113068,1.0,1.8826932e-27,4.1808785e-18
5749,1.0,1.1128867e-21,3.1456588e-14
91137,1.0,7.4609445e-22,2.7997075e-14
96784,1.0,2.1464865e-22,1.18435865e-14
85327,1.0,7.918875e-28,2.1137045e-18
50948,1.0,9.781486e-29,2.4484619e-19
123482,1.0,1.26216864e-20,1.8868193e-13
16798,1.0,4.7442776e-28,1.553461e-18
9205,0.0003827773,1.8662012e-08,0.00024600243
29459,1.0,7.8965953e-25,3.0371033e-16
103744,0.99999964,3.4186126e-11,8.342288e-08
8983,1.0,9.4020806e-14,6.735193e-08
37214,1.0,5.773968e-25,1.1878285e-15
13291,1.0,9.3889813e-29,5.479205e-19
8139,0.9992969,2.4128852e-07,0.028609112
15776,1.0,1.4423021e-13,1.2860497e-08
113090,1.0,3.835156e-18,6.914641e-12
33385,0.99829286,1.1530466e-05,0.0057273945
22400,0.99999785,5.3714283e-10,8.701399e-09
108370,1.0,4.844978e-21,1.0072887e-13
28239,1.0,1.0238549e-15,1.916718e-10
25092,0.9941977,0.00017956889,0.0005398204
108503,1.0,6.403066e-23,5.4154022e-15
118961,0.99999964,2.217785e-11,3.6071523e-08
65750,0.84579784,1.4265503e-06,0.8526235
12176,1.0,3.1886854e-19,1.3639129e-12
27126,0.99985063,6.8109953e-09,0.0067582116
86707,1.0,2.9235308e-30,9.511805e-21
78657,1.0,9.819719e-24,1.5534812e-15
37312,1.0,2.246676e-23,1.6422254e-14
60129,0.99999964,1.38185565e-11,2.0716827e-07
72855,1.0,5.1924185e-19,2.0564737e-12
56706,1.0,9.49153e-24,1.5190298e-15
117590,1.0,4.833663e-28,1.6520113e-18
14592,1.0,3.3533869e-18,2.9132374e-12
104950,1.0,3.4522383e-27,5.8610685e-18
62426,0.999918,1.5175031e-08,0.000447052
72725,1.0,4.5227212e-29,3.3499202e-19
10647,0.9980287,7.969184e-06,0.014301885
13534,1.0,3.325966e-21,7.327e-14
73746,1.0,2.064437e-22,8.993575e-15
58820,1.0,2.4479284e-20,2.5604394e-13
127308,0.99999976,1.6792485e-12,6.924235e-06
5491,1.0,9.868919e-23,7.526691e-15
107385,1.0,2.3722074e-19,1.4522099e-12
83008,1.0,3.0993474e-22,1.7411918e-14
90121,1.0,3.564009e-29,2.370615e-19
46500,0.0037158453,1.4759087e-06,0.0014227954
58835,1.0,9.310816e-18,1.2411092e-11
127935,1.0,1.769481e-15,1.17972005e-08
41347,0.9999995,9.966697e-12,4.08609e-06
57781,0.7765778,5.6750537e-06,0.7827435
29638,1.0,4.7195533e-26,4.4228696e-17
23759,1.0,2.535356e-19,2.0120499e-11
113067,0.3161371,0.00013184521,0.31560993
56704,1.0,3.8834206e-22,1.9770782e-14
98226,1.0,1.7956864e-24,4.502198e-16
26166,1.0,1.5529973e-20,1.3449197e-13
1058,1.0,1.2935717e-17,9.967534e-12
128019,0.9999598,4.432219e-09,0.0012404362
19246,1.0,4.7100028e-26,4.0357113e-17
29681,1.0,6.492041e-26,5.4997743e-17
128156,0.9999132,4.2965034e-08,0.0008221148
58778,1.0,8.556419e-17,5.0293065e-11
37244,1.0,9.273027e-19,1.8252224e-11
76298,1.0,2.1517253e-22,1.0179322e-14
52880,0.0073505114,1.541304e-05,0.0018159603
104046,0.9999355,2.8906533e-09,0.00041472254
114218,1.0,2.3111893e-20,2.7647063e-13
106022,1.0,8.492603e-28,2.4895742e-18
21449,1.0,1.03093104e-26,1.435512e-17
76266,0.99998665,1.5602147e-09,4.5470184e-05
65891,0.3157233,0.0001315541,0.3214062
51919,1.0,2.4468585e-17,2.5969515e-11
114225,1.0,1.9922851e-21,6.508111e-14
65699,0.7592285,6.40856e-06,0.76946026
72852,1.0,1.182392e-19,7.923544e-13
34112,1.0,3.0853652e-24,3.5700347e-15
98045,1.0,1.7025543e-18,4.2049792e-12
121274,0.12494168,0.00016976341,0.122595586
53205,0.99835545,5.2713045e-07,0.08600931
58980,0.99999976,8.170454e-12,1.0669176e-07
53115,0.98482937,8.990721e-06,0.37201002
117767,1.0,7.5934035e-28,2.2437355e-18
49829,1.0,2.833896e-23,2.7042778e-15
37194,1.0,1.0289283e-24,1.8481503e-15
122418,1.0,3.5561483e-20,3.8191209e-13
63479,0.99897385,6.5136874e-07,0.017153284
127968,1.0,5.9821783e-21,1.0624473e-12
23863,0.9999794,4.388527e-09,0.0001841619
18138,1.0,4.016563e-30,5.547301e-20
111783,1.0,5.8143305e-24,9.10361e-16
107251,1.0,5.4213797e-21,1.2357529e-13
23840,0.9998074,1.277346e-07,0.00231115
64645,1.0,1.839843e-15,3.1357508e-10
55525,1.0,2.094566e-21,5.3812616e-14
18093,1.0,7.444987e-24,1.1864472e-15
76297,1.0,6.470956e-17,3.091235e-11
34902,1.0,6.236202e-31,3.1783976e-20
76211,1.0,5.5282817e-15,5.25821e-10
35679,1.0,3.477501e-17,2.3671198e-10
102656,1.0,3.0268881e-25,1.5812463e-16
45969,0.6191503,1.6071089e-06,0.58941066
109791,1.0,8.325542e-29,4.9491235e-19
64818,1.0,1.0461262e-14,1.0786945e-09
66866,1.0,3.0743294e-19,1.3659382e-12
73857,1.0,5.0578326e-21,9.5778515e-14
44523,0.9742999,0.00044878272,0.094637044
10554,0.9999981,1.5546887e-10,7.227706e-06
117775,1.0,6.733243e-26,5.629618e-17
44326,1.0,1.0342059e-23,1.41615125e-14
37301,1.0,2.6627868e-24,5.5274804e-15
22124,1.0,1.0488848e-19,1.3215621e-11
74906,0.91956425,2.1350348e-05,0.6171836
55671,1.0,1.6813941e-14,1.7532867e-09
56514,1.0,3.5508382e-18,9.257826e-12
88784,1.0,2.0315472e-22,8.015117e-15
59476,0.49483585,0.022447117,0.0059441617
79506,1.0,7.9568293e-25,3.0530636e-16
96863,1.0,1.9363875e-22,1.0951606e-14
29378,1.0,8.779251e-28,2.6933505e-18
85518,1.0,6.227167e-24,4.634016e-16
92437,1.0,4.077867e-24,9.065456e-16
112022,1.0,6.9343606e-23,5.60682e-15
127093,0.9999951,5.9796335e-10,1.1950649e-05
47162,0.99999964,1.8341145e-11,3.7539156e-08
47260,0.9999976,5.6037314e-11,5.8110112e-05
69237,0.9776589,1.0181653e-10,0.9777728
67078,1.0,8.020667e-19,2.4068534e-12
75248,1.0,1.0394714e-21,3.6910416e-14
21303,1.0,8.869318e-23,8.127005e-14
16855,1.0,5.749538e-21,8.713668e-14
13389,1.0,5.4664086e-26,4.7352096e-17
88934,1.0,2.1560119e-24,5.998281e-16
105063,1.0,1.7768779e-26,2.221974e-17
128241,0.99996555,6.2671557e-09,0.00053688785
129533,0.49204296,7.219262e-07,0.48937923
42901,0.0014515483,3.1815563e-07,0.0004999032
84332,1.0,1.4647535e-23,1.5995811e-15
26264,1.0,1.0726207e-18,1.4962947e-12
85596,1.0,7.161897e-26,4.278313e-17
18341,0.0005492522,1.5921204e-08,0.000477748
27143,0.9996815,3.9927308e-08,0.011534884
13124,1.0,5.422938e-26,1.3277454e-21
57422,0.0003690506,1.2098429e-08,0.00018957186
49620,1.0,2.2880381e-21,4.990389e-14
97135,1.0,9.71718e-22,3.159139e-14
28524,0.12712677,0.00014262524,0.12329487
90030,1.0,4.562057e-28,1.5886996e-18
86419,1.0,4.4107643e-28,6.3283603e-19
23897,0.99997234,8.385949e-09,0.00020255602
129624,0.99720216,7.9585493e-07,0.17495322
97492,1.0,2.942975e-17,1.2135614e-12
129589,0.9998191,9.606308e-09,0.020202054
75148,1.0,2.2279244e-24,5.6507924e-16
27375,0.9979912,2.753523e-07,0.02637599
117582,1.0,8.448552e-30,9.5924116e-20
72604,1.0,1.9617402e-15,3.143008e-10
26119,1.0,3.690904e-27,6.4930833e-18
54461,1.0,3.0828745e-22,1.562951e-14
110714,1.0,2.694572e-19,1.0886886e-12
92279,1.0,4.102202e-26,1.7821265e-17
53966,6.852781e-05,3.270587e-10,7.0384696e-05
129277,0.004163821,2.0144375e-06,0.0028832639
109747,1.0,4.510775e-24,7.9511914e-16
18060,1.0,1.0974595e-31,2.698725e-21
111784,0.9999999,5.9580422e-12,5.4351027e-08
4396,1.0,2.4718048e-31,4.3581457e-21
90159,1.0,3.9965896e-29,2.539024e-19
39268,0.9999982,1.5878003e-10,8.320803e-08
2179,1.0,4.401175e-17,1.6917245e-09
29696,1.0,2.171344e-27,4.934347e-18
97162,1.0,4.3729856e-20,3.5897235e-13
55575,1.0,4.9172197e-22,1.9828826e-14
117620,1.0,5.7353066e-26,4.418654e-17
46670,0.11785981,0.0017153411,0.007430415
97167,1.0,5.116123e-22,2.3082095e-14
54327,1.0,2.909076e-25,1.4407575e-16
81878,1.0,5.112523e-26,4.3618802e-17
60160,1.0,3.4429821e-18,2.5275138e-12
17968,1.0,1.8540918e-27,4.2735153e-18
29643,1.0,1.6165393e-26,2.0755525e-17
61131,0.9999993,2.3244224e-11,3.6766212e-07
44344,1.0,4.4986816e-22,1.206869e-13
19290,1.0,7.3133156e-22,3.025866e-14
16941,1.0,3.3584966e-17,4.554724e-11
107466,1.0,2.0546499e-20,2.8676546e-13
35013,1.0,2.547374e-29,1.0382881e-18
95895,1.0,2.539607e-25,1.3974851e-16
56769,1.0,9.2964544e-23,7.4889435e-15
41413,1.0,1.0312705e-24,3.4458124e-15
28287,1.0,5.8809175e-16,1.1001098e-10
8321,1.0,2.9796581e-22,7.4453796e-14
68666,0.9999981,2.3200962e-10,1.833271e-08
43550,0.95577145,0.00043751457,0.28240553
14397,1.0,1.8418393e-28,8.0731577e-19
67904,0.00027039304,1.0274542e-08,0.00014993474
51772,1.0,1.569474e-23,6.392755e-19
81024,1.0,1.8948824e-29,1.484161e-19
45823,0.99672985,1.0347545e-06,0.19100383
34924,1.0,1.1161851e-30,6.1695576e-20
128265,1.0,1.2234644e-23,1.5916022e-14
41136,1.0,4.3788652e-26,1.2982191e-16
94693,1.0,2.1685502e-16,2.6884021e-11
87782,1.0,6.533578e-27,1.01291045e-17
51254,0.0004811202,2.4200146e-08,0.0003199415
76144,1.0,6.7630804e-18,8.118043e-12
68086,1.0,8.184425e-17,5.0176554e-11
108403,1.0,4.8331905e-25,2.1328624e-16
28372,1.0,2.7368175e-19,1.3782541e-12
16650,1.0,1.0994504e-30,2.4383463e-21
90164,0.9822176,7.839639e-11,0.97753817
49876,0.12842986,0.00021497071,0.13154007
112114,1.0,1.0827709e-18,2.9170184e-12
53201,0.76648533,0.00012602878,0.6537874
13423,1.0,9.4951415e-26,5.9629386e-17
8136,1.0,5.991917e-18,1.1341784e-10
99193,1.0,5.2126674e-24,9.322377e-16
88776,1.0,7.95125e-24,1.4739856e-15
35722,1.0,1.1578618e-17,1.14416664e-10
5799,1.0,6.2971973e-27,4.2716434e-17
2620,0.99989295,2.7317043e-07,5.578758e-07
93491,1.0,4.45847e-20,3.4829648e-13
123591,1.0,5.685677e-21,1.2381854e-13
91357,1.0,4.7496838e-24,1.0619311e-15
120987,1.0,4.9800855e-20,2.8810426e-13
61271,0.9999989,5.1051365e-11,6.8430967e-07
59969,1.0,1.1205707e-15,1.6132075e-10
16785,1.0,1.2444401e-29,6.8613785e-20
21412,1.0,4.3854157e-27,1.4306084e-17
45913,0.9871229,6.7236914e-07,0.67731893
37384,1.0,4.463328e-24,7.750935e-15
115239,1.0,2.6912642e-19,1.2666256e-12
59982,0.9999995,1.6345873e-11,3.5972457e-07
87578,1.0,8.1241393e-25,2.9826354e-16
97177,0.00027081073,2.9735516e-09,0.00023903324
17925,1.0,9.111724e-27,1.284514e-17
5487,1.0,4.5521347e-19,1.7605894e-12
102597,1.0,3.0895463e-24,7.3042213e-16
109571,1.0,8.951867e-26,6.4175617e-17
88843,1.0,1.290905e-24,4.1131134e-16
122066,1.0,3.3193098e-22,2.7160906e-18
60183,0.9947967,4.025616e-06,0.1670275
122810,0.9999999,4.605072e-12,1.3820942e-09
23757,0.99999106,8.567521e-10,0.00011040148
128036,1.0,2.6841018e-16,6.923428e-09
47607,0.96581584,0.0001362704,0.3575771
121093,1.0,7.238847e-22,2.2685999e-14
67014,0.98821706,8.898299e-06,0.30617964
44488,1.0,6.921739e-20,3.662713e-12
65885,0.6036499,3.4973622e-05,0.6159206
41646,0.00033670344,1.7404135e-08,0.00011976063
19132,1.0,7.707527e-24,1.3248807e-15
88733,0.99330795,1.8208374e-06,0.37241003
44313,1.0,1.7976275e-15,3.6023515e-09
25951,1.0,1.3333473e-16,4.1154073e-11
62908,0.9999957,8.5232205e-10,6.024562e-08
107215,1.0,1.5496722e-19,1.1243062e-12
117301,8.811762e-05,6.8301675e-10,7.7256685e-05
122287,1.0,4.3132255e-21,9.634522e-14
29470,1.0,4.834566e-28,1.707061e-18
84366,1.0,1.106341e-24,2.9187265e-16
59934,1.0,6.5487538e-18,6.8346045e-12
90081,1.0,3.7072288e-28,9.88465e-19
37326,1.0,3.3553446e-18,3.8154917e-11
128012,0.9999982,2.4203339e-11,6.946206e-05
28283,1.0,5.324227e-16,1.763838e-10
87622,1.0,5.6727655e-28,1.8522834e-18
91730,1.0,5.276917e-14,1.1241658e-10
108085,0.000111069035,5.935817e-10,0.00012936695
129570,0.9999821,5.031785e-10,0.0012756385
72623,0.8021708,1.1562685e-05,0.75104433
16708,1.0,2.7401657e-30,3.716547e-20
125799,1.0,1.921803e-21,6.008798e-14
16655,1.0,4.7708324e-19,1.9543486e-12
40458,0.24249597,0.0015679261,0.22620669
19176,1.0,2.6243437e-33,9.7238876e-23
91330,1.0,1.9274901e-24,5.526571e-16
129597,0.99999535,7.3703224e-11,0.00028431485
43954,0.99847466,1.4288244e-05,1.8323854e-05
6143,0.9999999,3.8418886e-12,2.7186361e-10
18034,1.0,1.3431779e-26,1.7842693e-17
37733,0.0003480452,6.5678476e-09,0.00034467818
129559,0.9999535,8.6773794e-10,0.007189811
49556,1.0,2.5458032e-19,1.2932098e-12
66869,1.0,7.307844e-16,2.0790467e-10
87627,1.0,1.4709945e-26,1.9524806e-17
113174,1.0,2.4571879e-22,1.3677827e-14
41169,1.0,4.9281457e-23,1.0789206e-13
37561,1.0,3.771745e-22,2.3511157e-13
50725,1.0,1.183317e-19,8.708038e-13
29460,1.0,8.2980475e-30,9.966504e-20
99092,1.0,1.7119664e-24,4.749033e-16
67064,1.0,2.890409e-14,2.4537479e-09
107362,1.0,2.2638796e-18,4.660191e-12
113834,9.559323e-05,6.64411e-10,0.000104200415
91253,1.0,5.911511e-22,2.669319e-14
85334,1.0,2.0374103e-26,1.5810464e-17
37325,1.0,1.1247379e-22,4.802452e-14
66880,1.0,1.1061244e-19,6.6787613e-13
72928,1.0,3.711272e-15,2.7468605e-10
37317,1.0,7.6896463e-23,5.3180916e-14
63473,1.0,4.4522034e-14,3.8901704e-09
16964,0.111424446,0.00013042509,0.10874985
122437,0.959552,7.2595245e-09,0.91683495
38774,0.9999026,3.2573348e-09,0.012603912
122180,1.0,3.8983657e-23,3.7882545e-15
105053,1.0,4.1080164e-24,5.4783984e-16
58916,1.0,2.1763904e-23,2.6581505e-15
26007,1.0,3.0335108e-18,3.5958795e-12
98034,1.0,2.3874838e-21,5.171478e-14
46020,0.9253093,8.0940474e-08,0.8743811
106302,1.0,3.9185668e-16,5.899998e-11
110957,1.0,2.5388457e-22,1.3324385e-14
41109,1.0,3.5052802e-19,4.014519e-11
61072,1.0,7.3816544e-13,1.28605455e-08
44077,0.0028556064,8.26931e-07,0.0020210017
62522,0.19432412,0.00022077006,0.20694244
117810,1.0,2.2919896e-26,1.0394061e-17
23819,0.9999999,1.8171488e-12,5.1717006e-07
20444,0.92953753,7.150256e-05,0.13476616
124593,1.0,1.6014856e-23,2.4774134e-15
37996,0.0029801754,1.123827e-06,0.00154941
55320,1.0,1.4320504e-24,3.3202445e-16
49883,1.0,3.1781502e-23,3.2968845e-15
25934,1.0,8.497887e-35,5.5272017e-24
12141,1.0,5.294725e-35,8.30466e-24
28494,1.0,3.5073588e-16,1.4434162e-10
85431,1.0,1.076287e-22,9.097367e-15
78644,1.0,6.150048e-22,2.666963e-14
80872,1.0,2.839715e-25,1.5599947e-16
79658,1.0,1.2258472e-23,1.3892949e-15
14386,1.0,3.7833483e-28,1.319945e-18
117583,1.0,8.101114e-25,1.8459934e-16
55460,1.0,3.9959674e-20,3.8123527e-13
82163,1.0,3.5467642e-25,1.7419141e-16
15586,1.0,1.6337696e-16,8.3471154e-11
81590,0.00017582133,1.3072634e-09,0.00019920155
41226,1.0,1.0701571e-24,4.558556e-15
89959,1.0,1.6502536e-26,2.0153584e-17
62383,0.99999547,2.896005e-10,5.0065823e-06
31752,0.12961817,0.00056552276,0.12750278
72614,1.0,1.2676286e-23,1.9066496e-15
61423,1.0,1.9683386e-13,4.127935e-09
112826,1.0,4.4579065e-21,1.2579172e-16
39675,0.12432206,0.00031476936,0.124560714
8193,0.99989986,7.482231e-08,0.00064944534
60023,1.0,1.9223094e-13,5.725236e-09
102803,1.0,5.4919165e-23,3.3948627e-15
91150,1.0,5.1562244e-24,1.0598954e-15
117572,0.7907995,1.1390332e-05,0.74231994
54265,1.0,3.0251005e-24,5.90148e-16
121120,1.0,6.6878297e-19,1.9639782e-12
1956,1.0,3.0769418e-29,2.4769076e-19
5448,1.0,1.2427498e-16,5.527755e-11
71645,1.0,3.1001774e-28,1.3355553e-18
59933,0.7482462,7.522894e-06,0.7474586
120977,1.0,1.0889227e-17,8.959482e-12
52198,1.0,1.0825386e-20,1.700219e-13
94833,1.0,2.6050654e-24,5.0018196e-16
69436,0.14556019,0.0002543389,0.15164194
65743,0.33151767,0.00012485405,0.34606537
96632,8.797991e-05,5.521446e-10,8.0241734e-05
1195,0.9766237,0.0002875101,0.14225887
37212,1.0,8.903173e-25,1.938301e-15
49844,1.0,1.6052855e-21,4.0976994e-14
34941,1.0,1.846319e-29,6.486618e-19
95991,1.0,4.072743e-21,7.769752e-14
69348,1.0,2.9742177e-15,5.104302e-10
68286,1.0,7.730589e-15,7.392712e-10
59474,0.36381575,0.02087977,0.0067554945
26253,1.0,1.7430403e-20,1.0995942e-13
34838,1.0,5.2576623e-31,1.7673719e-20
72793,0.99999905,1.3619438e-10,1.9275083e-07
90237,1.0,1.8050341e-16,2.8736584e-11
86464,1.0,2.345104e-29,1.1677471e-20
28555,1.0,3.648483e-15,7.269552e-10
91273,1.0,1.789362e-31,8.9210986e-23
126880,0.999912,2.7333376e-08,0.0010484962
41448,1.0,9.6064615e-15,1.05697e-08
87349,9.3377246e-05,6.734826e-10,5.1500232e-05
31700,0.99999964,8.502332e-12,8.8423894e-07
85534,1.0,1.3678022e-16,2.8075132e-11
43417,0.99999917,3.4388254e-12,6.56239e-05
101494,1.0,1.700194e-23,1.9145064e-15
16556,1.0,3.3813618e-27,3.8890503e-24
86423,1.0,1.6955264e-28,3.0860912e-19
53355,0.999814,4.697378e-08,0.0043821246
84274,1.0,7.6961314e-23,6.7794666e-15
99254,0.11835777,0.00018916739,0.11926327
46394,1.0,1.9201811e-16,9.520915e-14
28398,1.0,1.2639725e-17,1.6884799e-11
35007,1.0,2.0743277e-30,1.4568324e-19
91078,1.0,5.4024375e-25,2.3876083e-16
18965,1.0,5.217155e-27,9.060191e-18
6627,0.99999654,3.0678649e-10,2.1394655e-05
128050,1.0,3.238289e-15,9.315784e-08
9770,1.0,4.581405e-25,1.9375904e-16
12356,0.1028857,0.00011835336,0.10076965
79694,0.13891998,0.00011642248,0.13648263
49648,1.0,9.966315e-20,6.8180135e-13
49687,1.0,1.0940331e-29,1.2131497e-19
41366,1.0,3.091885e-29,8.6522523e-19
60168,0.99993396,1.3793456e-08,0.0004624936
14343,1.0,5.9283382e-36,8.769256e-25
96976,1.0,8.7505977e-20,6.569325e-13
23983,1.0,6.131564e-15,2.1435397e-08
19089,1.0,8.727451e-30,4.4387846e-20
47356,0.9996309,3.1290444e-08,0.035622027
58920,1.0,4.3049e-17,3.314571e-11
95943,1.0,1.8024817e-23,2.4452187e-15
47512,1.0,9.34486e-20,1.1696874e-11
29393,1.0,1.1737432e-23,1.902102e-15
127292,1.0,6.613055e-15,3.8577788e-08
91189,0.25322166,0.00017337642,0.26154327
54259,1.0,4.255963e-25,1.8079974e-16
65703,0.86107147,8.970406e-07,0.86816895
128035,0.9999995,6.0759943e-12,6.206813e-06
87730,1.0,3.944974e-26,3.6707182e-17
97034,1.0,7.868904e-24,1.4385011e-15
34023,0.99999774,5.332027e-10,1.9341189e-07
68340,1.0,4.7817053e-21,8.3677294e-14
76160,1.0,4.7130116e-23,2.7703515e-15
54417,1.0,6.995332e-24,1.2682965e-15
62470,0.9999999,3.4082982e-12,3.911615e-08
16802,1.0,9.206975e-26,6.299584e-17
41378,1.0,3.8260483e-20,4.9973285e-12
102851,1.0,6.865652e-26,5.7143245e-17
127972,0.99774784,8.397603e-07,0.11702051
81907,1.0,7.233595e-24,1.0709788e-15
113021,1.0,3.466475e-21,7.8486486e-14
54449,1.0,4.681102e-22,2.0508506e-14
29582,1.0,4.6496278e-26,4.3271598e-17
118819,1.0,6.0218215e-25,2.1551573e-16
59972,1.0,2.0232495e-14,1.0633897e-09
102698,1.0,1.1131445e-23,1.2583545e-15
78592,1.0,2.7036093e-21,7.149398e-14
108650,1.0,8.5453504e-27,1.2622236e-17
97939,1.0,4.4038564e-27,7.720174e-18
51638,0.00018458573,1.3073032e-09,0.00021820878
86421,1.0,2.8309822e-28,5.7738975e-19
87859,1.0,1.749234e-29,1.1613019e-19
964,1.0,2.0116788e-25,1.01291105e-16
102846,1.0,4.1596623e-23,4.6026237e-15
19177,1.0,1.8331311e-23,2.5050584e-15
31841,0.9999927,1.7981234e-09,2.050982e-05
128000,0.99867165,1.6389531e-06,0.023545241
60258,0.9999994,2.2137656e-11,2.6509358e-07
1980,1.0,2.7605901e-25,1.019311e-15
85446,1.0,1.725623e-25,9.284008e-17
25504,0.0032814466,1.551573e-06,0.0014660591
119021,1.0,1.3056474e-26,1.7691014e-17
52098,1.0,7.8601e-20,5.6250566e-13
19141,1.0,1.1858174e-24,3.5127682e-16
100813,0.0011113881,1.0774042e-07,0.0007347549
89098,1.0,1.8635273e-22,1.0197899e-14
126986,1.0,3.7430576e-18,5.5520874e-12
45806,1.0,7.8573884e-16,7.017224e-08
45718,0.9999466,1.3500961e-09,0.0068058837
10579,0.9999913,1.8546251e-09,3.651317e-05
16697,1.0,1.1202304e-27,2.7229169e-18
49796,1.0,1.1072832e-23,1.2820384e-15
96788,1.0,5.749585e-20,4.793779e-13
58864,1.0,2.598259e-15,4.4520002e-10
43419,0.93555176,8.2303967e-07,0.86706334
112102,1.0,1.7099158e-18,4.01742e-12
79608,1.0,1.1998515e-22,7.176541e-15
72584,0.00012704072,2.0729816e-09,6.5434244e-05
10538,1.0,1.2675893e-24,1.1771827e-15
61331,1.0,1.7876488e-13,4.654735e-09
60368,0.0011168789,1.01683334e-07,0.0008128258
117637,1.0,2.3223328e-28,6.7245136e-19
3412,0.99841535,2.5944386e-05,0.000118769734
39669,0.99997807,9.130701e-09,8.332574e-05
5500,1.0,1.6602445e-24,3.6435302e-16
70624,0.99996126,3.361715e-09,0.00013891203
16950,1.0,3.8937793e-27,6.8343494e-18
109560,1.0,4.8209664e-24,7.0963113e-16
102797,1.0,3.567366e-23,4.091941e-15
61264,1.0,2.3846628e-13,5.5702016e-09
48205,0.5356368,0.10586036,0.0027261323
4180,1.0,6.0673553e-27,1.928713e-22
118831,1.0,2.8225462e-23,3.1204154e-15
80754,1.0,1.3464348e-27,2.7347106e-18
28478,1.0,1.681266e-14,2.0227529e-09
111771,1.0,4.3555056e-20,3.7825906e-13
28167,0.00020913918,2.821398e-09,0.0002067536
113045,1.0,1.736793e-22,1.0794408e-14
79615,1.0,2.2759978e-22,7.440052e-15
101645,1.0,1.0672887e-21,3.347623e-14
839,1.0,5.6944283e-27,8.910747e-18
88940,1.0,4.5946738e-24,1.0087855e-15
14673,1.0,8.233113e-18,3.0913158e-12
60132,0.99999976,7.1918994e-12,1.116494e-07
101505,1.0,4.957864e-15,4.916115e-10
21165,0.0055673323,4.00801e-06,0.003878949
108360,1.0,5.4666464e-23,5.370718e-15
55360,1.0,5.2513875e-24,1.1615215e-15
4045,5.8217378e-05,2.902165e-10,4.0687282e-05
85276,1.0,1.3866571e-24,6.1104494e-17
41176,1.0,3.5712344e-22,3.424378e-13
61191,1.0,6.9890123e-16,1.00013976e-10
56767,1.0,1.932709e-14,1.0813813e-08
4242,1.0,4.109481e-28,8.752239e-19
113271,1.0,1.4849792e-23,2.0567254e-15
118743,1.0,1.0930671e-26,1.201994e-17
39573,0.99999917,2.5109186e-11,5.6121053e-06
91216,1.0,1.8359094e-23,2.5186457e-15
40850,0.99941444,3.1750988e-06,7.348719e-06
18935,0.00021248865,9.126593e-09,0.00011131842
127275,0.99999666,4.1960723e-11,0.00021452762
117624,1.0,4.0634546e-25,1.08333807e-16
96949,0.16623113,0.00020863468,0.17751588
63382,1.0,3.9089312e-19,1.5080906e-12
91272,1.0,5.752864e-24,1.1837979e-15
101440,1.0,1.6250651e-19,9.203523e-13
69310,1.0,1.0096486e-21,3.626976e-14
39599,0.99993956,1.6138122e-08,0.00090047676
97080,0.8447283,0.00016071659,0.63959193
25990,1.0,8.409236e-28,2.2174007e-18
11224,0.9752215,0.0012764715,0.0016618052
41129,1.0,8.61577e-24,1.9563717e-14
41285,1.0,7.682646e-21,1.4404856e-12
129530,0.9999062,2.2176563e-09,0.015577657
43583,1.0,1.1947964e-13,8.529604e-08
111812,1.0,1.6998382e-22,1.0273021e-14
58782,1.0,2.0812284e-18,4.8927425e-12
13201,1.0,1.20240215e-17,1.2095572e-11
80933,1.0,1.058454e-28,5.2354587e-19
44339,0.99993134,6.01634e-08,0.0002699209
4388,1.0,9.144439e-23,5.6513128e-15
71990,0.0005758549,1.8712697e-08,0.00048270499
128236,1.0,4.7376016e-14,6.508789e-08
107490,1.0,5.530669e-21,5.663401e-14
88797,1.0,3.1176883e-24,5.234788e-16
75145,1.0,2.3301088e-26,2.624475e-17
115285,1.0,8.191943e-19,2.6436939e-12
40377,0.99999976,3.703471e-12,7.5285175e-07
37480,1.0,1.1460882e-26,9.833999e-17
59009,1.0,2.4364344e-18,5.4941056e-12
69478,1.0,4.369644e-23,4.1164747e-15
86753,1.0,1.9312894e-30,1.5002751e-20
66944,1.0,2.35278e-13,2.4090998e-08
47408,0.91588247,5.4805387e-06,0.82665384
72128,0.00036788368,5.4275278e-09,0.00035812223
28383,1.0,4.2171425e-18,6.9051787e-12
4340,1.0,1.1011272e-19,7.5888856e-13
80954,0.24998736,0.00021319407,0.24259986
84491,1.0,3.212254e-23,2.7796248e-15
102751,1.0,4.940847e-25,1.9528019e-16
62422,1.0,8.7717854e-13,1.23939365e-08
91305,1.0,2.087876e-18,7.0892905e-12
86437,1.0,2.565768e-28,5.304837e-19
59014,1.0,1.685138e-21,5.0735227e-14
34130,1.0,2.3987214e-21,5.845409e-13
28453,1.0,9.171563e-20,7.5414143e-13
20437,0.99946314,2.5242718e-08,0.016223948
78519,1.0,3.453559e-25,1.7505202e-16
33366,0.99999964,1.4167749e-11,7.967374e-07
72644,1.0,2.4546265e-25,1.3445175e-16
39575,0.99996805,3.985767e-09,0.0007288147
79611,1.0,3.9339514e-22,1.6740534e-14
112076,1.0,7.753682e-23,6.0131754e-15
19285,1.0,1.1373173e-25,7.8165167e-17
47445,0.99998355,9.755198e-10,0.0005623244
88795,1.0,3.774818e-26,3.885594e-17
13436,1.0,9.67023e-27,1.3261991e-17
18986,1.0,1.5676558e-22,9.409378e-15
34085,1.0,1.7534258e-18,4.5923647e-11
91257,1.0,2.1254808e-22,1.3840851e-14
4599,1.0,4.767621e-23,3.607105e-15
45517,0.012621175,3.0278927e-05,0.0067751817
3637,0.0013700252,2.7460442e-07,0.00070322887
49897,1.0,2.4636076e-22,1.2932728e-14
55117,7.9804406e-05,3.941306e-10,8.33569e-05
29472,1.0,7.1622795e-26,5.840939e-17
10184,0.0058332486,5.115924e-06,0.0026296747
115022,0.00033754262,1.4151754e-08,0.0001327763
90169,1.0,3.233962e-26,2.8680317e-17
128045,1.0,8.954309e-15,3.053764e-07
128203,0.9911612,4.8035534e-05,0.08720893
31837,0.9999968,4.3969783e-10,9.2669015e-06
80815,1.0,8.5178205e-26,6.74618e-17
34126,1.0,1.1388281e-25,2.9679712e-16
76057,1.0,1.466393e-21,3.9253482e-14
106063,1.0,2.3080656e-24,6.2352266e-16
123620,1.0,9.662201e-25,2.6077802e-16
94826,0.9998903,2.890076e-08,0.0010073401
36571,0.08126627,0.00026164594,0.084660225
14276,1.0,2.5914572e-31,2.2978134e-24
98181,1.0,1.4327108e-25,7.435363e-17
74066,0.10109293,0.00010630299,0.09988914
2140,1.0,4.316939e-24,7.687185e-15
32577,0.07345468,0.00021502814,0.07736994
59090,0.3815476,0.000101886006,0.39417225
73851,1.0,4.304167e-22,2.0661946e-14
46017,0.58454156,1.2644651e-06,0.5628757
16709,0.99995625,7.6184e-09,0.000101376245
51343,0.00290095,1.0076237e-06,0.0017267418
12128,1.0,1.8049753e-20,2.0941908e-13
7634,0.0002074904,5.9150467e-09,0.00012270699
85399,1.0,6.308381e-26,4.445773e-17
31064,1.0,1.7044522e-25,6.4651113e-16
4252,1.0,3.1171883e-32,1.2121909e-21
75111,1.0,9.446261e-26,7.0250133e-17
10511,1.0,4.219989e-19,1.40480605e-11
13456,1.0,9.593165e-23,6.4935392e-15
56666,1.0,9.341621e-19,3.1706356e-12
2141,1.0,1.4649713e-23,1.4316752e-14
114221,1.0,9.377306e-23,7.614077e-15
65971,0.8782821,5.2878545e-07,0.88515735
47605,0.94990605,8.13467e-05,0.55906725
44417,1.0,1.7031432e-13,8.6027676e-08
86610,1.0,7.923002e-24,4.0108023e-17
110856,0.9999999,3.119373e-12,9.4707914e-08
129540,0.9996263,1.5074983e-08,0.0619248
42546,0.9996573,2.2003799e-06,2.8523626e-05
14717,1.0,1.2469928e-20,5.2069704e-14
38752,0.9999912,5.1205473e-10,0.00019099648
13356,1.0,1.1413394e-22,7.325627e-15
39209,0.0071674194,8.233519e-06,0.0028964668
28465,1.0,7.0213624e-19,2.1417534e-12
40477,0.99999905,5.1170887e-11,3.7976697e-06
89988,1.0,1.7976192e-24,4.372228e-16
79807,1.0,2.4569147e-23,3.2438647e-15
89022,1.0,1.4086765e-24,4.34052e-16
66925,1.0,5.954059e-22,2.2204776e-14
115379,1.0,4.8470036e-24,9.816613e-16
88870,1.0,2.5979757e-27,6.0067242e-18
113110,1.0,4.2837504e-25,1.9098152e-16
93629,0.99999976,3.5820721e-12,6.244678e-08
26049,1.0,2.8417328e-16,5.498155e-11
103612,0.96582305,0.0002709644,6.658985e-05
72967,1.0,4.7095704e-19,1.9189695e-12
87878,1.0,6.215742e-27,9.751251e-18
61217,0.99999976,7.83264e-12,1.2285054e-07
95747,1.0,1.1496952e-13,1.8616504e-08
62390,0.38891137,9.7564654e-05,0.4001305
23647,1.0,1.6681686e-15,1.6941438e-08
118768,1.0,1.3154235e-22,8.91015e-15
69319,1.0,4.0006903e-15,7.469362e-10
39405,0.0024229784,5.44818e-07,0.0017530466
20441,0.9964508,8.167103e-07,0.033987187
85424,1.0,5.872282e-25,2.1540395e-16
36963,0.99999726,4.6456233e-10,3.420705e-08
115479,1.0,7.8507314e-25,2.874879e-16
113265,1.0,1.1062287e-21,3.5238712e-14
85352,1.0,2.1854076e-24,6.22515e-16
122239,1.0,1.2678277e-22,8.697474e-15
109755,1.0,3.124615e-26,3.2645927e-17
75992,0.00048749056,2.5427699e-08,0.00027535472
96934,1.0,4.846395e-16,5.3051924e-11
105940,1.0,1.26578e-20,4.291764e-18
47558,0.9999999,4.55703e-13,1.2644916e-06
12280,1.0,4.554876e-13,3.7774452e-08
118788,1.0,2.2330988e-23,2.2345991e-15
80767,1.0,7.186692e-26,5.9356595e-17
107493,1.0,1.3748817e-21,4.7761437e-14
28485,1.0,8.851025e-17,6.2007066e-11
12370,0.99999416,3.3093797e-10,8.951494e-06
66932,1.0,1.3974266e-16,6.2014165e-11
9031,1.0,1.481874e-21,1.7346988e-13
14412,1.0,2.1864684e-30,3.5798173e-20
56533,1.0,1.4432402e-21,4.2122237e-14
75100,1.0,7.858859e-23,5.9064827e-15
90253,1.0,7.100801e-25,1.1899094e-16
37516,1.0,6.15899e-23,2.4352363e-14
99095,1.0,8.799922e-24,1.5405688e-15
61283,0.9999999,2.719074e-12,5.1087877e-08
118070,0.0014553532,1.8725396e-07,0.0010177705
57146,1.0,1.0632801e-13,6.2412664e-10
32630,1.0,5.44379e-18,1.5717043e-10
29671,1.0,2.5185424e-28,9.631025e-19
84345,1.0,6.2399636e-23,5.697158e-15
111763,1.0,2.9142993e-23,3.190091e-15
94499,1.0,1.5695803e-25,5.2845638e-17
122320,1.0,2.835751e-19,1.4448249e-12
13374,0.6768982,0.00010869761,0.5167948
111182,0.0013575273,1.5798845e-07,0.0009554396
106250,1.0,9.255655e-23,3.652605e-15
90093,1.0,1.1360853e-26,4.9346295e-18
120112,0.9898711,3.3410013e-06,0.25532982
27080,0.99988055,3.0096765e-09,0.006128567
29452,1.0,1.15217525e-29,8.0073035e-20
94482,1.0,2.3454441e-29,1.1655892e-19
127278,0.7566036,4.212197e-07,0.71465516
4342,1.0,1.1362526e-29,5.0695606e-20
14502,0.9484463,2.8485378e-05,0.6052289
14339,1.0,9.269053e-29,5.0208136e-19
96817,1.0,2.600109e-18,5.815608e-12
84209,1.0,2.5420414e-24,6.655442e-16
106161,1.0,3.292761e-23,2.5489375e-15
64870,1.0,1.4083275e-16,6.141713e-11
65689,0.5959979,3.4430574e-05,0.61025023
37373,0.9753414,0.00012972296,0.19264103
25954,1.0,2.0611693e-24,4.2055803e-16
117766,1.0,5.686115e-27,9.967009e-18
97016,1.0,1.7446512e-19,9.386909e-13
20400,0.99039686,3.208108e-06,0.055022713
22204,0.2006521,0.0006704049,0.20293567
90131,1.0,1.3328764e-28,5.7430555e-19
27010,1.0,3.0270927e-27,4.2586956e-23
99389,1.0,1.1873032e-22,8.231964e-15
72705,1.0,9.588314e-20,6.9802573e-13
28586,1.0,5.336019e-16,2.1201976e-10
79505,1.0,1.5283349e-23,2.3069143e-15
26196,1.0,6.0474336e-13,6.260632e-09
86567,1.0,2.9274716e-29,8.7832726e-20
58807,1.0,8.025073e-19,2.634432e-12
81913,1.0,6.6571855e-26,5.407181e-17
4434,1.0,8.240019e-27,6.1510457e-18
29651,1.0,8.2144536e-24,1.4343804e-15
129512,0.99985194,3.9429695e-09,0.0255122
63399,1.0,4.13573e-20,3.6312e-13
17852,1.0,8.021408e-25,2.7774295e-16
28298,1.0,2.0205544e-17,2.3076891e-11
115573,0.9999871,1.3976102e-09,2.4120267e-05
13487,1.0,1.2922108e-24,4.0457015e-16
106162,0.99258983,1.1296802e-06,0.4793641
19901,5.6990244e-05,2.1625592e-10,5.457585e-05
126268,1.0,4.9523092e-14,1.11808e-10
106246,1.0,2.1675798e-26,2.1592954e-17
67142,0.9999982,2.3968416e-10,1.8447428e-06
1954,1.0,3.1065125e-27,3.099497e-17
31279,1.0,1.4588802e-17,5.6349118e-14
5771,1.0,8.184478e-19,2.280076e-12
18135,1.0,6.5080555e-27,9.33735e-18
118861,0.10680117,9.847261e-05,0.10144768
31985,0.00029520554,8.310442e-09,0.00022704249
96248,0.00085642806,5.2534737e-08,0.0006573996
79509,1.0,4.385407e-31,1.6870291e-21
21407,1.0,5.4804637e-25,1.3489054e-15
7441,0.044804517,6.8947054e-05,0.050332796
58857,1.0,1.5504518e-20,2.0659985e-13
59115,1.0,1.2302029e-13,1.6982615e-09
13480,1.0,1.8300958e-26,2.1733937e-17
127091,1.0,5.9249093e-26,4.463122e-17
118877,1.0,1.07114416e-19,2.9125804e-13
99207,1.0,3.5713977e-22,1.5472012e-14
9772,1.0,2.8740214e-25,1.2141931e-16
18083,1.0,2.6382967e-25,1.3046332e-16
126893,1.0,1.3001064e-25,5.7426015e-17
107313,1.0,8.6333275e-19,3.5565086e-12
47583,0.99907446,8.14652e-07,0.019024357
34921,1.0,2.6266563e-26,8.2960134e-17
31988,0.0003871835,9.07947e-09,0.000357167
14460,1.0,6.972546e-26,4.053006e-17
36557,1.0,1.0092856e-23,6.913232e-15
104965,1.0,1.3240529e-29,1.1820763e-19
76321,0.8979565,2.054816e-07,0.8995661
29578,1.0,1.685493e-27,4.1555015e-18
5808,1.0,2.1410853e-18,7.151618e-11
67126,1.0,2.775928e-14,2.1674165e-09
22082,1.0,4.6758326e-24,3.0007483e-15
4397,1.0,3.9380595e-25,1.245954e-16
14447,1.0,5.663984e-29,3.6214918e-19
8282,0.9990422,3.3885658e-06,0.0049566072
34054,1.0,4.7222768e-24,6.9879494e-15
22233,1.0,3.26195e-19,7.345913e-12
35738,0.9999927,1.9169422e-09,2.2836924e-05
117831,1.0,2.6847666e-24,2.2778458e-16
26273,1.0,4.836385e-16,5.3644734e-11
43467,0.99948883,5.8166847e-08,0.043402925
127191,0.99993575,1.0315871e-09,0.012567717
76167,1.0,1.3782695e-20,1.714283e-13
36885,0.00295078,1.0452299e-06,0.0016615568
81858,1.0,1.14907806e-26,1.6184472e-17
47464,0.99999774,1.3158682e-10,1.8271521e-05
5924,0.9999738,1.2360461e-08,0.000103493076
877,1.0,1.16669e-23,1.548588e-15
13282,1.0,1.1215219e-27,2.7305414e-18
127943,0.99999917,1.5800625e-11,1.0928656e-05
74428,0.99999964,1.4572022e-11,4.966795e-09
44510,1.0,5.007338e-23,3.0976872e-14
90150,1.0,9.989011e-25,1.0121462e-16
93439,1.0,5.810098e-23,4.560121e-15
4491,1.0,4.736925e-25,1.718818e-16
103719,0.99999976,2.314804e-11,2.0899305e-08
69326,0.35741392,0.00010509402,0.36604974
11030,0.99930656,3.903004e-06,9.1202755e-06
90001,1.0,1.5696385e-27,3.2868458e-18
13866,0.9999825,6.5518324e-09,8.008809e-07
29753,1.0,5.2958214e-33,2.655202e-22
111865,1.0,4.1809436e-25,1.8568699e-16
18158,1.0,3.515282e-27,6.0076862e-18
79764,1.0,1.863626e-23,1.8829705e-15
54357,1.0,1.7215803e-24,3.9119206e-16
111989,1.0,7.622315e-19,2.3125742e-12
2035,1.0,1.3703833e-22,1.1528089e-13
95071,0.0012866338,1.4042394e-07,0.00092055567
2136,1.0,1.1974067e-27,1.6656297e-17
96891,1.0,8.885833e-18,1.2127705e-11
113149,1.0,7.3243153e-22,2.809352e-14
49737,1.0,4.5814618e-23,4.0340994e-15
58298,0.99999845,1.3661221e-10,3.032045e-08
106101,1.0,1.2442555e-28,4.6683587e-19
99108,1.0,3.3751087e-21,7.0814184e-14
48565,0.0048251883,2.903901e-06,0.0032162522
80760,1.0,5.894922e-27,9.846006e-18
55479,1.0,2.5068646e-23,2.3394112e-15
29395,1.0,1.13774635e-26,1.500123e-17
14444,1.0,1.0261029e-23,1.1644982e-15
96974,0.118183255,0.00012848034,0.11713114
21401,1.0,3.4263318e-24,2.8762082e-15
10847,1.0,5.0276786e-14,3.101038e-11
36449,1.0,4.019966e-30,5.614276e-20
47599,0.9995437,5.114374e-07,0.005471807
19100,1.0,7.734569e-23,5.5920823e-15
73933,0.10299821,0.00010340676,0.099267825
109552,1.0,6.865917e-25,2.6984643e-16
121525,0.0015600593,2.2070451e-07,0.0010548664
79650,1.0,3.1533045e-26,3.4291034e-17
129460,0.99926597,3.3059067e-08,0.1298236
47257,1.0,4.428603e-20,1.3709137e-11
54467,1.0,3.3365812e-26,3.165057e-17
123541,1.0,6.3366026e-25,1.9948757e-16
43471,0.8260642,1.1890864e-05,0.7497003
89092,1.0,3.5687117e-24,8.8680633e-16
38894,0.99989355,1.382089e-09,0.02794105
121224,0.9999999,3.6451497e-12,9.424211e-08
101557,0.09948893,8.848481e-05,0.09375692
29421,1.0,1.8692754e-27,2.9190687e-18
5643,1.0,7.491039e-20,5.120129e-13
23781,0.30597043,0.00032395,0.29828733
5445,1.0,1.1181153e-23,1.698658e-15
41172,1.0,1.5697166e-19,2.9789702e-11
112133,1.0,1.0622045e-19,6.324711e-13
23905,0.99994814,1.6691802e-08,0.0005601379
30643,1.0,2.4484412e-28,8.786191e-19
26128,1.0,7.144833e-21,6.8712214e-14
85304,1.0,2.0037461e-23,1.9835398e-15
99387,1.0,7.94121e-18,1.15801535e-11
37208,1.0,3.009136e-17,2.2459881e-10
9863,1.0,1.3032654e-16,3.7137599e-10
29480,1.0,1.2802021e-28,5.605205e-19
107445,1.0,1.2607298e-20,2.0031604e-13
8979,1.0,1.8207366e-19,5.609524e-12
82492,0.9999999,3.5599022e-12,1.2376614e-09
41096,1.0,3.3165923e-20,2.4819306e-11
43397,0.8852448,2.441573e-12,0.8954162
114125,1.0,1.7328469e-13,1.9968635e-08
66005,0.8814184,5.258601e-07,0.8877482
58982,1.0,1.3251576e-13,5.293655e-09
94545,1.0,5.6722624e-30,6.654844e-20
71461,1.0,1.8167744e-27,4.465623e-18
51388,0.9999516,4.7386465e-08,6.0562735e-07
129988,1.0,2.045324e-13,2.4751543e-09
82013,0.99973625,1.02738994e-07,0.0060841218
27316,0.9999367,1.3272522e-09,0.0035446049
102595,1.0,7.1699647e-25,2.889546e-16
97951,1.0,2.6429571e-20,2.9115583e-13
89078,1.0,2.3841503e-23,3.3294792e-15
113250,1.0,1.1182171e-24,3.714032e-16
44204,1.0,2.4444307e-26,1.4422421e-16
49895,1.0,9.467e-19,3.027428e-12
102649,1.0,2.5673022e-23,3.0508416e-15
72931,1.0,1.12742586e-13,2.0229227e-09
83058,1.0,1.947165e-22,8.284952e-15
41186,1.0,5.9771463e-18,6.0719807e-10
32669,1.0,7.631666e-16,2.6505849e-09
128005,0.9997311,7.776224e-08,0.008672119
90202,1.0,3.1146453e-24,1.5042898e-16
63385,1.0,1.492807e-14,1.2703001e-09
37349,0.25338554,0.0004020159,0.2435048
106148,1.0,7.9090116e-26,5.4708356e-17
85611,1.0,2.966048e-23,2.9378633e-15
52013,1.0,3.862479e-18,7.41055e-12
15653,0.53138816,8.385911e-05,0.38719293
124724,1.0,1.8528132e-26,2.1094202e-17
127159,1.0,1.4281345e-15,5.0342763e-08
127924,0.8822923,2.9193482e-06,0.8097354
2156,0.9999999,1.590999e-13,1.5322219e-06
8219,1.0,3.5358652e-16,1.0097434e-09
21305,1.0,1.2149071e-23,2.0646462e-14
128223,0.9999999,7.1090974e-13,2.5535214e-06
34097,1.0,6.152213e-20,2.6236123e-11
114074,1.0,1.3583177e-24,4.3823634e-16
92321,1.0,7.6540555e-24,1.3016216e-15
61378,1.0,2.5644572e-13,5.5573612e-09
79575,1.0,3.8359006e-26,3.9507754e-17
61408,0.99999964,6.6847543e-12,1.0432804e-07
72628,1.0,1.5598302e-21,4.6704373e-14
56710,1.0,3.7685045e-17,5.2084885e-11
8090,0.99808526,3.3513752e-05,0.00023567428
50911,1.0,4.583965e-29,3.662293e-20
16843,1.0,4.2463e-24,8.707362e-16
19260,1.0,5.875436e-27,9.842851e-18
44218,1.0,1.611314e-24,2.635835e-15
52148,1.0,5.370543e-19,2.1335663e-12
127241,0.9999999,1.4920106e-13,2.48828e-06
111816,1.0,1.2450955e-21,3.981221e-14
91054,1.0,1.9542173e-24,4.0730334e-16
16800,1.0,4.24348e-25,1.8422157e-16
23657,0.97671086,0.00027948417,0.14427316
113259,1.0,5.7395265e-20,4.458928e-13
2023,1.0,1.6883808e-29,1.6358375e-19
129550,0.998131,2.6458085e-07,0.17516644
60036,1.0,9.944579e-15,6.140697e-10
14630,1.0,1.3653521e-31,4.440798e-21
113029,1.0,4.5921426e-20,3.979249e-13
114065,1.0,4.6756032e-23,4.676817e-15
13474,1.0,4.295532e-25,1.9053617e-16
41133,1.0,8.3681824e-20,1.8999774e-11
68235,1.0,2.300348e-13,1.5056479e-08
55464,1.0,5.6683997e-27,9.374433e-18
87577,1.0,2.3445965e-27,5.3635235e-18
56380,1.0,2.6928376e-25,3.0611156e-20
68339,0.9999988,4.6371577e-11,4.651569e-07
116482,1.0,3.2581348e-25,1.1319511e-16
63734,1.0,1.4828473e-20,1.8840432e-13
87761,1.0,4.150049e-27,7.5508355e-18
89060,1.0,4.28506e-24,9.024397e-16
67086,1.0,2.944664e-14,2.5302573e-09
106003,1.0,5.6819887e-29,3.7302558e-19
35516,0.004093148,1.8844648e-06,0.0029367704
42723,0.7874778,2.7476315e-07,0.7445795
76353,0.7841486,4.270093e-06,0.7869721
10486,1.0,1.12474313e-13,1.0380383e-07
12090,1.0,1.034056e-23,1.494162e-15
33281,0.9996996,8.5240555e-07,0.0007933763
49885,1.0,2.522828e-23,2.4876127e-15
90147,1.0,3.9545717e-26,2.4817053e-17
103996,0.1005468,0.00010977865,0.09663122
91381,1.0,9.152981e-25,3.21484e-16
108319,0.9999976,2.3789332e-10,2.8452998e-06
93443,1.0,8.326146e-21,1.2427234e-13
60219,0.9999993,7.648035e-11,3.1159192e-07
102704,1.0,8.1894546e-24,1.531294e-15
78518,0.17399575,0.00018431139,0.18729468
27274,0.9998233,4.162144e-09,0.008127722
26278,1.0,3.060767e-19,6.132354e-13
17810,1.0,8.171203e-23,6.411133e-15
47308,0.9824058,9.514858e-07,0.72229767
96893,1.0,4.6932273e-21,1.001509e-13
106958,8.52558e-05,3.4863865e-10,0.00011004843
79666,1.0,1.9704047e-28,4.774802e-19
127036,0.13676924,0.00023681199,0.14225586
106000,1.0,2.0275745e-23,1.8848245e-15
38911,1.0,6.854934e-15,7.6148886e-08
28245,1.0,3.6661158e-16,1.14486524e-10
13890,0.9999926,1.4455411e-09,3.4588697e-07
15546,1.0,1.4537456e-19,8.934017e-13
106194,1.0,1.6071311e-27,4.1034867e-18
84299,1.0,2.920721e-23,3.4760458e-15
113234,0.14407144,0.00021937468,0.15322831
65710,0.7879139,4.708753e-06,0.7956376
16231,0.00025102255,2.2067699e-09,0.00024214391
34106,1.0,9.9702335e-27,4.2177728e-17
128218,0.99999917,1.825748e-11,8.296893e-06
46054,0.9999995,1.8876266e-12,2.1590005e-05
58840,1.0,1.8628773e-18,4.4972637e-12
109789,1.0,5.0193135e-29,3.0334512e-19
38887,0.9999957,4.832958e-11,0.0003592587
28407,1.0,1.4821845e-14,3.496577e-09
107411,1.0,2.6160962e-19,1.6282854e-12
96985,1.0,9.554151e-25,3.4296412e-16
43532,0.23787671,1.7550261e-05,0.25147483
23675,0.999979,5.1835976e-09,0.00015824055
40434,0.9996531,3.9683832e-07,0.003368877
26028,1.0,8.698451e-19,1.7260031e-12
44332,1.0,7.911041e-24,1.4688673e-14
41442,1.0,5.6635044e-23,5.1823095e-14
96565,0.00012770035,2.0182438e-09,7.897121e-05
78354,1.0,4.2248885e-25,2.0222983e-16
885,1.0,2.8135226e-26,2.6365768e-17
6607,1.0,1.3498203e-17,3.1285283e-10
5447,1.0,4.007929e-16,1.4072041e-10
24201,0.00032749466,1.8407691e-08,0.00013386922
89653,0.00017761231,3.350551e-09,8.092827e-05
64584,0.9999864,1.2850951e-09,3.2687614e-05
29659,1.0,3.3249205e-24,7.3941556e-16
84384,1.0,2.1837492e-24,6.099274e-16
56474,1.0,2.6955891e-27,5.774671e-18
67055,1.0,2.1835937e-14,2.376635e-09
90155,1.0,5.852555e-26,3.9782543e-17
47403,1.0,2.5991796e-16,3.8120915e-09
6701,1.0,1.8535337e-19,5.7509024e-12
95920,1.0,1.2614654e-13,4.865269e-09
26165,1.0,1.9255955e-30,3.3781633e-20
18006,1.0,2.0414724e-25,1.1102774e-16
8029,0.0032357033,1.190309e-06,0.0021837323
103861,0.21827485,0.00018877441,0.23351184
122678,0.0015053701,2.0302879e-07,0.0010198419
40067,0.99993443,9.5943726e-08,7.039745e-07
20309,0.97110915,1.103585e-05,0.0862943
17853,1.0,2.677907e-29,2.2360698e-19
37250,1.0,2.0185134e-24,3.5796764e-15
81864,1.0,1.204675e-24,4.0657216e-16
58322,0.9999995,1.8790853e-11,1.2236326e-08
68052,1.0,3.234125e-17,2.7853143e-11
79518,1.0,6.4346955e-25,2.6484224e-16
65486,7.365839e-05,4.8049537e-10,4.557876e-05
31789,0.06560928,0.0001546169,0.06706285
2079,1.0,2.3288397e-17,1.933942e-09
81229,0.0014876307,1.9976753e-07,0.0010380375
117816,1.0,2.5058448e-28,7.5157734e-19
76156,1.0,2.161825e-14,1.3175441e-09
8285,0.98883295,8.115316e-05,0.09271114
67189,1.0,1.0883221e-14,7.269885e-10
67091,1.0,3.8632824e-14,2.9027587e-09
14677,1.0,4.773491e-19,5.448728e-13
106252,1.0,8.494061e-28,2.5420877e-18
34732,0.0033542071,1.1496301e-06,0.0024546888
88932,0.9999981,2.0089026e-10,1.7904346e-06
61420,1.0,5.289294e-13,8.714354e-09
124438,1.0,4.7188192e-24,1.0376641e-15
44352,1.0,6.9112954e-26,3.1053565e-16
30695,1.0,1.9751824e-29,1.00811784e-19
17818,1.0,5.9672744e-28,1.6270818e-18
72630,1.0,4.4555015e-17,3.4139146e-11
47506,0.99999297,5.341687e-10,9.4362505e-05
34886,1.0,7.279131e-31,3.1416798e-20
19092,1.0,7.3674826e-26,5.4338547e-17
57971,0.8625632,9.824665e-07,0.8683374
26878,0.00011794709,7.2337974e-10,0.00012948825
129462,0.9997223,8.654013e-09,0.051081337
98141,1.0,1.0941705e-22,7.614164e-15
14491,1.0,1.6416549e-22,6.124644e-15
37367,1.0,8.371166e-24,6.849602e-15
106108,1.0,2.2647362e-24,5.382796e-16
116427,1.0,1.2298821e-27,2.0695035e-18
67006,1.0,1.0149936e-20,1.5598961e-13
75194,0.14350355,0.00012503359,0.13498197
104051,0.99999774,3.640929e-10,1.0265043e-06
87861,1.0,7.600553e-30,7.0070974e-20
54210,1.0,1.3772871e-27,3.1543042e-18
129582,0.9997545,6.440359e-09,0.04940812
74947,1.0,1.5138157e-25,9.873806e-17
108651,1.0,1.0797377e-21,2.9665537e-14
69215,1.0,8.599936e-18,1.1790479e-11
59007,0.9757572,2.5667212e-05,0.36678797
14498,1.0,8.668715e-24,9.012768e-16
71747,1.0,1.2169757e-38,4.6853596e-27
79702,1.0,3.704234e-27,6.5004195e-18
41306,0.9999975,2.3632313e-10,9.233309e-06
19025,1.0,1.5510944e-23,1.8997308e-15
13288,1.0,9.875123e-25,3.3196238e-16
4390,1.0,1.6831045e-25,5.424535e-17
72712,1.0,7.53598e-20,5.8967187e-13
104994,1.0,6.08841e-26,4.7233207e-17
71642,0.9999999,5.0813724e-12,1.9689557e-08
37345,1.0,2.0066911e-23,2.3733855e-14
76096,1.0,4.2065067e-18,6.814442e-12
66035,0.8223135,2.4878718e-06,0.8296323
115316,1.0,1.1949667e-25,8.025113e-17
38792,0.999998,3.3371028e-11,6.140019e-05
56808,1.0,2.770576e-21,5.995473e-14
5680,1.0,1.3998026e-21,3.3804492e-14
27780,1.0,3.0936646e-15,5.6525416e-11
13351,1.0,4.3367864e-28,1.5743169e-18
20251,0.99675876,5.49429e-07,0.034275476
106008,1.0,5.156348e-22,1.0584213e-14
30829,1.0,1.9525889e-28,7.186033e-19
9068,0.18893354,0.0009286077,0.1798963
98283,1.0,1.9537998e-24,5.3970245e-16
17816,1.0,5.870807e-24,1.1194172e-15
19012,1.0,1.5839973e-26,1.88437e-17
128037,1.0,4.618257e-16,1.7924126e-08
108646,1.0,7.548814e-27,1.22165875e-17
30717,0.19709957,0.00038990687,0.18029924
53203,0.8248708,0.0001037676,0.672587
103799,1.0,1.1466763e-15,5.4572413e-11
54452,1.0,7.162318e-23,5.676895e-15
90830,0.005282774,4.3062745e-12,0.0071629006
69485,1.0,1.03908946e-16,5.9763125e-11
53262,0.13022166,6.813585e-05,0.11471562
102787,1.0,1.459198e-24,4.71035e-16
64776,1.0,4.730387e-14,2.8017229e-09
19243,1.0,4.7233493e-20,3.9662913e-13
113108,1.0,3.846998e-24,8.649031e-16
67022,0.14184996,0.00020024207,0.15160887
63574,1.0,3.854921e-14,3.6808712e-09
14635,1.0,6.641523e-22,1.0913862e-14
65725,0.85690385,1.1632857e-06,0.86328894
107834,0.99999845,1.6351276e-10,2.4103544e-08
97959,1.0,1.6818814e-22,1.04199605e-14
98228,1.0,7.538405e-25,2.3975752e-16
112965,1.0,3.5684546e-23,3.790278e-15
79602,1.0,7.084564e-26,5.3827726e-17
80852,1.0,6.477362e-29,2.2904331e-19
3661,0.0011234232,1.9343439e-07,0.00062763266
65746,0.44963932,8.197598e-05,0.46374616
99186,1.0,1.1579238e-24,3.863706e-16
18899,0.0008934954,9.894609e-08,0.00022070501
54354,1.0,3.4727945e-25,1.568145e-16
32661,1.0,1.9782343e-16,1.6542071e-09
104404,1.0,2.03119e-15,1.1550021e-11
68181,1.0,3.8214614e-31,8.254201e-21
109654,1.0,2.1473808e-28,7.7081937e-19
69249,1.0,4.861701e-19,1.974755e-12
4240,1.0,7.2733435e-20,4.9217645e-13
102696,1.0,1.0776122e-25,7.957924e-17
54510,1.0,3.9633272e-28,1.4621891e-18
18134,1.0,3.598145e-30,5.2046114e-20
129605,0.9995555,2.1286523e-08,0.068150595
97992,1.0,5.7948093e-21,1.02565024e-13
53248,0.999824,4.1897767e-08,0.0035913782
934,0.11966351,0.00019664485,0.121482536
49843,1.0,3.4034739e-22,1.2999054e-14
127281,1.0,9.05187e-17,3.5269327e-09
98146,1.0,1.0735344e-24,3.4816707e-16
73903,1.0,2.1867146e-26,2.416074e-17
101703,1.0,9.636845e-24,1.6183131e-15
126899,1.0,2.972923e-16,3.761679e-11
80967,1.0,2.4757604e-30,3.662656e-20
26169,1.0,6.124746e-20,3.075899e-13
29422,1.0,6.2046957e-29,3.7579922e-19
88803,1.0,1.3690187e-23,2.1593472e-15
108466,1.0,8.9722565e-23,7.5712396e-15
80846,0.3543926,0.00030188524,0.33487308
32504,1.0,5.41249e-15,1.1838925e-08
41189,1.0,4.8206388e-30,5.8832394e-20
123086,9.4932366e-05,3.646948e-10,0.000120010875
69415,1.0,1.5827354e-14,1.7002743e-09
74946,1.0,8.08492e-29,4.902225e-19
126886,0.9995814,1.5876753e-07,0.011558231
109696,1.0,1.0352741e-26,1.5391987e-17
9876,1.0,1.5499178e-15,2.1125857e-09
107311,1.0,1.9999101e-18,4.3248937e-12
91401,1.0,1.7149879e-22,8.814174e-15
18515,0.00029744758,3.3064413e-09,0.00029009779
96928,1.0,1.4299305e-19,7.4182235e-13
87809,1.0,1.2682695e-27,2.7098915e-18
4451,1.0,2.542814e-19,1.1853903e-12
51662,0.0001550044,8.7145985e-10,0.00019267578
89908,1.0,1.8895781e-28,7.455465e-19
12716,0.9999999,2.967332e-12,3.3766878e-09
129444,0.99999964,9.913927e-13,3.7874222e-05
85402,1.0,1.4716633e-25,4.74463e-17
90249,1.0,1.9623878e-26,1.7878123e-17
128017,0.9999603,6.378781e-09,0.0007885495
2075,1.0,3.7199774e-21,2.0864014e-12
91124,1.0,4.884666e-31,1.4786891e-21
13237,1.0,5.7420465e-27,9.744706e-18
58935,1.0,1.1925535e-17,1.4325188e-11
85464,1.0,1.3014646e-27,3.4944543e-18
76054,1.0,1.1902639e-23,1.5634987e-15
81344,0.00066732115,2.95564e-08,0.00051593507
81728,0.03656645,8.2530205e-05,0.0006590305
34070,1.0,1.6857078e-24,2.6398603e-15
94695,1.0,3.9336205e-30,2.939795e-20
10664,1.0,2.3216183e-18,3.5616902e-11
8293,1.0,1.3574087e-20,9.364806e-13
114263,1.0,5.593356e-17,4.5278465e-11
127176,1.0,3.853054e-14,9.318223e-07
2049,1.0,1.6342982e-25,8.1453086e-16
43461,0.99995875,8.2435964e-10,0.0057184193
88658,1.0,1.6356158e-23,1.4067897e-19
75094,1.0,2.998487e-27,6.300158e-18
35733,0.99998486,6.45412e-09,4.4589386e-05
26070,1.0,2.6776025e-20,2.1378587e-13
65793,0.84616846,1.4258594e-06,0.8531293
99438,1.0,4.037628e-21,8.7742564e-14
84199,1.0,6.553563e-22,2.7089975e-14
9398,0.0034993887,1.5889915e-06,0.0018157952
98134,1.0,5.027624e-24,8.059109e-16
45733,1.0,8.97448e-16,3.5046646e-08
92184,1.0,8.8638e-24,1.4801215e-15
121033,1.0,9.5157006e-26,5.903346e-17
85604,0.9997147,1.9509937e-07,0.00038355537
109578,1.0,4.2258528e-19,8.734487e-13
79670,0.1194639,0.0001562673,0.12192645
18952,1.0,2.1021468e-28,7.528111e-19
70589,0.99999976,8.432626e-12,6.915684e-08
13484,0.34618184,0.00015792054,0.28691038
19076,1.0,7.596797e-27,1.0479579e-17
107343,1.0,1.8188952e-21,6.352854e-14
123568,1.0,9.226762e-20,5.993647e-13
79856,1.0,5.2324535e-23,5.383558e-15
28300,1.0,1.7347202e-15,4.3272244e-10
76133,1.0,3.3771696e-21,6.493851e-14
97140,1.0,3.2445305e-24,7.263875e-16
113152,1.0,3.8097822e-19,1.5880863e-12
38809,0.9999999,6.433262e-13,4.0611408e-06
47413,0.5302661,5.4465563e-06,0.5101353
111700,1.0,5.8701753e-18,2.503875e-14
104044,0.9999336,3.2270766e-09,0.00042678867
38828,0.9739865,4.067887e-08,0.9145173
66985,1.0,1.4334368e-19,5.54585e-13
109614,1.0,7.95977e-26,6.230754e-17
117733,1.0,2.68281e-25,1.4491246e-16
23817,1.0,1.7080929e-15,7.066163e-09
127301,1.0,2.9985627e-15,1.5713738e-07
129633,0.9999999,1.462151e-13,2.7145925e-06
105532,0.99999976,7.913685e-12,1.8577513e-09
17947,1.0,3.1599395e-26,3.1131002e-17
44219,1.0,5.520317e-22,1.908802e-13
42682,0.7082536,1.2550375e-07,0.6793109
127948,1.0,1.7741591e-14,2.2478318e-07
123328,1.0,6.4708256e-19,2.4886844e-12
99277,0.69489217,7.008217e-05,0.49104884
11162,0.27304462,0.033957798,0.036712967
12224,1.0,8.515094e-18,1.0499218e-11
72617,1.0,4.773301e-22,2.1907858e-14
129794,1.0,2.0932964e-13,6.3332247e-12
118838,0.11188248,0.00015856921,0.11173829
16937,1.0,3.4972553e-25,1.4305109e-16
13399,1.0,3.0008032e-24,7.103191e-16
114365,1.0,5.968801e-20,5.2034483e-13
45133,0.0015995725,2.5349328e-07,0.0009809143
39671,0.9999895,1.9325077e-09,6.614897e-05
60493,0.0015386151,2.152585e-07,0.0010303898
128129,1.0,4.089132e-15,2.0672848e-08
86517,1.0,9.970875e-28,2.9049815e-19
76333,1.0,2.0880598e-25,8.7848943e-17
28544,1.0,1.5754788e-15,4.2392978e-10
107410,1.0,3.0793176e-19,1.751272e-12
96963,1.0,2.3375511e-19,5.654078e-13
21616,1.0,1.7026365e-13,6.4648655e-12
121094,1.0,6.701915e-15,5.6954663e-10
96888,1.0,7.812137e-24,1.3959354e-15
61126,1.0,5.2821937e-14,1.5347138e-09
47496,0.9998654,1.3520967e-08,0.0079481015
64680,1.0,1.7135921e-18,3.6849608e-12
19175,1.0,5.516288e-25,2.2639682e-16
54401,1.0,7.791712e-26,5.765759e-17
85323,1.0,1.7530384e-25,9.696544e-17
21238,0.9999974,6.200332e-10,3.223268e-07
16647,1.0,6.603045e-38,5.987979e-28
41167,1.0,3.067336e-19,1.06369545e-10
54363,1.0,7.9434405e-21,1.2120617e-13
94034,1.0,7.438423e-18,3.8547613e-13
37204,1.0,2.718911e-25,5.7553247e-16
47545,0.99994516,9.116866e-09,0.0013435878
74049,1.0,4.443337e-22,2.0972038e-14
77390,0.59397966,3.2227475e-05,0.5983261
109572,1.0,3.0294841e-27,6.1863676e-18
50804,1.0,2.3398175e-26,2.5177593e-17
73905,1.0,2.8443395e-21,6.5801057e-14
116617,1.0,5.6012032e-28,1.2559021e-18
84662,0.0010850277,9.261482e-08,0.0008047812
69506,1.0,5.143891e-15,7.5462314e-10
24190,0.0002816713,1.3059657e-08,0.00012277348
118771,1.0,8.55438e-28,2.520997e-18
109555,1.0,8.231713e-30,9.8874734e-20
113106,1.0,1.1175781e-23,1.7382773e-15
2590,0.0002557344,8.442183e-09,9.872402e-05
20246,0.99710923,3.9276858e-07,0.03577343
89083,1.0,4.114509e-24,9.543559e-16
7372,1.0,2.0555705e-13,1.4734937e-07
46286,0.00050929317,4.5284146e-08,0.00016073606
72013,0.00084972155,5.0588987e-08,0.00066022406
103757,0.99999654,1.2952477e-10,3.8050978e-06
42799,0.98289675,1.0629614e-06,0.70572746
73842,1.0,7.103449e-27,1.1067966e-17
116431,1.0,1.7337635e-27,3.3532717e-18
44246,1.0,1.3455636e-17,5.5739824e-10
85587,1.0,3.3182143e-26,2.628964e-17
90017,1.0,6.149979e-29,9.257365e-20
69453,1.0,2.5382653e-14,2.7299183e-09
107408,1.0,1.4159926e-17,1.7554834e-11
84823,0.00055009365,1.6753297e-08,0.00046094763
91220,1.0,1.19463526e-23,1.9523262e-15
20012,1.0,1.4616749e-27,3.6160575e-24
37309,1.0,6.4475495e-24,7.934864e-15
38822,0.99997056,2.3782087e-09,0.0010407943
128087,1.0,8.354063e-14,9.716767e-08
104898,1.0,2.259012e-27,1.8183984e-18
114367,1.0,2.553885e-20,3.0128864e-13
37757,0.00039949006,6.280138e-09,0.0003957419
90238,1.0,9.769403e-29,5.262691e-19
118741,0.99953043,3.0531982e-08,0.048519287
26494,0.0031143688,1.1677564e-06,0.00181509
30724,1.0,3.1848273e-29,1.645187e-19
49912,1.0,3.6191635e-16,1.5167202e-10
113201,1.0,1.2484486e-21,3.7232136e-14
121335,1.0,1.2196189e-25,7.282683e-17
1110,1.0,1.4333092e-14,6.3858746e-10
68048,1.0,3.863437e-18,6.546538e-12
63523,1.0,4.0441835e-19,1.5365685e-12
112034,1.0,5.849967e-18,8.477248e-12
118830,1.0,1.2700805e-19,6.9737364e-13
59360,0.00088827417,5.8021254e-08,0.0006742178
41833,8.949822e-05,6.8146566e-10,4.8167458e-05
37447,1.0,3.1697476e-23,3.440252e-14
58842,1.0,1.9423651e-22,1.2150146e-14
118729,1.0,3.9466877e-27,7.339938e-18
103703,0.999846,9.873942e-09,0.0024832627
29613,1.0,6.129492e-27,1.0074077e-17
14647,1.0,8.7968726e-23,3.3991259e-15
80970,0.9964774,3.810123e-07,0.32538003
34879,1.0,1.3918306e-30,6.687648e-20
94036,1.0,2.0092864e-17,7.5325873e-13
79664,1.0,5.487522e-22,2.492368e-14
19209,1.0,9.8260465e-25,3.3219295e-16
20159,0.99564385,7.80048e-07,0.04342968
109595,1.0,1.6548809e-26,2.0542455e-17
63569,1.0,3.7922038e-14,3.86779e-09
76210,1.0,1.3094797e-16,4.9797194e-11
116608,1.0,1.8361875e-25,1.131662e-16
13334,1.0,8.0700455e-27,1.1714431e-17
98287,1.0,1.6990503e-26,2.1062923e-17
34977,1.0,4.1093985e-30,1.997736e-19
20388,0.9917706,2.736724e-06,0.050644703
77405,1.0,3.0647387e-27,6.4254703e-18
90007,1.0,2.3809383e-26,2.7573912e-17
44455,1.0,4.0080452e-19,1.52335e-11
49333,5.636243e-05,2.463449e-10,3.934341e-05
72836,0.9999887,1.7196735e-09,2.8940789e-05
98644,0.99999654,6.892001e-10,3.385679e-08
4488,1.0,2.096688e-25,7.19597e-17
127180,1.0,2.6738442e-14,2.7607962e-07
25992,1.0,1.9386067e-20,1.6772087e-13
47268,0.9999713,1.4614262e-09,0.0015444498
88974,1.0,1.5480916e-23,2.2494722e-15
29676,0.28205913,0.00012369298,0.27940166
17835,1.0,2.9331645e-27,6.018375e-18
121130,1.0,1.7313668e-13,5.200691e-09
67141,1.0,1.1906355e-13,7.007805e-09
97110,1.0,3.0143752e-17,2.6571677e-11
37532,1.0,6.7307264e-26,4.1718175e-16
110948,1.0,4.789887e-20,3.9277763e-13
31876,0.99995923,2.8666776e-08,0.00013192595
111765,1.0,2.5919411e-24,6.4511924e-16
19194,1.0,1.1516371e-25,7.8243934e-17
61363,1.0,8.0769094e-13,1.607858e-08
41390,1.0,2.6167947e-19,3.5188255e-11
41430,1.0,5.948011e-25,1.6697093e-15
67129,1.0,1.0147548e-18,2.7152909e-12
80850,1.0,7.5828554e-31,1.2062778e-20
73855,1.0,1.5008151e-25,9.7553857e-17
91098,1.0,5.9364566e-23,3.61871e-15
16580,1.0,2.216756e-27,8.339803e-24
86534,1.0,1.5145289e-29,1.101997e-19
69172,1.0,6.514842e-18,1.0461499e-11
37545,0.9956618,4.9641818e-05,0.010999208
18990,1.0,2.4895032e-29,2.0994877e-19
68083,1.0,2.3951988e-23,2.4181878e-15
41145,1.0,1.7953394e-14,6.9131505e-07
10527,0.9999988,5.8369254e-11,5.5727296e-06
29410,1.0,3.0517294e-28,1.3002946e-18
112007,1.0,7.727462e-23,6.320387e-15
109619,1.0,2.2580657e-26,2.4255209e-17
103810,0.9999912,3.5244832e-10,1.6960252e-05
126984,0.9984546,2.1087864e-08,0.39233327
122237,1.0,5.058648e-19,2.1373463e-12
10641,0.9962036,1.4136792e-05,0.039137755
76087,1.0,1.9385771e-20,2.1206474e-13
31852,0.08592996,0.00025137677,0.08667045
88806,1.0,3.5181717e-24,8.166371e-16
10508,1.0,1.0156082e-15,3.882469e-09
5950,1.0,1.9323478e-14,2.9131764e-08
88999,0.999998,3.9177042e-10,3.1656455e-07
87774,1.0,5.99236e-15,3.9757805e-10
117712,1.0,5.6524724e-24,1.1461077e-15
84263,1.0,7.9110073e-25,3.0746036e-16
54258,1.0,3.2283432e-25,1.1320721e-16
109482,1.0,7.350916e-27,1.1166524e-17
17324,1.0,1.0928604e-15,2.0110599e-11
127171,1.0,8.077505e-18,1.6466497e-08
5961,0.9999999,1.3592487e-12,2.2824896e-07
30868,1.0,5.1344416e-30,4.6108013e-20
73849,1.0,7.2402954e-26,5.6734035e-17
37257,1.0,8.760801e-24,8.522744e-15
10665,0.9999974,2.5886002e-10,1.0689065e-05
42548,0.99905485,1.1400502e-05,7.0394024e-05
2974,0.00058990053,2.102136e-08,0.0004641
10649,0.99406993,5.5883007e-05,0.03185741
6753,1.0,8.340825e-23,3.1802384e-14
32646,0.99999976,4.2453133e-12,1.0784306e-06
19252,1.0,5.523616e-25,2.206282e-16
23687,1.0,9.038133e-18,2.6623687e-10
109701,0.9951509,4.8655687e-07,0.39767864
102836,1.0,2.7726908e-28,4.959878e-19
92377,1.0,1.1048987e-24,3.5613278e-16
67135,1.0,1.8592452e-15,3.31015e-10
76360,1.0,1.5653823e-14,9.206646e-10
108457,1.0,7.3824164e-20,5.535863e-13
6068,0.00025250408,5.045906e-09,0.00020939855
19157,1.0,1.1089052e-25,7.267198e-17
37272,0.1989088,0.00047329225,0.20293011
73862,1.0,1.3199714e-24,3.7140883e-16
7418,0.9805001,3.8290444e-05,0.32857063
29617,1.0,3.309645e-25,1.66285e-16
109730,1.0,1.0764273e-28,5.9235743e-19
36561,1.0,1.1767142e-25,2.743815e-16
67151,1.0,1.4850136e-15,2.665214e-10
8287,1.0,1.4583303e-16,4.464126e-10
27754,1.0,3.807772e-14,3.7428086e-10
122479,1.0,8.081734e-24,8.476666e-16
64735,0.99999654,3.0906414e-10,6.4804976e-06
84424,1.0,4.410222e-22,2.1235282e-14
34180,1.0,1.0871382e-24,1.4816976e-15
72756,1.0,9.1204495e-20,6.7020884e-13
106195,1.0,1.7387469e-24,3.66142e-16
53268,0.14068955,0.00022730936,0.14701669
92329,1.0,1.2942334e-24,4.4534647e-16
79709,1.0,1.0716534e-22,8.884457e-15
36362,0.9999789,2.1494927e-08,1.9567415e-06
53218,0.99610656,1.5063753e-06,0.19174857
101415,1.0,1.9084091e-24,5.574125e-16
86606,0.602447,2.5262349e-05,0.60266995
26171,1.0,1.7675462e-21,3.0770593e-14
88868,1.0,1.1745546e-22,6.9103845e-15
54459,1.0,8.633121e-21,1.548312e-13
54268,1.0,2.1669772e-25,1.2053833e-16
69513,1.0,5.8455717e-18,9.1192704e-12
87830,1.0,3.133207e-27,5.6579257e-18
30870,1.0,1.13883894e-29,1.0487567e-19
113204,1.0,3.7786867e-22,1.7900669e-14
23744,0.99999964,3.6785492e-12,3.1131733e-06
10544,1.0,6.510307e-22,1.8479618e-13
16948,1.0,6.204872e-26,5.050228e-17
72594,1.0,5.6855642e-15,1.1636736e-09
26143,1.0,3.0338793e-19,7.323344e-13
43491,0.999546,5.728886e-08,0.03477364
66935,1.0,1.9648913e-17,1.7670969e-11
13236,1.0,1.2476652e-25,8.1284187e-17
53249,0.94053245,3.347801e-05,0.6405582
14634,0.39856794,0.00010846165,0.37979814
81957,1.0,2.3622025e-26,2.678393e-17
115234,1.0,8.283387e-19,2.5131884e-12
85356,1.0,6.266602e-25,1.1123335e-16
85355,1.0,1.3853921e-26,4.5627936e-18
48724,0.99989927,2.97466e-07,1.0381257e-05
90028,1.0,1.338104e-27,1.5000248e-18
68134,1.0,5.0249486e-28,1.6916007e-18
84464,1.0,3.3940575e-24,5.1077924e-16
66772,1.0,1.9314594e-22,1.0706264e-17
46645,0.0037972142,1.8848227e-06,0.001532752
37287,1.0,3.8473796e-24,5.5133286e-15
23818,1.0,5.2791506e-22,2.128785e-13
12049,1.0,1.5269518e-18,3.838314e-12
78463,1.0,6.9707286e-21,1.2479823e-13
5789,0.9999902,2.2566127e-09,4.0656254e-05
20772,0.00045460483,3.9651745e-08,0.00016237324
56531,1.0,6.610185e-21,1.0822534e-13
91403,1.0,1.9014994e-23,2.6320873e-15
103858,0.99999857,1.9046154e-10,5.4965795e-07
84228,1.0,8.562821e-24,1.204437e-15
84128,1.0,1.5423216e-22,1.13677285e-14
80895,1.0,2.515296e-29,4.0918686e-20
114375,1.0,1.7922138e-20,2.478938e-13
69511,1.0,1.6168976e-14,1.7567614e-09
65798,0.8483854,1.4546853e-06,0.8545099
74090,1.0,2.1119204e-28,8.831456e-19
78423,1.0,2.4597632e-25,1.3968455e-16
29642,1.0,9.291158e-26,2.0068427e-17
75061,0.11338065,0.0001400907,0.115040466
95651,1.0,3.8010246e-21,7.1588e-14
129990,0.99999964,6.3566786e-12,3.0435636e-08
45970,0.8655768,9.055811e-07,0.8055963
98046,1.0,1.1238704e-13,1.1390118e-08
81905,1.0,5.6901535e-26,4.9724053e-17
19212,1.0,4.965911e-29,2.6060858e-19
60069,1.0,2.6214372e-14,1.0663916e-09
90187,1.0,1.1576431e-28,6.595809e-19
10259,1.0,7.852958e-15,2.4807571e-11
46067,0.97575754,3.3172768e-07,0.8457508
41153,1.0,5.8830563e-21,2.4760756e-12
34065,1.0,1.0411536e-22,5.3921006e-14
14499,1.0,8.2027504e-22,1.643554e-14
124621,0.11082565,7.840962e-05,0.10201737
19017,1.0,8.5224965e-27,1.078826e-17
54304,1.0,6.3294547e-24,1.2809238e-15
109753,0.9997881,6.3584494e-08,0.0032850665
43559,0.9999677,2.2343247e-09,0.0013765444
108604,0.11382969,0.00015764433,0.11263613
41280,1.0,6.166785e-26,2.9769063e-16
41424,1.0,1.5741936e-22,6.504078e-14
72788,1.0,1.6620628e-17,1.4557716e-11
66893,1.0,1.2003347e-18,3.3765991e-12
69170,1.0,1.9905038e-17,2.0070402e-11
69332,1.0,4.047693e-16,1.4570613e-10
122466,1.0,8.717351e-19,3.0251704e-12
87875,1.0,1.7019327e-16,4.2834052e-11
10562,1.0,1.5016463e-24,1.5002788e-15
49713,1.0,1.0816907e-23,1.514297e-15
35624,1.0,1.460982e-14,2.097834e-08
87778,1.0,3.9641304e-27,7.710933e-18
65828,0.77371895,5.3113636e-06,0.7823724
72868,1.0,8.358201e-19,2.7652878e-12
66939,1.0,1.6592327e-15,3.342972e-10
91255,1.0,3.183577e-21,7.6225376e-14
76329,1.0,8.905227e-14,2.8668294e-09
101581,0.09753009,9.033068e-05,0.091961525
109634,1.0,1.0950583e-25,6.0343554e-17
84341,1.0,2.190359e-22,1.0070327e-14
20164,0.983805,5.353797e-06,0.07278744
18092,0.15315242,0.00018236243,0.15465716
84459,1.0,4.6381023e-23,2.6911876e-15
61314,0.9999999,3.976937e-12,7.944705e-08
44534,0.99999094,2.1996722e-09,3.432517e-05
128152,1.0,9.624718e-17,2.1540103e-09
47560,0.9999999,1.4110623e-12,1.0461614e-06
59971,1.0,1.6970889e-17,1.2133676e-11
20350,0.9761012,8.9186115e-06,0.08188669
88722,1.0,2.4957459e-25,1.2687508e-16
70346,1.0,5.1977067e-20,4.6947504e-13
76150,1.0,3.0878883e-22,1.2761545e-14
7448,1.0,3.3038547e-25,7.6682893e-16
89058,1.0,5.4402624e-25,2.3720753e-16
33316,0.9999856,6.0452323e-09,3.519283e-05
102592,1.0,2.6436587e-23,3.4358373e-15
37084,0.0035122593,1.4095958e-06,0.002363577
129473,0.99991906,4.4878765e-10,0.0361489
113051,1.0,2.1453824e-21,5.7098884e-14
5928,0.71799546,5.8155125e-05,0.6416223
32593,0.99999774,2.5323324e-10,2.252715e-06
115904,0.0006295435,2.7864663e-08,0.00045778937
88889,1.0,4.221812e-25,9.28422e-17
111830,1.0,5.6770444e-23,4.9912433e-15
19275,1.0,1.24224775e-23,1.9054862e-15
91322,0.13593148,0.00014852997,0.13255799
43482,0.9892414,1.4454308e-05,0.25264344
103477,0.0001000997,7.0225736e-10,9.7816934e-05
108653,1.0,5.764988e-25,2.4316272e-16
32497,1.0,5.9501714e-16,2.8523643e-09
49776,1.0,1.00405964e-22,5.748767e-15
108598,0.8219767,2.2633074e-06,0.822993
23790,1.0,1.357714e-13,1.293847e-07
46036,0.93118083,3.0576922e-07,0.8717111
25978,1.0,1.8122224e-17,1.144463e-11
20436,0.9851034,4.8240686e-06,0.06860183
114182,1.0,6.0033748e-27,1.0802178e-17
60027,1.0,1.277246e-13,3.5478354e-09
73936,1.0,3.55875e-22,1.8618828e-14
17759,0.0004797459,2.6140057e-08,0.0001719392
96901,1.0,1.6458868e-23,2.316588e-15
116671,1.0,6.61014e-27,1.1064208e-17
23636,0.99901676,1.1712864e-06,0.015859555
37497,1.0,1.8772817e-24,2.4005047e-15
46004,0.8648067,7.9527604e-07,0.80586195
126902,0.3777302,0.00011509042,0.38719282
46048,0.9244488,4.864829e-05,0.71331185
20200,0.9947496,1.1645334e-06,0.04474454
10492,1.0,1.4759195e-17,1.8092862e-10
27168,0.9999217,9.128089e-09,0.0017977828
10670,0.9997079,4.760343e-07,0.0016201123
20102,0.9961642,6.8415955e-07,0.037366834
34010,0.9999982,3.806676e-10,1.472252e-07
41148,1.0,2.9830744e-19,3.4465427e-11
50727,1.0,9.9316385e-25,3.534867e-16
26258,1.0,2.8679631e-19,6.027753e-13
38770,1.0,3.077408e-16,1.1543235e-08
92224,0.99998844,2.77458e-09,1.8046088e-05
7245,0.0028711162,8.8852136e-07,0.0019822575
90421,0.0012348449,1.3186086e-07,0.00083253783
28284,1.0,8.051419e-14,6.818911e-09
55523,1.0,2.016099e-22,1.22683515e-14
101653,1.0,8.9849e-22,2.6804007e-14
41358,1.0,1.5585421e-18,9.867812e-11
29594,1.0,4.08686e-28,1.2789882e-18
67007,1.0,9.337364e-15,1.4150965e-09
5453,1.0,5.4987174e-20,4.773232e-13
44337,0.99290025,9.711412e-05,0.027763259
28321,1.0,5.5744466e-15,1.1863829e-09
23979,1.0,6.045478e-19,3.7764764e-10
59073,1.0,4.7017173e-15,7.0432987e-10
37475,1.0,1.7550065e-24,4.4797574e-15
117631,1.0,1.0506962e-24,3.7200297e-16
39643,0.99990964,8.295607e-08,0.0004188402
113278,1.0,8.029528e-23,6.3304252e-15
66988,1.0,1.1087754e-15,1.0711634e-10
69313,1.0,2.0874162e-16,9.075045e-11
34839,1.0,6.95084e-36,1.3887089e-27
102657,1.0,4.5659885e-22,2.291444e-14
68136,1.0,6.24046e-24,1.2233994e-15
43097,0.001733443,2.3647877e-07,0.00076775835
86473,1.0,8.743088e-28,1.0260116e-18
34990,0.60622764,0.00023040015,0.53646827
17808,1.0,4.306825e-23,3.0428682e-15
97118,1.0,3.11446e-21,7.658475e-14
35635,0.9999999,3.093634e-12,4.2386515e-07
72808,1.0,1.8219982e-22,9.992226e-15
65840,0.49483854,5.9106493e-05,0.49873233
51904,1.0,8.311344e-17,4.9359558e-11
34102,1.0,4.214341e-27,1.9981193e-17
84458,1.0,3.032622e-24,6.812362e-16
75090,1.0,9.5905084e-20,6.968657e-13
9008,0.040442165,7.8992e-05,0.041471105
54261,1.0,1.3943203e-26,1.7182862e-17
114311,1.0,4.3564667e-21,9.475262e-14
29611,1.0,3.526299e-25,1.7342826e-16
69343,1.0,1.3575963e-26,1.4815096e-17
90235,0.9798937,7.8496785e-11,0.9779334
29646,1.0,1.0671714e-27,2.6881465e-18
10571,0.999997,3.323752e-10,1.0837437e-05
74908,1.0,5.892728e-24,1.0874542e-15
119222,0.048429556,0.0005972204,0.008383533
126736,0.999982,2.621729e-09,9.142519e-05
23783,1.0,2.4635083e-19,2.238157e-11
2048,1.0,2.7114017e-25,9.179807e-16
54169,1.0,2.8116198e-21,6.0443865e-14
103750,0.99441886,5.011179e-07,0.44493514
89911,1.0,3.6047187e-26,3.4493597e-17
121142,0.18286014,0.00023575181,0.19437633
127172,1.0,1.590211e-16,5.1388877e-08
15824,1.0,1.1165446e-12,1.236171e-08
19518,0.0011008583,9.7605664e-08,0.00080536696
100790,0.34394056,0.16590199,0.0030218542
15501,1.0,1.2138854e-27,2.934129e-18
42660,0.8962055,2.8638413e-08,0.8545612
931,1.0,4.359669e-24,8.271338e-16
127279,1.0,1.5156038e-14,5.0912007e-07
53270,0.6958425,0.00017414668,0.5839405
16786,1.0,3.3479515e-20,2.8171015e-13
129617,0.9998766,2.52351e-09,0.024405258
89050,1.0,1.21151925e-23,1.8085778e-15
5900,1.0,6.587159e-19,1.25554254e-11
99158,1.0,3.336661e-24,7.607889e-16
34082,1.0,1.0150221e-25,3.312123e-16
43558,0.9993278,3.3026055e-07,0.020048575
49231,0.00014254462,2.157357e-09,6.8421694e-05
78406,1.0,4.5700398e-26,4.367458e-17
112938,1.0,7.5231315e-15,1.6469411e-09
23658,0.99996376,1.3208081e-08,0.00025799018
95751,1.0,2.6243701e-28,1.039477e-18
60271,1.0,4.295916e-22,8.767226e-15
5876,1.0,3.7376015e-21,6.9398605e-13
59076,1.0,8.042064e-16,2.6134947e-10
26201,1.0,6.703132e-18,5.4912563e-12
14631,1.0,4.3322624e-25,1.1114936e-16
107298,1.0,8.7782434e-21,9.590045e-14
8935,1.0,2.2566883e-18,3.1362937e-11
91370,1.0,3.8942587e-25,1.6219586e-16
19135,1.0,2.149055e-26,2.4153368e-17
124503,1.0,3.883108e-23,4.2819586e-15
85631,1.0,6.322492e-28,1.4248292e-18
21392,1.0,2.8910782e-24,6.589208e-15
12241,1.0,9.747378e-19,2.5821966e-12
93384,1.0,1.1894357e-19,7.87162e-13
22065,1.0,1.2180591e-21,1.4264589e-13
73890,1.0,2.1771498e-27,4.7300437e-18
4255,1.0,7.0082844e-17,1.09599656e-10
106212,1.0,1.832417e-24,5.453232e-16
46011,0.9912997,1.2812407e-06,0.5013259
23761,0.9999964,2.7148986e-11,0.00037461738
34337,0.0006492841,6.434419e-08,0.0001838431
72657,1.0,8.2699967e-20,6.6486514e-13
70837,0.0005718774,1.9613317e-08,0.00045592675
107270,1.0,4.1598727e-21,1.0802881e-13
4438,1.0,1.7780789e-25,7.941033e-17
72858,1.0,1.1930246e-13,7.913516e-09
112310,0.001269752,1.37246e-07,0.0009118906
49559,1.0,3.7083192e-20,3.4495182e-13
29487,1.0,2.7515337e-28,1.0446406e-18
21043,1.0,2.0924958e-15,2.486375e-11
52061,1.0,6.8129002e-18,1.03322646e-11
44548,1.0,5.5755443e-18,1.0533363e-10
55610,0.15483983,0.00024254945,0.16486976
91309,1.0,2.6532567e-23,2.2318645e-15
41417,1.0,4.2031115e-23,5.0965966e-14
86476,1.0,9.7469666e-27,9.819187e-18
89996,1.0,3.402306e-29,2.0444246e-19
113210,0.12402734,0.00017414452,0.123498574
128053,0.99999785,4.2263536e-11,5.747407e-05
112087,1.0,4.1279324e-14,3.6121284e-09
98509,0.0011475169,1.1219246e-07,0.00077420677
30255,0.0019765631,5.2963134e-07,0.0003589542
51879,1.0,2.1320606e-20,2.6599488e-13
24933,0.003088962,9.774741e-07,0.0021899503
46050,1.0,2.0768902e-14,5.0479105e-07
14356,1.0,1.52033035e-27,3.3812352e-18
29674,0.21838781,0.00015356489,0.22453977
86478,1.0,7.113285e-29,2.4627563e-19
61134,0.99997795,3.396557e-09,7.366956e-05
14373,1.0,5.0947093e-26,3.4968693e-17
17902,1.0,1.5778723e-23,1.8688876e-15
108593,1.0,6.525331e-20,5.258032e-13
23784,0.9999013,5.947824e-08,0.0008147334
26220,0.14015889,0.00015708328,0.14977704
67989,1.0,5.676036e-20,4.3130373e-13
20263,0.9917463,2.7968845e-06,0.05093448
66846,1.0,1.7705268e-16,8.138325e-11
13543,1.0,5.4915127e-25,2.1870678e-16
127235,0.99946815,1.461848e-08,0.123084664
59990,1.0,1.408319e-13,4.406653e-09
6605,0.9999969,2.002323e-10,2.5319678e-05
10969,0.004442962,2.8456795e-06,0.0020814796
5422,1.0,8.666873e-22,2.6476624e-14
70338,1.0,1.6181077e-17,1.8067195e-11
28339,1.0,1.1129617e-16,7.0693784e-11
29506,1.0,1.6362857e-28,7.9009583e-19
49809,1.0,8.189217e-21,1.2229878e-13
30576,1.0,3.413138e-27,6.12585e-18
124776,1.0,3.6170896e-18,7.648935e-12
92500,0.19232105,0.00019972248,0.20563148
54179,1.0,1.9128736e-20,2.176393e-13
20010,1.0,7.338445e-28,4.442536e-24
10498,0.9997985,2.4673034e-07,0.0011953902
111958,1.0,1.9730764e-19,1.0186712e-12
124482,1.0,7.0117596e-25,2.8172207e-16
63394,1.0,1.1268899e-14,1.0122656e-09
93295,0.00014488849,9.981584e-10,0.00015195475
14336,1.0,1.2306944e-19,3.061769e-13
79802,0.13373451,0.00012222737,0.12813672
123489,1.0,6.021676e-20,5.6845723e-13
47296,0.9880965,6.022436e-08,0.837908
37468,1.0,1.1442202e-23,1.3652908e-14
112011,1.0,1.2260722e-22,7.489686e-15
119221,0.0021777807,4.9037953e-07,0.0013942636
43443,0.99993086,5.184468e-09,0.0039354223
91100,1.0,3.973042e-22,9.301813e-15
85569,1.0,6.98306e-26,5.5917773e-17
127208,0.9999993,6.9226647e-12,1.5522432e-05
87876,1.0,1.3568554e-19,6.164968e-13
107497,1.0,4.4177515e-21,1.0217704e-13
69198,0.99998677,6.318571e-10,8.190056e-06
69159,1.0,2.412679e-14,2.3916185e-09
61189,1.0,7.18652e-13,1.2923445e-08
87633,1.0,8.9709774e-26,6.84505e-17
10626,0.9996488,5.930475e-07,0.0021192792
111957,1.0,2.4135335e-23,2.921056e-15
44397,1.0,2.0009735e-23,1.5603089e-14
111805,1.0,9.694428e-26,6.7323496e-17
97077,1.0,1.870449e-23,2.550124e-15
92424,1.0,5.7916836e-32,2.6890116e-23
80980,0.16766334,0.00019278035,0.17530273
112056,1.0,3.0660875e-17,2.282418e-11
94639,1.0,4.5978354e-29,2.6550342e-19
17730,1.0,2.5036483e-27,9.826764e-24
94012,1.0,3.4176893e-17,1.0984041e-12
49753,1.0,3.559833e-24,6.231303e-16
32491,0.9999994,2.2044117e-11,3.0664432e-06
111932,1.0,7.167699e-24,1.245679e-15
89875,1.0,1.1421764e-28,4.3814035e-19
21459,1.0,7.366001e-24,1.7921952e-14
108181,0.00010737434,5.2983895e-10,0.00014091667
121227,1.0,1.1966195e-15,2.1395183e-10
61085,1.0,1.7909924e-14,7.5751305e-10
106211,1.0,1.2115128e-26,1.6833748e-17
73845,1.0,8.4587275e-26,5.1608278e-17
2119,1.0,6.1500915e-23,5.4478726e-14
23769,0.9999707,4.515303e-09,0.00048767065
117632,1.0,2.5374102e-24,6.8632253e-16
72632,1.0,5.663244e-16,2.1138663e-10
26054,1.0,5.9135084e-18,5.066903e-12
89904,1.0,7.779583e-29,4.0908714e-19
70390,1.0,7.867683e-14,5.2093085e-09
127310,0.99998677,2.4686936e-10,0.0011798049
101461,1.0,4.6504508e-23,2.5450606e-15
65904,0.94724643,1.1833914e-08,0.9495361
32484,0.97591555,2.7543922e-06,0.7035229
96796,1.0,5.8017103e-21,1.0030345e-13
33335,0.99821496,1.3151518e-05,0.005424802
35022,1.0,1.1157558e-29,4.70221e-19
53017,0.9999999,7.1528838e-12,2.4023407e-08
11586,0.99720865,1.7379278e-05,1.700758e-05
65236,1.0,2.5573343e-14,1.7839115e-10
46093,0.9966941,1.2972139e-07,0.4503269
9798,1.0,1.3358881e-23,3.6031994e-15
41146,1.0,1.6804668e-26,1.3967123e-16
129486,0.99961925,1.1592813e-08,0.07736476
17705,6.654776e-05,3.520553e-10,3.849034e-05
22109,1.0,1.6726932e-22,8.1230995e-14
95546,1.0,2.0669623e-26,1.3389761e-21
100453,1.0,2.0038266e-19,7.2469477e-13
15845,1.0,3.994499e-15,4.0661213e-10
2030,0.8592952,1.9180133e-07,0.8105717
63720,1.0,6.928512e-17,3.7991305e-11
90225,1.0,8.880713e-26,6.8962365e-17
101488,1.0,4.5608577e-20,3.9163762e-13
59103,1.0,7.7684344e-21,1.3299052e-13
64864,1.0,6.2593653e-13,1.192518e-08
107158,1.0,6.96706e-21,7.531261e-14
107393,0.9999976,3.2249092e-10,2.4244948e-06
73807,1.0,4.2494434e-24,9.487695e-16
91091,1.0,1.5663809e-24,4.9446215e-16
68342,1.0,3.111598e-21,6.287661e-14
13428,1.0,4.0577585e-23,3.1998656e-15
52010,1.0,6.4477037e-22,2.6561349e-14
90227,1.0,1.3286028e-27,3.6167306e-18
122389,1.0,5.006765e-23,4.650754e-15
102883,1.0,6.382685e-36,1.1412853e-25
88723,1.0,3.567932e-26,3.5959182e-17
67019,1.0,1.2488298e-21,3.7455075e-14
10620,0.9961559,3.117003e-05,0.019345926
121075,1.0,2.2428251e-21,4.4844018e-14
91307,1.0,8.0095554e-22,3.3073855e-14
19301,1.0,3.8424768e-26,3.687926e-17
7511,0.957122,0.0005682609,0.2313591
9033,1.0,3.8078623e-20,1.4212832e-12
73841,1.0,4.5502132e-24,8.4983583e-16
5424,1.0,5.498384e-19,1.8589856e-12
22596,0.9977406,2.3870114e-05,3.867611e-05
125847,1.0,1.6494892e-22,1.1761375e-14
43758,0.99999857,2.978892e-10,5.8551732e-09
99091,1.0,4.1666e-24,7.846905e-16
41408,1.0,1.3068154e-23,1.0550432e-14
83357,0.0013288005,1.5363729e-07,0.0009439835
93380,1.0,3.1731987e-21,6.988193e-14
35633,1.0,2.4956786e-18,4.610963e-11
114277,1.0,9.388942e-22,3.510039e-14
60223,0.99999976,1.0065848e-11,7.055716e-08
18981,1.0,5.0749655e-25,2.1628e-16
79671,1.0,8.870759e-26,6.0241665e-17
115476,1.0,2.0118426e-30,1.5598608e-20
79034,0.99999976,6.357782e-12,1.7716275e-09
125828,1.0,5.980581e-21,1.16374e-13
35740,0.9986596,7.592192e-06,0.00477143
68084,1.0,2.5424565e-14,1.5496978e-09
76206,1.0,5.116027e-14,2.248278e-09
112024,1.0,5.3177e-20,4.2101451e-13
17839,1.0,7.3709407e-26,4.9774157e-17
32487,1.0,2.462091e-14,9.352149e-06
110706,1.0,2.1621808e-24,5.78248e-16
120983,0.9999999,2.7326908e-12,5.3478498e-08
34063,1.0,2.8871602e-20,2.7257309e-12
106243,1.0,3.112789e-26,2.5199692e-17
60116,1.0,8.7996694e-13,1.27318245e-08
102660,1.0,1.344671e-24,4.1265502e-16
29612,1.0,2.899086e-38,1.514513e-27
95162,0.9999999,2.5684723e-12,1.6754184e-09
75188,1.0,2.0542774e-24,5.729738e-16
113450,0.00086018234,5.3450552e-08,0.00065753335
76372,0.122437134,0.00015940193,0.1267061
66913,1.0,4.6177788e-17,3.0898614e-11
31475,1.0,7.40088e-14,5.733297e-10
69413,1.0,7.3925616e-20,5.817802e-13
43484,0.9999999,4.2149585e-13,3.2973978e-06
116569,1.0,3.4972937e-26,1.4764939e-17
50813,1.0,5.9017385e-20,4.8358756e-13
93378,1.0,2.0802984e-19,1.0959933e-12
79697,1.0,2.0330569e-24,5.9578487e-16
45914,0.9466412,8.780116e-06,0.77463216
108420,1.0,6.6202903e-25,2.5308468e-16
50893,0.6827439,1.3530388e-05,0.69275224
76339,1.0,1.07851316e-17,1.0391278e-11
109699,1.0,2.161653e-24,4.9141215e-16
102854,1.0,3.8716408e-25,1.9112802e-16
97073,1.0,1.6191548e-20,2.2635569e-13
92225,1.0,4.3736113e-24,9.803366e-16
78609,1.0,3.0159992e-23,3.670008e-15
109541,1.0,3.8289294e-25,1.8134541e-16
108323,1.0,5.232274e-23,5.2354298e-15
39797,0.0003528286,8.311124e-09,0.00030474024
71440,1.0,7.914547e-23,6.6286126e-15
70094,6.132348e-05,3.2129613e-10,4.3880755e-05
5399,1.0,4.0971947e-35,9.621888e-25
59119,1.0,3.577698e-37,1.167045e-25
88950,1.0,6.6824933e-21,1.1463581e-13
32769,0.00043554354,3.6891244e-08,0.00015743506
108878,0.00051085337,1.5838516e-08,0.00039228649
81876,1.0,1.9328504e-24,5.6778667e-16
79530,1.0,1.6825526e-25,8.238049e-17
67202,1.0,3.8986728e-14,2.2772981e-09
66963,1.0,8.123676e-17,4.2642403e-11
32645,1.0,1.1099768e-16,7.979657e-10
18171,1.0,7.811004e-24,1.3891889e-15
43582,0.94837457,0.0003547773,0.36695534
33429,0.9955123,3.1252595e-05,0.026241833
8221,0.17417699,0.00071002386,0.17632045
14521,1.0,1.0628312e-22,4.132523e-15
49931,1.0,7.087005e-16,2.5847519e-10
45870,0.9999913,2.8601427e-10,0.00037402092
32576,0.08015498,0.00025351965,0.08110592
30720,1.0,2.694018e-26,2.834326e-17
121267,1.0,6.428725e-20,4.412935e-13
58922,1.0,3.2196628e-16,1.451367e-10
28510,1.0,1.4537931e-15,4.451924e-10
95956,0.16060464,0.00023540143,0.17305891
28376,1.0,1.0391817e-14,2.3364395e-09
107454,1.0,8.998351e-21,1.5041973e-13
16940,0.13917737,0.00021560812,0.14682753
63527,1.0,1.0863725e-14,1.2206366e-09
69465,1.0,5.1860663e-18,8.649362e-12
41141,1.0,2.664823e-21,1.8395157e-12
80906,1.0,1.3580352e-28,6.012589e-19
89936,1.0,8.402511e-26,6.431433e-17
44187,0.86847025,0.000121940066,0.57396966
90022,1.0,8.756434e-29,3.1553614e-19
98044,1.0,5.89894e-30,4.150871e-20
35024,1.0,1.4292961e-29,6.320688e-19
123604,0.13651079,6.1444654e-05,0.11815387
129925,0.00032986392,5.1581233e-09,0.00025158585
109010,1.0,1.2826749e-14,9.8364296e-11
94534,1.0,7.111115e-29,2.705562e-19
112010,0.74058473,7.2576413e-06,0.7410638
34917,1.0,3.9168095e-28,1.1161754e-17
49865,1.0,7.847132e-19,3.2974365e-12
47585,1.0,3.7760528e-13,2.505436e-07
66254,0.00037849392,9.458205e-09,0.00023649655
13892,0.99999213,1.7220828e-09,3.3960217e-07
46091,0.97150505,2.1978826e-08,0.9235564
21362,1.0,5.6862594e-22,3.41962e-13
80972,1.0,1.0959007e-28,5.826979e-19
29524,1.0,9.6387e-28,2.8068124e-18
65900,0.82531077,2.2433844e-06,0.83216363
97945,1.0,4.1877657e-22,1.662021e-14
59092,0.40072736,9.279468e-05,0.41192997
125786,1.0,3.5299112e-22,1.9067816e-14
91209,1.0,1.4908212e-21,4.8204025e-14
30534,1.0,2.434112e-33,2.114183e-23
88884,1.0,4.744665e-25,2.0623889e-16
91371,1.0,1.0664665e-21,2.944467e-14
63674,0.15222295,0.00024351571,0.16236953
81857,0.91733074,9.778045e-08,0.9195742
11812,0.00016852478,2.58031e-09,0.00011907024
118983,1.0,7.029357e-24,1.2499535e-15
89920,1.0,8.265303e-26,6.639741e-17
44283,0.9964797,3.1456973e-05,0.014574378
30988,1.0,5.129127e-26,2.803402e-16
75155,0.5525532,4.2089538e-05,0.5598637
19065,1.0,5.0544642e-26,4.1831463e-17
16942,1.0,2.2910878e-27,4.8192155e-18
6535,0.99967754,1.879635e-06,4.1776468e-05
88724,1.0,1.4199101e-30,2.5358866e-20
117762,1.0,6.566761e-27,3.785764e-18
105556,0.9999999,3.6756175e-12,1.3414051e-09
16999,1.0,6.2003555e-25,2.2686451e-16
121140,1.0,5.3228642e-24,9.213626e-16
44260,1.0,1.0550204e-19,9.414419e-12
6066,0.00028796768,1.1912291e-08,0.00015949772
75775,7.460666e-05,3.4649603e-10,7.930635e-05
17826,1.0,1.4668618e-30,2.2999402e-20
19019,1.0,3.127751e-26,3.1325654e-17
117856,1.0,1.5395933e-23,2.3509876e-15
14633,1.0,4.990552e-25,1.1491936e-16
87725,1.0,1.3935182e-25,9.3209133e-17
51923,1.0,3.6294545e-21,8.411815e-14
75049,1.0,4.0526454e-27,7.0933815e-18
111871,1.0,1.3860655e-23,1.9214426e-15
96807,1.0,3.2489496e-18,4.7673024e-12
62527,0.99998546,1.5907962e-09,3.1369706e-05
116423,1.0,3.2447482e-27,5.493104e-18
15832,1.0,5.151028e-19,1.8879865e-12
33314,0.99999464,1.1684621e-09,1.262179e-05
47314,0.99818194,6.6643724e-07,0.09212496
16791,1.0,1.2190549e-27,3.2520618e-18
34880,1.0,2.9679516e-29,9.257898e-19
108647,1.0,6.864845e-17,5.1588556e-11
63673,1.0,7.7338125e-13,4.0137436e-08
9837,1.0,4.8446104e-20,1.8395754e-12
23838,0.99999976,2.9007343e-12,7.945809e-07
18156,1.0,9.675258e-25,2.6742596e-16
5856,1.0,1.4961552e-19,6.9832703e-12
49575,1.0,1.63353865e-24,4.6297577e-16
121550,0.0014251297,1.7909815e-07,0.00096493046
19262,1.0,1.8869013e-25,1.071485e-16
93581,1.0,6.0433467e-15,4.6952775e-10
110769,1.0,6.5983653e-22,2.9927307e-14
8957,1.0,6.033575e-24,4.3540712e-15
44428,1.0,9.619249e-17,5.72461e-10
96920,1.0,1.18129044e-14,1.2870942e-09
18133,1.0,4.3062764e-26,3.9557064e-17
63380,1.0,1.817777e-15,2.7890212e-10
2198,1.0,8.6448635e-26,4.3601357e-16
20301,0.9750143,1.6427857e-05,0.08019992
61382,1.0,5.4165754e-24,7.969472e-16
85641,1.0,1.8725593e-26,5.490862e-18
72918,1.0,3.0383356e-21,7.082094e-14
102604,1.0,5.9557307e-25,2.5548062e-16
44351,1.0,4.0845748e-25,1.0990982e-15
1169,0.6653452,0.0020500587,0.4783787
85558,1.0,1.9124109e-23,1.5414389e-15
82012,1.0,7.182157e-22,2.4475247e-14
99299,1.0,7.038787e-21,1.1927243e-13
51858,1.0,9.3222716e-23,7.333092e-15
41340,1.0,7.8690147e-19,9.1906566e-11
44483,0.99541074,5.52215e-05,0.015157883
79789,1.0,7.717909e-25,2.9757938e-16
13208,1.0,5.9780233e-22,2.5543166e-14
82145,1.0,3.379015e-27,6.892235e-18
127218,0.77952933,5.693543e-07,0.73375547
79561,1.0,1.5915473e-22,1.161141e-14
12187,1.0,1.6279075e-18,3.907551e-12
129470,0.99958056,9.594624e-09,0.10542804
47357,0.9993957,6.469258e-08,0.056354724
106340,1.0,1.7565107e-27,4.3871927e-18
55556,1.0,6.1089735e-27,1.0711452e-17
126995,0.99954385,1.8756458e-07,0.012794312
46061,1.0,8.549959e-17,4.9275797e-09
84114,1.0,7.014174e-23,2.2560293e-15
23753,0.9887692,0.0001352889,0.06099175
128142,1.0,3.7948935e-15,2.131911e-08
76222,1.0,3.3718196e-18,4.7682843e-12
63314,1.0,4.4973488e-27,6.805743e-22
97053,0.9999901,3.791302e-09,4.9379214e-06
34185,1.0,8.544257e-31,8.301917e-21
16710,1.0,2.3853154e-30,1.6914052e-20
26040,1.0,5.085017e-20,3.058839e-13
29475,1.0,9.973267e-29,5.4870695e-19
2115,1.0,8.075328e-23,5.919795e-14
114274,1.0,4.075615e-15,7.82866e-10
106258,1.0,2.6073108e-25,1.4042076e-16
52117,1.0,7.688907e-17,5.967132e-11
29380,1.0,2.8067783e-27,5.7157605e-18
42704,0.2469582,0.0001294205,0.25180435
31870,0.99999845,1.1635421e-10,5.0014955e-06
56614,1.0,6.0353993e-22,2.1304452e-14
34200,1.0,3.314283e-24,3.5325232e-15
67072,1.0,2.231191e-16,7.9243376e-11
30597,1.0,3.1769855e-31,4.0092035e-21
45813,0.95269144,1.276496e-07,0.8983293
109743,1.0,3.946387e-27,6.4419147e-18
49831,1.0,1.2321559e-18,3.8598907e-12
53104,0.9999969,1.6130598e-10,4.3705045e-06
75042,1.0,1.0997468e-25,6.049729e-17
108544,1.0,4.169244e-22,2.0825984e-14
34151,1.0,4.2288996e-27,2.0559546e-17
52154,0.10382279,7.657792e-05,0.09610511
58926,0.89447075,3.5260928e-05,0.7751225
112920,1.0,2.7497734e-26,3.0585175e-17
127926,0.99995625,2.110238e-09,0.0029728
108988,1.0,9.706847e-14,3.7830075e-10
8494,0.9999999,8.128842e-12,3.8898496e-10
32514,0.9999974,2.6089822e-10,8.766354e-06
124447,1.0,1.6347074e-20,1.9426038e-13
98186,0.9999999,3.7819504e-12,2.6878423e-08
76756,1.0,2.0365527e-14,1.446892e-10
18110,1.0,3.670061e-24,7.043801e-16
72751,1.0,3.5414197e-20,3.5704407e-13
47249,0.90613055,3.8393453e-09,0.8812161
112980,1.0,8.173148e-20,6.0506645e-13
63529,1.0,1.5367243e-15,2.899559e-10
84386,1.0,1.9486204e-23,2.0806441e-15
44541,0.9970304,6.312307e-07,0.21576269
106213,1.0,2.8570254e-24,6.4599344e-16
65930,0.91532075,1.1160235e-07,0.91985434
129594,0.9993519,2.3219846e-08,0.13037062
5728,1.0,7.313035e-15,7.123034e-10
50671,0.011398182,0.00032220143,0.00068449124
113072,1.0,5.216689e-23,4.626352e-15
45761,0.99989295,3.013686e-09,0.016266799
18016,1.0,1.107378e-27,2.73589e-18
2644,0.9999819,1.4972398e-08,1.0215105e-07
69367,1.0,5.6860415e-15,9.709717e-10
44242,0.9993698,2.18933e-06,0.0024101874
37277,1.0,2.2896608e-22,6.739092e-14
69277,1.0,7.8556504e-16,2.4145944e-10
54218,1.0,2.4919502e-25,1.05451506e-16
96813,1.0,1.7089162e-20,2.353682e-13
88279,0.00064944965,2.5470463e-08,0.00053723896
5516,1.0,5.8347256e-17,3.7047657e-11
44305,1.0,3.295395e-26,1.5649658e-16
2173,1.0,5.8472743e-23,5.375425e-14
79849,1.0,1.2430483e-24,4.2829038e-16
88832,1.0,2.0997729e-22,1.29840884e-14
53208,0.9530004,2.7120022e-05,0.6196678
5701,1.0,1.1029076e-15,2.0133138e-10
84301,0.121369705,0.0001002491,0.115513995
97096,1.0,3.2362906e-21,4.6586043e-14
25940,1.0,6.8813347e-25,2.1144002e-16
28373,1.0,4.432702e-16,2.1116134e-10
69492,1.0,4.7322217e-28,1.7339236e-18
102784,1.0,5.5509756e-23,4.8610433e-15
31593,0.004891562,3.0247268e-06,0.0032141078
69158,1.0,6.94791e-25,2.6597517e-16
21414,1.0,5.328771e-26,1.2250708e-16
7368,1.0,1.03413934e-22,2.4941716e-13
113239,0.8719075,2.3189425e-05,0.7862478
101311,0.0011127738,9.19444e-08,0.0006371275
128251,0.9999999,7.2773244e-13,3.3978003e-07
110848,1.0,3.445064e-22,1.4065357e-14
110671,1.0,3.9538658e-17,3.0426016e-11
59923,1.0,3.6859724e-16,8.381639e-11
116519,1.0,6.7362684e-28,9.901972e-19
123602,0.09922224,8.202383e-05,0.09217182
99328,1.0,2.8155374e-21,6.7753854e-14
86757,1.0,6.590411e-31,2.6634408e-21
12051,1.0,9.76326e-21,1.4365283e-13
113255,1.0,7.474179e-25,2.127832e-16
54517,1.0,2.9804136e-26,3.1934724e-17
82009,1.0,9.607253e-18,1.9464258e-11
111761,1.0,4.2911004e-22,1.932484e-14
73758,1.0,1.0084902e-28,4.6935365e-19
17964,1.0,5.9480247e-28,1.8771586e-18
49918,1.0,8.012908e-17,7.675611e-11
85347,1.0,8.178025e-25,1.5249159e-16
28234,1.0,1.3358744e-13,8.543684e-09
44487,0.99999607,4.5465587e-10,1.925985e-05
57904,0.66915935,2.0845835e-05,0.68023485
92464,1.0,2.4787685e-20,2.757628e-13
121173,1.0,5.7432313e-19,1.7764634e-12
93622,1.0,1.7822575e-15,1.6061338e-10
92534,1.0,8.935126e-24,1.7453738e-15
19129,1.0,4.9281787e-25,2.105972e-16
34850,1.0,2.867544e-29,6.6834937e-19
125928,1.0,3.8749542e-23,4.207524e-15
27270,0.9999286,1.6234096e-09,0.003943275
77219,1.0,2.9636331e-27,6.372234e-18
72668,1.0,8.1376344e-13,6.247382e-08
44415,1.0,2.567214e-23,1.7420988e-14
17807,1.0,3.965086e-18,1.0011777e-11
77140,1.0,1.915206e-24,1.808455e-21
88827,1.0,1.7171417e-22,1.1913869e-14
102793,1.0,5.540442e-30,4.375522e-20
29408,1.0,8.626539e-28,2.675859e-18
54405,1.0,5.9460635e-24,1.1423147e-15
23866,1.0,2.2387935e-18,7.1874326e-11
94624,0.9996382,2.5157985e-07,0.004426923
116690,0.1372562,0.00020057743,0.14474419
90071,1.0,6.759321e-31,9.762105e-21
80664,1.0,4.680985e-26,3.3826433e-17
58909,1.0,3.1313125e-16,1.4128358e-10
13314,1.0,3.2654513e-25,1.3260632e-16
92438,1.0,1.0935508e-26,1.6558293e-17
28318,1.0,2.1562418e-17,2.491773e-11
50708,1.0,6.525481e-20,5.093149e-13
115272,1.0,3.485774e-18,6.3456306e-12
33946,0.0028601137,8.4960396e-07,0.0020062078
50894,0.806494,3.1055285e-06,0.8110053
76159,1.0,3.8029432e-19,1.3880283e-12
85372,0.9999988,1.2413559e-10,1.1680571e-06
127914,1.0,7.778778e-15,8.4657444e-08
67204,0.12213968,0.00019955647,0.124934174
81963,1.0,1.764056e-22,1.0340489e-14
33266,0.99983335,3.191107e-07,0.0004375792
60028,0.9999999,1.2271383e-12,3.2904193e-08
46884,0.0044851024,2.329545e-06,0.0033764872
35626,1.0,1.7443758e-22,3.4184398e-13
4309,1.0,2.325807e-29,1.515016e-19
5915,0.97534287,0.00062661414,0.08567659
32488,1.0,1.3853933e-13,1.4380979e-07
79845,1.0,3.5260835e-25,1.483071e-16
121165,0.113360815,0.00016169097,0.11430049
72666,1.0,4.2649843e-17,3.378456e-11
91573,0.00083489926,4.8666074e-08,0.0006491817
103707,0.9999919,2.498694e-10,1.2765603e-05
96940,1.0,2.0226931e-22,1.2291679e-14
62906,0.9999939,1.5096874e-09,8.1565034e-08
108374,1.0,1.034499e-21,3.6335955e-14
76382,1.0,4.3558897e-19,1.2592305e-12
88764,1.0,1.2963389e-23,1.1129282e-15
60030,1.0,1.1434471e-17,9.016294e-12
99244,1.0,2.2208476e-24,6.1947564e-16
127804,0.0031204773,9.71909e-07,0.0022510472
27318,0.9998149,5.180356e-09,0.0087821055
76056,1.0,8.9605114e-26,6.070419e-17
63728,1.0,3.8326073e-20,3.061477e-13
14534,1.0,4.0985105e-26,2.8163812e-17
92379,1.0,2.1603571e-18,2.9177862e-12
25341,0.002849603,1.003414e-06,0.0016044987
31005,0.22368085,0.0013008615,0.21447949
29656,1.0,4.4806407e-25,1.8157799e-16
128153,0.99999964,4.703698e-12,4.1649128e-06
22072,1.0,1.3142214e-27,4.5547075e-18
109708,1.0,9.52641e-27,1.3310139e-17
5653,1.0,8.6435234e-16,1.783881e-10
98047,1.0,1.3890734e-21,4.0229518e-14
111768,1.0,1.8140101e-21,4.933266e-14
28316,1.0,1.4823477e-15,3.9497794e-10
113285,1.0,2.5875344e-17,2.0191659e-11
90204,1.0,1.3503005e-23,2.8936827e-16
114325,1.0,2.3654637e-21,6.569459e-14
77223,1.0,1.0573661e-25,5.3079594e-17
74034,1.0,1.2329405e-19,7.671724e-13
108551,1.0,1.7797986e-22,1.1328508e-14
73763,1.0,2.3537959e-23,3.0844262e-15
26303,1.0,1.8967113e-15,1.0982418e-10
72875,1.0,5.0569212e-23,4.448746e-15
114358,1.0,2.5095546e-22,1.4278765e-14
41348,0.9999958,3.1565978e-10,3.821005e-05
97074,1.0,4.433111e-22,2.1000219e-14
14909,0.0014486981,1.8402906e-07,0.0012806961
84378,1.0,8.492551e-25,2.919929e-16
95730,1.0,5.688446e-16,3.190385e-10
4581,1.0,1.3985401e-25,7.114007e-17
32063,0.9994622,1.7679442e-06,3.0161252e-06
2298,1.0,2.020391e-26,1.2084496e-16
2211,1.0,6.421418e-21,1.0793041e-12
34888,1.0,2.1502136e-31,1.1510384e-20
113102,0.12385412,0.00018498288,0.12752795
63583,1.0,1.025519e-17,1.0603972e-11
91364,1.0,3.280446e-25,1.6567843e-16
30586,1.0,3.7936607e-31,2.5313233e-21
23852,1.0,4.865601e-25,7.858531e-15
104906,1.0,2.7837463e-27,6.0035396e-18
109766,1.0,1.0602241e-28,4.702802e-19
85525,1.0,2.5202847e-26,2.86497e-17
89000,1.0,2.1843524e-21,6.5708005e-14
5579,1.0,1.1868812e-16,5.4037025e-11
114220,1.0,7.313522e-19,2.6352863e-12
92378,0.95775694,2.1283413e-06,0.82891226
2046,0.99522084,2.9244445e-06,0.19025077
63675,1.0,4.6797435e-15,5.217798e-10
117538,1.0,4.3988797e-15,2.1166822e-10
43414,1.0,9.135971e-22,1.1338247e-12
65706,0.93227184,4.322494e-08,0.9350294
88752,1.0,2.8614305e-25,2.2473599e-17
43496,1.0,3.571835e-14,9.424873e-07
84310,1.0,4.6393514e-26,3.6741507e-17
87821,1.0,4.5045843e-24,9.178861e-16
76225,1.0,5.573263e-20,3.4914983e-13
68100,1.0,1.6123626e-20,1.8273595e-13
65922,0.8416949,1.6517668e-06,0.84904975
4348,1.0,3.5005e-17,1.1990553e-11
122149,1.0,9.883278e-22,3.788401e-14
127412,0.00036004614,2.0466405e-08,0.00012615912
77300,1.0,3.4710253e-29,2.5838033e-19
99150,1.0,4.8215756e-23,4.6891435e-15
89055,1.0,7.72964e-24,1.4388359e-15
128133,0.999998,8.6645406e-11,1.9489366e-05
18003,1.0,4.3921818e-26,3.86061e-17
112975,1.0,8.33764e-24,1.3913527e-15
96969,1.0,6.1783785e-16,3.352825e-10
50950,1.0,1.2399803e-30,5.8139625e-21
96945,1.0,1.7439241e-21,3.7385415e-14
53163,0.9999833,2.5176832e-09,6.241536e-05
50909,1.0,1.2957668e-21,3.68675e-14
41110,1.0,4.7505343e-17,2.5926532e-09
20338,0.97339666,9.471498e-06,0.08751023
89025,0.59952277,2.985329e-05,0.60239375
12293,1.0,4.5453766e-15,5.218365e-10
89090,1.0,4.620917e-24,4.2934716e-16
90137,0.99999905,1.0302986e-10,1.4261312e-07
85646,1.0,1.2573098e-28,2.2951297e-19
26199,1.0,7.8228365e-18,4.5828163e-12
112977,1.0,1.8668662e-20,2.3356328e-13
2052,1.0,3.999604e-24,1.1446227e-14
102644,1.0,2.8219618e-25,1.4221265e-16
68195,1.0,7.0556e-18,9.705987e-12
84402,0.9487281,1.7499622e-06,0.85548884
90037,0.5435582,8.989339e-05,0.5144526
95455,0.00013170447,1.4488287e-09,0.00011070635
53071,0.9999958,2.2096411e-10,7.550566e-06
121045,0.9999988,4.0985264e-11,6.193641e-07
76294,1.0,1.9379436e-25,8.937203e-17
39551,0.9999298,1.6777664e-08,0.0013338234
17858,1.0,6.033983e-26,5.0104487e-17
69220,1.0,5.7975683e-15,8.716826e-10
126993,1.0,9.569469e-18,6.475183e-12
88968,1.0,5.1485965e-32,2.5766242e-22
73756,1.0,1.7532163e-28,5.626392e-19
33358,0.059821937,0.00015801318,0.063034564
108307,0.91968423,1.4190091e-05,0.8045419
110915,1.0,8.027078e-23,6.261282e-15
54419,1.0,1.0477309e-23,1.7662373e-15
59080,0.99999964,9.973772e-12,5.0130046e-07
75238,1.0,3.5992038e-29,1.8760765e-19
17955,1.0,3.8239403e-31,7.713422e-21
117522,1.0,2.1995925e-24,1.1481113e-16
101536,1.0,2.3360332e-21,6.358673e-14
99426,1.0,1.8035066e-23,2.434478e-15
53019,0.9999951,3.489533e-10,9.091496e-06
116379,1.0,2.0923187e-24,5.8205457e-16
41364,1.0,2.3085598e-23,3.588921e-14
79604,1.0,7.7885405e-24,1.4389841e-15
63723,1.0,6.4103085e-13,3.472844e-08
15503,1.0,7.107708e-26,5.4610772e-17
35711,0.9999993,4.058015e-11,1.9862957e-06
26168,1.0,6.594616e-22,1.7317523e-14
37542,1.0,1.4734672e-24,3.99092e-15
26233,1.0,3.2306297e-13,5.577112e-09
72739,1.0,1.0834653e-25,7.244059e-17
18145,1.0,7.6023213e-23,6.0279887e-15
7509,0.9999876,3.834391e-09,4.4302233e-05
85414,1.0,1.6861039e-27,1.1682651e-18
97113,1.0,1.0152828e-15,3.0932007e-10
44233,1.0,5.268461e-17,5.9017347e-10
123570,1.0,1.3360511e-23,1.9272198e-15
21270,1.0,1.5384829e-24,2.9825004e-15
47451,1.0,8.209698e-15,1.5796669e-08
21274,1.0,1.4726405e-25,4.5583105e-16
39650,0.99999475,6.90969e-10,2.7342789e-05
110610,1.0,9.614295e-25,3.4048218e-16
59126,1.0,2.4282577e-20,2.761734e-13
58796,1.0,2.5731044e-17,2.364213e-11
46008,0.9999901,1.0279531e-10,0.0012565928
111974,1.0,2.6046937e-27,5.234223e-18
64826,0.19678265,0.00022623908,0.20886728
98244,1.0,3.6490956e-30,5.507681e-20
91037,1.0,1.8940429e-23,2.2049792e-15
121122,1.0,7.445045e-31,1.6240913e-20
21418,1.0,1.8218366e-24,3.132258e-15
109670,1.0,6.872798e-28,2.1743958e-18
5541,1.0,7.125372e-21,1.05002887e-13
108359,1.0,2.9450323e-23,3.433924e-15
14530,1.0,8.353613e-26,4.2754584e-17
90142,1.0,5.0136437e-31,7.085879e-21
127904,0.9984212,5.1318148e-06,0.012663954
67176,1.0,2.2714058e-14,1.5133748e-09
59976,1.0,1.3097515e-13,4.2237875e-09
60266,0.9999906,6.026107e-10,1.4858858e-05
49596,1.0,4.811427e-18,1.251576e-11
76431,1.0,1.0893375e-18,2.6307463e-12
95968,1.0,7.2643737e-16,2.09215e-10
41407,1.0,2.8341e-24,4.1988177e-15
99110,1.0,2.6094528e-23,3.1035228e-15
94678,1.0,4.2950398e-18,4.898064e-12
116465,1.0,1.3395697e-27,1.1057579e-18
5601,1.0,2.0659844e-19,1.1130361e-12
85365,1.0,2.0233042e-28,9.124527e-19
72595,1.0,1.4571051e-26,1.9517285e-17
8223,1.0,1.2760071e-16,8.3591e-10
76145,1.0,2.1158934e-23,2.4425802e-15
80898,1.0,1.4697521e-30,2.1556135e-20
109639,1.0,9.05927e-23,7.020306e-15
93474,1.0,5.1125166e-21,9.166938e-14
16797,1.0,7.2789586e-25,2.4101838e-16
128007,1.0,1.895402e-15,5.0397524e-08
128893,0.0013096612,1.5230769e-07,0.0009023675
94599,1.0,4.710993e-25,9.104717e-17
42773,0.7591707,8.597665e-07,0.7141097
35620,0.99999976,5.0621603e-12,5.49647e-07
79703,1.0,7.421763e-24,1.429508e-15
5395,1.0,1.2433707e-24,3.2058508e-16
23721,1.0,2.64316e-19,2.4308732e-11
66948,1.0,1.7975035e-23,1.9505246e-15
85348,1.0,6.7014905e-27,9.544387e-18
96861,1.0,2.620628e-21,6.5593425e-14
106071,1.0,2.2910552e-25,4.874575e-17
99341,1.0,1.6121519e-22,1.0514794e-14
15828,1.0,2.6603404e-16,9.5017e-11
98485,0.0014761497,1.9566545e-07,0.0009894978
35186,0.99995995,3.620587e-08,1.1683896e-07
52102,1.0,2.22364e-21,5.930983e-14
43202,0.0021191342,1.8928931e-07,0.0023523062
13234,1.0,3.6222662e-26,3.5242285e-17
49833,1.0,2.1724703e-20,2.4759705e-13
822,1.0,8.816853e-25,2.6985366e-16
78471,1.0,5.6576383e-28,2.0448858e-18
78648,0.8378287,8.28523e-06,0.7776058
124532,1.0,6.6067527e-22,2.573344e-14
35646,0.9997818,3.5311083e-07,0.0009951674
79523,1.0,4.0561042e-22,1.7875966e-14
28394,1.0,7.9370435e-15,1.7929382e-09
56612,1.0,8.144372e-17,1.1654257e-10
114168,1.0,6.220644e-22,2.6672173e-14
72682,1.0,3.1896261e-24,7.9362826e-16
129538,0.99999964,1.0490685e-12,1.5645397e-05
88990,1.0,1.2464482e-24,4.28861e-16
109833,1.0,1.7084974e-22,9.324124e-15
13352,1.0,1.2002852e-24,3.695532e-16
85362,1.0,5.270344e-27,9.2368074e-18
116714,1.0,5.219659e-29,2.4470052e-19
87858,1.0,1.1327385e-29,1.1014296e-19
5926,1.0,5.484674e-15,1.1267386e-08
118966,1.0,5.407754e-26,3.4636924e-17
81589,0.00012180816,8.7428015e-10,0.00013088857
77448,1.0,8.937407e-32,3.459869e-21
123574,1.0,8.675928e-24,1.2180954e-15
53175,0.999974,3.5334842e-09,0.00016275115
106115,1.0,1.5076198e-26,1.9398376e-17
79639,1.0,3.0033072e-19,1.6822941e-12
114163,1.0,1.846745e-18,4.7752653e-12
102894,1.0,7.498051e-33,2.983013e-22
32486,1.0,7.242697e-19,6.3533e-11
33305,0.9970271,8.366001e-06,0.02873403
116612,1.0,8.701668e-27,9.268433e-18
105806,7.116048e-05,3.355013e-10,7.439274e-05
37358,1.0,1.6220713e-22,7.900857e-14
88274,1.0,2.0316487e-14,6.509064e-11
87103,0.00060757424,2.4485875e-08,0.00045590833
59071,1.0,5.366844e-16,1.7313793e-10
86582,0.5097202,0.002876754,0.6013947
129563,0.99848676,1.03061055e-07,0.21028575
87721,1.0,6.756854e-29,3.9308222e-19
58574,7.461398e-05,4.456061e-10,6.758606e-05
128177,1.0,1.3900132e-19,1.0069267e-11
31770,0.9999943,1.1783656e-09,1.7113316e-05
108407,1.0,3.751422e-17,4.0584255e-11
46043,0.9803388,1.706377e-07,0.85215914
74003,1.0,6.119945e-24,1.1973274e-15
115228,1.0,3.7200264e-25,1.6440039e-16
15784,1.0,3.3461892e-20,2.9572677e-13
106248,1.0,1.4457602e-26,1.9297556e-17
56800,1.0,2.21589e-15,4.2700782e-10
17991,1.0,1.1109859e-22,7.6673575e-15
32649,1.0,2.0162677e-15,6.226787e-09
53305,0.99999964,2.8418377e-11,2.7266307e-08
128210,0.9993162,1.042892e-06,0.007495817
16615,0.00036306895,1.2033001e-08,0.00014417074
20352,0.9798753,7.781765e-06,0.07861862
54514,1.0,4.8809364e-18,6.041338e-12
768,1.0,9.66018e-24,1.2342747e-15
37311,1.0,2.3536984e-22,6.905579e-14
30920,1.0,4.256661e-25,1.5662985e-15
98912,0.007780231,1.8977198e-05,0.00087873585
119028,1.0,6.549848e-27,8.4866224e-18
81823,1.0,3.136375e-20,2.878406e-13
74098,1.0,9.00383e-13,6.5402954e-09
13295,1.0,2.1518745e-28,8.89356e-19
26025,1.0,8.299153e-23,4.5721572e-15
72738,1.0,3.2730662e-28,1.3747738e-18
87758,0.53133595,4.112077e-05,0.5324142
107333,1.0,6.903307e-20,6.397165e-13
29730,1.0,2.9327101e-24,6.8001843e-16
43682,0.0003249079,1.45283074e-08,0.00011672296
31125,0.00030900224,1.3515654e-08,0.00011367242
23678,1.0,3.628515e-20,1.02609934e-11
106056,1.0,9.439777e-26,7.304969e-17
50126,0.0037503259,1.7470405e-06,0.0012316668
37523,1.0,1.0797473e-26,1.2512839e-16
28303,1.0,1.1898822e-16,7.315896e-11
62239,0.99461704,2.3953921e-06,0.18643151
113116,1.0,1.4128143e-25,7.3581355e-17
76292,1.0,4.5148854e-18,6.1695354e-12
53166,1.0,3.6468135e-15,1.2069835e-10
92230,1.0,1.7720127e-24,5.3992273e-16
124238,8.421306e-05,3.2324468e-10,0.00011018713
21239,0.99999654,9.472788e-10,4.1902845e-07
35544,0.0029720906,8.6549056e-07,0.0021493174
121226,1.0,3.8039365e-23,3.3759822e-15
37338,1.0,1.9742986e-24,3.8712175e-15
13321,1.0,2.406887e-22,1.24902e-14
93386,1.0,1.5145439e-17,1.5843962e-11
44321,1.0,9.337367e-22,5.6566454e-13
14676,1.0,1.7655161e-23,1.0278347e-15
86432,1.0,1.0455015e-26,1.0440595e-17
47587,0.9999883,6.620619e-10,0.00031984056
19008,1.0,1.6244153e-18,4.1817366e-12
71684,0.9974843,7.888577e-07,0.13899134
19145,1.0,1.21563016e-23,1.7793771e-15
53309,0.99964786,5.905434e-08,0.015394911
127276,0.86430687,2.9552572e-07,0.8128392
28545,1.0,1.2834702e-14,2.1334312e-09
14537,1.0,1.7928667e-24,3.0311887e-16
54319,1.0,2.6333434e-22,1.0401891e-14
66889,1.0,1.088924e-22,6.7354645e-15
87906,1.0,9.5621176e-29,4.9641936e-19
29692,1.0,1.5365215e-27,2.3481248e-18
117639,1.0,5.4883815e-29,3.1346301e-19
128111,0.9999993,2.200593e-11,5.1178076e-06
122186,1.0,6.176043e-17,6.567264e-11
96906,1.0,2.1248625e-24,5.885428e-16
106154,1.0,1.0459203e-26,1.5121596e-17
13187,1.0,2.8099722e-26,3.005167e-17
129506,0.99978775,4.213914e-09,0.05017006
76121,1.0,1.3271449e-18,3.2899608e-12
63664,1.0,1.27481924e-17,4.178898e-12
47555,0.99994326,2.3387148e-08,0.00049000286
115898,1.0,3.775102e-13,3.15879e-10
28343,1.0,9.3194155e-18,1.45164575e-11
129545,0.998657,1.0140115e-07,0.17969269
76283,1.0,8.5665425e-17,3.346926e-11
53319,0.44973326,0.00011758393,0.42957243
98294,1.0,4.6487122e-23,4.122477e-15
99151,1.0,1.207563e-19,7.826244e-13
107155,1.0,1.4939238e-21,4.9696348e-14
22008,0.99998105,9.394486e-09,6.609933e-06
85838,0.00034758565,5.044241e-09,0.00032347656
17806,1.0,6.367133e-25,6.6709185e-17
33412,0.99997354,1.7513424e-08,6.2424166e-05
73804,1.0,1.3198807e-24,4.0723806e-16
25972,1.0,1.7882541e-26,1.7483107e-17
21444,1.0,9.787404e-32,3.3675323e-22
65996,0.88942,3.5594076e-07,0.8957556
28464,1.0,4.349985e-16,1.4964475e-10
5636,1.0,2.2006746e-17,1.7131602e-11
126926,0.47783732,8.2276005e-05,0.48398963
44271,1.0,2.322735e-25,8.1690504e-16
103702,0.99999595,1.4803737e-10,4.1695785e-06
80773,1.0,5.578898e-28,1.8392787e-18
76375,1.0,2.839434e-17,2.0327408e-11
19214,1.0,2.8783652e-26,3.029546e-17
20294,0.99090564,3.8429407e-06,0.055809192
53110,0.99701715,1.0276639e-06,0.13805526
79442,1.0,6.4698077e-21,1.7872122e-17
32627,1.0,1.8184542e-14,3.4443392e-08
86574,1.0,1.408593e-28,6.865729e-19
111941,1.0,1.1714375e-19,7.6913427e-13
47604,0.9999999,6.453639e-13,6.603599e-07
90026,0.99997437,7.0502244e-09,0.00010426224
102690,1.0,4.41242e-25,1.9634537e-16
13385,1.0,2.076151e-35,3.7160007e-24
119018,1.0,4.1633484e-29,2.8698238e-19
82156,1.0,2.548238e-22,1.2170696e-14
5748,1.0,2.5686166e-14,1.0553277e-09
105136,1.0,9.846619e-23,8.182029e-15
19213,1.0,1.2568281e-24,3.8227298e-16
13238,1.0,8.4302033e-22,1.475722e-14
84324,1.0,6.3234484e-23,5.995653e-15
13475,1.0,6.028694e-25,2.3587657e-16
60604,0.9977112,1.8999543e-05,5.8782887e-05
85898,0.0002753098,2.9637166e-09,0.00025205474
41125,1.0,3.5917633e-25,1.1125633e-15
97019,1.0,8.194685e-21,1.4461394e-13
10534,1.0,1.0325782e-15,3.1059602e-09
879,1.0,1.3835848e-20,1.5282084e-13
87664,1.0,3.876222e-25,1.8118085e-16
16560,0.0006385722,5.0931913e-08,0.00017178287
54263,1.0,4.2427115e-21,7.862388e-14
44249,1.0,2.324674e-27,3.163355e-17
29296,0.000558546,4.5183803e-08,0.00019234941
69483,1.0,5.6183443e-13,1.7995962e-08
41207,1.0,2.4754259e-18,2.4039748e-10
29744,1.0,4.1972065e-27,7.937606e-18
12338,0.9999994,1.7799307e-11,3.4096547e-07
28233,1.0,6.5682475e-13,3.734284e-08
34204,0.5701213,0.00024169737,0.51128817
19149,1.0,4.4574896e-25,1.9780911e-16
62272,0.99999976,6.2154813e-12,8.5773394e-08
31014,1.0,2.0519142e-22,7.934883e-14
95741,1.0,1.1284294e-15,3.5109235e-10
127982,0.9146141,3.4321242e-06,0.83427393
49902,1.0,2.4700793e-24,3.6150104e-16
20311,0.9744622,8.224024e-06,0.08382612
7318,0.9997769,1.0565809e-06,2.8522893e-05
61187,1.0,3.706819e-13,7.805971e-09
91172,1.0,1.8161071e-22,4.3417973e-15
61376,1.0,6.860431e-14,2.0270476e-09
35831,0.00039558896,2.6458935e-08,0.00024124248
9835,1.0,3.492216e-14,1.6648942e-08
104957,1.0,2.3966703e-23,2.634046e-15
47649,8.813492e-05,7.69423e-10,5.2151165e-05
103959,0.99999845,1.03248424e-10,1.1750848e-06
28536,1.0,1.0268588e-15,2.4824245e-10
119889,0.1675637,0.0002513509,0.18074478
61381,1.0,2.5881652e-14,1.0559116e-09
68042,1.0,2.0747303e-16,9.674109e-11
16422,8.09106e-05,4.9818977e-10,4.5035104e-05
91327,1.0,2.6982902e-23,3.4667235e-15
32641,1.0,1.0389663e-13,7.040364e-08
118873,1.0,2.0512998e-26,1.20165926e-17
32182,0.0018612135,3.6918487e-07,0.0010966527
97060,1.0,6.31272e-24,8.874696e-16
12990,7.511364e-05,5.4404076e-10,5.9254577e-05
47053,0.0049022716,2.9462346e-06,0.0034455634
77750,0.010176644,1.8863759e-05,0.003247374
23716,1.0,4.417931e-16,3.3308107e-09
19305,1.0,2.1850325e-24,5.503471e-16
72844,1.0,5.6300916e-24,1.042767e-15
90005,1.0,1.2732527e-27,3.5406937e-18
63386,1.0,3.0970502e-17,2.1653812e-11
86656,1.0,4.8987525e-32,1.534657e-22
65697,0.70640147,1.4095639e-05,0.7162993
49658,1.0,1.46969e-23,1.6801944e-15
101448,1.0,8.8849625e-23,6.0180857e-15
90006,1.0,1.1902263e-25,6.3574746e-17
73762,1.0,6.1920382e-24,1.0885417e-15
67162,1.0,1.09558724e-13,6.7998975e-09
58958,0.2432913,0.00017821182,0.2548504
108361,1.0,3.1339335e-21,7.5920525e-14
44221,1.0,1.8591545e-21,4.2285346e-13
67155,1.0,9.097717e-14,6.207127e-09
83267,1.0,2.5228143e-26,2.8204344e-17
84273,1.0,5.413149e-23,5.8474322e-15
6522,0.9999523,8.4256015e-08,5.4981283e-06
5440,1.0,7.9252075e-24,1.3595888e-15
99288,1.0,1.2763517e-25,8.833385e-17
102703,1.0,6.3547287e-19,1.504508e-12
116580,1.0,8.6946714e-26,6.793284e-17
76334,1.0,1.5406973e-16,4.9929394e-11
117526,1.0,2.1219515e-27,4.029494e-18
88963,1.0,3.8358739e-25,1.7253544e-16
84261,1.0,6.771959e-26,5.4636613e-17
84286,1.0,1.4460533e-25,8.496506e-17
2510,0.00035978586,1.8254342e-08,0.00012441623
69327,1.0,1.3920582e-16,7.629778e-11
15509,1.0,6.3675797e-22,2.1005585e-14
72812,1.0,3.2518124e-19,1.530829e-12
32643,1.0,8.600925e-17,1.4308599e-09
118728,1.0,4.1632775e-25,1.1760735e-16
19018,1.0,3.064319e-26,2.7147557e-17
47591,0.9999999,1.9118191e-13,4.7977287e-06
25956,1.0,2.3135783e-21,3.9406812e-14
128159,1.0,7.0277815e-15,1.1749774e-08
77542,1.0,8.021028e-28,2.0541504e-18
37495,1.0,4.0675397e-22,2.4065494e-13
85392,1.0,3.5693425e-29,2.781656e-19
32050,0.9786307,0.00028372346,6.629668e-05
32968,0.0024801348,6.793677e-07,0.0014918617
42164,0.9958617,4.7280926e-05,0.0002343424
13216,1.0,7.482454e-17,4.5601654e-11
9986,0.0003530754,1.7849752e-08,0.0002105116
22095,1.0,1.9290465e-27,6.615139e-18
108547,1.0,2.3176382e-24,6.3699075e-16
37158,0.99998915,6.9241013e-09,9.1270806e-07
117844,0.11854151,0.00016089706,0.121868424
73904,1.0,7.1452113e-22,3.0026393e-14
14558,1.0,2.5664058e-27,4.7493175e-18
124237,0.00014261791,8.857745e-10,0.0001666221
115430,1.0,1.1747382e-22,8.376092e-15
58959,1.0,4.5171503e-22,2.1291127e-14
58828,1.0,2.868379e-19,1.3793955e-12
27133,0.9999355,1.4108437e-09,0.0035550436
67080,1.0,3.83631e-19,1.5119847e-12
88952,1.0,6.7133833e-21,1.0162933e-13
115220,1.0,8.13604e-27,1.15783514e-17
88525,8.7682085e-05,2.879119e-10,0.000113640875
80053,0.0006819564,3.602497e-08,0.0004663417
78696,1.0,1.0739656e-22,8.513386e-15
125390,0.00010684833,6.462542e-10,0.00011684378
24993,0.0026512747,6.617443e-07,0.0019227345
107201,1.0,2.9266793e-21,8.186061e-14
91598,0.0014239739,1.772038e-07,0.0009983658
21416,1.0,1.6934209e-26,8.1927965e-17
3254,0.004535634,2.4311887e-06,0.00322095
109617,1.0,4.6546924e-23,4.3731638e-15
31696,0.99995637,3.0162063e-08,0.00016702073
57856,0.75665754,7.7446075e-06,0.7644843
65769,0.8098876,2.8789245e-06,0.8179376
125734,1.0,5.676436e-24,1.136898e-15
125774,0.11817916,7.5078984e-05,0.10872459
20034,1.0,1.2254659e-27,6.99656e-24
28240,1.0,2.5132446e-13,1.20872645e-08
35000,1.0,1.5106102e-30,9.4470094e-20
14405,1.0,8.576828e-28,2.3084247e-18
68097,1.0,2.4846989e-17,2.3349047e-11
19319,1.0,1.7643626e-18,3.78735e-12
5756,1.0,3.3536548e-26,3.1209002e-17
108661,1.0,3.2973634e-22,1.7057497e-14
43444,1.0,1.1295146e-15,4.0721407e-08
67115,1.0,7.0765796e-23,4.2590375e-15
105138,1.0,2.212914e-25,9.9222114e-17
32772,0.00037948656,2.398614e-08,0.00019488987
34934,1.0,1.4526953e-30,1.062164e-19
125920,1.0,2.6728111e-16,8.107664e-11
41205,1.0,2.0869128e-14,3.2589278e-07
41401,0.99987864,1.541812e-08,0.005619903
34114,1.0,5.645119e-26,1.7697434e-16
4948,0.99999607,3.3858957e-10,3.057946e-07
43539,0.99850047,8.374346e-07,0.05343586
4263,1.0,4.2577256e-21,7.405568e-14
43557,0.99996316,1.0957656e-08,0.00033902013
128509,0.00017623926,4.5699133e-09,8.942588e-05
32819,0.00055736426,5.1452822e-08,0.00016596564
115267,0.99999964,2.79508e-11,9.2925006e-08
90133,0.98773193,1.5452924e-11,0.9819624
69157,1.0,1.1657614e-21,3.9405758e-14
122677,0.0015396607,2.1460932e-07,0.0010367113
28231,1.0,5.350511e-16,1.5788762e-10
84205,1.0,3.671673e-23,2.6033983e-15
37291,1.0,1.523896e-19,6.7362713e-12
71511,1.0,2.0557166e-27,5.0711325e-18
128068,0.9999721,1.871897e-09,0.0011310428
77352,1.0,3.0004023e-24,5.504122e-16
5775,1.0,3.5625832e-13,2.7586438e-09
7438,0.067688264,6.703463e-05,0.07911182
116722,1.0,6.733882e-27,1.0564995e-17
29485,1.0,1.4650418e-26,1.5663088e-17
94645,0.30534938,0.00014528235,0.3165396
39549,0.9999951,4.690497e-10,3.780537e-05
71594,1.0,4.2981506e-27,7.946513e-18
49858,1.0,2.0584034e-24,5.4657067e-16
49861,1.0,6.517211e-23,4.5625743e-15
35020,1.0,5.2930395e-31,2.0570418e-20
26185,0.9996158,1.4358737e-07,0.010325678
9058,1.0,4.249301e-15,5.4707847e-09
30645,1.0,1.4204037e-29,1.1422776e-19
129839,0.0002883449,2.8740126e-09,0.00018738511
65728,0.50525546,5.8867932e-05,0.5191907
115217,1.0,6.3678953e-22,2.4271492e-14
45951,0.99997795,2.6412017e-10,0.003577687
19626,1.0,2.3710148e-14,9.531722e-11
51770,1.0,3.263971e-24,2.030334e-19
86518,1.0,4.4404343e-32,4.637202e-22
23732,1.0,9.103993e-16,4.73934e-09
2122,0.3444013,0.00020046883,0.33367908
20304,0.99815375,2.1325503e-07,0.029579861
44274,1.0,2.25298e-19,1.9708428e-11
57782,0.5258861,0.00013038021,0.50100565
85551,1.0,3.1665867e-27,5.1787913e-18
69397,1.0,6.0278413e-18,1.0095651e-11
102565,0.99164844,4.5022007e-06,0.30533698
26285,1.0,1.2752263e-27,2.365693e-18
72907,1.0,6.5422612e-18,1.01685275e-11
110821,1.0,6.346745e-23,5.33059e-15
91126,1.0,1.907013e-23,1.1529353e-15
82154,1.0,4.957553e-26,4.3552462e-17
90245,1.0,1.2524046e-26,1.6354524e-17
127984,1.0,1.3256935e-17,5.6752525e-10
122702,0.0014029072,1.7313255e-07,0.0009468217
125590,1.0,4.8706197e-23,4.923224e-15
116381,0.9999937,9.928022e-10,1.3270854e-05
59029,1.0,3.7048974e-20,3.8299753e-13
17953,1.0,5.0649364e-29,3.2117704e-19
103752,0.9999796,7.5932555e-10,5.8135218e-05
2076,0.93013126,2.9498142e-07,0.8710244
62525,1.0,1.3250092e-12,1.46969565e-08
68244,1.0,6.0483446e-17,3.3162466e-11
75150,1.0,2.5757172e-24,6.6624525e-16
108506,1.0,8.885776e-23,7.277663e-15
84181,1.0,7.840645e-25,3.0514103e-16
125930,1.0,5.690358e-23,5.487353e-15
65950,0.81799775,2.485332e-06,0.82526714
55325,1.0,1.2864028e-23,2.0151068e-15
88981,1.0,4.1156052e-25,2.00263e-16
119014,1.0,1.2481987e-32,3.7008817e-22
52790,0.0003603703,2.3845505e-08,0.00014804654
6734,1.0,2.8693463e-16,1.3123699e-09
126832,1.0,5.2117967e-15,1.3700917e-09
84218,1.0,2.2094736e-24,5.2224817e-16
118722,1.0,2.823965e-25,2.9135412e-17
44286,1.0,1.8016929e-21,4.848899e-13
123524,0.9999168,1.5720536e-08,0.0010891431
91259,1.0,9.107473e-22,2.534932e-14
81912,1.0,4.926656e-25,1.9684935e-16
95891,0.9999924,1.049987e-09,2.0372856e-05
26289,0.9999999,2.3235747e-12,2.142747e-08
76286,1.0,2.5562855e-18,3.9240646e-12
69210,1.0,3.1863945e-22,1.6741555e-14
54211,1.0,1.1795649e-23,1.6099083e-15
44445,1.0,7.769586e-22,3.2169303e-13
26160,1.0,1.6105386e-18,2.2001723e-12
84447,1.0,1.1669204e-25,8.104609e-17
114410,1.0,1.6629662e-21,4.914604e-14
108663,1.0,4.2280353e-24,9.417919e-16
99301,1.0,5.4369303e-22,1.8139265e-14
116613,1.0,5.9763633e-28,1.610987e-18
56775,1.0,5.6567602e-18,1.1031519e-11
39676,0.9998914,1.3368074e-07,0.00038394256
107500,1.0,8.738551e-21,1.546606e-13
69238,1.0,9.525078e-17,6.00221e-11
14529,1.0,1.7914701e-26,1.6491976e-17
32258,0.9999021,1.764187e-07,1.0730957e-06
76067,1.0,6.0181855e-20,4.287782e-13
41645,0.00019431762,5.395499e-09,9.087377e-05
123639,1.0,5.3725404e-23,4.2001954e-15
70532,0.9999988,4.0633438e-11,4.7549477e-07
56482,1.0,5.4875485e-20,4.67379e-13
14578,1.0,6.346421e-26,3.4311442e-17
106053,1.0,1.5237155e-27,3.953487e-18
33554,0.00020306576,5.7917067e-09,0.00012521172
98083,1.0,2.4020196e-27,4.8869355e-18
32634,1.0,6.924565e-20,7.394721e-12
115373,1.0,2.0137928e-30,3.067358e-20
92389,1.0,8.332161e-19,1.0356172e-12
31842,0.9999963,5.654173e-10,1.0863202e-05
2248,1.0,1.6443272e-27,9.467511e-18
5828,1.0,2.7071505e-20,2.4426257e-12
97152,1.0,8.1986794e-23,6.540999e-15
41211,1.0,3.377343e-25,1.0778397e-15
124754,0.102136105,7.532826e-05,0.09553364
66943,1.0,4.0436914e-18,6.85284e-12
122145,1.0,4.3922407e-22,2.1935455e-14
13454,1.0,2.2887544e-28,9.799537e-19
26071,1.0,6.778881e-20,3.470445e-13
4296,1.0,7.973111e-26,4.003679e-17
46261,0.00047911587,3.44685e-08,0.00015718996
72677,1.0,2.3074557e-26,2.6743605e-17
13508,0.18146756,0.00018236713,0.17238533
39621,0.9999951,6.1129196e-10,2.390221e-05
121175,1.0,4.847932e-15,5.4385507e-10
64881,0.99999964,9.3129055e-12,2.7386898e-07
46041,0.983603,2.6369818e-07,0.8035568
76318,1.0,1.7297624e-17,1.3663141e-11
80943,1.0,1.4498853e-27,1.7173939e-18
85628,0.99756706,9.028183e-07,0.120030515
113088,1.0,4.5901367e-24,9.663685e-16
72714,1.0,2.8680244e-22,1.6035531e-14
13354,1.0,1.7763086e-26,1.7719448e-17
129553,0.9997265,5.816882e-09,0.06590999
10569,0.9999981,1.6750533e-10,7.5100925e-06
85499,1.0,1.2228886e-26,1.5713718e-17
76288,1.0,1.8499755e-17,1.2364237e-11
62370,0.9999999,4.3620745e-12,5.055763e-08
76060,1.0,5.6383506e-22,2.1332388e-14
122836,0.9999999,1.0611289e-12,6.1424427e-10
23910,1.0,4.2292574e-18,1.06126156e-10
41452,1.0,2.4987424e-21,5.3219094e-13
97108,0.10805804,0.00014864035,0.10753486
9794,1.0,3.3739575e-13,8.457191e-08
103943,0.9999999,6.1516517e-12,7.0305113e-09
47579,1.0,9.9848013e-14,2.1883416e-07
98279,1.0,4.989774e-24,9.656755e-16
86577,1.0,3.3440838e-20,1.7101206e-15
85315,1.0,2.867395e-26,2.829368e-17
28443,1.0,1.36851656e-17,1.9813736e-11
98142,1.0,1.914246e-20,2.2557259e-13
117768,1.0,3.4617994e-27,3.140808e-18
21836,0.00033798057,5.461495e-09,0.0002604073
102889,1.0,1.8896501e-28,9.136403e-19
125688,1.0,3.6149147e-23,4.067321e-15
119738,1.0,4.058966e-23,1.3679834e-18
11042,0.9999057,1.6190016e-07,1.1494316e-06
86661,1.0,1.3431341e-15,1.1845057e-10
112020,1.0,3.465187e-24,7.8424457e-16
111296,0.001103765,1.0365069e-07,0.00077483564
114355,1.0,4.924822e-22,2.2824148e-14
85294,1.0,4.9333887e-25,3.4752336e-17
14688,1.0,1.7182077e-17,6.06842e-12
95728,1.0,3.699004e-15,9.689238e-10
12292,0.1225189,0.00020635538,0.12582831
69287,0.98340744,3.6607797e-11,0.98087984
65959,0.53199124,5.5991182e-05,0.5447088
85542,1.0,2.3097092e-27,3.121387e-18
5539,1.0,4.2428595e-20,3.855276e-13
44268,1.0,4.1536725e-21,7.188317e-13
6534,0.99821544,2.9562167e-05,0.00024263226
113127,1.0,1.7539163e-23,2.424441e-15
114129,1.0,3.4029898e-24,7.989288e-16
85400,1.0,3.086319e-24,5.6253486e-16
7346,1.0,3.2915636e-18,7.478482e-11
22193,1.0,2.829396e-20,2.1017188e-12
125841,1.0,4.3164533e-20,3.6438067e-13
41309,1.0,2.1624866e-16,4.4657376e-09
54271,1.0,7.637143e-23,5.5365123e-15
108417,1.0,9.830206e-18,1.3127016e-11
69202,1.0,2.5738458e-28,1.163777e-18
87488,0.0013115047,1.7727054e-06,0.00050829287
10484,1.0,3.055853e-13,1.4081499e-07
44347,1.0,3.6559099e-22,1.3706457e-13
124436,1.0,1.9511135e-14,1.12663985e-08
14482,1.0,1.5651773e-28,5.553529e-19
31839,0.99822205,1.1838994e-05,0.006388808
52104,1.0,4.4576537e-20,3.8911054e-13
28229,1.0,3.9328424e-14,2.4732993e-09
44214,1.0,2.3627043e-21,5.7414306e-13
58815,1.0,2.0217823e-15,5.093507e-10
66746,1.0,1.3444058e-22,6.914673e-18
87573,1.0,1.2178092e-27,3.3112352e-18
65835,0.62588465,2.9117326e-05,0.63939434
80808,1.0,4.720718e-28,1.6772075e-18
68096,1.0,9.241386e-19,2.6030447e-12
76392,1.0,1.252655e-23,1.1991786e-15
47447,1.0,5.0437614e-16,2.2809552e-08
19184,1.0,3.0483126e-18,5.5386334e-12
104852,1.0,5.1206422e-26,2.8894454e-17
127058,0.15419495,0.00024354101,0.164132
41204,1.0,2.3355235e-15,6.746585e-08
26142,1.0,5.802126e-15,3.2485475e-10
81971,1.0,2.1372751e-25,1.2548115e-16
86758,1.0,1.9472542e-37,4.5228832e-26
53364,0.99582016,1.6832721e-06,0.19721507
68243,1.0,4.334433e-15,5.2815796e-10
1241,0.9891255,0.00010633523,0.070055015
86484,1.0,1.0178122e-28,3.4865567e-19
31785,0.99999917,4.9453414e-11,2.3419366e-06
15018,0.9992964,2.5004879e-06,5.717524e-06
56630,0.396164,8.7201624e-05,0.40708366
8230,1.0,9.1076896e-20,3.6163967e-12
19061,1.0,9.794616e-24,1.4343257e-15
113016,1.0,1.3997111e-22,9.383928e-15
9791,1.0,7.701185e-15,5.5725287e-09
64532,1.0,1.96279e-13,5.9501923e-09
127668,1.0,2.1718543e-15,6.161377e-11
111680,0.025952546,4.2823158e-05,0.00061955664
44241,0.86876076,0.0031575465,0.28905824
91369,1.0,7.9955313e-25,2.890406e-16
32595,1.0,1.619755e-19,1.4962184e-11
92431,1.0,1.1849058e-21,3.20016e-14
88960,1.0,5.5451797e-22,2.1504742e-14
85452,1.0,1.971009e-25,1.1882493e-16
28469,1.0,1.7742764e-19,1.070033e-12
108654,1.0,5.4238385e-22,2.416497e-14
65892,0.6232536,3.0260651e-05,0.6360579
4595,1.0,2.1894836e-28,7.073732e-19
103857,0.99999857,2.5439606e-10,3.7936263e-07
42649,0.66645,1.04925924e-07,0.6472342
118736,1.0,3.4480785e-20,3.4461184e-13
113032,1.0,2.3565397e-20,2.7132083e-13
45732,1.0,3.5964553e-16,1.1271084e-08
85351,1.0,2.7950156e-19,7.556878e-13
126125,0.0011122947,9.909906e-08,0.00081681483
21948,0.0036206963,1.3649509e-06,0.002701081
127267,0.9999995,1.202396e-12,3.3015906e-05
4446,1.0,1.209758e-26,1.4547457e-17
105938,1.0,1.2976074e-20,6.1404495e-18
31400,0.0008853289,6.2112626e-08,0.0006260757
20402,0.97404397,9.296376e-06,0.08344953
38892,0.9999341,2.1153204e-08,0.0008471761
61330,0.9999993,2.462142e-11,4.43043e-07
122294,0.10034169,8.7215514e-05,0.09495249
42636,0.62589467,2.0285171e-07,0.60853356
34195,1.0,4.664444e-26,1.6613916e-16
126836,1.0,9.242796e-19,2.2318297e-12
9070,0.106688365,0.00042872512,0.10728452
105536,0.0014461322,1.8782896e-07,0.0010127665
37209,0.9999999,1.1087221e-12,1.1991204e-07
5817,0.99954057,4.9823683e-07,0.0057061315
44229,1.0,4.3110703e-21,1.1479845e-12
44222,1.0,1.1762225e-22,7.283847e-14
75991,0.00011137226,9.214428e-10,8.538827e-05
23690,0.99999905,2.7006081e-11,8.854847e-06
38501,0.0068488484,2.5741676e-06,0.007113921
109778,0.27933872,0.00014076129,0.28399432
44298,1.0,5.7409167e-24,6.2791497e-15
2244,1.0,3.2518338e-21,1.1098266e-12
72707,1.0,2.8807356e-20,3.3512087e-13
19245,1.0,1.725558e-24,4.9094935e-16
129584,0.9999025,4.2742483e-11,0.15965076
39527,0.99999964,4.211288e-12,3.1089603e-06
57829,0.70622754,1.4490384e-05,0.7152186
71455,1.0,3.8269307e-24,8.590633e-16
41329,1.0,7.0983244e-21,1.4894807e-12
89076,1.0,6.777677e-24,1.3824751e-15
114175,1.0,1.961329e-22,1.241254e-14
109678,1.0,8.786981e-30,6.548447e-20
102887,1.0,1.646312e-25,1.01582464e-16
105005,1.0,3.2941273e-25,1.6962032e-16
37500,1.0,1.6916463e-25,7.9735166e-16
49610,1.0,9.981193e-27,1.2226005e-17
28511,1.0,4.2919816e-16,1.8080994e-10
96942,1.0,5.4293478e-21,1.08582624e-13
15634,1.0,2.1947411e-15,4.8416976e-10
76407,1.0,1.6359e-19,8.6955074e-13
44299,1.0,1.163333e-26,6.871814e-17
124687,1.0,3.5138482e-19,1.6411844e-12
45869,0.9999999,1.3457665e-13,2.0081652e-06
65749,0.8677326,7.756979e-07,0.87439954
18051,1.0,2.8367685e-26,2.9497297e-17
75041,1.0,2.8910875e-25,1.4430125e-16
78557,0.17175661,0.00017964681,0.18221986
114614,0.00019041677,1.4032703e-09,0.00015066679
96885,1.0,1.8171266e-21,5.269313e-14
58809,1.0,1.7533725e-18,4.4750844e-12
115568,1.0,6.854094e-16,1.6266757e-10
49730,1.0,6.6387804e-24,8.3938403e-16
87872,1.0,8.03121e-24,1.4139644e-15
53357,0.9935191,2.4098133e-06,0.31561202
55885,0.0014852937,1.9462419e-07,0.0010282089
34098,1.0,4.5451653e-24,4.730791e-15
46671,0.0014918788,2.2403007e-07,0.00077724486
84197,1.0,4.5098113e-24,1.0006373e-15
50717,1.0,1.0732356e-24,3.6544154e-16
38791,1.0,2.0387124e-15,3.836726e-08
20193,0.983411,5.132965e-06,0.07114688
103944,0.99998486,5.994776e-10,3.8761704e-05
57940,0.67038983,2.0924808e-05,0.6787105
108615,1.0,7.159961e-14,1.29953746e-08
63635,1.0,4.500637e-15,6.109772e-10
79794,1.0,5.479878e-25,2.0279222e-16
22732,0.002556868,6.4550943e-07,0.0018130894
106048,1.0,5.630736e-24,1.1428857e-15
74055,1.0,5.5957522e-30,7.163176e-20
65861,0.78853494,4.6462847e-06,0.7875697
111809,1.0,7.670519e-22,2.8077448e-14
93347,1.0,6.0499707e-21,1.0589145e-13
27264,0.99986184,9.661635e-09,0.0052584596
121284,1.0,3.3375223e-19,1.2569604e-12
75136,1.0,2.8821675e-18,6.596147e-12
128253,0.9999809,4.8517026e-09,0.00012933215
21316,1.0,1.4256622e-24,6.1271915e-15
47557,0.99282527,5.667379e-06,0.2374258
22032,0.002649684,5.764141e-07,0.0022764045
69345,0.999962,9.58069e-09,0.00022807308
76053,1.0,2.9265302e-24,6.14083e-16
32635,0.9999999,1.9862991e-12,6.233355e-07
20569,0.99957234,3.338585e-08,0.045566704
85388,1.0,2.1744028e-27,5.134708e-18
16658,1.0,1.6521236e-27,3.6488116e-18
44444,1.0,4.0330078e-22,1.6242148e-13
5412,1.0,8.500717e-18,1.08018395e-11
66613,0.00011317543,9.373541e-10,0.000104528226
45903,0.95740473,1.23843e-07,0.9011283
23742,1.0,5.791166e-20,8.260066e-12
40410,0.9999155,8.0700616e-08,0.000338668
85339,1.0,2.426027e-27,2.3668214e-18
38826,0.9995414,9.722477e-08,0.023626838
34863,1.0,5.56622e-31,2.4264334e-20
89969,1.0,4.076754e-28,1.2880609e-18
66922,1.0,5.6915663e-18,8.67105e-12
37321,1.0,4.5086107e-15,6.0693672e-09
105186,1.0,8.819397e-28,2.1374781e-18
50754,1.0,1.0521697e-21,3.285035e-14
90244,1.0,1.9102208e-26,2.318699e-17
84149,1.0,6.328275e-23,4.298767e-15
29620,1.0,5.4074836e-27,8.336615e-18
72814,1.0,7.660152e-26,5.9967676e-17
42703,0.8711961,6.652815e-07,0.8125726
32244,0.9996965,1.0823005e-06,3.5274038e-06
112694,0.00011294386,5.6444e-10,0.00013598082
76397,1.0,2.5767254e-27,4.934178e-18
65215,0.0013162832,1.12610735e-07,0.0004527427
58788,1.0,3.1143488e-16,1.2551385e-10
20252,0.99729794,3.6746445e-07,0.0345766
73802,1.0,1.0614352e-26,1.5367755e-17
107356,1.0,1.8472939e-19,9.622773e-13
91076,1.0,1.4319629e-24,4.6174995e-16
96993,1.0,1.0402812e-20,1.6567299e-13
119031,1.0,8.367969e-25,2.9398457e-16
127988,0.99999976,6.979525e-13,5.636515e-06
113077,0.19226785,0.00019959244,0.20410644
115510,1.0,6.2351233e-26,3.9262558e-17
14451,1.0,2.538113e-27,4.6552195e-18
30885,1.0,6.1875396e-28,1.6230586e-18
99661,0.0012003862,1.2689088e-07,0.0007980951
55521,0.9996791,1.1304308e-07,0.007347043
90132,1.0,4.1170418e-29,2.1155748e-19
98767,0.0004962497,3.082191e-08,0.00045472968
9891,1.0,2.0071775e-19,5.0510694e-12
31724,0.9988696,5.0413046e-06,0.0049244007
84405,1.0,1.1131143e-24,3.8186635e-16
12180,1.0,8.5633805e-23,5.9909886e-15
106192,1.0,1.3212963e-24,4.3300848e-16
19142,1.0,2.7364096e-27,5.906587e-18
85521,1.0,5.5002525e-26,3.8079405e-17
114423,1.0,1.4514114e-21,4.5103075e-14
122243,1.0,9.2417634e-21,1.6887228e-13
44442,1.0,4.37791e-20,4.0483268e-12
45764,1.0,7.20554e-14,1.6118025e-06
23975,0.99999464,4.5273305e-10,5.179708e-05
2269,1.0,1.5287246e-24,2.9022629e-15
99253,0.11828076,0.00018700173,0.11886602
20166,0.98321414,5.295498e-06,0.072379924
26198,1.0,6.022728e-14,1.1632941e-09
63493,1.0,1.2690663e-22,8.577179e-15
38807,0.99999964,4.673427e-12,2.2074564e-06
118981,1.0,7.05824e-25,2.7326696e-16
23929,1.0,5.402627e-16,4.4161945e-09
1056,1.0,1.8488482e-15,1.9395707e-10
65848,0.5552442,4.2669923e-05,0.5695187
97038,1.0,2.6126715e-22,1.4566277e-14
49701,1.0,9.960046e-27,1.2375123e-17
33457,0.9602662,4.0630443e-05,0.4347147
1987,1.0,9.366516e-29,9.125362e-19
116561,1.0,1.734578e-26,7.914204e-18
76388,1.0,1.4339838e-19,7.40786e-13
2000,1.0,1.9144119e-22,5.2797966e-14
66883,0.99999547,1.3395872e-09,3.2202033e-06
43441,1.0,1.0089553e-14,4.9179295e-07
117778,1.0,1.6017765e-26,1.7570759e-17
89678,0.000336585,1.3549598e-08,0.00013716002
118731,1.0,1.4561723e-25,9.3645e-17
53109,0.9505373,2.409944e-05,0.5646692
98281,0.9982066,2.4475938e-07,0.14575693
34164,1.0,1.4941445e-23,1.0309924e-14
13427,1.0,1.6406805e-27,3.979178e-18
101174,0.15552968,0.0004061625,0.0037739556
106339,1.0,1.0008592e-14,3.84231e-10
127961,0.9999999,5.761242e-13,2.5116253e-06
80799,1.0,3.1718543e-29,2.3220513e-19
66229,0.0002624189,3.1301293e-09,0.00020743857
84420,1.0,1.1757637e-24,3.967572e-16
34341,0.0005316805,3.4944655e-08,0.00020995093
92368,1.0,2.0112992e-21,3.879905e-14
127258,1.0,1.2378698e-19,2.345886e-11
115422,1.0,1.2049049e-24,3.7135642e-16
92391,1.0,2.4230801e-24,6.7902306e-16
4492,1.0,2.971366e-26,2.6600954e-17
43564,0.99949324,5.774138e-07,0.006318537
41297,1.0,5.4555206e-16,7.2779223e-09
39072,0.99976844,7.8919186e-07,9.181907e-07
84315,1.0,5.2594284e-23,5.347576e-15
4528,1.0,2.3300727e-19,1.023505e-12
44348,1.0,7.3851543e-26,2.6436682e-16
29550,1.0,3.6671846e-28,1.4558164e-18
106344,1.0,5.8813336e-27,1.009666e-17
112117,1.0,1.7069696e-26,2.0352524e-17
127969,0.9993742,1.2634581e-07,0.037187085
127951,1.0,4.2989286e-16,2.1630937e-08
74904,1.0,4.8207037e-26,4.472803e-17
75580,0.9982015,1.3014102e-05,5.4400844e-05
66019,0.9179512,1.0112476e-07,0.9222719
78711,1.0,1.5667001e-21,3.4548502e-14
79088,0.00076156785,3.853227e-08,0.0006045789
129583,0.9993754,2.610523e-08,0.11329852
39652,0.99873906,4.817733e-06,0.007304475
18551,0.006094555,6.3408306e-06,0.0019795643
70070,8.484517e-05,6.842933e-10,5.0117385e-05
92245,1.0,1.4652109e-24,4.381795e-16
95638,1.0,1.5357547e-26,1.7692025e-17
76065,1.0,1.0560738e-22,6.4759256e-15
28514,1.0,2.3557905e-15,5.948034e-10
7413,1.0,2.1892132e-16,1.1499738e-09
75085,0.10594442,0.00012781462,0.104410864
90012,1.0,1.8401377e-30,1.3193749e-20
76098,1.0,4.197197e-24,8.3869264e-16
68182,0.999954,4.201306e-09,4.1276944e-05
69308,1.0,2.3609588e-19,1.2657947e-12
102560,1.0,6.659278e-23,5.6203537e-15
110858,1.0,2.7378623e-26,2.5330864e-17
32541,1.0,3.3513535e-18,8.0907635e-11
76219,1.0,1.7974583e-20,1.769051e-13
33562,0.0003597013,5.7494525e-09,0.0003462739
19118,1.0,4.6509048e-26,4.056641e-17
19289,1.0,6.7946525e-26,5.3069268e-17
82979,1.0,1.3773904e-22,1.0343803e-14
76359,1.0,6.64839e-23,4.8016434e-15
121235,0.99681157,3.3314487e-07,0.31856373
13565,1.0,6.1235076e-20,4.4590213e-13
35618,0.2781646,0.0016026298,0.24526252
26287,0.9999999,4.0973913e-12,3.417314e-08
12768,0.00085528963,5.243393e-08,0.0006559579
49697,1.0,3.8055912e-23,3.5539063e-15
85346,0.99999833,3.5146352e-10,2.6070404e-07
25527,0.002265171,6.444453e-07,0.0011903379
77252,1.0,1.2522829e-22,7.812501e-15
113154,1.0,3.1069217e-23,3.4321167e-15
29626,1.0,1.4535624e-27,3.728977e-18
121322,1.0,4.3846003e-25,1.705813e-16
19327,1.0,1.1382343e-23,1.7016285e-15
87857,1.0,2.2264002e-27,3.9995093e-18
56658,1.0,1.9171301e-15,1.4857063e-09
115558,1.0,1.6950673e-13,6.4234293e-09
67163,0.9889659,4.6344553e-06,0.43585902
14606,1.0,5.42065e-23,2.3536975e-15
8132,1.0,3.4768732e-27,2.5962154e-17
106103,1.0,5.806934e-29,3.8736467e-19
122376,0.9646081,1.7047563e-08,0.89723027
10524,0.99999964,7.894042e-12,1.7537662e-06
99002,1.0,4.2789433e-20,2.5920307e-16
76387,1.0,8.7691775e-20,5.861083e-13
96881,1.0,1.747923e-18,4.412887e-12
18085,1.0,8.391419e-28,2.2976538e-18
82116,1.0,1.5116007e-24,4.5795736e-16
91349,1.0,2.3961548e-26,2.801615e-17
14496,1.0,3.410574e-27,5.3529968e-18
34987,1.0,9.3475875e-31,4.9529556e-20
2121,0.97013557,6.218502e-05,0.42234606
45998,0.9999895,8.793789e-11,0.0016606869
14391,1.0,9.522877e-29,5.249418e-19
51412,0.99992096,1.02976365e-07,9.812231e-07
99278,0.17574403,0.00024220142,0.15871738
21338,1.0,3.495232e-23,3.484704e-14
65981,0.828368,2.187431e-06,0.83541536
29538,1.0,1.0286931e-24,3.045433e-16
37235,1.0,2.1922293e-24,3.4226903e-15
77407,1.0,2.1148099e-25,1.1545763e-16
79543,1.0,3.2288607e-25,1.5717144e-16
32623,1.0,1.1779152e-22,1.1325619e-13
113173,1.0,2.2003309e-24,5.9755115e-16
101559,1.0,2.5689356e-25,5.1837152e-17
25933,1.0,2.0116362e-14,1.1205892e-09
51278,0.0013691004,3.311584e-07,0.0007690603
63715,0.99999964,1.0813837e-11,3.199081e-07
75253,1.0,2.8014758e-25,1.2702036e-16
32607,1.0,6.1918778e-15,2.2332776e-08
64743,0.9999999,2.071097e-12,6.640506e-08
127269,0.99998605,2.4327435e-10,0.0013476382
38117,0.0025417493,9.164463e-07,0.0011816083
85385,1.0,3.7790822e-26,1.0058832e-17
43546,0.9999683,3.5918954e-09,0.0008106067
29392,1.0,4.102034e-24,9.379557e-16
44076,0.0030238517,9.518071e-07,0.002128746
117577,1.0,2.453399e-26,1.8399954e-17
70478,0.46282956,6.5446664e-05,0.4749548
69362,1.0,1.55592e-21,4.8433137e-14
76241,1.0,2.442474e-18,4.081689e-12
21042,1.0,1.2384865e-15,1.6252296e-11
38815,0.99999416,1.6753889e-10,0.00022126043
22169,1.0,1.0651045e-21,1.8393464e-13
86721,1.0,1.1053848e-29,1.84342e-21
49905,1.0,9.4530275e-28,2.37334e-18
122372,1.0,1.0497403e-21,3.7664977e-14
76420,1.0,1.2324232e-19,5.6092007e-13
88848,1.0,6.510471e-25,2.5696235e-16
4295,1.0,4.1028566e-20,3.545352e-13
107314,1.0,5.608098e-17,1.5690107e-11
7122,0.9999125,1.5832933e-07,8.5296665e-07
104378,1.0,1.022527e-13,1.3103232e-10
84328,1.0,4.0527634e-22,1.9119348e-14
1714,0.9999908,4.0836188e-09,8.6539e-08
11238,0.99994123,1.14156336e-07,5.4454813e-06
52115,1.0,4.694754e-19,1.860124e-12
121218,1.0,7.0906777e-25,2.5179815e-16
92273,1.0,3.019775e-23,3.694477e-15
88886,0.40623993,0.00033131335,0.39076367
13500,1.0,4.610328e-27,7.910854e-18
2092,1.0,1.05279285e-27,1.21613955e-17
14885,0.0010693712,1.3284286e-07,0.0008204737
115462,1.0,1.976145e-31,4.973344e-21
105916,1.0,1.7260093e-20,1.08790124e-17
114211,1.0,2.8855102e-19,1.4982223e-12
116515,1.0,1.8659054e-27,4.15742e-18
60257,0.9999994,1.8471674e-11,2.3231726e-07
127154,1.0,3.608699e-24,1.0815965e-14
77496,1.0,7.0708715e-27,9.193675e-18
25958,1.0,7.184945e-24,9.294927e-16
100288,1.0,5.5685746e-17,1.05567534e-10
28433,1.0,1.5920016e-16,7.412475e-11
106245,1.0,6.4991955e-28,1.6909685e-18
56654,0.21579063,0.0002373262,0.18962681
43527,1.0,2.5902403e-17,2.9424466e-10
101592,1.0,2.3372308e-26,2.6450994e-17
79833,1.0,7.927195e-26,6.2971096e-17
83150,0.10008375,9.161483e-05,0.09482107
118921,1.0,7.011457e-27,1.11668225e-17
60016,1.0,1.9300815e-15,1.9424141e-10
43511,0.99988675,3.1788414e-08,0.0024711064
91123,1.0,5.9613302e-15,2.7390598e-10
126932,0.9999999,1.1262636e-12,1.4471051e-07
71505,1.0,8.209207e-20,6.468106e-13
102566,1.0,3.2544845e-24,7.9866366e-16
49826,1.0,8.4598846e-27,4.3415588e-18
65946,0.14683719,7.2332936e-05,0.12582852
128078,0.9999995,3.7416914e-12,1.433451e-05
60269,0.9998703,2.3936826e-08,0.001362858
104003,1.0,1.0224884e-12,4.253928e-09
108423,1.0,1.0060825e-25,7.0666735e-17
59937,1.0,1.11778356e-14,7.568126e-10
18946,1.0,4.7608344e-26,4.165963e-17
113022,1.0,3.9883927e-23,4.0927057e-15
80880,1.0,1.7823197e-29,5.1420138e-20
125895,1.0,5.3657223e-22,2.5581633e-14
114315,1.0,3.616527e-24,6.3682547e-16
81862,1.0,8.4410305e-26,6.439928e-17
101396,1.0,1.1175354e-23,1.9201748e-15
23699,1.0,1.6423364e-16,9.548468e-10
98176,1.0,7.8582997e-28,2.4347993e-18
88737,1.0,8.794985e-25,3.307464e-16
41399,1.0,4.4008404e-24,7.1482356e-15
12606,0.0008451302,5.1964292e-08,0.0006414338
88775,1.0,4.060975e-25,1.8544913e-16
13758,0.0009379713,6.95781e-08,0.000683266
62006,9.3127375e-05,9.2210733e-10,6.293089e-05
10378,0.038543075,0.0003738061,0.015975807
89981,1.0,1.397488e-27,3.1045244e-18
37521,1.0,2.692139e-25,1.1995171e-15
35681,1.0,1.2191115e-18,3.8326467e-11
9475,0.9996965,1.1857555e-06,3.0027654e-06
14591,1.0,3.9398083e-37,1.4176784e-25
111872,1.0,8.114027e-21,1.2967313e-13
5533,1.0,1.0264797e-21,3.5764702e-14
47402,0.9963464,1.0067478e-06,0.22658578
90250,1.0,1.2720107e-26,1.7966796e-17
85634,1.0,1.4052232e-27,3.626443e-18
16978,1.0,4.1809477e-23,3.4661679e-15
66999,1.0,5.718282e-21,1.0230087e-13
47510,0.9998072,2.9692517e-08,0.009221578
41409,1.0,2.0355537e-26,1.3760344e-16
44253,1.0,1.7330208e-22,7.6604033e-14
93430,1.0,7.218245e-23,4.542603e-15
49566,1.0,2.7763073e-23,2.9182157e-15
973,1.0,1.3544732e-24,3.677981e-16
111949,0.13857916,0.00020478069,0.14687583
34989,1.0,1.8303584e-29,6.5657347e-19
33211,0.002777987,7.3293205e-07,0.0020225006
17912,1.0,2.6855833e-26,2.8355483e-17
31596,0.0278676,0.00017586946,0.013091395
49801,1.0,4.2791444e-25,1.2469382e-16
44341,0.19547096,0.0007771138,0.19633393
2317,1.0,1.3794502e-24,2.3246262e-15
36506,1.0,9.582476e-25,1.1284982e-15
65824,0.60368603,3.1839634e-05,0.6172209
111868,1.0,4.5227815e-14,1.136236e-09
52046,0.09377202,8.718341e-05,0.08877569
34954,1.0,3.8798385e-29,1.0801101e-18
2230,1.0,2.2018854e-23,3.6691905e-14
129525,0.9996637,1.5171645e-08,0.04993624
122147,1.0,5.2496525e-21,1.1098175e-13
35348,0.0019146183,4.3725748e-07,0.0010380084
69305,1.0,7.2842916e-14,7.7247755e-09
43489,0.04437199,6.127549e-05,0.050454684
15488,1.0,2.3779953e-13,1.1348785e-08
2034,1.0,1.1322546e-29,7.5207307e-20
87732,1.0,8.961216e-29,4.782312e-19
43481,0.9999591,5.5002274e-09,0.0010357808
81909,1.0,1.7768402e-30,2.6193603e-20
115425,1.0,2.711992e-17,2.290163e-11
102076,0.99999917,6.042459e-11,1.38293625e-08
80669,1.0,1.04241906e-26,1.5409905e-17
121316,1.0,4.8735787e-29,3.4043096e-19
90554,0.9999962,8.6590934e-10,3.1325555e-08
26191,1.0,3.3306197e-13,4.767646e-09
129466,0.99995935,4.2186485e-10,0.009456913
63587,1.0,8.112133e-15,9.417446e-10
5858,1.0,5.4225216e-27,4.312099e-17
70349,1.0,1.663122e-17,1.8515696e-11
18148,1.0,2.2341203e-24,5.7201945e-16
75046,1.0,4.2094246e-27,4.7071478e-18
117825,1.0,9.920879e-26,5.8681854e-17
127225,1.0,9.594325e-14,1.0728962e-06
113122,1.0,3.426429e-21,7.7902745e-14
87808,1.0,2.078111e-25,1.1996537e-16
28232,1.0,1.2656245e-14,1.2925335e-09
38805,0.99957424,1.9228614e-07,0.0112774465
5723,1.0,1.3655598e-17,1.2531215e-11
88771,1.0,1.8400722e-25,1.03342486e-16
30530,1.0,1.4201097e-31,3.0776939e-21
64693,0.80577177,2.917489e-06,0.8139359
87923,1.0,4.8962613e-27,8.583319e-18
74955,1.0,1.7048237e-24,5.214479e-16
81205,0.00072363555,3.4424286e-08,0.0005743136
5697,1.0,6.9455435e-20,4.359394e-13
118204,1.0,1.4798971e-13,1.8718391e-10
37456,1.0,1.092279e-19,9.233102e-12
102755,1.0,5.9149523e-18,5.4629665e-12
45757,1.0,3.0415803e-15,2.011132e-06
42673,0.5524181,1.865474e-07,0.5511497
37203,1.0,1.8391064e-22,4.2892034e-14
21436,1.0,5.1223866e-24,2.7968556e-15
125874,1.0,3.5340896e-21,8.591248e-14
129451,0.9998447,2.933236e-09,0.03472404
5481,1.0,5.3169616e-23,4.784475e-15
29749,1.0,5.5614297e-29,2.9434436e-19
26061,1.0,8.1274635e-23,4.767258e-15
72726,1.0,1.3863373e-20,2.0088843e-13
45827,0.9995994,1.3952777e-08,0.074989505
50719,1.0,2.649786e-24,5.691377e-16
45865,0.9882427,8.303029e-07,0.6341949
54371,1.0,1.1271955e-21,3.549085e-14
35798,0.9999577,3.253443e-08,0.00012891035
65982,0.8201322,2.6029265e-06,0.8272028
84363,1.0,2.3916756e-22,1.3955608e-14
50765,1.0,1.4513648e-24,3.5330874e-16
127257,0.99999976,1.3659774e-12,9.715061e-06
54373,1.0,5.7105805e-23,5.423837e-15
57397,0.00027864263,7.3510393e-09,0.00013464657
27364,0.99979013,5.100713e-09,0.009014241
99234,1.0,2.5777701e-25,1.2318469e-16
37279,1.0,4.6691667e-24,7.0341915e-15
112976,1.0,4.703789e-19,1.8149977e-12
44074,0.012597505,2.737501e-05,0.007112129
44322,1.0,2.5001897e-15,1.2895621e-08
65943,0.9062735,1.7323694e-07,0.9117644
47589,0.9999999,6.5899434e-13,2.9248297e-06
28396,1.0,2.9858457e-16,1.5894729e-10
30084,1.0,4.235965e-15,4.0885944e-11
47394,0.9874127,2.0493793e-07,0.7702311
25957,1.0,4.5391293e-19,1.1084325e-12
64058,0.9999924,1.9624424e-09,1.8165987e-07
76285,1.0,4.0421933e-19,1.236008e-12
87588,1.0,1.3482396e-26,1.811524e-17
66046,0.7293067,9.931334e-06,0.7406642
62381,0.99999976,6.76461e-12,1.00906476e-07
103766,0.9999989,9.182002e-11,4.935587e-07
28604,1.0,2.8438055e-15,6.45855e-10
47289,0.9999254,5.690279e-09,0.0043079862
16939,1.0,1.4932378e-24,4.40247e-16
43402,1.0,1.9579189e-16,7.27627e-09
86472,1.0,6.1040718e-15,3.2113318e-10
58818,1.0,6.857297e-20,5.4653607e-13
84131,1.0,1.9912124e-22,1.291153e-14
69514,1.0,2.5159389e-14,1.9444983e-09
23843,1.0,2.0612788e-17,1.9485998e-10
72655,1.0,1.130463e-15,2.354624e-10
92418,1.0,3.2214066e-24,7.740825e-16
2148,1.0,3.1050763e-21,5.548993e-13
16651,1.0,5.161213e-28,1.7571556e-18
128837,0.0012617403,1.4660787e-07,0.00083597604
110773,0.16844262,0.00022768027,0.18174644
26006,1.0,1.3474069e-18,2.066764e-12
58907,1.0,9.148594e-15,1.3044439e-09
52924,0.45364532,0.017660372,0.000980778
90143,1.0,7.1198e-29,4.4471086e-19
19256,1.0,1.902379e-21,4.917014e-14
121170,1.0,1.4140339e-31,4.444119e-21
109573,1.0,6.434576e-24,1.1698501e-15
4243,1.0,2.8911286e-27,2.7602736e-18
18123,1.0,2.4636888e-25,1.316758e-16
130025,0.00014066616,4.6520432e-10,0.00012507867
32572,1.0,6.178028e-15,1.5337694e-08
21390,1.0,1.2300723e-23,2.0219645e-14
69127,0.0003147937,1.5732805e-08,0.000118500604
37395,1.0,1.908097e-23,2.2301381e-14
5594,1.0,5.042729e-21,8.6092103e-14
72692,1.0,1.0457231e-22,8.024172e-15
66992,1.0,3.8500985e-15,5.522225e-10
92466,1.0,8.131057e-24,1.2990025e-15
23764,1.0,4.8640543e-20,3.5492711e-12
26048,1.0,3.6811933e-17,1.6252453e-11
34146,1.0,1.3196524e-19,7.645027e-12
77304,1.0,8.785709e-22,3.0883072e-14
126888,1.0,1.6185954e-17,1.31051255e-11
85421,1.0,1.1845539e-20,1.2415903e-14
85413,1.0,1.1358047e-24,1.8184348e-16
110967,1.0,6.646621e-21,1.11167775e-13
18066,1.0,9.776459e-27,1.2887989e-17
78925,0.001534425,2.1308588e-07,0.001033274
67154,0.12021527,0.00017410135,0.12260112
98096,1.0,7.415084e-24,1.3079728e-15
44186,0.99999976,2.3470976e-12,4.8755833e-06
128062,1.0,1.2729022e-21,9.668675e-13
59974,1.0,3.9596242e-13,1.07776135e-08
116674,1.0,6.311823e-26,4.7441233e-17
96818,1.0,3.2705797e-22,1.6345412e-14
102613,1.0,2.1141647e-25,1.2316309e-16
110902,1.0,1.8998004e-18,2.2758267e-12
79525,1.0,1.2257769e-23,1.6369145e-15
92523,1.0,1.3376895e-21,4.4391452e-14
1075,1.0,9.350685e-17,3.188236e-11
127474,1.0,1.5763085e-15,1.250062e-13
38789,1.0,1.0342914e-18,1.3332699e-10
53211,0.9999347,1.4185563e-08,0.0007368936
88785,0.9953961,2.5106651e-06,0.18670747
19309,1.0,1.3200283e-29,8.832697e-20
37344,1.0,1.92362e-23,2.2725714e-14
129492,0.9997054,2.9975653e-09,0.11342949
14593,1.0,1.1667979e-21,1.7393528e-14
121046,1.0,5.0391472e-23,3.8764785e-15
89972,1.0,5.90894e-30,5.1987374e-20
53303,0.99999964,2.7184949e-11,5.6613228e-08
90004,1.0,5.3589938e-14,9.519918e-10
119013,1.0,5.206097e-29,3.5815406e-19
72870,1.0,6.8198256e-23,5.8762106e-15
91287,1.0,2.8279115e-13,2.725683e-09
88763,1.0,5.6362616e-23,5.7392348e-15
109611,1.0,7.8946596e-27,1.3123344e-17
111863,1.0,6.85883e-23,5.7450615e-15
76783,0.00026713646,2.8041338e-09,0.00024079964
32516,1.0,1.9828259e-14,2.7819949e-08
79659,1.0,6.583527e-31,5.78112e-21
102641,1.0,4.422991e-23,4.6990995e-15
89039,1.0,3.361984e-24,7.6943975e-16
14658,0.25778115,0.00013440682,0.26906767
73993,1.0,1.2080609e-26,1.6263693e-17
55512,1.0,9.656075e-27,1.461008e-17
74036,1.0,2.5322434e-19,1.266553e-12
90018,1.0,1.5156254e-31,1.9872071e-21
5941,0.9802413,0.0004931185,0.066644795
33459,0.99949896,1.7651073e-06,0.0015140785
87684,1.0,6.816727e-24,1.2232267e-15
5393,1.0,1.0618445e-18,2.9577655e-12
41116,1.0,3.8323013e-27,2.6429408e-17
53349,0.99999976,1.11649405e-11,3.7666673e-08
104037,1.0,7.5375824e-22,1.20379e-14
81973,0.12416082,0.00019042658,0.1275177
101695,1.0,2.2267127e-21,6.351351e-14
50125,0.0057146386,5.0322496e-06,0.0018257137
115184,0.0002152193,5.0947144e-09,0.0001032814
32540,1.0,5.1669793e-15,1.35411495e-08
91043,1.0,2.0883267e-21,4.1305155e-14
38852,0.9999974,1.70494e-10,1.9671576e-05
87766,1.0,4.7053896e-25,2.1490985e-16
46022,0.8457425,4.1621226e-07,0.79436606
32542,0.9999999,1.1178166e-12,3.700203e-07
113213,1.0,7.926693e-23,6.2218534e-15
92428,1.0,6.9669434e-24,1.2976059e-15
55421,1.0,3.322044e-23,3.8994665e-15
127261,0.99999964,8.922709e-13,2.418467e-05
84229,1.0,6.5241915e-26,5.571231e-17
914,1.0,6.618085e-20,4.0961933e-13
23830,0.99999917,2.4320834e-11,5.0803346e-06
90511,0.0011739826,1.1922593e-07,0.0007887028
102326,0.0001637808,1.0909852e-09,0.00020161687
5198,0.00021544842,1.4301833e-09,0.00023921793
98148,1.0,5.3067425e-18,9.83485e-12
58813,1.0,1.7994818e-13,1.9012745e-08
76093,1.0,4.556706e-18,6.9400622e-12
114128,1.0,2.066473e-19,1.1299387e-12
91074,1.0,1.9192924e-26,2.3466305e-17
69395,1.0,3.1789326e-19,1.5397311e-12
114361,1.0,9.098354e-19,3.0314145e-12
31854,0.13109203,0.00045972533,0.12814778
49759,1.0,4.0896803e-29,5.0962577e-21
118586,1.0,1.0385711e-22,4.416509e-19
63729,1.0,7.0603076e-19,2.2375452e-12
78926,0.0015255518,2.0815014e-07,0.0010407963
34986,1.0,4.364812e-31,2.5717952e-20
121318,1.0,4.6930707e-19,1.658185e-12
45966,0.77886397,2.0630837e-06,0.7263084
2062,1.0,7.687531e-24,1.3139945e-14
85178,1.0,1.348855e-21,5.82529e-19
44405,1.0,4.44054e-15,6.260823e-09
14445,1.0,2.5030672e-26,2.1459762e-17
6326,0.9999063,1.777549e-07,8.937556e-07
112098,1.0,7.91048e-21,1.192101e-13
65497,0.0003308563,8.908495e-09,0.00018156794
123382,1.0,2.6336019e-24,4.698595e-16
90094,1.0,2.8803928e-29,1.4629249e-19
29558,1.0,3.0179624e-26,2.9337946e-17
63698,0.3669649,0.00010458296,0.3826105
72662,1.0,4.49553e-20,3.3849478e-13
13197,1.0,2.9675435e-22,1.548462e-14
129606,0.99853027,2.5180686e-08,0.35940373
9671,0.9964593,8.626299e-05,0.00048387237
28496,1.0,1.4518305e-16,8.933412e-11
111928,1.0,2.0919739e-18,4.4596787e-12
37488,1.0,1.5235556e-23,2.314346e-14
29716,1.0,6.4125094e-28,2.037986e-18
50710,1.0,1.7737044e-23,2.1064312e-15
92532,1.0,7.414063e-25,2.8372917e-16
96899,1.0,8.3063464e-22,3.094227e-14
70545,0.99984205,2.8429586e-08,0.0018381928
86468,1.0,4.450046e-26,3.2629207e-19
42960,0.9999919,3.0223954e-09,1.6834562e-08
7518,0.9999348,4.421818e-08,0.00034417264
97165,1.0,5.3164005e-13,1.3284939e-08
7244,0.003371225,1.3728334e-06,0.002337719
14298,0.0003094191,1.3700114e-08,0.00012717393
39990,0.003221832,1.2891069e-06,0.0017442188
19040,1.0,1.954605e-24,5.384686e-16
92283,1.0,1.7263772e-21,5.747311e-14
94578,1.0,4.3690247e-13,5.1535696e-09
96797,1.0,5.386729e-20,4.3703832e-13
62418,1.0,1.0001541e-12,1.168173e-08
129448,0.9999957,3.3770965e-11,0.000482561
13249,1.0,3.2875898e-23,3.5884674e-15
35578,0.9989563,1.017085e-05,0.00017556937
34836,1.0,7.3159327e-31,4.321709e-20
94802,0.22454967,0.00018938413,0.23512317
117537,1.0,3.2615794e-25,1.6896998e-16
41296,0.99999714,3.9553562e-11,0.0001511572
98098,1.0,5.0802366e-24,8.995662e-16
864,1.0,1.10602255e-20,1.3806924e-13
96724,1.0,8.7976985e-26,2.5900772e-21
53214,0.9999987,1.5088317e-10,7.302354e-07
90074,1.0,4.3807323e-28,1.5498386e-18
58986,1.0,3.5363388e-15,8.8204516e-10
76246,1.0,9.104389e-28,2.5738786e-18
1018,1.0,1.6625865e-20,1.718965e-13
114183,1.0,1.5621562e-24,4.767583e-16
49622,1.0,1.5067036e-21,4.0870915e-14
16845,1.0,8.5314723e-20,5.3109475e-13
90578,0.99999857,1.6724387e-10,1.0572945e-08
97024,1.0,3.139797e-21,7.721471e-14
53307,0.978023,8.150303e-06,0.5704518
109476,1.0,8.931747e-25,2.9400254e-16
15786,0.11423059,0.00018476836,0.11510665
2142,1.0,2.4852777e-24,3.7773163e-15
119989,0.15251014,0.00023565271,0.16409077
67018,1.0,2.642742e-15,5.436497e-10
6853,0.00034426732,1.4956957e-08,0.00021328617
29491,1.0,1.6577177e-26,2.1101124e-17
115271,1.0,6.6066386e-26,5.259485e-17
13437,1.0,2.0781269e-25,1.14422e-16
79656,1.0,4.0634722e-24,9.849998e-16
31008,0.058721706,5.2680447e-05,0.069351986
19237,1.0,4.537001e-26,4.205979e-17
37513,1.0,2.1748706e-24,6.628259e-15
44520,1.0,1.1137281e-20,1.6768351e-12
56270,0.00011215023,5.3511195e-10,0.00014026274
22089,1.0,1.4445867e-25,3.155246e-16
71509,1.0,9.394314e-30,1.1255423e-19
78500,1.0,1.1835679e-22,8.53501e-15
104045,0.81156266,2.5713982e-05,0.7301663
96910,1.0,1.9754516e-16,5.759358e-11
47627,0.9994056,3.4710337e-07,0.014486544
17982,0.12780637,0.00014252166,0.12858407
97002,1.0,6.110014e-22,2.5673187e-14
90060,1.0,1.900793e-26,2.6601561e-17
79527,1.0,1.3788564e-23,1.832586e-15
67044,1.0,1.7818471e-18,4.094594e-12
5870,0.06345799,5.964081e-05,0.074577376
76083,1.0,1.5330626e-18,3.740628e-12
87783,1.0,1.3087433e-27,3.2864694e-18
115566,1.0,1.1502535e-26,1.4408831e-17
49807,1.0,1.4160851e-31,6.020797e-22
37188,1.0,6.576945e-25,2.0451932e-15
10380,0.0055848435,4.2631923e-06,0.0035635384
117623,1.0,4.110426e-26,1.127172e-17
80575,0.002479315,2.186565e-06,0.0017155943
50706,1.0,7.761813e-25,2.7549953e-16
110774,0.16993874,0.0002323802,0.18273811
63158,6.660446e-05,3.8144457e-10,5.3700624e-05
98005,1.0,3.1548135e-23,3.3885748e-15
115322,1.0,1.2435033e-17,1.4019365e-11
86675,0.999808,3.9771876e-07,5.8901845e-05
113030,0.9889631,1.631709e-06,0.5595418
96340,1.0,1.0003406e-13,3.5110975e-10
65893,0.7126226,1.3618325e-05,0.72325677
90096,1.0,6.364448e-29,1.7361465e-19
26215,1.0,3.7340674e-21,5.0216697e-14
72800,1.0,4.7607947e-20,4.405736e-13
44461,1.0,1.9374444e-14,2.1250015e-08
37308,1.0,5.2271413e-25,1.3707749e-15
92531,1.0,3.1643455e-24,7.634753e-16
96986,1.0,7.253687e-23,6.432691e-15
92231,1.0,3.3157248e-24,8.1486343e-16
127967,1.0,1.7835279e-13,3.4555924e-07
96793,1.0,5.6548102e-21,1.0776105e-13
107507,1.0,9.0995595e-21,1.616365e-13
75092,0.99972504,8.4438284e-08,0.006793605
64580,1.0,9.640589e-14,5.4716716e-09
10604,1.0,8.3697595e-17,3.3551983e-10
61230,0.98791134,1.3531485e-05,0.2714117
71682,1.0,1.5588119e-15,2.5106278e-10
17213,0.0005360615,1.6119358e-08,0.0004417832
74677,9.495048e-05,4.2790302e-10,0.00011946089
107166,1.0,1.3007694e-20,2.2591358e-13
44301,1.0,2.9594022e-23,2.2820577e-14
61409,1.0,8.8217514e-13,1.3432261e-08
109702,1.0,8.9626725e-32,3.200515e-21
118886,1.0,4.6867388e-26,4.0070098e-17
1941,1.0,1.11943835e-23,2.6333089e-14
28908,1.0,1.3228298e-16,3.415398e-12
110819,1.0,3.4832963e-21,7.6469437e-14
16851,1.0,3.6771322e-27,6.8245536e-18
55364,1.0,3.1873845e-26,2.5909618e-17
30962,1.0,8.821562e-25,2.4397583e-15
34071,1.0,9.044024e-27,4.3882325e-17
14704,0.9999989,1.5307607e-10,1.6610076e-07
29403,1.0,4.9558463e-28,1.3042389e-18
21812,0.99999976,5.0792404e-12,1.5680078e-08
8217,1.0,3.5295904e-13,9.894117e-08
88817,1.0,4.7783223e-25,2.1743818e-16
58861,1.0,1.620377e-14,2.0698405e-09
38754,0.99999714,4.128324e-11,0.00013456224
38881,0.99991405,2.1294928e-08,0.0018224145
114366,1.0,4.233283e-15,8.932394e-10
7637,0.00027882334,9.712501e-09,0.00018432931
121031,1.0,1.1641572e-21,2.84696e-14
23758,1.0,5.0005363e-18,1.9399186e-10
22206,0.077112645,0.00018374847,0.083693184
85972,1.0,4.0996535e-18,1.6714443e-13
24165,0.00027000147,1.215053e-08,0.00011663027
109715,1.0,2.4881886e-25,1.3193876e-16
110673,1.0,2.81769e-26,2.9395865e-17
47462,1.0,4.1826897e-14,3.4416806e-07
39077,0.00034501185,1.6384854e-08,0.00012174953
53025,0.99999905,4.0920354e-11,5.98321e-07
113241,1.0,5.9241245e-24,1.132267e-15
108602,0.11256899,0.0001588136,0.112064876
43586,0.9999999,1.1146741e-12,1.4852886e-06
59921,0.9999999,1.2532068e-12,2.2803505e-08
33631,0.99999976,1.2913372e-11,1.7261935e-09
61383,0.99999976,5.6761024e-12,1.0205367e-07
50869,0.67252415,1.6435188e-05,0.68019414
127289,1.0,8.3683375e-21,5.472321e-12
92188,0.99999964,3.0697247e-11,1.1603413e-07
90091,1.0,6.259395e-30,4.5551547e-20
70204,1.0,1.5154289e-16,2.7947788e-13
109649,1.0,2.5475654e-31,7.775045e-21
77551,1.0,2.1695778e-22,1.1246354e-14
45824,1.0,8.866706e-17,3.0186391e-09
106342,1.0,1.6975651e-28,7.4917567e-19
43534,0.9909218,5.214921e-06,0.32452264
107353,1.0,5.6754914e-21,1.3302097e-13
9202,0.00027504485,1.0647013e-08,0.00016146558
18047,1.0,1.3879752e-31,3.3342722e-22
29606,1.0,1.9923874e-25,1.0320736e-16
96868,1.0,2.0294591e-19,1.0703432e-12
120064,0.9971253,1.0083331e-06,0.090725966
101632,1.0,3.426167e-21,8.666016e-14
99245,1.0,3.1906525e-14,7.4585993e-10
25931,1.0,3.7333644e-16,7.9144136e-11
111960,1.0,2.2282763e-21,5.7584044e-14
19011,1.0,1.7995737e-25,1.0161309e-16
29295,0.06684161,0.23906273,0.0038988201
97874,1.0,2.6973277e-27,6.22232e-25
29688,1.0,9.6120526e-26,6.940177e-17
14434,1.0,2.925065e-26,2.3767658e-17
97012,1.0,4.4059792e-17,1.4718084e-11
17939,1.0,1.5806214e-28,7.073328e-19
89945,1.0,4.0632642e-27,8.189448e-18
76128,1.0,4.2652357e-21,8.759759e-14
45773,0.99996364,1.0204306e-09,0.003610007
96967,1.0,8.145757e-13,3.422545e-08
12093,1.0,2.1111778e-22,1.0184292e-14
62433,0.99999917,2.7478235e-11,3.548548e-07
91263,1.0,5.839871e-24,1.1457056e-15
47350,0.97790605,1.8047362e-05,0.48461008
16196,1.0,9.626449e-16,1.8169452e-11
123220,1.0,1.4779546e-23,2.74108e-19
60208,0.99971884,4.585326e-08,0.008039213
109802,1.0,2.1657911e-29,1.7299058e-19
71551,1.0,5.1084186e-30,5.0079185e-20
74914,1.0,1.1445331e-18,3.137309e-12
63718,1.0,1.2818736e-20,1.7338652e-13
19155,1.0,5.101577e-25,2.187093e-16
45760,0.9999206,2.2728588e-09,0.010753931
70994,1.0,2.1157658e-14,1.7303789e-10
82109,1.0,6.132047e-25,2.396505e-16
56610,1.0,4.264109e-23,3.7208688e-15
32584,1.0,2.3276475e-19,1.9311754e-11
72792,0.99999166,1.7409337e-09,1.5227811e-05
76051,1.0,8.549104e-26,5.97797e-17
73955,1.0,1.5256895e-24,4.7239176e-16
89915,1.0,1.6800897e-25,9.076904e-17
95645,1.0,5.20587e-17,3.9514125e-11
37207,1.0,2.1252586e-25,7.9234866e-16
101701,1.0,9.951131e-25,3.3262028e-16
32380,0.0051576067,1.5577971e-06,0.005437632
28486,1.0,7.958023e-15,2.6568105e-09
69443,1.0,2.0580427e-16,9.1000915e-11
104007,0.9999989,1.4211005e-10,3.7216205e-07
111970,1.0,2.2967555e-22,1.1988957e-14
31828,0.9999113,1.0109352e-07,0.00028867798
103848,0.9996979,1.0678353e-08,0.035340548
58962,1.0,1.4758462e-17,1.7262509e-11
111874,1.0,4.669523e-24,9.190073e-16
45912,0.85842985,5.0863555e-06,0.78411055
84380,1.0,1.1149076e-24,3.8991973e-16
10501,0.9999927,1.0165339e-09,4.6730383e-05
70392,1.0,1.03557327e-13,5.7893326e-09
34135,1.0,5.3100015e-26,1.6718817e-16
43458,1.0,2.1856345e-15,8.398085e-08
66983,1.0,1.7563772e-19,9.576505e-13
65113,9.6709344e-05,1.8290011e-10,8.8843735e-05
120177,0.108469315,0.00017018059,0.1077379
63584,1.0,4.0816342e-16,1.09756954e-10
26175,1.0,1.0693589e-36,2.306225e-25
70862,0.0007434439,3.8194365e-08,0.00057187525
76118,1.0,1.3821273e-22,8.21446e-15
128252,0.99999976,4.0457485e-12,1.3286798e-06
34919,1.0,5.706156e-32,8.284102e-22
114264,1.0,5.719896e-21,1.1399825e-13
107272,1.0,2.0087947e-18,5.90165e-12
108601,1.0,5.981279e-24,9.34495e-16
55373,1.0,1.0243508e-23,1.7985673e-15
85494,1.0,4.4172855e-26,3.9888916e-17
69174,1.0,9.495371e-16,2.645331e-10
89997,1.0,7.954859e-17,2.048715e-11
116378,1.0,1.12402e-25,6.8187535e-17
72897,1.0,2.320327e-17,2.355809e-11
113236,0.113593854,0.000162796,0.11477526
126982,0.8587435,4.7073877e-06,0.8133232
29669,1.0,2.8166568e-27,5.8584083e-18
102835,1.0,5.970517e-25,2.529737e-16
96837,1.0,1.581325e-23,2.2657058e-15
38757,0.9999571,3.966254e-09,0.0016122598
28450,1.0,1.1343811e-15,3.850784e-10
107256,1.0,4.1670377e-20,3.4455135e-13
87762,1.0,4.910844e-30,4.6731494e-20
5604,1.0,2.7509957e-15,3.8933676e-10
20259,0.9811442,6.6027e-06,0.07617142
75055,1.0,4.4637067e-22,1.5908617e-14
87631,1.0,1.2205963e-25,8.499748e-17
113073,1.0,8.2324956e-23,7.242464e-15
98182,1.0,2.0712404e-26,1.9338899e-17
120980,1.0,3.1618196e-19,1.0210327e-12
66024,0.93175095,4.1428123e-08,0.93534696
72679,1.0,4.152601e-26,3.931966e-17
85416,1.0,1.02449587e-22,5.3813413e-15
98193,0.999689,1.0520829e-07,0.006430135
6457,0.0073484313,8.270413e-06,0.004251152
56664,1.0,2.985185e-16,2.2437019e-10
62374,0.9999993,2.911539e-11,3.2994882e-07
122416,1.0,9.405103e-16,3.0350045e-10
98278,1.0,2.3981194e-27,4.2371057e-18
72903,1.0,1.3844525e-25,9.455786e-17
84354,0.90017045,3.4062865e-05,0.7611812
56477,1.0,9.760781e-25,3.4335028e-16
117541,1.0,1.246667e-24,2.6823718e-16
123061,0.00012825683,7.39834e-10,0.00015072699
80738,1.0,4.5023466e-26,3.2639826e-17
27283,0.9993807,1.0892375e-07,0.022480182
10632,0.9999052,7.322272e-08,0.0005662064
86676,1.0,2.181686e-30,1.1371337e-20
84151,1.0,6.572211e-23,6.03022e-15
4338,1.0,3.8938945e-29,1.795191e-19
97071,0.9999989,9.937584e-11,8.4106506e-07
86706,0.999982,1.190793e-08,3.3155543e-06
14692,1.0,4.961449e-19,5.3648465e-13
5810,1.0,1.5001089e-13,1.9917877e-07
8690,0.99964297,1.5503201e-06,3.7663413e-06
122044,1.0,1.1598177e-21,1.17359906e-17
115331,1.0,4.2706288e-19,1.7077762e-12
111566,8.333075e-05,3.2469927e-10,9.807369e-05
8614,0.0033691972,1.4327376e-06,0.0018032435
111766,1.0,7.029446e-22,2.7162566e-14
36401,1.0,4.7105283e-24,4.338205e-15
85383,1.0,2.5419417e-26,9.866835e-18
91407,1.0,5.8452195e-24,7.5899457e-16
127209,1.0,2.431434e-15,1.2806406e-07
126945,1.0,4.673457e-18,2.5319384e-12
4450,1.0,2.6768255e-28,1.0556247e-18
40479,0.99999464,8.2022067e-10,2.1986678e-05
28543,1.0,3.291352e-17,3.1745225e-11
26013,1.0,5.222784e-22,1.668825e-14
69434,0.14873467,0.00027665385,0.15340371
90130,1.0,1.3135449e-27,1.8974537e-18
49634,1.0,2.0666333e-24,4.01457e-16
23922,1.0,1.4943736e-14,3.4756603e-08
10660,1.0,6.6974204e-14,4.4441315e-08
102758,1.0,2.1993682e-22,1.1504405e-14
114072,0.667794,1.8770997e-05,0.6757819
55226,1.0,6.067147e-27,1.530436e-22
50510,0.0004399656,1.7288071e-08,0.00023026444
19003,1.0,6.215568e-22,2.4687543e-14
2178,1.0,2.5022403e-23,2.6760686e-14
90065,1.0,5.0861577e-29,1.3401374e-19
31397,0.0048672576,3.446119e-06,0.002205537
60084,1.0,3.924107e-13,8.247265e-09
2235,1.0,1.4557627e-23,2.3467192e-14
99141,1.0,4.989283e-15,3.5200357e-10
43587,0.9999999,1.0674665e-12,8.7228364e-07
38763,0.9999839,3.395137e-10,0.0014103262
111565,0.00012403184,7.573541e-10,0.00014264008
128016,1.0,1.2161912e-16,2.604176e-09
58866,1.0,2.2918523e-16,1.15078516e-10
34058,1.0,2.8813665e-32,2.2623717e-23
26208,1.0,3.4930244e-20,1.6676328e-13
53159,0.9999989,1.5536956e-10,3.2889486e-07
23722,1.0,3.731001e-16,2.4469895e-09
81722,1.0,3.4900127e-21,3.5223872e-17
29664,1.0,1.1015282e-23,1.7784679e-15
32184,0.0014315267,2.3116449e-07,0.00079010235
47264,0.99953115,5.438385e-07,0.005515736
113071,1.0,5.9361033e-20,5.04248e-13
11226,0.97210693,0.0016324315,0.0019971945
33431,0.45779705,9.805424e-05,0.43428668
37082,0.0034017006,1.254497e-06,0.0023683107
77446,1.0,4.507834e-31,1.0861166e-20
19085,1.0,1.3487634e-27,3.355217e-18
120988,1.0,9.493311e-15,6.099305e-10
80765,1.0,2.3061799e-26,2.6934652e-17
69498,1.0,2.7074334e-17,2.5705714e-11
81997,0.10401478,0.00011145087,0.10298086
122450,0.10024824,7.851527e-05,0.09334533
75058,1.0,3.285446e-23,3.9172385e-15
68034,1.0,1.1625037e-18,3.748463e-12
89956,1.0,1.3273832e-25,9.180643e-17
96206,0.0052356767,4.303789e-06,0.0021772285
58928,1.0,2.9274532e-19,1.2277118e-12
128239,0.99999976,2.5156966e-12,2.0536886e-06
117325,0.00010167122,5.343878e-10,0.000116087256
84217,1.0,1.1319713e-26,1.2478988e-17
45891,0.99999964,1.0612564e-12,2.2146674e-05
26132,1.0,1.048018e-17,8.125618e-12
41225,1.0,5.0445978e-20,2.1976653e-11
109776,1.0,5.2859886e-27,8.425655e-18
89097,1.0,8.192432e-22,2.212437e-14
108242,1.0,1.4888475e-23,8.353006e-19
22058,1.0,2.0238216e-13,6.8680583e-07
103901,0.9872736,4.5382546e-07,0.71280944
19026,1.0,5.906821e-30,5.939138e-20
86282,0.00022596701,1.0709336e-08,7.8834426e-05
30776,1.0,1.8566935e-30,1.8474126e-20
91033,0.99999845,2.8552755e-10,2.884787e-07
19007,1.0,6.849548e-23,6.0719536e-15
76330,1.0,1.1368757e-16,3.754074e-11
14831,0.00048784664,2.5122494e-08,0.00030476347
38876,0.78467417,5.9138627e-05,0.6924876
19204,1.0,4.028235e-25,1.8429678e-16
55862,0.0011222637,1.0119344e-07,0.00082572474
29686,1.0,1.22684164e-26,1.6692874e-17
65599,0.00017194118,2.9712557e-09,7.903781e-05
109516,1.0,2.5219086e-27,5.7658223e-18
15789,1.0,1.7089311e-18,3.933514e-12
109815,1.0,7.9502065e-27,1.0378372e-17
47354,0.87530005,1.14397535e-05,0.79038894
12100,1.0,1.0580268e-27,2.844962e-18
61173,0.99999845,7.918838e-11,1.1239931e-06
98147,1.0,8.245769e-28,2.5754107e-18
34911,1.0,1.9035391e-30,1.2305348e-19
2192,1.0,1.9256856e-28,1.3063103e-18
118967,1.0,3.5046812e-25,1.2015958e-16
65702,0.8338816,1.8267317e-06,0.841594
20290,0.9833363,7.2330563e-06,0.07219562
110413,0.00012638114,6.233557e-10,0.00015834319
72720,0.99997985,4.160771e-09,0.00014144304
5413,1.0,4.1217186e-17,3.1595657e-11
37379,1.0,1.6845938e-26,1.0023253e-16
72627,1.0,1.1111748e-25,7.201545e-17
12290,1.0,2.944282e-14,1.9335178e-09
128105,0.9999999,1.1085995e-12,2.0679158e-06
108559,1.0,1.0162562e-21,3.759529e-14
88731,1.0,3.3049583e-21,8.623063e-14
108316,1.0,8.9721844e-24,1.5712176e-15
32513,0.9999999,1.277349e-12,4.3894292e-07
5397,1.0,1.7924717e-22,1.0585141e-14
80832,1.0,6.605681e-26,1.4549899e-17
28299,1.0,2.5019535e-16,1.1976502e-10
129443,0.99992704,1.229701e-09,0.014299337
121181,1.0,4.1784783e-22,1.7028242e-14
112990,1.0,1.1477762e-20,1.7501826e-13
91215,1.0,8.247894e-24,1.2416465e-15
6461,0.0031165609,1.0826309e-06,0.0021139083
14117,8.631277e-05,7.498825e-10,6.6080625e-05
85332,1.0,3.1858064e-25,1.0435224e-16
44545,1.0,4.9090898e-20,1.0417135e-11
59927,1.0,8.100206e-13,2.4566429e-08
87909,1.0,5.9501774e-29,3.2607062e-19
68285,0.49154893,6.365007e-05,0.5026439
79791,1.0,2.5399087e-24,6.966201e-16
87873,1.0,1.6849949e-23,2.0890664e-15
89954,1.0,2.8578465e-29,2.196261e-19
107366,1.0,3.4044903e-20,1.7260153e-13
62583,0.9999995,1.7379393e-11,2.1358841e-07
37229,1.0,1.3286395e-25,4.2052753e-16
67082,1.0,7.117977e-15,8.3635493e-10
31744,0.9999881,3.8861434e-09,3.782041e-05
31863,0.9997559,5.035314e-07,0.0008599258
77271,1.0,4.8352883e-27,7.673285e-18
102852,1.0,7.410355e-26,6.033942e-17
32378,0.002343557,5.735933e-07,0.00170626
32048,0.99226743,7.345876e-05,2.658362e-05
22792,0.9996563,2.1003302e-06,3.5670873e-05
76109,1.0,5.151079e-22,1.94828e-14
121239,1.0,9.510195e-24,1.4226428e-15
44317,1.0,3.863278e-24,4.5706923e-15
98260,0.12839884,0.00021521232,0.13178119
86620,1.0,2.6119327e-23,2.0833433e-16
85613,0.27450195,0.00013270213,0.28412333
55658,1.0,3.1292635e-28,1.2047799e-18
10487,1.0,2.0356773e-19,1.7284756e-10
14342,1.0,8.775629e-29,4.7452767e-19
85369,1.0,5.3524676e-25,4.8992945e-17
105398,0.001447865,1.8338625e-07,0.001008505
99139,1.0,2.5285015e-24,5.2833373e-16
84469,1.0,2.8996823e-24,3.3138163e-16
123380,1.0,2.1649564e-22,1.3753458e-14
89882,0.953161,6.0073586e-09,0.9523707
97047,1.0,1.4836989e-24,4.3804912e-16
31891,0.9999845,5.924057e-09,4.956547e-05
2008,1.0,5.3284336e-23,1.1234182e-13
26104,1.0,8.5604015e-17,2.4821674e-11
27124,0.9999261,8.997578e-10,0.0043630386
30835,1.0,4.8660763e-28,1.512857e-18
91274,1.0,6.760119e-24,1.4376892e-15
124672,1.0,6.949439e-20,5.6535175e-13
99100,1.0,4.3003304e-20,3.4128763e-13
72732,1.0,1.08108234e-19,7.3472126e-13
68000,1.0,2.233062e-18,4.6547636e-12
87763,1.0,1.6702669e-26,2.0803085e-17
127187,1.0,1.05155044e-16,1.0153716e-08
8186,0.99999976,2.8979026e-12,9.841912e-07
61426,0.9999769,3.8954053e-09,8.770876e-05
94589,1.0,2.9987518e-26,2.1591967e-17
19274,1.0,8.5975527e-23,6.892456e-15
10557,0.9999994,2.1237906e-11,1.9748813e-06
121177,1.0,7.534126e-24,1.140212e-15
76082,1.0,2.5467277e-25,1.2207742e-16
54458,0.14712596,0.00022731455,0.15634158
128044,1.0,3.979026e-18,3.812649e-10
2134,1.0,3.5469196e-29,6.3421597e-19
18089,1.0,3.7547997e-25,1.6074466e-16
44181,0.99996495,7.0413103e-10,0.004521844
85585,1.0,4.6785372e-27,2.6689169e-18
5547,1.0,1.01675594e-22,7.5530944e-15
53075,0.99970275,7.343069e-08,0.009366445
114217,1.0,1.8996181e-19,1.1398288e-12
75040,1.0,1.7221206e-22,1.1271221e-14
59110,1.0,2.1576263e-15,4.137234e-10
64850,0.52785873,6.168471e-05,0.5427937
102799,1.0,3.038731e-20,2.9864086e-13
19059,1.0,9.862473e-25,3.3417697e-16
93336,1.0,8.553235e-21,1.3981699e-13
25888,0.00011184094,1.479982e-09,7.144551e-05
4351,1.0,3.773695e-26,3.0576893e-17
65620,1.0,4.0606303e-27,3.6629457e-22
59991,0.9999838,5.8825202e-09,1.7491811e-05
80714,1.0,3.3548174e-27,6.1448075e-18
25963,1.0,1.2143789e-23,1.449131e-15
65827,0.8308333,2.2235756e-06,0.83758163
85295,1.0,1.2094585e-25,2.1218974e-17
109372,1.0,7.0795186e-24,7.833814e-21
103952,0.9999994,4.7734004e-11,1.8693332e-07
91323,1.0,2.4028098e-18,3.9321185e-12
114403,1.0,4.7689423e-18,4.438845e-12
80721,1.0,1.7166151e-25,1.0365835e-16
54214,1.0,1.0149944e-26,1.5113005e-17
28224,1.0,2.0922623e-13,1.5240179e-08
62138,1.0,2.486929e-23,2.3595104e-18
109691,1.0,5.7527514e-25,2.2846424e-16
92519,1.0,6.3282024e-23,6.0038466e-15
69281,1.0,2.130317e-16,9.265037e-11
39697,0.99999166,1.6518109e-09,3.7756734e-05
37478,1.0,1.409111e-25,6.984588e-16
80728,1.0,8.3810635e-26,5.7253875e-17
52146,1.0,2.8273336e-21,7.210159e-14
33758,0.0012605205,1.9196713e-07,0.00067323254
20576,0.3717973,6.383048e-05,0.36465567
63617,1.0,8.1109853e-16,2.1158185e-10
28278,0.9999982,1.0922735e-10,7.939802e-06
49739,1.0,1.0842754e-18,4.0406662e-12
42780,0.93570894,0.0002080338,0.5195747
84293,1.0,1.0454119e-22,7.382772e-15
87104,0.00045473035,9.998185e-09,0.00040278578
91135,1.0,1.7582373e-23,2.2694948e-15
32585,1.0,8.567798e-14,9.294361e-08
41093,1.0,5.4168123e-28,4.184357e-18
34874,1.0,4.0258594e-30,1.1482103e-19
104952,1.0,8.899162e-26,6.647497e-17
12287,1.0,1.1775162e-28,5.776893e-19
72602,1.0,7.870882e-25,3.004928e-16
20243,0.996167,9.569167e-07,0.03534267
114134,1.0,1.7597403e-23,2.4981303e-15
26152,1.0,1.1679556e-14,5.2160665e-10
30864,1.0,3.6167988e-26,3.5320754e-17
41335,1.0,6.6718734e-28,7.056326e-18
69255,1.0,7.386762e-18,1.1070365e-11
10651,0.20879641,0.0011673833,0.20234443
89428,1.0,7.4628955e-18,2.5042105e-13
99088,1.0,3.0886855e-17,5.4616665e-11
12132,1.0,3.8016462e-22,1.7499347e-14
40305,0.27483246,0.0010595038,0.26193517
127080,1.0,1.0534432e-28,5.6117727e-19
115318,1.0,2.6397556e-18,5.407813e-12
69484,0.98597264,2.3330267e-06,0.54868823
59136,0.9809818,1.3047143e-06,0.72128034
111767,1.0,1.0405028e-21,3.5614198e-14
5884,1.0,8.898297e-22,2.700631e-13
14596,1.0,8.2709216e-25,1.8032308e-16
51028,0.37223607,9.5034535e-05,0.38364175
56756,1.0,4.897339e-22,2.1477937e-14
9776,1.0,1.2518006e-22,1.2405534e-14
100927,0.001974706,3.8956898e-07,0.0012765902
123062,0.00018872869,1.5131006e-09,0.00021142322
61361,0.9999999,1.1727786e-12,2.2761094e-08
51046,1.0,1.8424058e-23,1.8721698e-15
74944,1.0,6.3307105e-24,1.2534153e-15
7442,1.0,1.4320058e-14,1.3809013e-08
86422,1.0,3.1373841e-25,8.701014e-17
5932,0.11105108,0.00042422794,0.11010767
95889,1.0,2.8963797e-22,1.447651e-14
123624,1.0,3.501731e-23,4.064994e-15
36500,1.0,1.4113968e-26,6.344005e-17
124778,1.0,3.850513e-21,8.766897e-14
20295,0.99965465,2.1140862e-08,0.0146933505
72759,1.0,4.384306e-22,2.0694285e-14
111968,1.0,2.4764327e-21,6.1630375e-14
15269,9.544094e-05,6.7523837e-10,8.737426e-05
38730,0.99999976,9.633866e-13,4.6943555e-06
72832,1.0,8.977044e-17,5.1286184e-11
110771,1.0,1.370493e-22,9.3853605e-15
34908,1.0,3.129511e-30,1.8284555e-19
98894,0.003914353,2.5140193e-06,0.0012445772
27756,1.0,5.310132e-15,9.188852e-11
45345,0.00581571,4.3783893e-06,0.004261631
127207,1.0,2.3694344e-16,8.35233e-09
19067,1.0,8.764373e-25,2.8595885e-16
79516,1.0,4.0413527e-23,4.5259804e-15
14488,1.0,1.2803004e-27,3.0249364e-18
63290,1.0,3.61604e-26,5.6710768e-21
51055,1.0,3.5763932e-19,1.7097968e-12
44252,1.0,2.3819643e-19,1.0311789e-11
14486,1.0,5.0580298e-27,7.421389e-18
30741,1.0,6.499986e-29,3.0761125e-19
41251,1.0,5.1343357e-18,2.2697515e-10
45902,0.7890003,1.6663053e-06,0.7362331
72766,1.0,4.382546e-24,9.495516e-16
22139,1.0,7.449421e-16,2.4696178e-09
123378,1.0,5.834305e-24,9.070783e-16
97050,1.0,6.84454e-21,1.3372638e-13
113247,1.0,4.294913e-16,1.4265347e-10
31075,1.0,6.1417826e-26,4.165854e-16
124580,1.0,1.4111343e-24,4.376049e-16
112084,0.120628804,0.00016026775,0.12418438
10634,0.9999964,4.1623086e-10,1.4157461e-05
97144,1.0,4.751671e-19,1.9019742e-12
91353,1.0,3.320881e-29,2.5034006e-19
5463,1.0,4.3659364e-27,8.093266e-18
18090,0.1420427,0.00018974907,0.14477536
65813,0.6541987,2.4400606e-05,0.666247
67924,1.0,4.7656157e-25,5.7810764e-21
91089,1.0,4.4710987e-24,8.92828e-16
26230,1.0,5.6953106e-15,3.9143805e-10
71749,0.9999993,8.943334e-11,1.4135897e-07
29729,1.0,3.6136979e-25,1.762232e-16
121184,1.0,4.2662817e-19,1.273214e-12
16742,1.0,2.2063496e-16,2.9581015e-10
23885,1.0,7.467305e-19,2.6291828e-11
103894,0.9999981,1.04263445e-10,1.6537052e-06
30946,1.0,1.3897526e-20,1.8176549e-12
97056,0.99999964,1.5130355e-11,2.6149638e-07
47450,0.9677311,7.2729395e-06,0.68671554
17375,0.00023184242,1.6782264e-09,0.00023536953
20398,0.9854821,4.539901e-06,0.06772343
120014,0.11309701,0.00017876475,0.11302404
31757,0.9999987,1.0221599e-10,3.7445263e-06
44750,0.0002460953,9.2052455e-09,0.0001476511
37268,1.0,2.6862151e-21,3.0712035e-13
89027,1.0,1.0141329e-23,1.6180662e-15
125943,1.0,5.1318628e-20,4.7694916e-13
81859,1.0,7.399583e-21,1.1000998e-13
41091,1.0,8.599261e-22,6.7143844e-13
51869,1.0,8.510418e-18,1.3085967e-11
81918,1.0,2.3055588e-23,2.6845434e-15
85420,1.0,4.12445e-27,7.084944e-18
8984,0.17779225,0.0009034924,0.17515533
30778,1.0,2.0000667e-29,1.2844148e-19
63620,1.0,4.2124e-18,6.609736e-12
45769,0.91091126,3.2650494e-08,0.866903
86424,0.9999995,4.6663395e-11,1.2579277e-07
57556,1.0,4.0524842e-30,1.643732e-26
119891,0.1963629,0.00022721943,0.21174417
63713,1.0,6.899368e-17,3.8990436e-11
13031,0.000146564,2.53186e-09,9.55957e-05
108414,1.0,1.1836763e-22,8.94185e-15
28438,1.0,9.504545e-15,2.6077098e-09
100789,0.001108169,1.04419414e-07,0.0007467438
85376,1.0,7.834536e-20,5.2954917e-13
111952,1.0,1.548819e-22,9.2462e-15
19054,1.0,2.1388654e-25,1.18742e-16
128018,0.9999536,3.160853e-09,0.0023965177
79768,1.0,1.696109e-20,2.463478e-13
126834,0.9999713,2.330779e-08,9.157246e-06
41262,0.38830453,7.723454e-06,0.3895971
21368,1.0,3.0212485e-24,4.233687e-15
47339,0.99990344,3.726008e-09,0.011097863
16176,0.00036362663,5.436749e-09,0.00034629388
91080,1.0,4.7918133e-24,1.0715263e-15
1518,1.0,2.4657346e-13,5.869334e-11
109557,1.0,1.4606371e-21,4.0775766e-14
106297,1.0,3.723008e-25,1.7328343e-16
114130,1.0,1.2141525e-22,8.804731e-15
44190,1.0,5.896373e-23,4.4742693e-14
118885,1.0,7.6789643e-26,5.7029795e-17
31726,0.9992312,2.5226173e-06,0.003705244
99291,1.0,9.457528e-22,3.5762795e-14
106206,1.0,2.322365e-31,5.0128284e-21
97101,1.0,8.536074e-25,2.9950288e-16
68322,1.0,1.4090448e-20,1.9480432e-13
97029,1.0,7.852087e-23,6.5823743e-15
80732,1.0,1.289171e-27,3.1281576e-18
86708,1.0,4.6740645e-25,9.8267244e-17
95414,9.949218e-05,1.0035455e-09,7.599943e-05
5648,1.0,1.027467e-21,3.233211e-14
81026,1.0,1.1146666e-29,1.2350211e-19
108086,0.00017470602,1.2095331e-09,0.0002093716
72635,1.0,2.3704711e-26,2.6850119e-17
116570,1.0,5.893306e-26,5.204639e-17
5830,0.99999774,2.1579116e-10,8.695596e-06
29706,1.0,1.1154394e-24,3.6377386e-16
127866,1.0,1.3561475e-14,1.5946626e-10
37437,1.0,4.5389646e-23,4.8377003e-14
123334,1.0,2.1291723e-23,2.4803355e-15
94530,1.0,1.9979164e-29,1.5082866e-19
87572,1.0,2.067993e-21,5.2996927e-14
34183,1.0,1.459116e-22,4.985775e-14
90104,1.0,7.986013e-27,1.2507537e-17
50904,1.0,2.379329e-28,5.048508e-19
69323,1.0,1.9198936e-18,4.7171928e-12
49811,1.0,1.038136e-21,3.426598e-14
109822,1.0,8.5432616e-20,4.978945e-13
98136,1.0,2.8334319e-30,4.503872e-20
49623,1.0,2.115859e-25,1.1173475e-16
41182,1.0,1.2551933e-18,1.05370206e-10
127945,0.9999999,1.2238822e-12,6.937395e-07
44206,1.0,1.9275783e-24,3.003451e-15
121934,9.134815e-05,3.5993894e-10,0.00011644004
86580,1.0,3.603337e-30,9.6735065e-21
88926,0.999,2.0693784e-07,0.06221179
84360,0.99999154,3.8971146e-09,1.5311e-06
116721,1.0,5.429041e-27,9.407497e-18
34179,1.0,9.5633507e-23,4.217779e-14
18104,1.0,1.4615384e-23,2.0821923e-15
40054,0.99943465,3.0849014e-06,5.9776144e-06
91130,1.0,3.89285e-24,9.210183e-16
98050,1.0,4.4751686e-20,4.0017322e-13
63387,1.0,1.4083157e-14,1.1513279e-09
91342,1.0,4.7031493e-24,7.253381e-16
18750,5.7227364e-05,2.5453342e-10,3.5799796e-05
18137,1.0,5.847291e-25,1.9775854e-16
76379,1.0,7.97097e-14,2.9740679e-09
69476,0.99755317,1.5951713e-06,0.049808256
117764,1.0,4.2463054e-29,2.62846e-19
99140,1.0,3.278435e-23,3.4915683e-15
53361,0.9999653,3.7073e-09,0.00028064518
60273,0.99999976,5.167894e-12,8.85505e-08
99199,1.0,1.8343272e-23,2.4223518e-15
34175,1.0,6.290396e-29,5.116287e-19
112946,1.0,9.136868e-24,1.5316971e-15
14639,1.0,1.2883574e-23,1.0548535e-15
11948,1.0,1.4689101e-24,2.6671343e-19
38865,0.9999969,4.3522203e-11,0.00017684966
115509,1.0,1.6088657e-21,4.465377e-14
116513,1.0,1.401373e-29,7.4440646e-20
127233,1.0,9.221327e-16,2.2812944e-08
1945,1.0,1.5422404e-28,9.573516e-19
109238,0.00015762703,2.980559e-09,7.560453e-05
77258,1.0,3.7746125e-28,1.2682028e-18
104954,1.0,4.328199e-25,1.9600935e-16
54324,1.0,4.271149e-27,7.365265e-18
58888,1.0,1.4780703e-19,9.0482293e-13
117868,1.0,2.6722419e-30,2.3512596e-20
120989,1.0,6.052759e-15,4.530414e-10
108460,1.0,8.990279e-23,7.287359e-15
58189,0.0016052136,2.3486302e-07,0.001087184
91102,1.0,8.2821737e-22,2.6533094e-14
97416,0.00018590676,1.4531154e-09,0.0001298051
106254,1.0,5.572869e-24,8.6689163e-16
12034,1.0,7.726991e-23,5.4567933e-15
90020,1.0,1.697751e-30,1.7941426e-20
85598,1.0,3.8954121e-28,6.703998e-19
65826,0.93624234,2.9631698e-08,0.9394327
105101,0.96737427,1.2471342e-05,0.62451243
112062,1.0,3.4255902e-22,1.6793941e-14
127919,1.0,1.8480287e-17,2.5792654e-10
56481,1.0,3.1784534e-23,3.6293134e-15
127288,0.99999964,1.2391665e-12,2.0957179e-05
39630,0.99994814,1.063368e-08,0.000937944
49698,1.0,1.6513354e-20,1.7644579e-13
26232,1.0,3.1114617e-17,1.1720724e-11
108610,1.0,9.5401764e-23,7.648895e-15
81922,1.0,6.501589e-24,1.1248536e-15
97942,1.0,1.7499989e-17,2.5478586e-11
87100,1.0,8.260374e-14,3.892759e-10
42764,0.55066854,1.01428e-06,0.53659815
66854,0.9999999,1.384055e-12,1.7377454e-07
79557,1.0,9.334762e-23,7.231669e-15
26269,1.0,6.0197483e-27,8.22944e-18
127182,0.99999964,3.520039e-12,3.7367035e-06
112979,1.0,4.580171e-22,2.0135173e-14
77882,0.9999993,4.8010672e-11,1.0927642e-08
1027,1.0,5.1144564e-25,1.7875676e-16
89924,1.0,1.3764984e-28,6.434985e-19
82149,1.0,1.6342244e-24,4.575174e-16
94486,1.0,5.0357737e-27,3.8736194e-18
28571,1.0,1.1534544e-15,3.176402e-10
105920,0.03655547,9.735593e-05,0.0006651284
67058,1.0,1.8426023e-16,7.937937e-11
5850,1.0,2.966801e-19,2.2911503e-11
6636,0.99998903,1.8771957e-09,7.968699e-05
115154,1.0,6.4206855e-28,3.4647525e-23
113191,1.0,7.284116e-20,5.4607653e-13
95634,1.0,2.7391856e-21,5.6046103e-14
826,1.0,4.1224585e-24,7.8537027e-16
92239,1.0,2.3249816e-22,1.0849397e-14
66991,1.0,3.7256134e-22,1.5348125e-14
78400,1.0,2.9663127e-20,3.4175858e-13
76414,1.0,2.43582e-19,1.0677252e-12
111953,1.0,3.170635e-20,3.0833355e-13
67172,1.0,1.39231456e-14,9.435533e-10
72871,1.0,4.2357115e-20,2.9902898e-13
125880,1.0,5.7364083e-16,4.2222628e-10
86466,0.9999871,3.5860017e-09,3.288302e-05
80823,1.0,3.0371527e-29,2.0100278e-19
55093,7.066164e-05,4.076675e-10,4.125219e-05
129627,0.99914,1.6996142e-07,0.056317434
65856,0.8071034,3.5213802e-06,0.81431586
28029,0.00022040411,2.4179831e-09,0.00023989355
102512,0.00014889156,1.3884249e-09,0.00013628263
96819,1.0,3.495019e-23,2.9693318e-15
118974,1.0,4.94354e-26,4.2918805e-17
44250,1.0,8.244205e-26,3.3156374e-16
44188,1.0,2.7577082e-16,9.251802e-09
58960,1.0,1.781508e-17,1.7822747e-11
59111,1.0,1.207152e-13,8.025803e-09
86764,1.0,2.9275832e-29,3.5964207e-20
14679,1.0,7.196058e-23,2.5933773e-15
68308,0.20070487,0.000212932,0.2121452
26078,1.0,1.6694417e-15,1.7970218e-10
106021,1.0,5.0208917e-26,4.2877245e-17
115235,1.0,2.1144534e-19,1.0292173e-12
41345,0.9999875,1.2996384e-09,0.00017822915
45834,0.9999896,6.367324e-11,0.0021127698
68533,0.001383238,1.6967235e-07,0.0009267265
114216,1.0,8.544943e-23,7.133063e-15
121042,1.0,1.1042047e-14,7.1820233e-10
8261,0.9998454,1.0890838e-07,0.0014557963
29629,1.0,6.001503e-25,2.5277014e-16
27783,0.0019463939,1.1721497e-07,0.00048662495
106203,1.0,4.3526695e-18,1.1003465e-11
13495,1.0,8.601213e-26,6.378219e-17
112030,1.0,4.4670454e-22,1.9956235e-14
99204,1.0,1.2680728e-17,7.132339e-12
65694,0.59806347,3.5458055e-05,0.6100697
8158,0.9997373,3.823814e-07,0.0015386048
5537,1.0,9.644232e-25,3.0038848e-16
92240,0.99997556,2.2960698e-09,6.349015e-05
91226,1.0,1.6774016e-23,2.0180761e-15
2147,1.0,5.174902e-25,1.8484393e-15
119629,0.0001590641,1.2551751e-09,0.00017981562
127147,1.0,3.9654402e-15,2.1986901e-07
28513,1.0,6.909504e-18,1.20131925e-11
66018,0.9133164,1.2713096e-07,0.9177351
36489,1.0,1.562037e-24,2.0379814e-15
49604,1.0,3.5740164e-21,6.7677004e-14
7513,0.12278354,0.0005010585,0.12530321
41349,1.0,4.6310444e-17,5.1188775e-10
127232,1.0,6.471755e-14,1.2928126e-06
114084,1.0,4.0108533e-22,1.9518766e-14
79885,1.0,4.6267725e-24,9.294253e-16
7470,1.0,2.6686189e-20,2.6882266e-12
76730,1.0,5.896614e-14,2.422284e-10
123962,0.99999905,7.446797e-11,8.732873e-09
10583,1.0,4.7361334e-16,1.6815171e-09
125876,1.0,5.252752e-23,4.4134863e-15
968,1.0,1.1953243e-22,7.302637e-15
117668,1.0,1.0351526e-24,5.0390665e-17
34878,1.0,3.7165118e-31,1.4434832e-20
23881,1.0,3.547264e-18,7.8497535e-11
87723,1.0,3.7278808e-26,3.876504e-17
39521,0.99999297,1.3012258e-09,3.0489344e-05
98085,1.0,8.58321e-28,2.2888185e-18
68098,1.0,4.762515e-22,1.9476001e-14
128085,0.9999974,3.9070386e-11,0.00011264721
101398,1.0,8.311536e-24,1.5379619e-15
47263,0.75777686,0.00065006985,0.59665585
86427,1.0,2.1974443e-25,8.772269e-17
58912,1.0,1.645133e-16,7.4996225e-11
53692,1.0,2.2381761e-13,4.638257e-10
15684,1.0,4.4356263e-17,3.0612173e-11
43463,0.9999993,3.645817e-12,5.3667707e-05
60068,1.0,7.871154e-17,2.650835e-11
66873,1.0,1.0634207e-19,7.111199e-13
25923,1.0,1.4599641e-27,2.731906e-18
2986,0.0009779992,7.9634255e-08,0.0006736889
77254,1.0,7.341305e-27,1.0747716e-17
51875,1.0,1.2522848e-19,8.524248e-13
54180,1.0,2.6398122e-21,5.995976e-14
15511,1.0,1.223103e-19,7.738623e-13
58942,1.0,8.422442e-18,1.1905254e-11
85367,1.0,2.114712e-26,1.9917344e-17
116516,1.0,1.24065934e-26,1.7165895e-17
10846,1.0,9.982358e-15,9.474043e-12
41222,1.0,1.2505255e-23,2.846444e-14
14385,1.0,6.1638727e-25,1.7302648e-16
26120,0.99998295,4.388033e-09,5.2272302e-05
47055,0.0026301274,4.7227658e-07,0.0025038621
89912,1.0,5.980295e-25,2.317798e-16
46062,0.9999753,5.012569e-10,0.0026941984
59066,0.15778573,0.00024066331,0.16772987
17985,1.0,1.7993088e-22,1.1319263e-14
49848,1.0,2.928737e-27,5.4842683e-18
37406,1.0,1.40749e-23,1.7565929e-14
70639,0.99999774,9.3230944e-11,1.5840938e-06
16648,1.0,1.0028688e-23,1.0336421e-15
69461,1.0,2.8690793e-19,1.3878087e-12
127127,1.0,1.7617456e-19,5.0768216e-11
110727,1.0,2.4827947e-24,6.2722033e-16
23909,0.99842024,2.3820062e-06,0.025259748
76137,1.0,2.4950097e-20,2.4012308e-13
128112,1.0,1.1684835e-18,3.8267733e-11
90014,1.0,4.0154168e-29,2.4158965e-19
61425,0.99703395,1.6623641e-06,0.103769846
11086,0.623394,0.04742601,0.016237075
75187,1.0,7.176693e-26,5.568193e-17
97103,1.0,8.516218e-21,1.4276103e-13
28461,1.0,1.5888951e-16,8.291324e-11
19229,1.0,8.424685e-27,1.2628689e-17
100429,0.101990074,0.00013250462,0.099561535
47572,0.12117044,0.00038602922,0.12762237
90201,1.0,3.3141275e-34,4.272313e-24
30852,0.15789227,0.00022655379,0.15118122
94396,1.0,1.4104704e-27,2.6126671e-25
29717,1.0,2.7079275e-26,2.913586e-17
41210,1.0,1.8335282e-17,7.9265333e-10
67161,1.0,2.7294567e-19,1.1621969e-12
18032,1.0,4.136902e-25,1.8149697e-16
86966,0.00048360997,1.2120508e-08,0.00041308152
28423,1.0,1.04656935e-14,2.473323e-09
1964,0.9999995,2.8376004e-12,1.9926834e-05
108317,1.0,1.0488058e-17,1.4411239e-11
17861,1.0,2.024362e-28,8.844064e-19
49913,1.0,1.7605518e-24,4.086526e-16
61180,0.99998736,1.4159524e-09,3.1101263e-05
112057,1.0,1.799544e-20,2.1117836e-13
111769,1.0,1.0707467e-21,3.6692956e-14
68199,0.9994153,2.1376321e-08,0.012092341
107360,1.0,3.8477855e-19,1.7326396e-12
31848,0.9779774,0.00061222195,0.06796532
7348,1.0,3.1695933e-21,5.1941573e-13
26019,1.0,1.893331e-27,4.2085614e-18
26149,1.0,7.2016154e-20,2.588295e-13
72681,1.0,8.844961e-22,3.3564524e-14
121329,1.0,8.3476937e-17,2.4814385e-11
102849,0.999876,1.3788622e-07,0.00016926817
66832,1.0,3.3911006e-20,2.9594006e-13
79713,1.0,6.7457003e-22,2.8345356e-14
77306,1.0,5.6413327e-25,2.0497769e-16
31704,0.9998611,1.3197912e-07,0.000855824
72747,1.0,4.5949006e-17,3.5414425e-11
127912,1.0,6.5707594e-15,6.151359e-08
108605,1.0,9.899432e-21,1.6091792e-13
55636,0.4844619,6.99842e-05,0.4955442
53314,0.16608718,0.00023473441,0.17269574
12320,1.0,4.8231953e-15,4.050903e-10
47598,1.0,1.3910761e-16,5.744495e-10
76170,1.0,4.738597e-21,7.878015e-14
47595,1.0,1.0708312e-16,5.844983e-10
64820,1.0,4.604318e-19,1.717265e-12
97990,1.0,1.379497e-25,8.687914e-17
128175,0.99999845,3.3485284e-11,3.1766544e-05
106301,1.0,7.694182e-26,6.206628e-17
80858,1.0,4.3399474e-28,1.1962892e-18
88862,1.0,1.9241153e-27,4.6399547e-18
44470,1.0,4.102463e-21,9.395399e-13
30770,1.0,8.718438e-29,3.2390358e-19
69710,0.0013830088,1.7593516e-07,0.0009047657
104871,1.0,3.696051e-25,1.0151972e-16
79654,1.0,2.4181942e-25,1.3892093e-16
22683,0.008512111,1.1152931e-05,0.005545934
92512,1.0,1.6850074e-16,3.0777974e-11
115571,1.0,8.528262e-25,2.9523654e-16
49691,1.0,1.1285113e-22,8.441207e-15
105172,0.11108812,0.00014837427,0.112761624
16747,1.0,5.6687884e-27,9.315612e-18
33164,0.0029023585,8.871175e-07,0.0020302208
45833,1.0,1.217407e-24,4.9109196e-15
109509,1.0,2.3668988e-21,5.5717492e-14
79532,1.0,2.621735e-23,3.1644448e-15
127801,0.010675663,1.9423627e-05,0.0070747836
96926,1.0,7.910428e-34,3.9062253e-23
41244,1.0,1.8942513e-24,5.4205484e-15
41281,1.0,1.2660701e-27,1.5192888e-17
39601,0.08128446,0.0002635653,0.082223445
72742,1.0,1.0781155e-22,8.028704e-15
14713,1.0,5.239985e-15,1.3051624e-10
17907,1.0,9.370191e-30,9.973084e-20
61238,0.51382124,5.3462718e-05,0.5255554
14595,1.0,5.4814934e-23,2.452318e-15
76227,1.0,6.014781e-15,5.45866e-10
98080,1.0,2.8339577e-25,1.4708337e-16
60163,1.0,7.271867e-14,1.4035325e-09
44493,1.0,4.2451685e-23,3.3125432e-14
10890,0.0032074281,1.2716241e-06,0.0017639282
58829,1.0,1.0380248e-14,1.5412966e-09
13365,1.0,1.6293184e-25,9.2795464e-17
19080,1.0,2.0320729e-31,2.7976898e-21
79691,1.0,5.5680485e-23,5.7422566e-15
109824,1.0,1.1461785e-21,3.2123118e-14
114162,1.0,1.1384528e-13,5.3225597e-09
5439,1.0,2.2165457e-26,2.1411598e-17
35970,0.9999989,1.02285035e-10,6.3658248e-09
13552,1.0,1.23229855e-23,1.5192266e-15
68331,1.0,2.0409203e-17,1.8727521e-11
79715,1.0,6.8623364e-23,6.4650162e-15
22096,1.0,5.127201e-22,1.4658703e-13
49893,1.0,1.7663675e-20,2.0736574e-13
31741,0.9980118,1.251014e-05,0.008520772
95981,1.0,6.5800264e-19,1.6737359e-12
122477,1.0,4.3125274e-24,9.189617e-16
918,1.0,5.6743604e-23,4.293064e-15
29409,1.0,3.8677208e-29,2.9651716e-19
96972,1.0,7.1819965e-21,1.3034216e-13
55316,1.0,2.3469053e-27,5.5175916e-18
67090,1.0,3.030297e-17,1.9313854e-11
113042,1.0,8.5404225e-21,1.4054102e-13
42734,0.97595686,7.779546e-08,0.89560884
66897,1.0,3.7972315e-19,1.5136438e-12
85377,1.0,2.0240738e-23,2.731337e-15
92470,1.0,2.9283122e-27,2.1679688e-18
107452,0.15447912,0.00014252722,0.1490203
54174,0.9245522,7.9293044e-05,0.70629
43171,1.0,5.5371004e-16,2.1427108e-11
104040,0.99998057,1.0376632e-09,6.9508256e-05
88903,1.0,6.80341e-21,9.5298904e-14
80887,1.0,7.9002786e-38,4.0454648e-26
32499,1.0,8.358018e-17,1.0528648e-09
95699,1.0,4.3373267e-23,4.0325913e-15
126801,1.0,1.4636605e-13,1.8019997e-09
73853,1.0,3.9312173e-24,8.644446e-16
107303,1.0,7.007445e-20,5.8288644e-13
1121,1.0,1.1075986e-18,1.9475463e-12
4455,1.0,2.348513e-23,2.1980342e-15
41400,1.0,1.1427749e-18,4.9409858e-11
44527,1.0,6.208383e-16,1.9911122e-09
15736,1.0,4.490862e-15,6.4076777e-10
34156,1.0,3.2463456e-27,1.8582435e-17
65681,0.88810986,3.8179945e-07,0.8947941
71245,0.0001466585,1.0434984e-09,0.00016638618
127157,0.9999999,1.5432055e-13,1.8776249e-06
96922,1.0,1.8879698e-22,8.95045e-15
28424,1.0,2.6066094e-14,6.5889396e-09
20349,0.98565555,5.876377e-06,0.06377447
111829,1.0,1.7078554e-26,2.0672162e-17
117684,1.0,2.2177529e-28,7.096842e-19
103094,0.0015969306,2.3677777e-07,0.0010573973
31103,1.0,3.8280883e-22,1.569452e-13
97142,1.0,7.540437e-20,5.9453934e-13
122433,1.0,3.523225e-22,1.5829921e-14
85638,1.0,5.9963055e-26,4.7010666e-17
69402,1.0,1.1762299e-17,1.477428e-11
79597,1.0,3.265355e-23,3.438066e-15
127293,0.99999905,3.0367967e-12,0.000122045814
72964,1.0,2.0130102e-14,1.2585625e-09
41166,1.0,2.666439e-14,1.1140143e-06
18044,1.0,4.895826e-22,1.7368961e-14
12139,1.0,1.6308459e-20,2.0143515e-13
34533,0.00075024925,4.2955694e-08,0.0005275058
2127,1.0,3.8178607e-17,3.0658716e-09
10614,1.0,4.8661104e-14,6.104606e-08
102555,1.0,2.9754764e-23,2.885516e-15
98528,0.0015990607,2.3615536e-07,0.0010645736
35770,1.0,3.728133e-13,9.5184376e-08
94689,1.0,8.254342e-25,1.8189898e-16
28367,1.0,4.3380677e-17,3.718195e-11
106336,1.0,4.0664794e-17,2.5285087e-11
110806,1.0,2.130723e-24,5.6251347e-16
128046,0.9405079,2.8934963e-07,0.88148355
48700,0.99890184,1.4007637e-05,0.00010775529
66362,1.0,2.2224194e-13,1.2823846e-09
74043,1.0,1.9580698e-22,1.0510382e-14
5549,1.0,6.250779e-23,5.2540763e-15
74959,1.0,3.7037646e-21,5.466557e-14
47453,0.43542117,0.00022786054,0.40664285
86752,1.0,6.200541e-26,1.9046341e-17
55473,1.0,1.2376598e-23,2.1882707e-15
19300,1.0,7.183493e-24,1.3152276e-15
44494,1.0,2.3120128e-17,2.5352126e-10
88904,1.0,6.030448e-23,5.0930084e-15
13419,1.0,1.43698e-25,8.747841e-17
113176,1.0,2.1153812e-19,1.0877692e-12
111782,1.0,5.251896e-21,9.70307e-14
74045,0.99998033,4.755921e-09,0.000121137025
59001,1.0,9.951617e-19,3.1144683e-12
12103,1.0,1.9978677e-17,1.9497291e-11
69225,1.0,1.2140264e-16,6.491781e-11
114268,1.0,1.6045607e-24,4.8848157e-16
108322,1.0,5.843997e-23,5.6402857e-15
103845,0.99992454,5.670117e-09,0.00068602007
88993,1.0,4.864526e-32,8.401306e-23
96929,1.0,3.2110174e-15,1.895689e-10
42758,0.9925724,1.0485655e-06,0.4695708
110479,0.0002026557,4.9777586e-09,0.00010815099
30722,1.0,2.7889745e-28,4.9855246e-19
121909,0.00012258746,6.512607e-10,0.00014780999
99339,1.0,1.3209519e-19,9.014002e-13
103700,0.99999976,1.8968958e-11,3.6346464e-08
2158,1.0,1.5162505e-23,3.413024e-14
44224,0.9119299,3.0242998e-06,0.796018
83223,1.0,1.0633572e-24,3.7642104e-16
56618,1.0,4.714526e-21,8.025646e-14
61334,1.0,1.8773782e-13,5.0760716e-09
82151,1.0,5.643245e-26,4.6643226e-17
104053,0.9999976,2.8657562e-10,1.7524005e-06
37868,0.9999995,3.4957533e-11,2.5034421e-09
102544,1.0,7.6323846e-26,6.104695e-17
54311,1.0,3.217903e-26,2.9539076e-17
112064,1.0,1.5532342e-20,1.9693413e-13
77210,1.0,1.0486138e-17,2.3110677e-11
127295,0.9999945,5.6964083e-11,0.00052551297
67096,1.0,1.5911197e-14,1.4842902e-09
14440,1.0,4.2345292e-29,2.8354588e-19
117006,0.00096857693,7.38594e-08,0.0007111124
50817,1.0,5.2111966e-24,1.0565207e-15
94643,1.0,2.583189e-29,8.72034e-20
96836,1.0,4.5303174e-22,2.1695492e-14
41325,1.0,1.0516666e-24,1.3649257e-15
19249,1.0,1.7446877e-23,2.3832873e-15
65994,0.9253149,6.637986e-08,0.92916054
53015,0.9999987,6.172728e-11,1.3321472e-06
9817,1.0,9.499015e-19,1.1827396e-11
12097,1.0,4.2383e-19,1.6068124e-12
129107,0.038420238,0.0003516236,0.015999984
29455,1.0,1.0385204e-28,5.951116e-19
7539,0.063921824,0.00018418841,0.06565832
118823,1.0,2.7949413e-26,1.7246757e-17
774,1.0,3.6484054e-27,6.1711404e-18
65924,0.82219845,2.5046027e-06,0.82910126
113253,1.0,3.8045423e-25,1.784073e-16
4247,1.0,5.2628784e-24,5.088578e-16
1200,0.98691505,6.7117646e-05,0.14176957
10555,1.0,5.458296e-21,4.957179e-13
121138,1.0,1.9731807e-20,2.0983652e-13
785,1.0,4.4310653e-22,1.80558e-14
63721,1.0,7.81139e-17,4.0760586e-11
13445,1.0,1.5442561e-25,9.1748663e-17
88856,1.0,4.8962767e-21,7.6164776e-14
117818,0.11713923,0.0001518596,0.11487837
73276,0.99999654,5.5685095e-10,8.1616236e-08
110961,1.0,1.03492076e-22,6.8909844e-15
97742,0.0002945561,9.174029e-09,0.00013086073
37307,1.0,8.3162383e-22,2.5113567e-13
99351,1.0,1.5630997e-22,8.966375e-15
114414,1.0,3.00266e-23,3.257878e-15
1896,0.6021862,0.02962242,0.011561484
128180,0.9999999,1.1252716e-12,6.0274925e-07
45975,0.91639566,2.2834958e-07,0.8595588
122199,1.0,2.4232002e-24,6.3013417e-16
112014,1.0,5.147251e-21,9.5943435e-14
96943,1.0,2.7285439e-24,6.783085e-16
5632,1.0,4.0874615e-16,1.067492e-10
10832,0.9999982,3.0442285e-10,8.308874e-09
23812,1.0,1.8656294e-18,5.5365452e-11
52180,0.10613457,8.159601e-05,0.09915586
10442,0.9999869,9.483133e-09,1.157774e-06
23969,0.9999976,1.6008306e-10,1.6763446e-05
73744,1.0,2.703247e-22,1.4461055e-14
90215,1.0,3.4568716e-30,3.2850376e-20
89991,1.0,1.0791727e-30,1.5413115e-20
90090,1.0,7.7929493e-29,2.0873255e-19
29614,1.0,5.429621e-27,9.73189e-18
103862,0.1427326,0.00020599601,0.152037
23777,1.0,2.365145e-16,1.3745702e-09
53252,0.99996066,5.2507265e-09,0.00031403682
41300,0.9999887,1.27525e-09,0.00013554365
114165,1.0,5.1518035e-23,5.0369377e-15
91175,1.0,2.3479922e-24,5.2274644e-16
90120,1.0,2.301965e-30,3.631686e-20
75089,1.0,3.8194054e-24,8.6079856e-16
28420,1.0,1.5848679e-18,4.705538e-12
106155,1.0,1.7572765e-25,1.1061134e-16
28594,1.0,7.693719e-17,5.1344713e-11
109739,1.0,3.727665e-27,7.2855694e-18
61176,1.0,1.9285286e-15,1.7224301e-10
28606,1.0,1.7906857e-17,2.062532e-11
13519,1.0,2.8052514e-32,4.0721502e-22
116711,1.0,2.4092132e-28,5.571416e-19
19164,1.0,3.888112e-26,3.470292e-17
65987,0.7067899,1.4830531e-05,0.7175424
102688,1.0,8.210572e-23,7.380745e-15
79612,1.0,5.246044e-23,5.0026613e-15
129598,0.8275608,3.0275498e-07,0.7793624
72905,1.0,5.9697055e-22,2.4613117e-14
75051,1.0,1.4131444e-23,2.1346622e-15
41253,1.0,5.285092e-23,8.0258296e-14
100384,1.0,3.0927348e-21,8.093468e-14
2002,1.0,7.300711e-31,1.4854346e-20
6603,0.9992811,7.657489e-07,0.011167384
4490,1.0,5.9855696e-32,8.973289e-22
28244,1.0,8.854399e-14,5.287509e-09
45777,0.99288225,1.1444215e-07,0.6896189
49611,1.0,9.939489e-24,1.525935e-15
37435,1.0,5.98363e-24,1.1236104e-14
69491,1.0,2.77852e-24,6.807789e-16
29441,1.0,2.2031195e-24,5.999356e-16
72781,0.25238734,0.00014140933,0.26214
115287,1.0,5.42161e-20,4.446995e-13
49754,1.0,9.025078e-25,3.3009472e-16
101747,1.0,9.244183e-24,1.6274258e-15
121281,1.0,3.662855e-18,5.6874813e-12
97741,0.00016455314,2.9028142e-09,7.501285e-05
91348,0.119337514,0.00015958672,0.12280415
110723,1.0,2.5149595e-22,1.4147366e-14
108313,1.0,6.733586e-16,1.2206638e-10
9081,1.0,1.755618e-14,1.2794731e-08
64739,1.0,5.6757745e-13,2.0703231e-08
19227,1.0,5.3725224e-22,2.3058244e-14
59055,1.0,1.1137391e-23,1.7536493e-15
79653,1.0,9.775499e-25,3.6393348e-16
106159,1.0,3.4187742e-23,3.883153e-15
85298,1.0,4.1799622e-29,3.1938105e-19
90021,1.0,1.920565e-28,2.1813652e-19
110005,0.0012435084,1.3000252e-07,0.0008975647
129221,0.4514517,0.08951329,0.034444872
88828,1.0,4.3812258e-24,9.585408e-16
34108,1.0,7.081318e-27,3.88115e-17
47539,0.9999976,6.525361e-11,4.765987e-05
69844,0.45181525,0.05213785,0.0070170164
68668,0.9999975,3.834089e-10,2.616036e-08
124730,0.14412005,7.296342e-05,0.12852743
70493,1.0,5.001967e-18,6.006238e-12
107394,1.0,2.9507946e-20,2.3414492e-13
43446,1.0,2.899185e-16,7.688103e-09
72775,1.0,1.3852733e-22,9.063489e-15
54423,1.0,1.2994816e-25,9.368145e-17
114133,1.0,5.356565e-13,4.665483e-08
129590,0.9997024,1.013e-08,0.052383807
32969,0.002036898,4.676691e-07,0.0012093903
82118,1.0,5.699737e-25,2.394915e-16
19181,1.0,1.9975004e-26,2.3557252e-17
9844,1.0,2.4680394e-21,2.1643469e-13
85474,1.0,4.5148032e-24,1.011178e-15
43453,0.9760054,4.281037e-06,0.66190004
7241,0.05546673,0.0008125265,0.018125217
103615,0.0001628522,1.3174108e-09,0.00017959304
61364,0.9999999,3.770513e-12,5.6750636e-08
71599,1.0,1.6105831e-16,8.255944e-11
76202,1.0,1.0495064e-24,3.0239704e-16
59003,1.0,4.830487e-15,7.938048e-10
19221,1.0,9.728478e-25,3.3720032e-16
13489,1.0,4.7451875e-26,4.2760778e-17
28293,1.0,2.7602474e-14,3.0552418e-09
51044,1.0,2.1307013e-29,6.016831e-20
9700,1.0,4.7557773e-23,6.2447513e-15
92339,1.0,9.0599555e-24,1.2922316e-15
66855,1.0,2.854862e-21,6.831574e-14
95930,0.108022295,0.00015750382,0.1061969
97089,1.0,7.634026e-23,6.2742166e-15
67077,1.0,8.326157e-26,5.570338e-17
19283,1.0,1.658718e-25,8.891025e-17
49601,1.0,2.6512575e-20,2.760133e-13
72649,1.0,4.4640903e-18,8.27691e-12
112059,1.0,4.576982e-19,1.5839903e-12
21346,1.0,1.2122418e-21,3.3204396e-13
23814,0.99999666,2.7434152e-10,1.9791423e-05
121910,0.00019275314,1.681979e-09,0.0002160011
42608,0.98279667,5.7321164e-10,0.9557576
118818,1.0,5.258917e-27,4.6578482e-18
43290,0.00357569,1.3182356e-06,0.0027373636
26021,1.0,4.976522e-25,1.7343288e-16
36767,0.99999976,1.1801212e-11,1.4624133e-09
53221,0.981343,1.21532985e-05,0.4503378
69386,0.54934376,3.6325728e-05,0.553458
22080,1.0,5.87602e-19,1.8054691e-11
97062,1.0,1.8289472e-23,2.2052988e-15
106214,1.0,4.8980386e-26,3.3832243e-17
65719,0.18114538,0.00022957979,0.19603132
34099,1.0,5.526909e-23,3.6085518e-14
92522,1.0,2.2048505e-25,1.2831531e-16
62518,1.0,1.6827971e-13,3.3702083e-09
79767,1.0,1.3455888e-25,8.924904e-17
113280,1.0,2.314968e-18,4.863573e-12
1946,1.0,1.2784848e-27,8.927214e-18
25928,1.0,2.8746861e-28,9.64176e-19
81870,1.0,2.313222e-24,6.366822e-16
82159,0.6917774,1.4659639e-05,0.6980284
47252,0.97404355,1.5887863e-08,0.9270422
97022,1.0,1.7914209e-20,2.4460748e-13
113282,1.0,1.7381756e-25,1.0121771e-16
9839,1.0,7.945653e-21,4.7496376e-13
110898,1.0,2.1490346e-22,1.19185955e-14
97131,1.0,4.6541695e-19,1.606561e-12
9029,1.0,1.3702417e-15,2.0409907e-09
23718,1.0,1.1402884e-18,6.8679305e-11
108501,1.0,2.0228542e-23,2.5265942e-15
1504,0.7365978,0.05718218,0.0007301077
88914,1.0,2.7518422e-25,1.5050877e-16
44306,1.0,3.3010454e-25,8.596436e-16
62243,0.99999416,3.3786637e-10,6.306715e-06
80902,1.0,1.08193914e-29,9.229297e-20
65792,0.14753656,0.00024231808,0.1588773
87586,1.0,4.0685477e-22,1.9090888e-14
12647,0.0011354132,1.2042258e-07,0.00073679705
85814,0.00028472662,3.050176e-09,0.00027199922
5562,1.0,3.135409e-18,5.6146303e-12
15215,0.0003962555,2.1779435e-08,0.00014264224
32609,1.0,1.12645845e-17,2.5918853e-10
53024,0.9982248,5.1878436e-07,0.09116576
59023,0.9999999,6.681912e-12,7.031238e-08
36493,0.059679985,9.579444e-05,0.06757754
32520,1.0,3.4659463e-13,1.6994262e-07
28498,1.0,3.142561e-16,1.3875506e-10
5529,1.0,1.414447e-19,8.0220834e-13
121236,1.0,8.8136805e-20,5.288144e-13
16652,1.0,4.7614608e-30,4.8343466e-20
77114,1.0,3.7570652e-24,4.216123e-21
91346,0.13129258,0.00018950389,0.13771792
58878,1.0,3.298659e-22,1.7057693e-14
90052,1.0,5.81829e-28,1.3440547e-18
28440,1.0,2.358524e-15,5.04193e-10
80878,1.0,3.141571e-28,2.0338766e-19
37217,1.0,1.4240174e-21,3.894335e-13
109566,1.0,1.3206752e-26,1.8142144e-17
41249,0.99999976,1.7492924e-12,2.7665546e-06
44430,1.0,3.97992e-19,1.555017e-11
54358,1.0,5.1998945e-25,1.6274622e-16
9988,0.00026044232,8.57557e-09,0.0001731704
28327,1.0,3.6402672e-15,8.0419044e-10
1957,1.0,7.346512e-28,6.3368665e-18
107447,1.0,2.8157322e-20,3.3556605e-13
109798,1.0,6.713916e-30,6.804894e-20
69247,1.0,3.1537744e-18,6.4081843e-12
14410,1.0,2.1370304e-25,8.698028e-17
41301,1.0,6.259048e-19,3.0923614e-11
58994,1.0,2.3996265e-22,1.3899238e-14
58834,1.0,2.2454955e-14,2.1941493e-09
28439,1.0,5.2216278e-15,1.4252326e-09
48589,0.004347413,2.3689302e-06,0.002814783
54370,1.0,1.5317259e-23,2.3781195e-15
75252,1.0,5.4106254e-25,2.2672436e-16
59022,1.0,2.4328948e-19,1.2862481e-12
20847,1.0,1.2551281e-15,5.9588917e-13
108640,1.0,1.5941125e-13,4.421099e-09
15599,1.0,3.1847433e-21,7.2482574e-14
5696,1.0,9.981533e-20,2.9956333e-13
34239,1.0,1.362987e-27,1.0472066e-17
129442,0.99999356,4.9960917e-11,0.0008767617
69379,0.9978654,3.959706e-10,0.80042166
37226,1.0,5.066328e-14,9.421367e-09
88761,1.0,9.651371e-25,3.310746e-16
61138,1.0,5.539771e-13,9.766001e-09
14481,1.0,5.6991385e-29,3.0862323e-19
23982,0.9997023,1.5589578e-07,0.005873365
69280,1.0,2.493939e-24,6.55791e-16
69437,1.0,1.5532342e-20,2.0874672e-13
50644,1.0,7.3732673e-28,2.384821e-25
98869,0.00023313587,2.8702762e-09,0.00024675953
80856,1.0,5.6615214e-29,3.2274421e-19
62143,9.3554874e-05,8.5267493e-10,5.7196477e-05
46063,0.99986076,3.6400212e-09,0.023933757
125797,1.0,2.343486e-21,6.505567e-14
19323,1.0,3.0820513e-22,1.6591925e-14
39466,1.0,1.0308873e-12,2.4113374e-09
63632,0.9999964,3.3773367e-10,1.5049185e-05
69392,1.0,2.0451592e-14,1.1544482e-09
82107,1.0,4.4421386e-20,4.2611552e-13
29532,1.0,5.236014e-28,1.7155804e-18
81925,1.0,7.637328e-28,2.4599315e-18
25982,1.0,3.9393525e-32,1.9070294e-21
96964,1.0,4.5437284e-23,4.6304488e-15
32773,0.00040454647,3.2003896e-08,0.0001634915
18142,1.0,2.940992e-22,1.5550295e-14
59926,1.0,1.2215267e-12,8.183411e-09
4357,1.0,2.5940374e-32,1.2284792e-21
86710,1.0,3.0137312e-32,9.571156e-24
113594,0.9999999,1.4957497e-12,1.9464574e-09
112078,1.0,4.8162082e-23,4.430354e-15
44511,1.0,1.7716532e-18,3.767596e-11
1968,1.0,5.1296556e-26,2.025618e-16
20242,0.9937016,1.786856e-06,0.048522964
29557,1.0,1.7814319e-26,1.9061095e-17
107396,1.0,1.28335125e-20,1.3749922e-13
56523,1.0,7.489557e-19,2.8826381e-12
79828,0.10753107,0.00010084518,0.10343663
14345,1.0,2.4656252e-25,9.5366394e-17
63489,1.0,4.549962e-20,3.7602552e-13
72753,1.0,9.922376e-22,4.1204985e-14
61139,0.9999999,1.2349076e-12,1.8135099e-08
34226,1.0,8.554702e-29,1.0253699e-18
2094,1.0,3.1874926e-27,3.0097102e-17
7045,0.005985602,5.711769e-06,0.0025326924
20406,0.97616357,8.697521e-06,0.08027593
46669,0.0023653554,7.445543e-07,0.0011713771
8189,1.0,9.003132e-19,5.7808407e-11
90128,1.0,1.0132971e-24,3.4247257e-16
125649,1.0,2.1703903e-21,6.366342e-14
84219,1.0,7.1938895e-23,6.4369375e-15
99345,1.0,8.169061e-21,1.4157253e-13
105207,0.99999917,9.343103e-11,4.7797033e-07
64582,0.9999999,1.779217e-12,3.6094026e-08
8323,1.0,4.641339e-24,3.617523e-15
15588,1.0,9.336365e-23,6.776675e-15
79472,9.7292635e-05,6.0585265e-10,0.000100964884
52541,0.002253489,5.499222e-07,0.0014232214
6852,0.00029818722,8.154975e-09,0.0002209583
53220,0.9999728,3.5677108e-09,0.00018376917
81817,1.0,4.3198684e-25,2.0001181e-16
66050,0.5724583,4.5327528e-05,0.569994
13380,1.0,6.896518e-27,1.11922814e-17
41122,1.0,2.292163e-27,2.1401229e-17
127220,1.0,7.2649e-16,2.60454e-08
31739,0.999998,2.0542686e-10,6.6624802e-06
22211,1.0,7.7852e-20,2.8001694e-12
108502,1.0,2.9078208e-26,3.0798495e-17
95821,0.14205971,0.00023206911,0.15176916
74038,1.0,9.5724334e-24,1.585094e-15
19030,1.0,1.5621903e-26,1.9219535e-17
75139,1.0,1.2162598e-25,8.241381e-17
29622,1.0,9.6991475e-29,5.5569833e-19
80922,1.0,1.4085547e-29,1.2974053e-19
77413,1.0,1.1835475e-26,1.3647316e-17
90197,1.0,1.1188074e-29,8.522658e-20
32846,0.999992,2.492132e-09,3.9659838e-08
115333,1.0,8.188044e-25,2.9172791e-16
40654,0.99999714,7.241694e-10,1.735216e-08
111869,1.0,4.110383e-24,6.7490156e-16
72624,1.0,1.0618907e-30,2.1471276e-20
49802,1.0,1.784175e-16,2.5392294e-10
89951,1.0,3.1855858e-26,3.358535e-17
113461,0.0007577997,4.3665363e-08,0.0005425301
43156,1.0,5.8600263e-15,1.7521493e-10
66860,1.0,2.5550015e-23,2.7339638e-15
1989,1.0,1.3669204e-24,3.1101834e-15
69373,1.0,5.383709e-20,4.9246566e-13
111851,1.0,1.0687526e-26,1.394013e-17
23908,0.9999999,2.2549055e-12,8.7669866e-07
92486,1.0,7.040146e-24,1.2462731e-15
29666,1.0,4.85827e-27,8.836514e-18
58924,0.9482307,1.2479397e-05,0.74638
11028,0.9981592,1.7323779e-05,2.2058231e-05
31730,0.9999703,1.4662517e-08,0.00012139676
122343,1.0,5.757565e-23,5.3532503e-15
106304,1.0,1.8198777e-24,5.0645646e-16
56246,6.491392e-05,3.950729e-10,5.2143107e-05
85285,1.0,7.78452e-19,2.333087e-12
114082,1.0,2.6770729e-19,1.3760555e-12
74051,1.0,2.3996503e-25,1.2916936e-16
63619,1.0,2.5529722e-14,2.602195e-09
86627,1.0,1.0890661e-28,3.128894e-20
34229,1.0,7.248441e-28,6.141035e-18
2197,1.0,8.3427703e-22,4.6678124e-13
117534,1.0,5.5736865e-28,1.800624e-18
81009,1.0,1.9433024e-26,2.3696774e-17
73892,1.0,2.0215871e-25,1.1331911e-16
50998,1.0,2.4847823e-26,1.8434028e-17
42414,0.010209667,1.6765973e-05,0.00619358
41265,1.0,1.2133767e-26,8.933045e-17
18087,1.0,1.58165e-24,3.898171e-16
72634,1.0,4.701098e-19,1.980836e-12
79036,0.9999999,1.8486469e-12,6.9104683e-10
44477,1.0,1.0389719e-21,2.864987e-13
115513,1.0,2.1404468e-27,4.725715e-18
129513,0.999997,2.4799433e-11,0.00026123616
14352,1.0,6.4035027e-24,7.5619417e-16
84306,1.0,5.6092946e-25,1.971913e-16
36445,1.0,1.01465816e-25,3.0765984e-16
29424,1.0,2.0723162e-25,1.1800191e-16
30726,1.0,5.2407048e-30,5.978668e-20
88753,1.0,4.3578686e-26,2.4280297e-17
25925,1.0,6.077571e-27,8.397482e-18
101173,0.00036120036,4.7428035e-09,0.0003608113
76342,1.0,1.1604894e-30,2.0949506e-20
14350,1.0,2.9000376e-38,7.333915e-27
76077,1.0,7.41746e-24,1.2374098e-15
88879,1.0,4.647828e-22,1.9988922e-14
115315,1.0,4.3692484e-21,8.776015e-14
105044,1.0,3.3456303e-26,3.2834514e-17
103909,0.9999962,1.559726e-10,4.5076827e-06
85266,1.0,5.100504e-26,2.7596009e-17
58973,1.0,2.9770555e-15,6.1897204e-10
17866,1.0,4.1137689e-25,1.4668498e-16
30743,1.0,2.1759116e-28,7.0999016e-19
90136,1.0,1.3085756e-24,4.4261966e-16
80730,1.0,5.180551e-25,5.764352e-17
84247,1.0,1.9968036e-22,1.2658804e-14
81812,0.98322326,5.9410202e-12,0.9848526
34965,1.0,2.0684331e-30,8.672636e-20
77524,0.25307956,0.00016888608,0.26329085
122429,1.0,6.7083116e-22,2.768874e-14
91233,1.0,3.2775473e-23,3.835791e-15
52215,1.0,2.988304e-18,6.279901e-12
28280,1.0,1.707115e-16,8.217077e-11
67146,1.0,4.1855494e-20,3.812978e-13
77389,0.47469056,7.0079834e-05,0.48103362
59069,1.0,4.440553e-17,3.3423007e-11
128232,1.0,9.7854796e-14,2.159271e-07
65683,0.90840745,1.5674881e-07,0.91352206
38761,0.9999906,1.5368339e-10,0.0008126682
72199,0.00023117736,1.5982108e-09,0.00024180548
102891,1.0,7.737195e-23,4.930196e-15
8966,0.99999964,1.350664e-11,1.0205849e-06
44456,1.0,3.13597e-19,1.7274333e-11
56245,7.669711e-05,5.3188626e-10,4.466331e-05
80186,1.0,2.4068671e-16,2.6777664e-12
97119,1.0,2.1752712e-22,1.2694177e-14
37459,1.0,8.807512e-24,1.1758415e-14
79607,1.0,8.671655e-25,3.3338754e-16
32525,1.0,3.1660624e-15,1.036467e-08
111912,1.0,1.5333578e-22,1.0146599e-14
7396,1.0,7.548774e-15,1.2077863e-08
127162,1.0,1.0518307e-17,2.7439975e-09
80889,1.0,3.9545547e-27,6.980719e-18
126838,1.0,1.2775293e-12,1.7178746e-08
103749,0.99988794,6.515568e-09,0.0012733691
24585,0.0020505853,4.3696946e-07,0.001293551
13212,1.0,3.553524e-24,7.8316534e-16
89045,1.0,1.6782312e-26,2.1733024e-17
96987,1.0,1.0179906e-21,3.620562e-14
90063,1.0,7.2942045e-29,1.4102769e-19
105554,0.9999999,1.1696042e-12,7.5807527e-10
44267,1.0,5.843852e-19,2.3526252e-11
91109,1.0,2.72261e-22,1.651747e-14
76366,1.0,4.551902e-22,1.6932632e-14
41288,1.0,5.053132e-19,1.934309e-11
128011,0.99983644,4.48622e-08,0.004335473
97090,1.0,4.3430123e-20,4.2582626e-13
85553,1.0,4.4221404e-26,3.3404296e-17
40444,0.053035725,0.00013217943,0.0544401
64589,0.9999994,2.451687e-11,5.830074e-07
28286,1.0,6.0436536e-20,5.2845743e-13
91052,1.0,2.1911089e-24,5.759629e-16
47272,1.0,4.1376157e-16,1.8732802e-08
63680,0.9999999,2.1893804e-12,9.053845e-08
87926,1.0,1.296881e-26,1.679744e-17
111956,1.0,5.610403e-19,1.9908886e-12
67138,1.0,3.0616343e-17,2.412232e-11
36533,1.0,3.5652724e-22,7.6774e-14
114373,1.0,1.6482417e-17,1.4752598e-11
117434,1.0,7.272733e-20,1.1564844e-17
18048,1.0,2.1000496e-14,7.6514866e-09
34096,1.0,2.8468424e-24,2.7612044e-15
73753,1.0,4.9679674e-25,1.8081903e-16
74918,1.0,5.1153825e-29,1.9318973e-19
72709,1.0,1.1933307e-26,1.504266e-17
105015,1.0,5.0478034e-16,6.585942e-11
72843,1.0,2.2572945e-15,4.947514e-10
8025,0.014925197,4.2906995e-05,0.0074202763
68080,1.0,6.05241e-16,1.7652246e-10
10610,1.0,4.1110314e-14,2.260715e-08
2066,1.0,2.3099933e-25,1.0087585e-15
10543,0.9999957,4.959494e-10,2.1019609e-05
63434,0.99999905,5.565703e-11,1.6090871e-06
65821,0.791517,4.3890836e-06,0.79911035
47584,0.9955799,3.3504613e-05,0.025838112
59105,0.9998416,5.013263e-08,0.0021230145
91229,1.0,5.2422805e-24,1.119981e-15
20443,0.9969812,5.118736e-07,0.03141812
13253,1.0,1.46924e-25,9.328632e-17
38636,0.9999987,2.0696221e-10,1.3606552e-07
113232,1.0,1.4935933e-21,4.379067e-14
23733,1.0,3.7256478e-19,2.283193e-11
37460,1.0,2.969402e-21,4.2880925e-13
71655,1.0,3.3431663e-27,7.0025355e-18
96981,1.0,2.928818e-25,1.4782022e-16
88958,1.0,3.5646163e-24,8.8391197e-16
65875,0.9012994,2.3111731e-07,0.90648025
86625,1.0,1.3349204e-30,1.7082897e-21
89067,1.0,2.4287475e-21,6.938096e-14
84395,1.0,4.7440908e-23,4.7599355e-15
26236,1.0,1.1223749e-17,5.7329965e-12
18987,1.0,1.433447e-20,2.1592339e-13
124630,1.0,6.382346e-28,2.0631816e-18
66367,0.0018420016,3.340678e-07,0.00067599845
26066,1.0,3.5050928e-19,1.1412449e-12
119824,0.9971142,1.1380127e-06,0.10843704
27331,0.99920374,1.2847703e-07,0.03156313
69390,1.0,7.430243e-14,3.043899e-09
5504,1.0,4.4563996e-18,7.134108e-12
86566,1.0,4.5892646e-30,9.336832e-22
105782,8.9772766e-05,5.332922e-10,9.012298e-05
87624,1.0,4.2933793e-28,1.6372743e-18
105011,1.0,2.0430077e-17,8.446164e-12
96846,1.0,8.08291e-23,6.8084936e-15
67104,1.0,3.1565743e-21,7.2662105e-14
29699,1.0,8.868293e-25,3.065177e-16
31743,0.99998355,6.27207e-09,5.6303877e-05
5947,0.046020526,0.00010116525,0.04753059
37566,0.99996376,2.4233357e-08,9.9510304e-05
35661,0.9998493,2.3271059e-07,0.00053763785
30549,1.0,2.1954277e-30,2.4447087e-20
98290,1.0,9.037264e-27,1.3396277e-17
49766,1.0,5.0238992e-26,3.7781197e-17
67131,1.0,1.7384838e-14,1.3598134e-09
22119,1.0,1.5435074e-26,3.9853932e-17
128140,1.0,1.2012232e-18,3.3664852e-11
38817,0.17799976,0.0006281886,0.18152344
5640,1.0,4.9808624e-21,8.700248e-14
6651,1.0,3.487298e-21,4.600268e-13
27377,0.9997485,2.0028024e-08,0.0102031445
59942,1.0,6.9826696e-16,1.2593135e-10
103798,0.99695504,2.884952e-07,0.28547964
113264,1.0,1.9601887e-18,4.659809e-12
102786,1.0,1.592462e-25,1.0223869e-16
129546,0.99659854,2.663177e-07,0.36380467
109807,1.0,8.4692526e-26,6.262016e-17
53122,0.92616737,3.3742628e-05,0.50068766
15695,0.105967954,0.00014770884,0.10257965
58946,1.0,2.8523827e-19,1.3682276e-12
92331,1.0,1.9865629e-21,5.9178296e-14
71588,1.0,9.443964e-24,6.511072e-16
47387,1.0,5.0380263e-14,3.7231223e-07
37412,0.99880993,6.2954296e-06,0.00301807
107210,1.0,4.4742767e-22,1.3517907e-14
85338,1.0,1.0879828e-27,1.9965332e-18
35010,1.0,7.6844243e-31,6.141193e-20
89913,1.0,3.499414e-27,7.152071e-18
107301,1.0,2.3607862e-20,3.098723e-13
30689,1.0,3.0070209e-27,6.1530173e-18
35742,0.99999964,1.4965038e-11,9.4869415e-07
28030,7.826567e-05,3.0098873e-10,9.1574046e-05
117782,1.0,3.142278e-28,6.090406e-19
37392,1.0,1.379159e-19,7.4422205e-12
5587,1.0,2.2320484e-18,4.6983806e-12
16983,1.0,5.9441e-28,1.7544697e-18
103118,0.00141557,1.800936e-07,0.00094169006
105037,0.11890646,0.00022927356,0.11535128
87581,0.99999833,3.230382e-10,3.0824557e-07
111522,6.969981e-05,3.067748e-10,8.110024e-05
66770,1.0,3.9860675e-22,1.3926947e-17
17943,1.0,1.7493949e-28,8.162901e-19
69306,1.0,2.392713e-17,2.3740275e-11
106957,9.535807e-05,3.8139147e-10,0.00012126301
9698,1.0,3.7608614e-26,3.2837396e-17
107259,1.0,1.3710919e-18,3.2993614e-12
16788,1.0,4.44802e-21,7.1262535e-14
117774,1.0,2.8734724e-26,2.4769953e-17
88953,1.0,2.4782826e-23,3.2209787e-15
26043,1.0,3.681805e-20,2.3350403e-13
113105,1.0,3.638489e-23,3.8086853e-15
29563,1.0,5.1079054e-25,1.6203322e-16
108517,1.0,2.2474274e-18,5.1689586e-12
29732,1.0,1.1302588e-25,8.039329e-17
127605,0.00027386966,2.9941998e-09,0.00022726385
121036,1.0,6.2547076e-18,7.0648994e-12
88663,0.00016880833,2.208593e-09,0.0001292768
83894,0.00023412687,2.188336e-09,0.00026915688
23805,0.0414135,7.4515294e-05,0.04437684
34121,1.0,6.591798e-30,2.4222533e-20
93687,0.9999168,4.6421533e-09,0.00049875455
62797,0.0014983081,2.0632163e-07,0.0009903985
53318,0.14145778,0.00022686073,0.14781132
124455,1.0,7.7382625e-22,3.1652188e-14
1837,0.0027941256,7.66136e-07,0.0022517713
69449,1.0,1.2519209e-13,8.137729e-09
106305,1.0,8.007383e-23,6.0598516e-15
59088,1.0,1.50649e-15,2.7852096e-10
66230,0.00026861983,2.710607e-09,0.00025126344
31804,0.90034896,0.002509473,0.25486302
21438,1.0,3.26765e-29,6.407914e-20
78362,1.0,2.2230186e-23,3.0049752e-15
62535,1.0,1.0510654e-12,1.3544791e-08
1640,0.0017978332,4.5393804e-07,0.0008437281
68321,1.0,7.322468e-23,5.01489e-15
128259,0.9998983,6.32258e-08,0.00082344725
120781,0.00022318556,5.381953e-09,0.00015324059
5456,1.0,2.5073045e-23,2.7341309e-15
4310,1.0,6.8483286e-28,1.3483889e-18
47262,1.0,5.639718e-14,1.3558935e-07
79624,1.0,1.0760699e-21,4.008537e-14
28535,1.0,2.4960332e-16,1.232899e-10
35716,0.9999989,8.652171e-11,2.8468385e-06
14660,0.2981671,0.00013550399,0.2892959
96992,0.97776276,1.51445365e-05,0.37121487
29746,1.0,2.6448338e-27,5.841604e-18
47956,0.9999993,8.245369e-11,2.9506928e-09
90160,1.0,7.442132e-28,2.2810175e-18
115409,1.0,7.2792054e-26,5.842165e-17
23637,1.0,1.291597e-13,1.9318718e-07
108514,1.0,3.9814516e-20,3.938294e-13
28605,1.0,2.5869718e-17,2.7491339e-11
37274,1.0,1.4222198e-22,7.5491954e-14
35908,0.0002804034,6.729065e-09,0.0002360845
67177,1.0,8.0844556e-22,2.0832421e-14
49910,1.0,9.690843e-18,1.4536795e-11
18052,1.0,2.3448853e-25,1.1440323e-16
16929,1.0,2.1036008e-26,2.3033155e-17
13100,1.0,4.5817717e-25,4.374986e-21
55314,1.0,5.5444437e-28,1.9353355e-18
32638,0.29186058,0.0010251123,0.27586815
37549,1.0,5.464193e-28,7.521427e-18
108364,1.0,1.8972458e-16,1.0175945e-10
106054,1.0,3.4923347e-26,3.2114794e-17
14274,1.0,4.7340924e-31,3.5476053e-24
37225,1.0,4.4455437e-21,3.662103e-13
102757,0.9747902,7.2497824e-06,0.6246281
28493,1.0,1.1270602e-17,1.6562132e-11
28302,1.0,8.9201735e-17,5.7082748e-11
115411,1.0,4.7306245e-24,9.551535e-16
122193,1.0,1.4218029e-21,3.8685472e-14
45776,1.0,7.409936e-17,2.9108536e-09
129500,0.99954575,4.474957e-08,0.04151129
114269,1.0,5.7325747e-14,6.659796e-09
41331,1.0,4.2366586e-23,3.457309e-14
27320,0.99973696,8.962128e-09,0.011209926
108310,1.0,7.3290383e-22,2.866505e-14
45860,0.988827,1.4953895e-07,0.76891845
46055,0.9997646,6.53365e-09,0.044934917
69420,1.0,3.3920538e-15,6.4438205e-10
76172,1.0,8.399204e-20,4.782016e-13
58771,0.9999337,2.0996756e-08,0.00049014296
127986,0.99969935,3.492966e-08,0.021654004
128154,0.9999939,7.1837625e-10,4.2684413e-05
85447,1.0,8.836344e-26,5.7298225e-17
115556,1.0,9.129249e-29,4.609256e-19
92381,1.0,2.7998303e-25,1.07054946e-16
111906,1.0,3.826393e-23,3.806071e-15
39678,1.0,4.6156853e-16,1.912731e-09
90009,1.0,2.1609726e-28,6.580328e-19
68332,1.0,1.0080774e-23,1.5150135e-15
109521,1.0,3.1629184e-26,3.353222e-17
60072,1.0,7.67142e-16,1.06007404e-10
109665,1.0,2.9350096e-28,1.0786895e-18
45901,0.65828586,1.1472104e-05,0.6141906
85353,1.0,2.8636704e-24,4.2597665e-16
106146,1.0,3.023504e-27,4.8607945e-18
127135,1.0,1.8325367e-23,2.2130194e-14
76237,0.11986882,0.0001614999,0.12330928
68942,6.734454e-05,3.983014e-10,4.8624497e-05
74039,1.0,1.2150927e-15,3.5862258e-10
93618,1.0,3.2573345e-13,5.414386e-09
89965,1.0,2.2763304e-27,3.6413587e-18
19005,1.0,1.3915322e-24,4.1334824e-16
19086,1.0,4.383146e-25,1.6582638e-16
45962,0.92185634,2.9988937e-06,0.8398128
91122,1.0,2.4298742e-24,3.4083952e-16
57014,0.00030065016,4.035458e-09,0.00025351724
13392,0.51572615,4.9488954e-05,0.5100862
23915,0.9999076,3.776897e-08,0.0011412558
16757,1.0,2.0171802e-18,6.075554e-12
63637,1.0,2.6890833e-23,3.1366104e-15
90117,1.0,1.6394821e-31,2.663583e-21
47410,0.99991095,1.8360003e-08,0.0022723067
85455,1.0,1.4127197e-29,1.3737455e-19
47505,0.9999887,1.6616829e-09,0.00010074896
75043,1.0,6.2183713e-28,1.779069e-18
127956,0.99999964,3.2927417e-12,9.41233e-06
20209,0.9977126,3.0133145e-07,0.033123113
61133,1.0,2.993263e-13,5.7427894e-09
85837,0.00035784036,5.4749707e-09,0.00032901525
99283,1.0,8.756366e-22,3.1498614e-14
67993,1.0,5.745603e-17,4.113375e-11
73989,1.0,2.1280494e-25,1.2049604e-16
129618,0.9999505,3.3500572e-10,0.016524635
107250,1.0,5.0983964e-21,8.864522e-14
39673,0.99984014,1.1972018e-07,0.0014370141
23827,1.0,7.082026e-18,1.4352189e-10
20293,0.99977976,1.7498266e-08,0.008952293
13345,1.0,4.6890145e-24,9.891795e-16
95780,1.0,5.3313273e-13,1.7315825e-08
70861,0.0012768672,1.4164141e-07,0.00090292696
23950,1.0,3.5774357e-16,4.0740806e-09
19190,1.0,1.5218284e-26,1.9577833e-17
124547,1.0,8.294034e-21,1.3607992e-13
25701,0.00012922812,2.155724e-09,8.2413106e-05
49820,1.0,1.8928077e-23,2.1103642e-15
110623,1.0,1.3263286e-20,1.7871647e-13
71448,1.0,5.1795527e-29,3.5627765e-19
25974,1.0,2.4987911e-20,2.1005033e-13
30639,1.0,9.9023556e-33,4.3101618e-23
29483,1.0,2.0137121e-26,2.3728525e-17
85302,1.0,2.6509043e-27,3.2525707e-18
66982,1.0,3.2999446e-21,7.4029683e-14
74084,1.0,5.5237744e-21,1.0410987e-13
121121,1.0,1.385206e-20,1.6541312e-13
37243,1.0,6.719599e-24,1.0122167e-14
46396,1.0,1.8171946e-15,3.1451084e-13
74002,1.0,7.770739e-23,6.6633706e-15
29722,1.0,3.8548492e-28,1.4787196e-18
95793,1.0,7.183861e-13,1.1685936e-07
67084,1.0,2.62566e-22,1.0594433e-14
6265,0.0020183693,4.3398055e-07,0.0012087104
76429,0.97384125,2.3055476e-10,0.97453713
27183,0.9998708,2.5904385e-09,0.0066141775
98197,1.0,1.9197012e-20,2.1622302e-13
96805,1.0,4.0592836e-19,1.6639702e-12
20249,0.9974361,3.609758e-07,0.030703735
74915,1.0,1.3341159e-23,2.035231e-15
57938,0.7459189,8.454637e-06,0.74990034
34178,1.0,1.5665459e-27,9.059292e-18
26105,1.0,2.581881e-20,1.92051e-13
19295,1.0,7.26929e-21,1.3299939e-13
44307,1.0,3.050889e-22,1.0410193e-13
114079,1.0,6.588597e-25,2.4471115e-16
90181,1.0,1.572393e-30,6.1450565e-21
114169,1.0,3.58425e-17,3.2759673e-11
72913,1.0,1.511815e-15,3.3631817e-10
40250,0.99979573,8.5427246e-07,2.5192918e-05
60074,1.0,9.384077e-14,2.728695e-09
106200,1.0,9.556621e-27,1.3374066e-17
79826,0.11541101,0.0001406093,0.118279
45652,0.9736039,0.0013604914,0.002048007
60228,0.9999864,1.1183023e-09,3.2542393e-05
59977,1.0,1.4198837e-14,8.520376e-10
39684,0.9999964,4.0463158e-10,1.572883e-05
6562,1.0,9.39114e-27,5.0861493e-17
26183,1.0,3.6809732e-22,1.2431542e-14
15703,1.0,4.6860178e-21,8.8113876e-14
61224,1.0,2.3381854e-18,2.7665964e-12
72860,1.0,2.5954662e-22,1.4087561e-14
107398,1.0,7.824436e-21,1.0010392e-13
65991,0.7286343,1.000533e-05,0.73925304
76406,1.0,1.4259893e-23,1.9546215e-15
65884,0.76522917,6.453497e-06,0.7737082
28495,1.0,1.7134818e-17,2.1569146e-11
2077,1.0,5.3910625e-29,3.0692555e-19
106018,1.0,3.6046383e-25,1.4734282e-16
17962,1.0,9.712846e-29,5.0508196e-19
73298,0.99999154,2.2635098e-09,2.92766e-07
90140,1.0,4.1524875e-27,2.0009784e-18
123338,1.0,2.271668e-23,3.0044824e-15
102697,1.0,3.3286336e-27,6.7059454e-18
76152,1.0,1.0828029e-20,1.3799842e-13
85597,1.0,2.8104946e-28,1.2230803e-18
53557,0.00071373413,3.307212e-08,0.00057009124
31878,0.99997973,9.24621e-09,6.3742824e-05
2187,1.0,7.428034e-21,1.0245206e-12
14403,1.0,1.981093e-27,3.9504413e-18
86418,1.0,5.224263e-28,3.651997e-20
44391,1.0,1.2651427e-20,1.9240345e-12
128110,0.9999999,6.1706385e-13,1.538251e-07
36888,0.0017867107,3.083641e-07,0.0011560885
89999,1.0,2.1004485e-27,3.3018256e-18
10773,0.00034863764,1.290502e-08,0.00026187554
92179,1.0,2.040469e-24,5.983449e-16
86523,1.0,1.1125405e-25,1.716321e-17
63522,1.0,1.9718387e-15,3.8830816e-10
2123,1.0,2.9632465e-21,7.9156283e-13
121078,1.0,2.932948e-22,1.1766266e-14
116673,1.0,4.361829e-25,2.0335306e-16
76097,1.0,3.2630046e-21,6.748842e-14
87863,1.0,2.7173203e-28,1.0074995e-18
7415,0.9999902,9.0420144e-10,0.00013229618
11165,0.010991095,2.1404861e-05,0.00597523
99398,1.0,1.0346095e-21,3.7278323e-14
4551,1.0,7.132004e-22,2.4683258e-14
107349,1.0,1.838343e-21,6.2621214e-14
5392,1.0,1.2727923e-18,3.2990154e-12
52813,8.9310066e-05,8.038347e-10,5.2150517e-05
13482,0.8874638,4.721154e-05,0.527112
69273,1.0,1.7101836e-14,1.8740833e-09
121278,1.0,1.4918334e-14,1.2003561e-09
16741,1.0,2.524004e-29,1.7183696e-19
19218,1.0,2.793228e-24,6.65435e-16
7463,1.0,8.690045e-15,8.5842755e-09
50802,1.0,4.122014e-26,3.7468737e-17
109563,1.0,3.7781663e-15,6.051216e-10
84113,1.0,7.6806424e-24,1.4171232e-15
77215,1.0,7.4247556e-19,2.8063823e-12
100922,0.99999917,7.5654955e-11,6.67316e-09
29653,1.0,3.0857945e-28,1.1025989e-18
20418,0.87634945,6.0826384e-05,0.14845091
19072,1.0,3.2244293e-25,1.406808e-16
86562,1.0,3.0265024e-28,6.002572e-20
13452,1.0,2.4358528e-30,2.3214745e-20
85403,1.0,4.371924e-25,8.142664e-17
72583,0.00017820162,3.6007926e-09,8.054179e-05
80680,1.0,2.3081072e-26,1.8758853e-17
71536,1.0,7.619109e-21,1.3389509e-13
40385,0.05510524,7.953864e-05,0.062965326
59028,1.0,3.3973356e-16,1.2431614e-10
114170,1.0,1.621455e-19,9.66379e-13
23730,0.97959685,0.00038240128,0.09017887
41446,1.0,4.287213e-19,1.4015676e-11
26079,1.0,5.004529e-39,7.9968612e-28
36690,0.00030241525,1.6572145e-08,0.00014068253
73798,1.0,7.09155e-23,4.785096e-15
127311,1.0,2.0843633e-21,1.377358e-12
61368,1.0,1.0827616e-20,8.8885964e-14
28458,1.0,9.584635e-17,5.1920628e-11
70432,0.99999964,7.431923e-12,1.572117e-07
14691,1.0,1.3332703e-17,3.9228672e-12
107282,1.0,8.729156e-21,1.6351625e-13
34834,1.0,5.4796555e-30,1.9361835e-19
87860,1.0,2.8363423e-29,1.8274026e-19
85507,1.0,2.4327737e-27,5.1242e-18
78703,1.0,1.1550121e-24,3.6806758e-16
22137,1.0,4.505013e-17,3.4604428e-10
81961,1.0,6.959685e-26,5.2069028e-17
26212,1.0,1.7676048e-16,4.314448e-11
5819,1.0,6.6824933e-21,1.1991552e-12
124434,1.0,6.9312065e-25,2.783815e-16
20353,0.96935564,1.2991074e-05,0.08870365
23795,0.9999511,3.048578e-08,0.00020143816
107499,1.0,6.2312256e-18,9.289311e-12
118789,1.0,6.062262e-28,1.8625717e-18
20152,0.9988426,9.450365e-08,0.02631995
53011,0.99996936,4.4088724e-09,0.00021615624
101603,1.0,1.6884367e-24,5.041953e-16
99343,1.0,1.4493643e-21,2.5835835e-14
129446,0.99999213,1.1150303e-10,0.0006900757
34077,1.0,2.7705822e-24,3.9825096e-15
118724,0.9984909,4.289904e-07,0.08486291
20167,0.98868984,3.8934127e-06,0.058475774
111834,1.0,5.375036e-25,2.2178257e-16
28501,0.9999999,1.0336161e-12,1.5537924e-07
52000,1.0,5.7626693e-21,1.1502764e-13
76622,0.00042102527,9.489918e-09,0.00033630853
25950,1.0,1.1945305e-23,1.3592465e-15
54183,1.0,4.132632e-23,4.5837883e-15
48847,0.0012832853,1.5269077e-07,0.0008578733
2054,0.99999976,5.4673106e-13,1.0880621e-05
44514,0.99995244,2.8320425e-08,0.00023069755
56675,1.0,5.9485334e-25,2.57911e-16
111674,1.0,8.611426e-18,3.8214942e-14
54512,1.0,2.3811692e-23,2.3698876e-15
44459,1.0,5.2061037e-19,1.5718232e-11
44282,1.0,9.091936e-19,3.912848e-11
118739,1.0,8.411294e-27,1.2806439e-17
32650,0.1072274,0.00029056528,0.11468565
99337,1.0,5.6417447e-24,1.144692e-15
19151,1.0,1.6035143e-24,4.3254455e-16
20386,0.98784024,3.837982e-06,0.061640665
46003,0.7995129,4.813889e-07,0.75190324
12605,0.0015575493,2.2131829e-07,0.0010761896
126542,0.00012084745,1.8353762e-09,7.849692e-05
81018,1.0,3.5911124e-29,1.0824689e-19
73985,1.0,5.947214e-26,5.1215453e-17
5752,1.0,4.224259e-18,5.9484475e-12
34217,1.0,2.0259632e-26,6.893711e-17
66905,1.0,1.815129e-16,7.418613e-11
46023,0.8861362,3.1655188e-07,0.83071035
104959,1.0,1.9715309e-22,3.4426722e-15
23904,0.999997,2.1312908e-10,2.1977014e-05
106113,1.0,4.2941606e-23,4.5901397e-15
34094,1.0,7.499161e-27,4.1188734e-17
62005,7.114209e-05,4.181039e-10,4.1552932e-05
53352,0.9985442,2.0375658e-07,0.12596455
80917,1.0,1.07314276e-29,8.3487966e-20
90183,1.0,3.6902476e-17,1.066236e-11
14719,0.9999999,2.9785254e-12,7.874069e-09
23791,1.0,1.9896876e-21,6.169709e-13
47822,0.00026552202,1.2570348e-08,0.00015100419
85470,1.0,6.174207e-24,1.1993569e-15
89863,0.0012433283,1.6962023e-06,0.00051323295
43395,0.99462885,3.6003584e-07,0.492393
6657,0.057614673,0.00010073187,0.0646403
112942,1.0,2.3013821e-18,5.0640625e-12
71789,1.0,6.053361e-37,2.0514101e-25
88954,1.0,1.1273196e-22,9.196039e-15
69410,1.0,8.5672533e-19,2.962039e-12
71782,1.0,4.484755e-13,1.7647485e-08
70490,0.9999995,1.4420589e-11,2.2830102e-07
2108,1.0,2.0143796e-27,1.2804289e-17
127164,1.0,1.9366037e-20,1.1568873e-11
86535,1.0,6.8518684e-32,6.8301905e-22
67094,0.38227385,0.0002885341,0.36107653
76338,1.0,1.4176312e-23,1.6142437e-15
88949,1.0,4.119476e-22,2.1436478e-14
87877,1.0,5.829272e-18,5.400392e-12
63442,1.0,3.3595268e-14,2.6714295e-09
81820,1.0,1.223247e-35,1.3250718e-24
26607,0.0017975244,3.0920393e-07,0.0012029341
32481,0.9999994,2.2793814e-11,2.942444e-06
22142,0.119153194,1.5715696e-05,0.13733214
22338,0.00032723596,1.630352e-08,0.00011951
41284,1.0,2.6317053e-23,2.5030491e-14
26223,1.0,3.0632037e-22,8.101309e-15
34905,1.0,2.6196711e-34,1.8137512e-24
58969,1.0,4.6250424e-17,3.7210186e-11
29759,1.0,6.5872836e-27,1.0474464e-17
129581,0.99999857,7.496358e-12,0.00014675908
34975,1.0,4.944621e-31,2.7594177e-20
115472,1.0,8.317662e-23,6.675201e-15
90166,1.0,1.2604835e-29,1.0902184e-19
23993,0.98474544,0.00035873387,0.040937774
81866,1.0,1.1020015e-26,1.5271973e-17
60988,1.0,5.4171276e-26,1.2722668e-20
88835,1.0,1.7520908e-23,2.6383098e-15
108410,1.0,6.873704e-24,1.3205464e-15
70838,0.0005826726,1.9664451e-08,0.0004800766
72820,1.0,3.4422322e-19,1.5193769e-12
19321,1.0,5.5252074e-21,9.712606e-14
56754,1.0,2.3977315e-15,1.3898293e-09
92376,1.0,2.0466119e-24,5.880087e-16
83121,1.0,5.8562736e-22,2.881349e-14
109545,1.0,3.3031618e-25,1.6098216e-16
25941,1.0,1.9982819e-22,8.498136e-15
67011,1.0,5.001149e-17,3.211943e-11
33812,0.99948066,2.4520775e-06,5.337443e-06
28523,1.0,4.1645218e-15,6.2658734e-10
72605,1.0,8.427213e-22,3.159127e-14
62320,0.99999154,6.150508e-10,1.2283839e-05
36411,1.0,1.7537567e-22,7.998748e-14
115465,1.0,1.8732865e-20,2.394759e-13
68184,1.0,1.8510691e-25,9.797716e-17
125738,1.0,1.1755714e-23,1.9273887e-15
103502,0.0001523016,8.6996194e-10,0.00019001287
123284,1.0,5.679774e-23,5.5067497e-15
28583,1.0,1.5769942e-15,4.818886e-10
8088,0.99546766,0.00010627815,0.00046678243
17840,1.0,2.7679505e-25,1.4083813e-16
51386,0.99996066,3.4143817e-08,4.749623e-07
102692,0.9982346,1.4175818e-07,0.222581
113159,1.0,8.876649e-26,6.6274935e-17
10502,0.999984,1.7238673e-09,0.00025716602
9658,0.9995752,2.8865147e-06,5.1917348e-05
92186,1.0,6.8281064e-22,2.3300164e-14
89922,1.0,1.20914704e-29,7.998755e-20
126903,0.99985373,6.480051e-08,0.0016854479
95682,1.0,1.663405e-20,1.6527373e-13
14118,8.8993984e-05,7.008898e-10,7.2285904e-05
66865,1.0,4.6128316e-17,3.0717512e-11
92416,1.0,1.6601955e-22,9.669699e-15
56629,0.3987315,0.00017728777,0.3883652
93624,1.0,4.903207e-15,3.122662e-10
88834,1.0,3.0253198e-24,7.695043e-16
28313,1.0,2.1849007e-15,4.8808163e-10
4590,1.0,1.900159e-37,8.526074e-27
98087,1.0,4.2306973e-24,8.578156e-16
86605,0.3919579,8.4031846e-05,0.39640716
74089,1.0,3.085435e-17,2.7653633e-11
102903,1.0,3.3138392e-25,1.3967815e-16
112930,1.0,1.084548e-19,7.268501e-13
66013,0.92952085,4.970513e-08,0.93318444
1910,0.999997,8.4842294e-10,4.4878772e-07
129479,0.9999927,7.98224e-11,0.00076543743
23756,1.0,2.962937e-16,2.186813e-09
88815,1.0,1.6095923e-26,1.1988617e-17
52113,1.0,7.72789e-19,2.556376e-12
43684,0.00021289545,6.937453e-09,0.00010651933
37380,1.0,3.8112133e-23,3.625551e-14
85645,1.0,7.047823e-26,4.0425372e-17
88760,1.0,9.936846e-22,3.3120377e-14
79648,1.0,1.7981432e-21,6.001571e-14
87818,1.0,5.374772e-24,1.0975354e-15
112923,1.0,1.5031093e-22,9.103337e-15
33224,0.9860182,0.00067372294,0.0015103589
20384,0.9996973,1.07993845e-08,0.011793281
68275,1.0,2.109778e-21,4.687715e-14
103767,0.99999416,2.393388e-10,8.105685e-06
27139,0.9999628,3.994001e-09,0.0006253193
32673,0.8554371,8.543131e-07,0.7976521
100549,1.0,1.0817702e-21,3.5247985e-14
28304,1.0,6.660013e-16,2.1929726e-10
2044,1.0,1.2450178e-24,3.4955127e-15
21405,1.0,3.5306215e-24,6.9338075e-15
25834,1.0,2.1689474e-16,3.6121345e-13
4293,1.0,6.044112e-28,9.570487e-19
106688,0.0015874994,2.3466197e-07,0.001049926
43435,1.0,8.511513e-20,4.4477203e-11
84132,1.0,9.2431287e-23,5.891609e-15
116941,0.0016328815,2.451357e-07,0.0011003074
123347,1.0,1.279883e-23,2.0334307e-15
72806,1.0,1.8499071e-22,1.119815e-14
14479,1.0,1.5149647e-26,1.5631393e-17
23793,1.0,8.50594e-18,2.0928645e-10
37397,1.0,6.3428787e-21,1.2535654e-12
80824,1.0,1.3716737e-24,4.125496e-16
66970,1.0,5.875616e-19,2.0965339e-12
7492,0.9989722,4.2230063e-06,0.0046211695
64833,1.0,2.2506678e-13,1.0302722e-08
125498,1.0,3.159092e-21,3.065175e-17
34869,1.0,3.05556e-29,1.1386454e-18
72397,0.00010924554,5.9190164e-10,0.00012705853
125885,1.0,9.887436e-20,6.972114e-13
69317,1.0,1.5932227e-16,8.141694e-11
8249,1.0,2.6251619e-20,1.3598398e-12
53120,0.99987876,7.702299e-08,0.00041055336
29456,1.0,1.905998e-27,4.643779e-18
41085,1.0,6.5854424e-29,7.5083794e-19
59005,1.0,4.835682e-13,5.1325596e-08
93399,1.0,2.4001017e-15,1.6490209e-10
49860,1.0,8.764094e-20,6.351621e-13
81952,1.0,9.627112e-23,7.426272e-15
112951,1.0,6.547398e-20,5.4431394e-13
117781,1.0,5.5914686e-28,1.9099516e-18
76314,1.0,6.800141e-21,1.1123394e-13
27172,0.9999106,4.8860627e-09,0.0034479548
34076,1.0,4.2646717e-26,1.404513e-16
10539,0.99999964,9.669436e-12,1.5694358e-06
110138,0.9999764,1.2915806e-08,5.4654316e-07
67075,1.0,8.1192424e-14,6.9751076e-09
87350,8.4914456e-05,5.688008e-10,4.646279e-05
54318,1.0,1.9413946e-22,1.1480424e-14
26056,1.0,2.388899e-26,1.966901e-17
29482,1.0,7.8392865e-28,2.3740191e-18
23974,0.9998178,1.0459782e-07,0.0025003667
59020,1.0,2.4624212e-24,6.373091e-16
97104,1.0,1.5003545e-21,4.357147e-14
14250,1.0,7.5975063e-31,6.5825954e-24
44270,1.0,5.927377e-25,1.6394453e-15
90108,1.0,5.586054e-28,1.3938209e-18
70384,1.0,2.9346626e-13,1.08638005e-08
118835,0.11041271,0.00015529375,0.11037712
98233,1.0,6.1193124e-25,2.3148023e-16
8809,0.0074506355,8.736575e-06,0.0043669553
53105,0.9894748,5.706215e-06,0.3173995
52019,1.0,1.8928766e-19,1.113087e-12
96848,1.0,1.3459935e-19,8.1056147e-13
54074,1.0,4.6764343e-26,7.4262457e-22
82106,0.13200936,0.00011297942,0.12567133
13337,1.0,1.9404661e-25,9.467625e-17
128149,0.99999857,1.8583768e-11,5.284216e-05
27394,0.8733461,6.306042e-05,0.14938287
2102,0.47649026,1.0386024e-06,0.47424206
68917,7.438459e-05,5.342003e-10,4.7744394e-05
1066,0.11593513,0.0001819874,0.11655922
61236,1.0,6.530908e-13,1.2503871e-08
45736,0.99999905,4.3794647e-12,7.790728e-05
69211,1.0,3.2303896e-13,1.9870496e-08
1112,1.0,5.055324e-14,1.5198951e-09
127911,0.9999993,4.759743e-12,2.6331461e-05
16172,1.0,3.645824e-16,9.557969e-12
129477,0.9998235,5.4933706e-09,0.028562192
91227,1.0,5.9905535e-23,5.4796556e-15
4440,1.0,7.945194e-22,2.138233e-14
112971,1.0,5.334351e-16,1.7893843e-10
106288,1.0,3.1009895e-23,3.683992e-15
60029,0.9999938,6.736766e-10,1.1500223e-05
28585,1.0,1.6166825e-17,2.0155797e-11
108367,1.0,1.5993582e-19,7.6504775e-13
29748,1.0,2.3934153e-25,1.3493731e-16
123622,1.0,3.9851774e-26,3.182042e-17
44334,1.0,5.2966242e-20,6.5632035e-12
129441,0.9982855,8.985992e-08,0.26211235
52163,1.0,1.9450894e-19,1.088369e-12
1966,1.0,1.759623e-19,1.8678115e-11
84203,1.0,4.830539e-24,1.0337368e-15
45960,0.9991855,1.5130557e-07,0.055008784
11564,0.9987098,5.8216406e-06,8.885883e-06
72952,1.0,7.4052383e-19,2.3634855e-12
4355,1.0,4.0386715e-23,2.8665687e-15
112921,1.0,4.1658484e-26,3.8761343e-17
28508,1.0,1.0345416e-15,3.0087335e-10
31791,0.9999927,1.5375061e-09,2.748435e-05
45920,1.0,6.722839e-14,1.1985093e-06
72776,1.0,2.5632618e-22,1.4095759e-14
88874,1.0,4.815211e-25,1.351444e-16
123218,1.0,1.0694925e-23,1.6531012e-19
64545,0.9999999,1.7170489e-12,3.012653e-08
36515,1.0,5.968945e-25,1.194982e-15
17841,1.0,1.19115686e-26,1.468019e-17
117771,1.0,7.8390556e-26,6.226168e-17
109816,1.0,1.8152227e-27,4.5370716e-18
66990,1.0,2.5655588e-16,9.758096e-11
53156,0.9999709,4.2003605e-09,0.00018143884
16896,1.0,1.354158e-24,4.1755588e-16
53020,0.9999999,2.8446614e-12,1.1589231e-08
63492,1.0,3.2751637e-21,5.990033e-14
16737,1.0,7.3819e-30,4.1180347e-20
18945,1.0,1.3617337e-21,3.535963e-14
13240,1.0,6.3214583e-27,1.0563223e-17
29398,1.0,4.6922567e-30,4.1019486e-20
113114,1.0,4.595597e-19,1.5093799e-12
121030,1.0,1.9598118e-21,4.1080054e-14
43524,1.0,1.7106334e-18,6.457327e-11
107416,1.0,3.1971414e-17,2.8891127e-11
18077,1.0,2.8179817e-25,1.355616e-16
34858,1.0,3.9953834e-30,1.4730887e-19
23854,1.0,3.0102843e-17,3.850843e-10
88935,1.0,8.720916e-25,3.3621903e-16
41291,0.9986802,4.1252534e-07,0.06933815
16951,0.9999864,1.5890068e-09,3.052225e-05
107415,1.0,2.133859e-20,1.871936e-13
63480,1.0,1.4630978e-19,7.844163e-13
102609,1.0,1.6282815e-24,4.9890516e-16
60174,0.99999845,7.3682414e-11,1.0526785e-06
32545,1.0,1.903683e-13,1.0740699e-07
95188,0.9999999,9.616921e-13,1.28846e-09
19180,1.0,1.3043811e-36,1.9340728e-26
76140,1.0,3.4351712e-21,6.4162746e-14
4585,1.0,4.356318e-28,1.4539295e-18
28492,1.0,4.3738963e-16,1.7484902e-10
40382,0.055404283,6.055183e-05,0.064796805
44961,0.002513813,7.6685535e-07,0.0013543293
69324,1.0,2.750504e-14,2.8613607e-09
97010,1.0,2.3993622e-21,5.4072923e-14
14399,1.0,4.5593976e-27,6.7998142e-18
19023,1.0,1.0786194e-26,1.4874726e-17
76268,1.0,6.4607506e-15,5.244158e-10
61182,0.9999999,1.1223264e-12,1.9387628e-08
76309,0.9810486,8.433369e-06,0.5242968
106358,0.9999982,1.5485685e-10,1.8944946e-06
96859,1.0,4.8415743e-15,2.1797502e-09
128041,0.9999987,2.7506603e-11,2.4238074e-05
27220,0.99988997,1.48789e-09,0.0057025696
106324,0.113914065,0.00015134095,0.11576872
107228,1.0,1.5469484e-20,2.50836e-13
34958,1.0,4.2245537e-31,3.0638728e-20
43525,0.99137866,1.4609939e-05,0.18405505
103763,0.8898009,3.6165153e-07,0.89490896
10513,0.9999999,2.4010258e-12,5.761168e-07
77006,0.00018636485,4.847041e-09,9.225577e-05
97153,1.0,1.5907428e-26,1.4031468e-17
79704,1.0,1.3737473e-24,4.60271e-16
72676,1.0,3.0743717e-22,1.6497224e-14
111917,1.0,1.08982e-25,6.864609e-17
89043,1.0,2.8176314e-22,1.6818752e-14
85321,1.0,8.826709e-26,6.887823e-17
48316,0.9998235,4.6405495e-07,2.1888686e-06
23912,1.0,2.1351496e-16,1.6681007e-09
93520,1.0,9.358792e-16,1.3791811e-10
42766,0.62075734,3.6043784e-06,0.58759934
57921,0.8277172,2.2461677e-06,0.83428824
97852,1.0,7.636923e-27,4.105228e-24
125655,1.0,4.0358968e-24,9.381024e-16
43746,0.9439516,0.0025363907,0.00015207884
128248,0.99999595,2.4558816e-10,4.8041904e-05
27325,0.99964786,2.3229811e-08,0.014972522
43436,0.99999857,8.718347e-12,0.00010499645
26000,1.0,1.3211591e-18,2.1017467e-12
76103,1.0,1.3152223e-23,1.8035966e-15
17864,1.0,4.159214e-25,1.8525751e-16
98051,1.0,6.378498e-21,1.0826705e-13
99097,0.9999919,3.5646164e-09,2.0300897e-06
97984,1.0,2.1194602e-19,1.1075089e-12
28462,1.0,1.5826093e-17,2.0367343e-11
60038,1.0,8.309415e-16,1.2426424e-10
55462,1.0,1.6511368e-24,2.946998e-16
13410,1.0,7.899031e-26,5.6013845e-17
26080,1.0,2.2344338e-18,2.766686e-12
115330,1.0,1.9789277e-17,1.9161178e-11
127927,0.9999671,2.822195e-09,0.0011604909
113222,1.0,4.861723e-25,2.0520927e-16
60256,0.9999963,1.5364413e-10,2.8489574e-06
81364,1.0,5.587897e-13,1.0548769e-09
92332,1.0,1.2859515e-23,1.9635446e-15
59045,1.0,1.5885008e-24,3.556671e-16
74958,1.0,2.409759e-25,1.2740859e-16
107261,1.0,2.2391534e-17,1.0562207e-11
108594,1.0,1.1126595e-25,7.7792446e-17
49615,1.0,1.778627e-19,1.0315876e-12
46045,0.99991965,1.578281e-09,0.014552104
34234,1.0,1.4263625e-26,7.419554e-17
26229,1.0,3.4000466e-15,2.6671973e-10
117769,1.0,8.4274775e-28,2.0010167e-18
55333,1.0,7.309703e-26,6.005673e-17
20391,0.9845627,5.237044e-06,0.06755151
68007,1.0,1.5016164e-18,3.7337707e-12
16703,1.0,3.0131634e-20,2.7431914e-13
53582,0.0012578473,1.333371e-07,0.0009045593
89086,1.0,6.831059e-27,1.1266303e-17
91148,1.0,1.5056796e-23,2.2547903e-15
124599,1.0,7.401572e-25,2.9115426e-16
85591,1.0,3.677216e-27,3.812968e-18
126792,1.0,2.5241455e-24,5.262478e-16
108642,1.0,3.0703945e-17,3.4962536e-11
87713,1.0,3.3487297e-28,1.0628941e-18
128268,1.0,7.092949e-18,3.505938e-10
79866,0.8644762,9.2608866e-07,0.8663806
76182,1.0,2.590122e-13,1.0301248e-08
45809,0.9999312,2.0744688e-09,0.008422725
113053,1.0,2.3682585e-17,2.513391e-11
6590,1.0,9.474626e-26,2.434616e-16
84326,1.0,1.8343331e-24,5.3431077e-16
113126,0.9999443,1.1110976e-08,0.0004242969
110950,1.0,1.2021932e-21,3.7126403e-14
91094,1.0,3.0193345e-25,1.5188434e-16
43405,0.9999994,8.51473e-12,9.089442e-06
31698,0.9999411,4.7609145e-08,0.00022358171
109799,1.0,1.1956638e-26,1.3956997e-17
19230,1.0,3.1467452e-25,1.5466095e-16
54315,1.0,6.6102757e-24,1.31005e-15
19234,1.0,1.5926335e-23,2.219325e-15
94669,0.31295806,0.00013596113,0.3257392
26135,1.0,1.8368578e-20,1.676227e-13
17952,1.0,4.025255e-25,1.2799656e-16
117812,1.0,3.5040795e-25,4.280044e-17
97490,1.0,5.0746157e-18,3.2337246e-13
107310,1.0,2.8388787e-19,1.5400278e-12
116306,1.0,1.5395017e-20,1.7773191e-18
57806,0.64411545,3.0475827e-05,0.6302063
65954,0.97842443,7.924353e-11,0.9791905
127266,0.9999391,6.262782e-09,0.0024869472
127143,1.0,2.2563442e-18,3.6828426e-10
106163,1.0,2.3939972e-27,5.3399443e-18
10599,0.9999993,3.087281e-11,2.3093207e-06
69360,1.0,4.87495e-16,1.8873621e-10
40427,0.99962056,6.8607136e-07,0.0022551795
23670,1.0,1.6912246e-20,4.5165273e-12
67049,1.0,1.8397943e-22,9.577847e-15
56673,1.0,7.5607756e-19,2.816399e-12
103989,0.8315532,1.987021e-06,0.8370651
43396,1.0,4.468286e-16,2.7272034e-08
59980,0.99999964,1.16068e-11,2.3203849e-07
68046,1.0,3.6470758e-16,1.6330362e-10
57554,1.0,3.0429612e-30,6.2947476e-27
109650,1.0,1.2305747e-30,1.5917067e-20
77415,1.0,8.5601485e-30,9.3112684e-20
37418,1.0,3.3841586e-29,6.3427403e-19
85600,1.0,3.9869324e-23,4.1477315e-15
45759,0.9997608,9.301518e-10,0.14600302
44276,1.0,1.996047e-17,3.2625064e-10
46051,0.87364733,2.4840094e-07,0.8219285
113620,0.9999999,8.704717e-13,1.7883037e-09
65693,0.7341747,9.828866e-06,0.74469465
18725,7.514544e-05,5.377497e-10,4.7693153e-05
45880,0.99413127,2.0692698e-07,0.58238524
101699,1.0,4.684996e-22,1.6630865e-14
112949,0.99999976,4.587119e-12,3.7324685e-07
2067,1.0,8.382304e-20,1.677092e-11
65983,0.61564076,3.4556e-05,0.62790483
6699,1.0,1.0041996e-18,1.9374584e-11
37357,1.0,4.7593806e-19,7.742494e-12
62389,0.74272984,8.0605905e-06,0.75356156
108455,0.9998442,4.430404e-08,0.0024908825
17855,1.0,1.4934018e-18,3.7950437e-12
9597,0.0026910922,7.788252e-07,0.0018750902
129574,0.999469,5.4349055e-08,0.04935431
108550,1.0,3.2910538e-15,1.1021539e-09
77498,0.15257637,0.00025935078,0.16120313
122138,1.0,7.3021055e-23,6.525597e-15
82357,0.001417794,1.7526763e-07,0.0009923489
58708,1.0,1.0851437e-27,4.3389486e-23
16644,1.0,1.123779e-19,6.340449e-13
88749,1.0,1.3801039e-30,8.4275346e-22
28477,0.99929214,1.5089229e-07,0.036867242
26065,1.0,2.4955887e-29,1.6406308e-19
66039,0.8569066,1.1207243e-06,0.86354613
4393,1.0,1.6402704e-31,4.2830075e-21
63534,1.0,1.410495e-15,2.5855998e-10
89923,1.0,1.0249267e-28,3.9927543e-19
27191,0.99990654,1.0285777e-08,0.0024479225
32604,1.0,2.0079596e-18,8.114548e-11
38885,1.0,2.04624e-14,2.4831684e-07
5556,1.0,1.2165431e-17,1.4012228e-11
33433,0.9990277,4.915894e-06,0.0030951842
59925,1.0,7.789858e-14,3.510664e-09
112039,1.0,2.4084852e-22,1.09685795e-14
92387,1.0,1.8787971e-20,1.4333782e-13
90047,1.0,3.4690683e-28,1.2534899e-18
44202,1.0,2.4195758e-27,2.869575e-17
91236,1.0,3.408762e-22,1.5087912e-14
118202,0.9999999,1.0075256e-12,5.9129684e-10
116576,1.0,3.402315e-24,3.7273023e-16
80690,1.0,3.6673142e-26,2.7317825e-17
87912,1.0,4.0608058e-32,2.0138403e-21
23825,1.0,2.909605e-20,3.59324e-12
108519,1.0,3.7081496e-20,3.410273e-13
92246,1.0,4.973564e-24,1.074035e-15
29752,1.0,3.046423e-22,1.6961562e-14
107354,1.0,8.740161e-19,1.1271705e-12
29627,1.0,2.746913e-25,1.4101446e-16
22207,1.0,7.9071094e-19,1.9880247e-11
18982,1.0,1.9441858e-25,1.09313936e-16
75206,1.0,1.4754091e-22,1.0248911e-14
117616,1.0,9.763537e-25,3.3122998e-16
10644,0.996664,1.9961582e-05,0.021385945
60274,0.9999982,6.043208e-11,1.0724195e-06
111972,1.0,4.869464e-17,3.4402637e-11
962,1.0,4.4871645e-22,1.6559455e-14
55573,1.0,2.7853445e-16,6.328144e-11
79563,1.0,1.8790452e-23,2.728796e-15
85582,1.0,8.444627e-21,7.3128285e-14
24549,0.00259033,7.795557e-07,0.0015101058
44549,1.0,5.1327643e-20,4.176882e-12
87682,1.0,1.9385953e-24,5.348287e-16
110675,1.0,5.2467218e-24,1.0558439e-15
92526,1.0,2.3997545e-22,1.313789e-14
116521,1.0,7.897539e-30,2.3391643e-20
99153,1.0,1.7898609e-23,2.581129e-15
127153,0.99999976,1.5992471e-13,3.196013e-05
101599,0.9999999,1.2516971e-12,4.2945373e-08
41292,1.0,1.7506344e-23,2.4088535e-14
63630,0.99999917,4.049108e-11,1.564558e-06
14449,1.0,5.384587e-22,1.2761398e-14
27174,0.9999198,6.2697496e-09,0.002470622
94399,0.0006104349,2.6762663e-07,0.00029027706
34113,1.0,2.0663674e-22,6.738064e-14
14494,1.0,3.654984e-25,1.193437e-16
116581,1.0,6.7545475e-25,2.4172552e-16
70202,1.0,3.7302768e-15,2.5480904e-12
109664,1.0,2.053579e-25,1.164742e-16
111991,1.0,2.7205142e-21,6.1993494e-14
18968,1.0,6.018062e-23,5.390381e-15
41078,0.9842456,5.731641e-07,0.7392512
20196,0.9984841,2.798803e-07,0.048517175
117521,1.0,4.262179e-28,1.4651706e-18
86471,1.0,2.0289145e-29,7.278395e-20
103711,0.99999917,6.116987e-11,2.9757894e-07
97043,1.0,3.5862924e-22,1.8630657e-14
9748,1.0,3.8013415e-22,7.878722e-14
2106,1.0,1.6863184e-17,1.1196812e-09
20257,0.9899687,3.0338672e-06,0.05977805
121187,1.0,3.4445287e-20,3.1833355e-13
56573,1.0,1.258096e-14,7.627924e-09
85379,1.0,6.2566353e-27,9.703309e-18
32626,0.99999964,9.6196775e-12,1.0867054e-06
72685,1.0,3.672717e-19,8.0177396e-13
66995,1.0,1.1565027e-16,5.724444e-11
82054,1.0,4.1217434e-20,3.7379016e-13
19198,1.0,2.8976143e-24,7.1196846e-16
2172,0.5120864,7.92035e-05,0.4795381
30718,0.20033893,0.00019638927,0.21316601
57013,0.00031455487,4.804049e-09,0.0002511054
96862,1.0,2.7814619e-21,7.095452e-14
37424,1.0,8.2455705e-23,7.614574e-14
55619,1.0,4.5422634e-27,8.587674e-18
123853,0.0014587763,1.9215982e-07,0.0009731218
1114,1.0,7.65987e-16,1.0311263e-10
20108,0.9638318,1.5523143e-05,0.09911847
97122,1.0,8.766416e-24,1.257865e-15
20254,0.9962238,6.5427116e-07,0.03845018
110677,0.9999963,3.3034392e-10,5.4172983e-06
87569,1.0,2.758319e-23,3.1175005e-15
84164,1.0,6.016314e-24,1.1024492e-15
6584,1.0,5.673278e-23,9.661408e-14
20165,0.98777777,3.5858982e-06,0.063325435
37562,1.0,2.560407e-23,2.7664667e-14
87630,1.0,2.8071988e-25,1.446071e-16
9460,0.8313146,0.012129114,0.001176227
45755,0.99999976,5.6345277e-13,1.34635975e-05
63384,1.0,5.4340234e-16,1.3326114e-10
18056,1.0,4.9780626e-24,9.984296e-16
102785,1.0,4.7044e-26,4.4761145e-17
109668,1.0,1.454519e-16,8.8238125e-11
13406,1.0,7.350623e-23,5.3710046e-15
118726,1.0,2.202909e-24,4.569627e-16
67105,1.0,8.8768296e-16,2.406048e-10
112093,1.0,3.877381e-22,1.6899271e-14
19250,1.0,4.0164683e-24,8.84519e-16
32589,0.9999999,5.780372e-13,2.1668541e-07
80684,1.0,1.5740045e-26,2.0316686e-17
115567,1.0,6.413206e-17,3.7136447e-11
43433,0.99999976,5.6079593e-13,9.034961e-06
15693,1.0,3.938235e-20,3.5669755e-13
78598,0.9965743,3.4027323e-07,0.32069343
61089,1.0,5.0150407e-16,7.974905e-11
88887,1.0,1.2465866e-23,2.111274e-15
35021,1.0,1.4373067e-28,3.2601231e-18
45961,0.9622818,3.7531822e-06,0.77228004
68177,1.0,3.5179677e-18,6.3436942e-12
56763,1.0,2.8316323e-19,1.396028e-12
22069,1.0,1.7882073e-25,1.778596e-16
32521,1.0,4.0049182e-16,2.3093427e-09
32528,1.0,2.744548e-16,1.2910035e-09
13317,1.0,1.8384215e-27,4.405557e-18
86482,1.0,4.1022134e-28,1.5416306e-18
85538,1.0,6.2610476e-21,3.5827654e-14
102790,1.0,1.1046078e-24,3.344639e-16
10531,1.0,3.1824563e-16,1.4598716e-09
116719,0.9980241,1.5274934e-07,0.24956481
110817,1.0,3.8706317e-20,3.7391712e-13
68139,1.0,1.993475e-17,2.0614266e-11
73751,1.0,1.2623627e-25,8.19364e-17
18980,1.0,1.9604658e-25,1.1256213e-16
68743,0.0034503136,1.4861969e-06,0.0019590484
16944,1.0,1.7353219e-23,2.105716e-15
58324,0.9999995,1.6350612e-11,1.19727686e-08
111879,1.0,8.314727e-27,1.3228342e-17
68147,1.0,5.149198e-20,4.3009368e-13
118917,1.0,9.006462e-27,1.3692895e-17
59109,1.0,5.0642026e-14,5.003221e-09
20103,0.9780026,6.7005076e-06,0.07807928
15293,0.00012553297,8.966022e-10,0.00013472592
68151,1.0,1.9285062e-23,2.4925713e-15
48181,0.021902358,0.00010388086,0.0053232904
78352,1.0,6.3684057e-22,2.3142134e-14
61325,1.0,1.7376233e-20,1.298127e-13
97112,1.0,1.1200147e-16,6.1685504e-11
30820,1.0,3.1546233e-29,1.7963145e-19
99303,1.0,2.1810945e-23,2.8427427e-15
14573,1.0,8.248951e-27,9.9765195e-18
76276,1.0,4.487178e-16,9.628898e-11
120506,0.99997616,7.037461e-09,1.9580314e-06
9027,1.0,7.5038636e-17,2.9304886e-10
77505,1.0,3.641653e-24,7.936828e-16
127250,1.0,4.2754136e-15,6.8200336e-08
127047,1.0,2.828354e-24,4.0969528e-16
99206,1.0,2.1363642e-23,2.6598243e-15
94672,1.0,1.0773213e-16,5.669505e-11
5485,0.25851795,0.00012397968,0.26898628
59063,0.9999957,4.709924e-10,2.0767735e-05
110917,1.0,4.660906e-18,7.3847135e-12
71784,1.0,4.8767386e-22,2.1359789e-14
114086,1.0,7.1248706e-17,3.454216e-11
32625,1.0,2.8820575e-18,8.487915e-11
81908,1.0,1.2660472e-25,8.64131e-17
8245,1.0,6.804345e-21,6.9490664e-13
15632,0.9999995,1.526832e-11,1.747929e-06
4442,1.0,6.371579e-25,2.1690133e-16
118730,0.9879615,1.2615438e-07,0.80003923
115280,1.0,7.8797743e-25,2.717679e-16
35382,0.9999994,2.3990998e-11,3.3249155e-08
112309,0.0011546183,1.0938762e-07,0.0008398712
61141,0.99999964,1.3094731e-11,1.969407e-07
76184,1.0,1.9476482e-14,1.0826107e-09
23947,0.998694,3.0638384e-06,0.013020918
43579,1.0,8.058437e-15,1.9281494e-08
76176,1.0,1.8418643e-16,6.33074e-11
118685,1.0,2.6564546e-25,1.4308495e-16
20449,0.9654928,1.2559857e-05,0.09128092
110721,1.0,2.7958899e-19,1.3306569e-12
35751,1.0,4.0139555e-17,2.3969696e-10
67765,7.607004e-05,5.3726473e-10,4.760082e-05
22241,1.0,2.822569e-22,5.7219244e-14
69405,1.0,1.134114e-13,7.3016144e-09
34240,1.0,5.9121304e-26,1.9401717e-16
119010,1.0,4.6278345e-23,1.2045657e-15
104967,1.0,5.6604877e-28,1.2531217e-18
41350,1.0,1.9060287e-18,1.0258827e-10
41321,1.0,1.3121535e-18,7.074328e-11
13294,1.0,1.4645102e-27,3.6224195e-18
24708,0.9999888,4.45433e-09,2.0917098e-07
34173,1.0,3.9087958e-27,1.5231303e-17
2307,1.0,3.4757285e-22,1.2038641e-13
13298,1.0,5.834257e-25,2.3282903e-16
67026,1.0,2.551609e-18,4.8677212e-12
54168,1.0,2.7404084e-21,5.540106e-14
106253,1.0,1.0158012e-24,3.4426704e-16
109756,0.17307842,0.000233334,0.18293235
10605,0.9999999,1.4293629e-12,2.641709e-07
73984,1.0,2.0018488e-18,4.9072565e-12
84245,1.0,2.156128e-23,2.8913228e-15
127219,0.99999535,5.0858737e-11,0.00039864378
107175,1.0,1.8180091e-19,5.3962396e-13
113256,1.0,3.30556e-23,3.5492862e-15
112966,1.0,3.517397e-22,1.7726978e-14
124595,1.0,2.0886296e-21,4.830628e-14
17911,1.0,3.448183e-28,9.270303e-19
7394,0.99963164,3.8074717e-07,0.0042211525
114173,1.0,4.4622618e-21,9.695671e-14
31835,0.8978559,0.0026990653,0.24189219
53076,0.99999917,9.0069986e-11,4.0254133e-07
106247,1.0,7.697361e-24,7.705912e-16
60034,1.0,4.8693603e-14,1.8405257e-09
91372,1.0,1.2970902e-24,4.2629532e-16
32523,1.0,8.019145e-17,1.0252474e-09
72675,1.0,4.9784528e-20,4.8135877e-13
89874,1.0,8.624363e-29,2.2914994e-19
66021,0.9251954,6.0522495e-08,0.9294631
14686,1.0,1.6006277e-19,3.1632344e-13
99333,1.0,3.158364e-24,7.701239e-16
36425,1.0,1.5128236e-24,1.8704495e-15
76305,1.0,1.0603356e-24,2.7661155e-16
75236,1.0,2.1995002e-24,5.943525e-16
29690,1.0,2.0852566e-26,2.062199e-17
41450,1.0,2.8176017e-20,3.1616376e-12
116675,1.0,1.1961471e-34,1.8553832e-23
83917,0.00012774163,6.071216e-10,0.00015993448
68137,1.0,1.0312444e-21,2.995009e-14
91982,8.0657774e-05,3.2862513e-10,9.554393e-05
64839,1.0,9.823243e-16,2.0562523e-10
5595,0.16062874,0.00022714687,0.17171428
98230,1.0,4.7921097e-15,3.6723277e-10
2287,1.0,1.4850086e-29,1.9884299e-19
107162,1.0,8.9993515e-20,3.1041e-13
776,1.0,3.2357465e-29,1.9937467e-19
44200,1.0,1.5506279e-22,1.7771032e-13
21420,0.5255809,7.6556853e-07,0.51723933
28225,1.0,1.0384e-16,5.547242e-11
23778,0.9957879,2.7027078e-05,0.027852193
6677,1.0,1.1650164e-18,2.6493035e-11
770,1.0,1.8210168e-24,4.633503e-16
50101,0.014495996,3.072059e-05,0.0029951162
59973,1.0,7.327584e-15,5.411503e-10
75012,1.0,2.3313648e-24,6.1885916e-16
44451,1.0,1.6091907e-14,1.6338634e-08
84157,1.0,6.1106344e-25,2.3170022e-16
45999,0.99952745,1.8214484e-08,0.08565441
97150,1.0,1.0926429e-24,3.634479e-16
4452,1.0,3.52588e-26,3.0759396e-17
23643,0.9999988,3.51472e-11,1.06720445e-05
95642,1.0,3.5836105e-23,3.3087277e-15
67056,1.0,1.0253604e-21,3.4705755e-14
110919,1.0,1.78999e-31,3.7870728e-21
28984,0.00051616307,1.4732178e-08,0.00042609512
14370,1.0,3.267226e-29,2.5448904e-19
69304,1.0,6.011701e-17,4.031692e-11
13330,1.0,5.890603e-28,1.9239845e-18
69429,0.9999672,1.801436e-09,2.8737355e-05
49561,1.0,4.4667195e-23,2.9893686e-15
69151,1.0,8.9943015e-21,1.4878474e-13
14427,1.0,1.0884609e-26,1.2539831e-17
9038,1.0,3.3366497e-23,1.0923567e-14
13210,1.0,1.2791551e-24,3.744061e-16
10645,0.9997807,3.22839e-07,0.001125869
2060,1.0,1.3886571e-18,1.3363097e-10
115406,0.75476986,6.166728e-06,0.75574195
56631,1.0,9.8299785e-26,7.260685e-17
42898,0.00093574944,1.16640685e-07,0.00035884214
101743,1.0,1.7582016e-18,3.7999838e-12
90036,1.0,6.0157724e-36,3.5213252e-25
13413,1.0,2.0988599e-22,1.2519155e-14
79745,1.0,5.541869e-26,4.5406753e-17
5706,1.0,2.443759e-19,1.0481365e-12
47269,0.90379506,3.4968856e-08,0.86031324
76197,1.0,7.1340026e-26,5.0537162e-17
123349,1.0,1.6090536e-24,4.624304e-16
21446,1.0,1.1995791e-26,1.7196567e-17
116374,1.0,7.885811e-27,5.3535485e-18
115286,1.0,7.626823e-19,2.346726e-12
95647,1.0,2.0327649e-14,4.052791e-09
110612,0.97059906,5.3661137e-10,0.9711874
2275,1.0,1.7828972e-22,1.2516583e-13
30936,1.0,1.6467041e-22,8.6921044e-14
112001,1.0,1.9326429e-25,1.0808118e-16
4307,1.0,2.9171298e-27,5.2490396e-18
99378,1.0,3.0265262e-20,3.3370867e-13
20969,0.002320188,7.0514227e-07,0.001154902
23760,1.0,5.6738396e-16,3.981398e-09
58983,1.0,4.5511893e-15,8.3388607e-10
29710,1.0,8.978504e-27,1.3417501e-17
89788,1.0,1.5214749e-25,1.930301e-24
129614,0.9999739,1.8854553e-10,0.006842177
52056,1.0,1.1834304e-18,3.255982e-12
56653,0.38686332,0.00010068971,0.40143868
126997,0.85267377,2.377558e-06,0.83546096
90046,1.0,3.7176785e-29,2.7106965e-19
37185,1.0,2.0303666e-25,6.494576e-16
115376,1.0,4.9449297e-21,9.150483e-14
69311,1.0,1.02879914e-16,5.9380445e-11
15042,0.99963367,1.0402221e-06,3.4833504e-06
45916,0.9266342,2.115974e-06,0.84810907
17849,1.0,4.5712182e-29,2.8994904e-19
72829,1.0,2.3220697e-26,2.4484177e-17
69509,1.0,1.3125454e-16,6.40831e-11
118695,1.0,1.9959561e-24,5.480008e-16
128189,1.0,5.4140334e-17,1.1317479e-09
78458,1.0,4.29593e-23,4.4344123e-15
22598,0.99963033,1.3841667e-06,6.6014027e-06
98043,1.0,5.0552556e-18,8.9575005e-12
127304,0.99999344,2.672718e-10,0.00017692556
114638,0.00024248079,2.440902e-09,0.00020120936
123470,0.16440538,7.837322e-05,0.14343645
94634,0.9999994,3.8032195e-11,4.7015283e-07
54279,1.0,4.035187e-25,1.3671605e-16
58776,1.0,3.1340819e-18,6.260002e-12
81974,0.11614334,0.0001638089,0.11762343
47954,0.99999976,1.3308608e-11,9.255504e-10
71693,1.0,1.7467405e-21,5.083451e-14
19203,1.0,5.8073445e-25,2.3835587e-16
26118,1.0,5.543651e-24,8.080996e-16
43521,1.0,1.8828465e-17,1.4078357e-09
67083,1.0,1.5348359e-14,1.4836251e-09
112021,1.0,1.8905759e-25,1.0956776e-16
69206,1.0,1.9645945e-14,2.2846638e-09
123495,1.0,1.0025101e-21,3.7116208e-14
107442,1.0,1.3012515e-19,5.0517793e-13
26184,1.0,1.1620577e-15,1.2819609e-10
112992,1.0,3.8511535e-24,9.273536e-16
20453,0.965694,1.3960974e-05,0.09469924
10635,1.0,5.7357327e-15,8.218105e-09
41077,1.0,5.8101724e-28,3.9209552e-18
79626,1.0,1.2476136e-24,4.3009133e-16
91378,1.0,2.4232188e-24,6.326487e-16
10528,0.9999999,9.509595e-13,3.1344274e-07
127158,0.99999976,9.777667e-13,1.2390338e-05
40446,0.07882832,0.00026237886,0.08028698
10581,0.99995387,4.2142037e-09,0.0018214615
100528,1.0,7.8354024e-20,6.224625e-13
49884,1.0,1.30953506e-23,1.6281027e-15
1991,1.0,6.6375497e-21,2.1033951e-12
35184,0.9999896,3.959995e-09,3.8745256e-08
120991,1.0,1.8127882e-18,2.5974602e-12
99145,1.0,6.93486e-24,1.3163017e-15
27368,0.9997509,6.9769968e-09,0.0101382565
44497,1.0,1.1520624e-19,6.092299e-12
23806,0.33305508,0.0003353664,0.3201271
65961,0.49183258,6.452652e-05,0.50540274
16898,1.0,4.433798e-25,1.865973e-16
21320,1.0,3.5199284e-25,5.7253027e-16
25943,1.0,1.743965e-20,1.6149475e-13
65888,0.9841135,4.81236e-12,0.9852822
44434,0.9999405,5.5267623e-08,0.00018404114
77536,1.0,4.0463252e-13,6.849048e-09
60268,0.99991906,1.10856995e-08,0.0005750509
16061,0.0005299377,1.5172107e-08,0.00044799436
61328,0.9999999,1.7284609e-12,3.804749e-08
97059,1.0,1.1823947e-22,7.758803e-15
37387,1.0,7.644937e-20,5.1674598e-12
35631,1.0,1.5274239e-14,1.590071e-06
79804,0.16327661,0.00012668544,0.15579589
75988,1.0,2.687079e-19,2.8701468e-15
92194,1.0,1.9523415e-22,1.0980804e-14
93679,0.9999988,2.9951736e-11,6.329964e-07
44375,1.0,1.4120842e-21,6.074821e-13
128158,0.9999498,1.9503533e-08,0.00042467643
108518,1.0,1.789417e-23,2.4964822e-15
89978,1.0,2.4867544e-26,2.3293017e-17
28563,1.0,7.845909e-18,1.3238226e-11
103708,0.99999976,2.1047566e-11,2.1566217e-08
32675,1.0,2.0802562e-14,3.239993e-08
27410,0.9959925,1.0434482e-06,0.037657768
50994,1.0,2.8871517e-26,1.791779e-17
32512,1.0,4.8475498e-20,7.6403614e-12
82061,1.0,5.741248e-23,5.5257935e-15
5535,1.0,1.9490777e-19,1.1106588e-12
44360,1.0,2.1226925e-23,1.7112896e-14
58884,1.0,4.314538e-15,8.026335e-10
76048,1.0,3.4229998e-17,2.6062904e-11
7468,1.0,4.174505e-25,7.597129e-16
128184,1.0,2.0988712e-19,1.3233227e-11
49726,1.0,3.9501561e-25,1.3717524e-16
41163,0.9999889,1.6731887e-10,0.0010799139
41236,0.9999883,2.2076443e-10,0.0009711888
108448,1.0,5.9278097e-24,1.1802808e-15
93578,0.9999999,1.8817096e-12,4.155681e-08
6262,0.004764231,3.2565033e-06,0.0022615723
6926,0.9999999,6.4150573e-12,4.4098958e-10
59138,1.0,1.5063213e-25,8.949928e-17
116662,1.0,2.3707424e-26,2.6855446e-17
26115,1.0,4.4136883e-30,5.1270693e-20
90034,1.0,2.4751207e-28,7.279037e-19
65863,0.6804245,1.8046656e-05,0.68003464
32377,0.0027121012,8.0858763e-07,0.001967973
72783,0.59557116,2.6779853e-05,0.5949872
75607,0.0006738006,2.9044607e-08,0.000537386
9868,0.77395165,4.216411e-06,0.7179346
51796,1.0,5.968314e-23,2.8552037e-18
5769,1.0,5.137226e-14,3.5377397e-09
20215,0.99809855,2.1652696e-07,0.027336167
102710,0.1757099,0.00020314672,0.18820938
114083,1.0,8.75162e-23,6.750512e-15
50260,1.0,4.0823036e-16,7.1822223e-12
30986,1.0,3.2737046e-27,3.8943342e-17
126652,1.0,1.0031758e-21,1.2222956e-20
65717,0.6542857,2.4331292e-05,0.6663413
34215,1.0,1.4252265e-25,3.721151e-16
5652,1.0,1.9997597e-16,6.834634e-11
98129,1.0,1.8251463e-18,5.203898e-12
112964,1.0,2.1795154e-22,1.2502117e-14
88951,1.0,3.6342325e-22,1.7881492e-14
52006,1.0,8.2100566e-19,2.6880113e-12
129579,0.9999925,8.92037e-11,0.00077268394
59013,0.99999714,2.5702934e-10,3.1967163e-06
87733,0.5138824,4.522766e-05,0.515275
23995,0.9987105,3.7095415e-06,0.010522357
37419,1.0,8.6123986e-21,1.3662979e-12
45801,0.72433794,1.936232e-07,0.68980235
44387,0.99999845,1.0323385e-10,6.0931056e-06
121043,1.0,3.5725116e-24,6.500401e-16
107213,0.11147237,0.00016005516,0.110988386
89941,1.0,6.69937e-27,8.411846e-18
49643,1.0,7.347915e-20,5.856613e-13
23964,0.99994457,1.4528224e-08,0.00079506554
54462,1.0,2.1027317e-21,5.6867705e-14
75198,1.0,7.0965e-24,1.3340857e-15
72768,1.0,7.663556e-15,1.7469777e-09
73957,1.0,3.2951985e-23,3.8772175e-15
7049,0.00588514,5.429443e-06,0.0025722906
72923,1.0,2.8807956e-24,6.1658053e-16
81927,1.0,1.9935886e-25,1.02557426e-16
5934,0.058726586,0.00015790413,0.06125872
72690,1.0,4.5922004e-25,2.0528913e-16
112012,1.0,6.2198647e-21,1.0926218e-13
82112,1.0,8.5355286e-23,7.054453e-15
26218,0.12885436,0.00018717888,0.13358672
118930,1.0,8.6898385e-24,1.5348145e-15
80920,0.99999607,1.2404359e-09,8.5082996e-07
103755,0.9993486,5.1126083e-08,0.048120122
109741,1.0,5.6383332e-28,1.80652e-18
10654,0.9999051,5.4845046e-08,0.0007999936
118836,1.0,3.8315263e-27,6.97763e-18
69438,1.0,9.8457585e-15,9.496233e-10
87639,1.0,7.1406457e-26,5.3947158e-17
67996,1.0,7.3381643e-28,1.884937e-18
72882,1.0,5.947535e-25,2.380342e-16
18045,1.0,2.2757238e-26,2.523105e-17
87814,1.0,1.2650369e-27,2.913973e-18
42612,0.99275124,1.1319907e-07,0.6943377
128138,1.0,6.328901e-16,2.0116795e-09
90114,1.0,1.5483695e-30,1.5072334e-20
13426,1.0,1.9259308e-25,1.0526823e-16
88735,1.0,1.0768789e-21,3.2653384e-14
107297,1.0,1.4154928e-21,5.308302e-14
113076,1.0,3.949185e-21,8.333485e-14
107348,1.0,8.512585e-20,4.3716587e-13
44189,1.0,1.9490183e-19,1.1445263e-11
106065,1.0,7.320514e-23,2.3691736e-15
19264,1.0,7.28076e-26,5.68712e-17
68001,1.0,4.2411237e-22,1.8651779e-14
7516,1.0,1.0396892e-14,8.087671e-09
112016,1.0,8.8165395e-20,5.9997314e-13
88781,1.0,2.0881653e-23,2.7358e-15
88734,0.99998176,3.3748595e-09,7.6602686e-05
91328,1.0,3.209253e-23,3.7721037e-15
124582,1.0,2.682667e-25,1.371763e-16
5394,1.0,3.8602637e-21,7.830317e-14
28311,1.0,2.8725151e-21,7.898266e-14
102559,1.0,5.60692e-25,2.352395e-16
68189,1.0,4.862816e-18,8.840655e-12
127957,0.9868029,2.6957887e-09,0.93861073
30768,1.0,1.2545097e-24,4.1838504e-16
21307,1.0,3.1915904e-21,2.1152032e-12
29534,1.0,2.9615533e-27,5.4618455e-18
98138,1.0,1.4807473e-24,3.8785173e-16
41369,1.0,1.1319364e-19,8.848499e-12
77263,1.0,1.0782106e-21,3.7219e-14
37304,1.0,7.383303e-24,1.1356589e-14
92333,1.0,9.788491e-24,1.6222071e-15
78404,0.9981026,6.134223e-07,0.09658848
93445,1.0,6.359957e-22,2.4419897e-14
92485,1.0,8.742939e-24,1.3707646e-15
103842,1.0,1.4561511e-16,2.3301666e-11
101942,0.001382241,1.6701712e-07,0.0009766477
70093,7.290285e-05,4.5691698e-10,6.014112e-05
6736,1.0,3.5278234e-15,5.5962603e-09
111290,0.9982268,1.3425313e-05,4.4838194e-05
69372,1.0,2.4458496e-14,2.6262184e-09
127286,0.99998033,1.2602938e-10,0.0050774734
84125,1.0,1.0294864e-23,1.722981e-15
28421,1.0,5.031435e-19,1.190602e-12
121219,1.0,6.669739e-27,1.0284415e-17
96799,1.0,6.6762316e-19,2.4312566e-12
32493,0.99999976,5.1178866e-12,9.704687e-07
28328,1.0,7.0838934e-17,5.3612618e-11
37298,1.0,2.766276e-22,1.2911833e-13
81967,1.0,7.733685e-23,6.45639e-15
108565,1.0,4.3746455e-24,9.783939e-16
10565,0.9999987,7.669933e-11,5.648445e-06
17959,1.0,2.4737696e-29,1.73083e-19
34184,1.0,9.495357e-19,3.7226087e-11
71653,0.99634475,3.318349e-10,0.8926677
54465,1.0,4.7865934e-22,2.1639083e-14
55506,1.0,1.4043404e-25,9.300597e-17
63478,1.0,1.2406715e-22,7.952713e-15
16698,1.0,3.822845e-24,5.963033e-16
112934,1.0,5.3968553e-25,2.2384373e-16
88786,1.0,1.740532e-24,4.9969184e-16
111138,0.001075259,9.058716e-08,0.0007979498
98049,1.0,1.23722e-24,4.0459333e-16
41780,0.99986184,4.4826115e-07,6.4867646e-07
3285,0.0030415475,9.150175e-07,0.0021968547
22235,1.0,6.7599355e-25,4.0441122e-16
23868,0.9998228,9.281783e-08,0.0026678892
87924,1.0,8.993613e-29,5.2487567e-19
41235,1.0,5.054146e-22,3.2599138e-13
112028,1.0,1.0645486e-20,1.5871951e-13
60024,1.0,1.8493228e-13,5.5583573e-09
54460,0.13637961,0.00023695314,0.13996874
47821,0.0002488894,7.995597e-09,0.00016095124
17189,0.00018821114,9.351219e-10,0.00019796287
831,1.0,1.4776213e-24,4.050334e-16
107276,1.0,5.1634194e-20,4.589663e-13
26114,1.0,1.9671373e-21,4.0161285e-14
127216,0.11773123,0.00011422517,0.13165754
86612,1.0,3.665539e-33,1.9119585e-23
66998,0.13030307,0.0002084917,0.1351955
69264,1.0,7.6490285e-18,1.2058048e-11
118780,1.0,2.417318e-25,1.3198608e-16
82008,0.8528809,3.099302e-05,0.7685536
94682,1.0,2.049667e-24,3.200169e-16
44310,1.0,1.9611977e-19,9.484892e-12
81916,1.0,2.466336e-21,5.114212e-14
43878,0.0018926276,3.583843e-07,0.0012166215
63538,1.0,1.6116119e-13,8.242688e-09
25995,1.0,1.6093135e-14,9.972221e-10
81295,0.0006833835,2.9579068e-08,0.00055138575
26109,0.11538877,0.0001515223,0.116730206
44557,1.0,6.831356e-24,7.0370095e-15
116710,1.0,3.5372414e-31,6.287375e-21
94685,1.0,5.912711e-28,1.4433636e-18
76112,1.0,3.2464653e-22,9.2846195e-15
77200,1.0,2.4305312e-25,1.3678439e-16
87734,0.3282383,0.0001083655,0.33322093
28369,1.0,2.3911722e-16,1.1737175e-10
80965,1.0,3.6253318e-28,8.58885e-19
65735,0.8919792,3.48059e-07,0.8973556
85647,1.0,2.8106663e-28,1.1325763e-18
64730,0.9999999,3.5852027e-12,1.0963932e-07
124370,1.0,2.2275019e-22,3.2343825e-18
60130,0.9999969,2.1411105e-10,3.0350943e-06
5898,1.0,5.701658e-15,5.308862e-09
68043,1.0,1.6760891e-17,1.7369188e-11
68229,1.0,4.0680517e-22,1.670239e-14
88854,0.9999994,4.441702e-11,3.9956038e-07
75239,1.0,6.37166e-30,7.026155e-20
86658,1.0,3.751761e-34,1.5741691e-23
48206,0.023099558,0.00011868607,0.005998399
14685,1.0,8.914451e-26,4.4565725e-17
79855,1.0,3.2329063e-23,3.7108615e-15
12036,1.0,4.1181874e-22,1.7708798e-14
58921,0.9999958,4.5752838e-10,6.590389e-06
21355,1.0,9.3260375e-24,1.729092e-14
67112,1.0,5.235527e-16,1.3898233e-10
67101,1.0,6.6298273e-15,1.0232762e-09
7391,1.0,9.66057e-27,6.81228e-17
102556,0.99800307,1.6826142e-06,0.005246914
128199,0.9999838,2.0558728e-09,0.00022033202
3796,0.9998474,3.091473e-07,1.5854025e-06
44538,1.0,9.976399e-19,8.248357e-11
127409,0.0004610012,2.5959848e-08,0.000194066
32503,1.0,1.6625835e-16,1.0591187e-09
86611,1.0,5.545196e-31,5.4884666e-21
28266,1.0,1.4813246e-15,2.8322883e-10
121270,1.0,4.6054844e-16,1.1680694e-10
83025,1.0,8.3716775e-24,1.5223073e-15
119020,1.0,7.735752e-30,8.653732e-20
121083,1.0,3.0803577e-15,3.3162925e-10
108308,0.79897803,6.464162e-05,0.71615
166,0.0011689484,1.14716194e-07,0.0008384306
13496,1.0,1.5792975e-18,2.2432115e-12
19231,1.0,4.2234222e-25,1.905689e-16
72968,1.0,2.6245235e-18,5.3328756e-12
7494,0.662623,0.0025915487,0.45188427
91232,1.0,3.7013195e-22,1.9832648e-14
47248,0.99087816,5.860618e-05,0.079467125
118972,0.13217898,0.00013518664,0.1258355
5483,1.0,3.2197898e-21,6.991779e-14
94261,0.000212154,5.070469e-09,9.095908e-05
41426,1.0,1.7309161e-26,8.940987e-17
101684,1.0,1.148283e-22,9.095735e-15
28355,1.0,4.116331e-16,1.5520873e-10
19225,1.0,3.671871e-22,1.7493173e-14
85274,1.0,1.685513e-26,1.5808594e-17
23880,1.0,6.863176e-15,1.1787236e-08
17874,1.0,7.444407e-27,8.214447e-18
120890,1.0,2.5188409e-20,5.112022e-16
39993,0.0025978694,8.840636e-07,0.0012777962
4337,1.0,3.5886095e-27,4.7047783e-18
111951,1.0,4.2594914e-23,4.2164254e-15
93585,1.0,3.0293958e-17,1.34583195e-11
4597,1.0,3.135288e-19,1.302791e-12
125006,0.0016777089,2.6503088e-07,0.0011089816
39645,0.9997962,3.1280666e-07,0.0009392053
62341,0.9999999,5.4171767e-12,5.9011658e-08
37282,1.0,1.8811663e-25,6.959959e-16
92467,1.0,3.3952763e-23,3.163503e-15
79689,1.0,2.3775501e-21,5.8742867e-14
128072,1.0,7.241185e-17,1.4513815e-09
63925,0.00074487564,3.6886316e-08,0.00058918016
68238,1.0,4.497597e-16,1.6128722e-10
59024,0.31105682,0.00011629078,0.3122128
98089,1.0,1.8161666e-25,1.021615e-16
100259,1.0,7.591515e-22,3.0299087e-14
21429,1.0,3.9269026e-23,4.4642018e-14
121265,1.0,8.9924536e-20,5.5158693e-13
62564,0.9999974,1.392413e-10,1.6950106e-06
119605,6.8670866e-05,2.8253117e-10,7.364083e-05
61780,0.999387,2.217369e-06,2.446291e-05
63633,1.0,1.3512511e-19,7.626149e-13
129490,0.99992704,1.5397512e-09,0.012205309
51004,0.3083468,0.00011049279,0.3166262
107429,0.9999988,2.0067656e-10,2.0733091e-07
32565,1.0,1.6575555e-16,1.5485719e-09
88833,1.0,1.7698672e-21,4.1254137e-14
128120,1.0,4.780803e-17,4.0198692e-10
60215,0.9999995,1.7573694e-11,1.9505305e-07
89919,1.0,1.6324389e-28,4.0972125e-19
51962,1.0,1.1930562e-21,4.1809272e-14
115382,0.7243976,1.0360972e-05,0.72574204
36495,1.0,1.3135379e-15,4.5969e-09
65887,0.9851479,4.169408e-12,0.9856499
28395,1.0,1.5482506e-16,9.3013534e-11
80570,1.0,1.9045637e-22,2.6094156e-21
118673,1.0,8.216541e-27,1.27441095e-17
32592,0.99999523,5.757482e-10,2.6081127e-05
127178,1.0,1.8036903e-14,6.2270743e-07
96829,1.0,3.078685e-18,4.9920797e-12
28412,1.0,6.4565346e-16,2.1793002e-10
61136,0.9999975,1.6378432e-10,2.7247054e-06
120994,0.99975616,9.440276e-08,0.003640317
44449,1.0,1.1135824e-15,3.1075305e-09
25965,1.0,1.417126e-26,1.5650009e-17
81954,1.0,5.6313502e-27,9.862621e-18
4354,1.0,1.3629839e-24,2.8117772e-16
118783,1.0,6.0834348e-21,1.0686984e-13
1944,1.0,7.5730965e-28,5.5812895e-18
69193,0.9998611,3.0253208e-08,0.00030533
89964,1.0,1.809073e-24,4.645361e-16
99089,1.0,3.2313898e-23,3.3581413e-15
69137,1.0,6.669567e-14,4.6044293e-09
72861,1.0,2.628079e-19,1.3246073e-12
128285,1.0,5.943343e-16,4.2774904e-09
17863,1.0,3.6015542e-28,1.3643769e-18
1442,0.00030848244,8.119805e-09,0.00024024032
122318,0.1507915,6.7084955e-05,0.13218637
80191,0.0010910991,1.0889219e-07,0.0007113995
91329,1.0,1.27869714e-23,2.0869477e-15
16833,1.0,4.9204957e-25,2.1001958e-16
115224,1.0,8.4241875e-23,6.2439178e-15
38660,0.9999994,6.404815e-11,6.5046436e-08
90255,1.0,3.4931571e-28,9.683374e-19
84134,1.0,1.6362142e-24,4.876884e-16
80998,1.0,2.6860096e-29,1.6488563e-19
80978,0.25336087,0.00015611525,0.25674635
80594,1.0,1.4067547e-23,5.089436e-22
63536,0.9999999,9.293664e-13,5.2879354e-08
79522,1.0,6.7004083e-22,2.7493238e-14
66971,1.0,1.2890429e-20,1.0254546e-13
68036,1.0,3.025665e-17,2.8727928e-11
34141,0.38869378,0.00019800403,0.3698635
92417,1.0,9.632429e-25,3.5240557e-16
6629,1.0,6.170593e-20,8.698233e-12
40777,0.0023800149,6.2272886e-07,0.0014144058
84399,1.0,1.4649307e-25,7.7749723e-17
36300,0.0028437453,8.843689e-07,0.0021273054
90210,0.9999888,4.9192406e-09,1.2194839e-06
96911,1.0,5.008347e-32,1.1427078e-21
89479,0.00045916627,1.1190861e-08,0.0003798342
54499,1.0,1.5038224e-27,3.1600127e-18
85537,1.0,1.8239547e-27,3.6508026e-18
28472,1.0,2.3662243e-19,1.3096722e-12
52052,1.0,2.5231575e-21,6.72761e-14
107219,1.0,9.4579715e-20,3.1195855e-13
66929,1.0,1.4100122e-13,8.4536715e-09
23642,0.99982566,8.262194e-08,0.0028886083
10621,0.99626285,2.559076e-05,0.022192905
78367,1.0,9.623901e-19,3.1028468e-12
61184,1.0,8.918949e-13,1.6883215e-08
117828,1.0,3.1372477e-28,1.0988199e-18
59047,1.0,4.8511908e-14,5.3393165e-09
4447,1.0,2.5726024e-33,9.74847e-24
106111,1.0,2.6679503e-25,1.3624592e-16
10574,0.40189326,0.0011960104,0.35640672
38380,0.0028111446,7.813473e-07,0.0023599481
36424,1.0,2.1061905e-22,6.1473755e-14
63622,1.0,1.5479325e-15,3.0742026e-10
58769,1.0,3.6178934e-16,1.4025177e-10
4260,1.0,9.222269e-25,2.503309e-16
113024,1.0,3.1264025e-19,1.4155722e-12
17598,5.885025e-05,2.4741287e-10,3.5329118e-05
20207,0.99204904,2.4921462e-06,0.049073447
77402,1.0,2.6018298e-30,2.4403762e-20
89957,1.0,2.0092195e-30,2.7890388e-20
34208,1.0,1.8402407e-25,5.4061724e-16
28415,1.0,1.4946735e-17,1.9082616e-11
43490,0.99980944,5.406648e-08,0.0053020054
43413,1.0,2.3185509e-15,6.89156e-08
65691,0.6428307,2.7419526e-05,0.6531661
91202,1.0,1.968246e-23,2.3214537e-15
116527,1.0,3.3341033e-24,8.185802e-16
19182,1.0,2.0568493e-24,5.464289e-16
32665,1.0,4.5292725e-18,1.1678154e-10
115474,1.0,4.676497e-22,2.1574627e-14
111919,1.0,6.510693e-18,8.835311e-12
104041,1.0,1.1040122e-12,3.945053e-09
86965,0.00041518276,8.006508e-09,0.00037081022
28534,1.0,1.9788155e-16,9.804737e-11
76300,1.0,3.0333915e-20,2.3469041e-13
63428,1.0,4.7704168e-18,7.0861953e-12
12195,1.0,2.3022074e-18,5.0450993e-12
38896,0.99999154,9.5723506e-11,0.00094364985
13530,1.0,1.4279289e-28,7.073679e-19
117676,1.0,6.505453e-26,1.870048e-17
19255,1.0,2.6667727e-23,3.140202e-15
97091,1.0,6.2948797e-23,5.368588e-15
69466,1.0,3.354377e-15,6.199575e-10
74001,1.0,5.4198617e-24,1.1261717e-15
108513,1.0,3.599721e-24,8.2635163e-16
103811,0.99999976,1.8757693e-11,3.6437047e-08
118872,1.0,6.9102636e-27,1.112036e-17
93434,1.0,1.3034859e-21,3.6093507e-14
90050,1.0,1.1797772e-29,1.020406e-19
75045,1.0,1.5345366e-26,1.9229802e-17
52496,0.0017265519,2.8173753e-07,0.0011642295
125782,1.0,3.9706313e-23,4.0692454e-15
29292,1.0,5.4626146e-26,6.0166383e-23
26017,1.0,8.1152305e-22,2.2391014e-14
85412,0.96619684,7.667231e-06,0.69202644
93639,1.0,1.7642341e-26,1.5086795e-17
28381,1.0,8.48604e-18,9.713246e-12
95030,0.0013071646,1.4559632e-07,0.00093367754
65696,0.6463433,2.2197124e-05,0.65876085
37316,0.9876887,0.0002677732,0.03220836
114770,1.0,5.351226e-16,1.4221897e-11
64538,0.99932456,4.2409198e-07,0.014673496
3358,0.0028733735,7.9325895e-07,0.0021022002
31772,0.9998728,1.7190078e-07,0.00046039495
37200,1.0,4.6065938e-15,5.9530763e-09
17881,1.0,4.8366393e-25,2.0869861e-16
87583,1.0,8.65729e-22,2.965609e-14
128042,0.99998975,9.344265e-10,0.00014366917
90029,1.0,1.9612136e-18,1.5487737e-12
85614,1.0,1.1876418e-24,3.7701166e-16
54229,1.0,3.1743408e-26,2.6045279e-17
92320,1.0,8.775326e-22,3.659427e-14
35670,1.0,4.1217362e-16,1.1610044e-09
38722,0.999998,1.1765611e-11,0.00019701137
80904,1.0,1.7317854e-29,1.149183e-19
34213,1.0,9.014084e-29,1.1415768e-18
73959,1.0,1.8232308e-20,2.118901e-13
34963,1.0,1.6564248e-30,1.2062922e-19
46057,0.99999774,9.0083175e-12,0.0003449316
38746,0.9999999,3.0706115e-13,3.696362e-06
29589,1.0,1.2559167e-25,8.756221e-17
59104,1.0,5.6444466e-20,4.2335945e-13
27830,0.0051332004,1.4142156e-06,0.0009796045
117628,1.0,3.3493316e-27,6.8633227e-18
41394,0.13155036,0.00031133005,0.14177218
89059,1.0,3.029417e-18,2.3028556e-12
75578,0.9961266,4.4609253e-05,9.248902e-05
1985,1.0,2.2148008e-22,3.6054785e-13
111893,1.0,1.7136539e-22,1.03104755e-14
7633,0.00043922052,2.268754e-08,0.0002879704
53255,0.98233634,1.1689791e-05,0.4399526
118824,1.0,1.8699467e-26,1.9670888e-17
19113,1.0,1.1128207e-25,6.403256e-17
116373,1.0,4.1352416e-27,5.6033905e-18
61174,0.9999995,1.9112703e-11,2.3677866e-07
53013,0.9960508,1.5109317e-06,0.17735
10580,0.99982506,1.9178252e-07,0.0010782676
47456,0.99997044,5.0933733e-09,0.00043456856
4399,1.0,6.6368564e-24,7.6100653e-16
85444,1.0,1.6549818e-26,1.5333909e-17
13448,1.0,2.0360394e-22,1.171226e-14
62581,1.0,1.4528562e-15,1.5778466e-10
8914,1.0,2.8535676e-20,1.3934051e-12
19138,1.0,9.916004e-25,3.1977167e-16
110389,8.974359e-05,3.357804e-10,0.000112374066
82068,1.0,4.720055e-27,8.846667e-18
45134,0.002606623,8.104473e-07,0.0014482862
20098,0.9879924,4.6986415e-06,0.06134519
63292,1.0,7.1766074e-27,9.358763e-22
79574,1.0,1.5744572e-23,2.4231743e-15
26008,1.0,4.1423028e-14,1.5421701e-09
113079,1.0,1.115964e-22,7.156257e-15
20286,0.89118505,4.6118905e-05,0.14166406
29670,1.0,4.5738044e-27,8.547345e-18
36570,0.20155776,0.0001768741,0.21056633
13152,5.0127994e-05,2.0906979e-10,3.599633e-05
10636,0.71258134,0.0020412789,0.484308
88941,1.0,2.035445e-26,2.4929015e-17
37289,1.0,2.5343157e-23,1.9934324e-14
22291,0.00033963946,1.2606918e-08,0.00014530272
70580,0.9999243,8.1551e-09,0.00044417856
28596,1.0,2.1231465e-15,4.978534e-10
41319,1.0,1.2716113e-21,9.195084e-13
43409,0.9999956,1.9273201e-10,7.807328e-05
93447,1.0,8.1500305e-24,1.3720776e-15
98125,0.15187636,0.00025405778,0.16121177
5971,0.9999995,1.7964795e-11,1.5969308e-06
48722,0.99990785,2.472964e-07,9.674427e-06
122834,1.0,6.215881e-13,4.4035584e-10
44314,1.0,9.88366e-21,1.0566594e-12
85371,1.0,1.0888493e-22,8.774587e-15
75159,1.0,1.2137893e-25,7.734622e-17
79623,1.0,3.1778634e-28,1.3746793e-18
23768,1.0,3.636104e-22,1.717048e-13
128229,0.99999964,6.604821e-12,1.6996855e-06
88996,1.0,2.7431789e-22,1.0140409e-14
64595,0.9999999,1.873573e-12,5.2065587e-08
85286,1.0,3.2823327e-27,4.3569055e-18
63525,0.99999976,8.403661e-12,4.0549773e-07
17851,1.0,6.629898e-24,1.2664256e-15
73956,1.0,4.298225e-23,4.3866807e-15
77455,1.0,2.794751e-25,1.3584009e-16
84796,1.0,1.1855435e-13,1.5031099e-10
66872,1.0,1.1334084e-14,1.5638375e-09
90077,1.0,8.698572e-29,5.207851e-19
70290,1.0,8.3430535e-23,6.858047e-15
69248,0.9998652,3.717844e-09,0.00025726313
79649,1.0,1.386891e-30,5.979372e-21
116467,1.0,5.5310896e-29,3.5577648e-19
47601,0.9830586,8.4122126e-05,0.18669736
49788,1.0,5.2009143e-22,1.5503266e-14
39578,0.99999976,2.2436137e-12,3.4393292e-06
53106,0.99910396,2.2857375e-07,0.046807673
56470,1.0,6.926429e-23,5.4274593e-15
36419,1.0,4.4718296e-25,8.2001477e-16
22794,0.9996518,2.1127375e-06,3.6853406e-05
96956,1.0,5.528108e-24,9.557513e-16
76303,1.0,2.4095194e-18,3.51975e-12
76052,1.0,1.6888543e-25,9.569145e-17
85632,1.0,9.545544e-27,1.3189039e-17
116656,1.0,1.0454313e-23,1.6164005e-15
103889,0.99999833,1.152969e-10,1.2651949e-06
129501,0.9999913,1.4598486e-10,0.00069171254
49573,1.0,2.8436802e-19,1.4087334e-12
122374,1.0,8.742838e-17,8.11376e-11
25949,1.0,3.014287e-22,1.1665264e-14
11898,6.575633e-05,2.6145666e-10,7.3958225e-05
23835,1.0,5.730101e-19,1.9297688e-11
28270,1.0,1.2836869e-16,6.650205e-11
87667,1.0,1.6490941e-28,7.6099386e-19
107448,1.0,8.6764086e-20,3.5056317e-13
41102,1.0,8.631668e-22,3.2145567e-13
47504,0.9999999,4.6923695e-13,4.2114257e-07
91044,1.0,1.9208418e-22,9.572806e-15
4578,1.0,7.70966e-35,9.098401e-24
85523,1.0,6.232817e-26,4.6149263e-17
75962,1.0,6.0648707e-15,3.7167604e-12
85627,1.0,6.0569055e-26,4.4616584e-17
16993,1.0,2.886634e-26,3.0039064e-17
55118,6.656496e-05,3.0830988e-10,6.635822e-05
23621,0.9999989,3.3072958e-11,1.1306855e-05
13277,1.0,1.140105e-27,3.0434558e-18
80673,1.0,8.004111e-24,1.4266861e-15
67205,1.0,1.0405179e-15,1.8719211e-10
24969,0.0031888918,1.0381012e-06,0.0022785044
123530,1.0,9.476231e-23,8.032625e-15
82018,1.0,9.2787744e-23,7.71786e-15
58777,1.0,1.00351476e-13,1.0265904e-08
109394,1.0,1.7253343e-24,1.4247129e-21
68278,1.0,4.2283273e-23,4.3149828e-15
94783,1.0,3.0296952e-25,1.2058845e-16
41192,1.0,2.711601e-23,3.939434e-14
108626,0.12922372,0.00020983987,0.13427028
115414,1.0,4.604954e-25,1.9840384e-16
119009,1.0,4.335687e-24,7.4206614e-16
67114,1.0,1.5297827e-14,1.3591211e-09
14585,1.0,1.0204641e-27,2.5437173e-18
10658,0.9997024,4.4754265e-07,0.001833957
15826,1.0,1.7979806e-19,7.892231e-13
113157,1.0,3.6044973e-27,7.359564e-18
123578,0.17385226,6.648369e-05,0.14815365
34928,0.24700038,0.00010643892,0.25269067
44257,1.0,1.6222503e-15,5.389267e-09
85488,1.0,1.0907245e-14,4.249295e-10
58999,1.0,5.519727e-22,2.1089569e-14
112850,1.0,5.726836e-22,2.327845e-17
109695,1.0,1.8555697e-28,6.5356476e-19
28254,1.0,7.319757e-16,2.1755664e-10
65784,0.31339112,0.00013586975,0.32940838
110765,1.0,2.272032e-23,2.761942e-15
49915,1.0,1.5065382e-27,3.3510212e-18
97058,1.0,1.9066002e-21,5.104759e-14
90062,0.55188525,5.1098206e-05,0.5300817
56810,1.0,1.0510046e-17,1.886098e-11
47409,0.97346604,4.9397157e-05,0.40974963
5837,1.0,4.711829e-21,1.6153057e-12
10515,1.0,1.3331293e-15,3.3246035e-09
18012,1.0,9.972607e-24,1.3811468e-15
79309,0.000109633125,4.972537e-10,0.00013953651
21314,1.0,1.2934048e-23,2.219216e-14
129562,0.9999211,1.9639326e-09,0.011935844
109744,1.0,1.7193545e-25,1.04664414e-16
106322,0.14644152,0.0002002581,0.15757354
28366,1.0,3.372759e-18,4.9240113e-12
87587,1.0,2.498718e-25,1.370654e-16
29478,1.0,8.1623926e-29,2.5730627e-19
107405,1.0,3.0870935e-18,3.781215e-12
11972,1.0,1.5484052e-22,1.38039206e-17
66933,0.9999999,1.5534244e-12,4.806718e-08
124774,1.0,2.1739344e-23,2.8567224e-15
121238,1.0,3.4345196e-19,1.3031413e-12
85495,1.0,2.1392363e-29,1.4084491e-19
72940,1.0,2.4490773e-20,2.710684e-13
94730,1.0,2.2163276e-17,1.9358886e-11
61275,1.0,3.6940438e-13,8.8590335e-09
50236,1.0,8.2030885e-16,1.135938e-11
66886,1.0,5.8684287e-18,8.985734e-12
84430,1.0,2.6837926e-25,1.4578907e-16
33383,0.98437065,0.00023182959,0.063929476
121072,1.0,4.6246647e-20,3.1966113e-13
69156,1.0,3.2765757e-21,7.6299705e-14
68188,1.0,1.7114875e-19,8.6294356e-13
127915,0.9720733,0.0001400254,0.28048897
16693,1.0,5.453071e-29,2.7534046e-19
43293,0.0033678606,1.1105265e-06,0.0026933837
129928,0.00068326725,3.3086508e-08,0.0004963164
97138,1.0,2.1607991e-21,5.891724e-14
116525,1.0,3.017505e-24,7.6525096e-16
22217,1.0,1.2229992e-21,2.671908e-13
47548,0.2159593,0.000488629,0.21807094
38898,0.99995255,1.5346436e-09,0.0046877745
90044,1.0,2.731974e-29,1.551139e-19
22091,1.0,2.4395849e-20,5.7015356e-12
6684,1.0,5.4523762e-17,2.776114e-10
5633,1.0,4.2022585e-17,2.6764861e-11
69446,0.99988616,2.7192717e-08,0.0003820604
31715,0.99996495,2.1631392e-08,0.000121457895
20202,0.99063265,2.5601416e-06,0.057478435
96941,1.0,1.7925264e-22,1.1568083e-14
114119,1.0,4.0794113e-22,2.0228209e-14
34842,0.99878126,2.7389957e-11,0.8356673
16829,0.10326933,0.0001116599,0.10220727
50965,1.0,5.602882e-24,9.710651e-16
85408,1.0,3.4885717e-23,3.9506735e-15
85594,1.0,6.9416406e-30,7.754612e-20
33355,0.99321485,3.587611e-05,0.04985836
99240,1.0,9.3819164e-24,1.4816581e-15
124538,1.0,2.666011e-22,1.5682005e-14
115265,1.0,2.227861e-20,2.541939e-13
13343,1.0,8.468911e-38,8.504793e-28
108499,1.0,6.2021214e-20,4.306239e-13
60076,0.9999995,1.8126771e-11,2.8571202e-07
85469,1.0,4.3151747e-25,1.1218705e-16
23639,1.0,1.0224582e-14,2.0533736e-08
35666,1.0,7.78552e-14,3.8294004e-08
95632,0.99999857,7.7631714e-11,2.0565385e-06
84140,1.0,2.3571641e-24,5.7352484e-16
19210,1.0,1.2683053e-24,4.686548e-16
18366,0.00042288905,8.027871e-09,0.0003893753
100240,1.0,1.0585907e-22,8.478837e-15
44365,0.9664365,0.0010161807,0.10360404
76348,0.14793761,0.00021136818,0.14902337
28580,1.0,2.6253474e-16,1.1395409e-10
113026,1.0,1.4433551e-22,9.67826e-15
55377,1.0,1.5196363e-25,9.60059e-17
54276,1.0,9.2734e-22,3.1556822e-14
76277,1.0,7.926717e-17,3.0571972e-11
126290,1.0,5.9370013e-15,2.184522e-11
107510,1.0,1.0316114e-19,8.6713275e-13
60209,0.9999975,1.289792e-10,2.1918265e-06
32599,1.0,1.587924e-18,5.5990303e-11
22117,1.0,1.070168e-19,1.5329248e-11
51866,1.0,8.1000305e-18,1.2253497e-11
19207,1.0,1.211279e-23,1.879533e-15
51917,1.0,2.2194293e-20,2.302648e-13
5824,0.9999732,5.3299862e-09,0.00031153878
128135,1.0,2.8729918e-17,7.065621e-10
66964,1.0,1.9091577e-18,4.298757e-12
129494,0.9999994,1.2903763e-12,9.1616836e-05
94776,1.0,2.0904331e-19,1.1573214e-12
2055,1.0,2.6148357e-29,1.5495362e-19
65778,0.88828564,4.3858725e-07,0.89375925
41337,1.0,6.252897e-17,1.1794112e-09
72684,1.0,2.5908392e-20,2.7464999e-13
17918,1.0,2.4907583e-28,9.673739e-19
122228,1.0,1.5012984e-22,1.06429605e-14
59924,1.0,7.329026e-18,7.2874675e-12
115468,1.0,1.842695e-22,1.15782365e-14
80843,1.0,3.4609936e-27,5.0386793e-18
50902,1.0,2.6826305e-29,7.707249e-20
81874,1.0,1.6060427e-24,4.950642e-16
76386,1.0,1.8192472e-23,2.2208323e-15
91106,1.0,2.7702873e-23,3.3629616e-15
27072,0.9999192,3.7453884e-09,0.0032653285
38820,1.0,1.5881802e-16,6.601116e-09
28325,1.0,2.1154985e-15,5.335028e-10
104896,1.0,5.9930875e-24,1.2303541e-15
91331,1.0,5.1686256e-26,4.6725325e-17
128052,1.0,9.8385565e-21,3.5156977e-12
14665,1.0,2.2565273e-16,3.2049783e-11
23801,0.994558,4.66845e-05,0.030847965
43495,0.9995788,1.4320501e-07,0.014223789
115560,1.0,2.3241257e-26,2.5003493e-17
111914,1.0,1.1492535e-26,1.6179102e-17
2110,1.0,9.624187e-28,6.53443e-18
5656,1.0,7.824833e-19,2.267551e-12
70449,1.0,1.050112e-15,1.8668048e-10
28406,1.0,1.4394171e-16,7.591036e-11
24609,0.001690507,2.7322594e-07,0.0011133978
34182,1.0,7.106398e-21,1.1560815e-12
72961,1.0,3.0728638e-19,1.4262366e-12
1994,1.0,3.18063e-27,2.9580683e-17
13525,1.0,2.933573e-23,3.1657967e-15
32455,0.9742604,0.0012923749,0.0017971051
96873,1.0,4.7343115e-15,5.2823856e-10
10455,1.0,9.629421e-13,2.3088582e-09
53079,0.9999505,6.76999e-09,0.0005097553
74950,1.0,3.413249e-23,3.0446565e-15
19081,1.0,2.3128424e-24,6.0654685e-16
97041,1.0,7.779692e-24,1.336954e-15
118822,1.0,1.1755736e-27,2.696702e-18
32598,0.99999905,4.3791075e-11,3.7575944e-06
32658,1.0,8.8184024e-17,9.552621e-10
20210,0.9915794,2.2958009e-06,0.054669496
80819,1.0,8.4824966e-29,5.132101e-19
111999,1.0,7.1224844e-23,5.940354e-15
97033,1.0,1.2909648e-23,1.9655906e-15
96998,1.0,1.0029539e-21,3.674338e-14
49646,1.0,2.1462573e-22,9.878375e-15
69346,0.91947895,7.9622566e-08,0.9227105
34166,1.0,5.0084763e-26,1.4496776e-16
71741,0.9998814,7.3099365e-08,0.00020649885
9820,1.0,2.3090341e-24,6.264408e-16
23900,1.0,1.0281058e-14,2.3438636e-08
49857,1.0,2.8349245e-22,1.2430641e-14
26059,1.0,2.0737302e-19,7.583301e-13
91957,6.464125e-05,3.693824e-10,4.7661008e-05
99329,1.0,5.458811e-23,5.187123e-15
20150,0.9968869,4.69235e-07,0.035416596
86665,1.0,1.2006204e-30,5.445957e-23
4261,1.0,4.4190322e-36,2.899603e-25
25997,1.0,1.9290342e-17,1.19420515e-11
75096,1.0,1.6485171e-26,1.8157514e-17
103800,0.99998426,5.599674e-10,3.940969e-05
62335,0.9999982,7.292991e-11,1.0473772e-06
116478,1.0,5.755056e-25,5.861787e-17
39632,0.99999964,8.941318e-12,2.2243435e-06
79756,1.0,1.8328863e-23,2.3356305e-15
128020,1.0,3.599835e-14,6.7322503e-07
116429,1.0,1.8854461e-27,4.6235405e-18
83152,1.0,6.385805e-20,4.787812e-13
58957,0.31321543,0.00013818094,0.32698217
41097,1.0,1.2692029e-28,1.0662689e-18
58894,1.0,3.1167486e-24,7.480517e-16
34938,1.0,4.9474136e-31,3.667997e-20
91223,1.0,1.0568384e-24,3.7873567e-16
36595,1.0,8.333968e-20,4.6450517e-12
58682,1.0,2.0191804e-27,2.526344e-22
85180,1.0,4.137384e-21,6.886109e-19
73232,0.0066486606,7.701572e-06,0.0023497068
91031,1.0,4.649171e-24,1.0317041e-15
70599,0.9999746,1.6162018e-09,6.266082e-05
91125,1.0,1.5532651e-26,2.0215027e-17
92193,1.0,4.1441564e-23,3.1871717e-15
127265,0.9999999,1.3364402e-13,3.1454815e-06
4249,1.0,1.312384e-33,1.2584269e-22
90025,1.0,4.1195873e-29,2.4296487e-19
16848,1.0,1.4654897e-25,8.2100654e-17
44388,0.99999964,1.3693875e-11,1.2313843e-06
88725,1.0,4.3117334e-26,4.1988773e-17
76248,1.0,4.5413255e-28,1.5708916e-18
8178,1.0,1.678028e-24,2.2480826e-15
79567,1.0,8.5731535e-23,5.6997444e-15
6069,0.00023535517,6.251063e-09,0.00015694689
54500,1.0,1.0433857e-26,1.5503537e-17
54231,1.0,1.0248833e-21,2.5469657e-14
94737,1.0,2.033236e-31,5.550833e-21
118723,1.0,1.2225436e-26,1.4963165e-17
109475,1.0,9.033102e-25,3.2125718e-16
38785,1.0,7.196969e-14,5.1078524e-07
28382,1.0,2.246683e-17,2.1703306e-11
89876,1.0,1.2689763e-34,8.378034e-24
53354,0.99492884,1.4235103e-06,0.30345654
70597,0.9867567,3.940205e-06,0.49056107
46019,0.776091,1.699846e-06,0.7249169
127136,1.0,5.703626e-19,8.485455e-11
11514,0.00080326915,6.684959e-08,0.00065590005
81748,1.0,4.0172995e-22,4.512751e-18
34955,1.0,4.1655224e-30,2.6664221e-19
69411,1.0,9.416109e-19,2.983825e-12
97083,1.0,9.317158e-22,2.8109117e-14
53126,0.9998808,3.0485253e-08,0.0020333456
72512,0.0035856664,1.587857e-06,0.00044336595
91281,1.0,3.398242e-24,8.193831e-16
26284,0.9999995,1.6630888e-11,2.2932595e-07
69341,1.0,4.0116467e-23,4.1244436e-15
81033,1.0,7.930786e-28,2.4410116e-18
45915,0.99939895,4.9666557e-08,0.06745267
86766,1.0,1.4548598e-28,2.628149e-19
114229,0.6737241,1.7222159e-05,0.68178993
119019,1.0,8.338611e-20,5.8939187e-13
44247,1.0,1.3523357e-13,1.6736759e-07
56762,0.16823684,0.00025554185,0.17893684
69213,0.99999976,8.470412e-12,3.4432236e-07
96935,0.99996233,8.453236e-09,0.00028035045
33954,0.004302931,1.0885309e-06,0.004705274
39554,0.99992096,1.47253525e-08,0.0020958001
55501,0.32725862,0.00012668339,0.34011057
115279,1.0,8.839927e-24,1.4487937e-15
63669,1.0,1.3310647e-17,1.489635e-11
115319,1.0,1.6970725e-21,4.8600535e-14
13350,0.7746443,0.0001265396,0.5643937
20104,0.9913223,2.428327e-06,0.054641515
58953,1.0,4.5963483e-20,3.806068e-13
88982,1.0,2.6649077e-26,3.0143752e-17
97031,1.0,3.291182e-21,7.53527e-14
28386,1.0,4.506749e-17,4.1319007e-11
103709,0.99998915,3.7155168e-10,2.1456486e-05
55886,0.0041552847,2.3453429e-06,0.0022361872
75002,1.0,2.2160397e-25,1.1181108e-16
38811,1.0,3.3748893e-14,6.308263e-07
32259,0.9998752,2.6282748e-07,1.3513949e-06
121660,0.9999994,3.239432e-11,4.9451203e-09
80780,1.0,4.8045043e-29,2.9890091e-19
1948,1.0,1.9468405e-27,1.192631e-17
37262,1.0,8.8899796e-23,5.091612e-14
117050,1.0,1.3882316e-13,1.72384e-10
58978,1.0,5.193516e-16,1.6059591e-10
966,1.0,3.703987e-23,3.3029645e-15
22215,1.0,3.2191135e-14,5.104891e-08
101306,1.0,5.7826197e-21,2.4965558e-17
41212,1.0,8.9072335e-21,4.60063e-12
80813,1.0,6.64901e-27,1.1215318e-17
72846,1.0,1.333972e-25,8.774846e-17
8145,1.0,1.8425844e-20,1.2184388e-12
9594,0.0026882486,7.4025945e-07,0.0018879115
79032,0.014993163,4.436933e-05,0.0047954055
108659,1.0,2.7867815e-22,1.4898429e-14
6338,0.99760926,2.9859924e-05,2.1250607e-05
86569,1.0,5.8532317e-31,1.3086817e-22
33435,0.06595759,0.00018577016,0.06721935
51954,1.0,1.207005e-20,1.6536075e-13
108305,1.0,1.922415e-25,1.1636851e-16
68290,1.0,1.2579825e-19,7.067443e-13
81953,1.0,8.503341e-26,6.5849546e-17
31034,1.0,5.1351035e-24,7.909357e-15
14643,1.0,5.510542e-19,7.0207674e-13
103910,0.9999995,4.0803992e-11,7.4573826e-08
37455,1.0,3.6529526e-23,3.408691e-14
26093,1.0,4.6844744e-16,7.3581585e-11
47449,0.99982244,2.5142052e-08,0.008817899
109538,1.0,1.5647081e-25,9.4076455e-17
69260,1.0,1.6145449e-16,8.595326e-11
121233,1.0,1.4502539e-22,8.374239e-15
80797,1.0,3.5230526e-28,6.284744e-19
69293,1.0,6.896884e-20,5.4847847e-13
59064,0.99886835,5.2595897e-07,0.022046397
87773,1.0,2.0017714e-19,1.1389096e-12
73660,1.0,1.17925615e-20,9.827699e-17
104944,1.0,1.0163991e-22,8.025795e-15
17899,1.0,5.2356945e-28,1.7697281e-18
94394,1.0,2.8393656e-27,5.192442e-25
28577,1.0,2.2877034e-16,1.0763181e-10
123303,1.0,6.0058833e-23,5.0480754e-15
10491,0.9970271,1.2957753e-05,0.024093267
128080,1.0,1.2375905e-13,1.2901006e-06
65871,0.8415818,1.8377383e-06,0.84769464
91088,1.0,4.061572e-21,9.117869e-14
91142,1.0,5.903412e-25,2.2132787e-16
116578,1.0,1.0527336e-25,6.838942e-17
47319,0.9899664,2.0144535e-07,0.72234267
44203,1.0,6.1093955e-26,3.2751596e-16
63431,0.99999285,1.1476292e-09,2.5038311e-05
90964,1.0,1.9459e-17,6.810081e-14
85541,1.0,4.0163417e-26,3.3719243e-17
46016,1.0,8.721993e-15,1.2840893e-07
102885,1.0,1.2974643e-27,3.6336435e-18
13733,0.0011252263,1.1222071e-07,0.0007627833
80078,0.0006371517,2.8457038e-08,0.00046518844
50762,1.0,4.5108632e-23,3.9095056e-15
95933,1.0,9.272592e-21,1.298756e-13
100814,0.001137475,1.0968429e-07,0.0007675103
117574,1.0,1.2184777e-28,5.7055186e-19
128281,0.9999999,7.880183e-13,4.095642e-07
67156,0.114685886,0.00015189043,0.1145304
34163,1.0,1.709033e-28,1.8679225e-18
23666,1.0,3.875859e-14,9.513174e-08
20577,0.79846877,7.0387505e-06,0.73302376
107289,1.0,2.2914467e-19,1.287053e-12
129926,0.0004955858,1.4767823e-08,0.00036476788
41433,1.0,5.2753833e-23,4.636275e-14
109508,1.0,3.932619e-28,1.5268937e-18
44447,1.0,2.8354926e-18,6.8477085e-11
74994,1.0,3.4701417e-27,6.990952e-18
98003,1.0,9.1777175e-21,1.2693481e-13
75191,1.0,1.8202726e-25,1.0696513e-16
37909,0.00025489728,4.2220236e-09,0.00023408895
64628,0.99998844,9.413962e-10,1.5037091e-05
92325,1.0,7.559632e-24,1.3834933e-15
66937,1.0,2.6733948e-22,1.3455092e-14
91368,1.0,1.6163358e-26,1.4734155e-18
8319,1.0,2.9337023e-19,8.168927e-12
85529,1.0,6.656395e-27,3.0357102e-18
10494,1.0,4.1545047e-32,6.888959e-23
76132,1.0,2.88829e-16,8.5786205e-11
50858,1.0,3.7911862e-24,6.374404e-16
88757,1.0,1.2137529e-24,4.2201243e-16
18911,0.00020154576,4.9488853e-09,9.453426e-05
65788,0.60320425,4.0220337e-05,0.61590874
44422,1.0,5.911374e-15,1.6038731e-08
96869,1.0,7.864521e-17,5.5935118e-11
49907,1.0,2.3729573e-20,2.6435112e-13
40405,0.9999968,2.6077582e-10,2.1292131e-05
44401,1.0,3.371271e-23,2.4758653e-14
100545,1.0,3.7698607e-22,1.9744103e-14
69409,1.0,9.857064e-16,2.6734723e-10
28521,1.0,2.2115063e-16,1.0632066e-10
17927,1.0,2.9964086e-33,1.9119003e-23
118926,1.0,3.2783445e-25,1.3123251e-16
101590,1.0,2.7967774e-25,9.421293e-17
33028,0.9999999,1.5282997e-12,2.3106026e-09
79851,1.0,4.734258e-22,2.1017088e-14
97072,1.0,3.8140572e-19,1.3922442e-12
69194,1.0,2.3122975e-15,5.295722e-10
20433,0.99698013,4.5806541e-07,0.03458709
128034,1.0,6.061299e-14,5.143507e-07
95985,1.0,1.9991409e-17,1.9677177e-11
37228,1.0,6.878497e-26,3.4414755e-16
117573,1.0,3.1388895e-27,6.0180773e-18
88933,1.0,4.751353e-23,3.4293683e-15
71636,1.0,1.16179135e-23,1.785163e-15
66016,0.6789341,1.866495e-05,0.68854934
19079,1.0,3.1488358e-32,2.2322484e-22
60022,1.0,9.179197e-19,1.8761047e-12
112006,1.0,5.758589e-26,4.8598148e-17
115335,1.0,5.538457e-22,2.3722903e-14
120993,1.0,4.048704e-20,2.4363012e-13
126742,1.0,1.1524278e-18,3.8007666e-12
86434,1.0,1.3938044e-26,1.0560564e-17
29580,1.0,5.2550663e-27,9.030172e-18
15799,1.0,6.4655276e-17,3.5644765e-11
89927,1.0,4.785299e-29,2.876268e-19
39693,0.9999697,1.5333452e-08,0.00011955183
115223,1.0,2.3430152e-26,2.551756e-17
108644,1.0,4.7636164e-25,2.1411613e-16
43486,0.89154583,2.26372e-05,0.78623044
52156,0.11975364,8.448768e-05,0.110285595
63490,1.0,4.020053e-14,3.4014e-09
92233,1.0,3.6324544e-24,6.9993646e-16
125597,1.0,3.062916e-19,1.4848487e-12
115464,1.0,3.7005918e-26,3.371667e-17
118965,1.0,8.106083e-27,1.22472444e-17
5406,1.0,0.0,3.0201937e-28
91276,1.0,1.2874578e-24,3.4658354e-16
37472,1.0,1.4973071e-21,4.0092653e-13
26121,1.0,7.5114584e-23,4.347681e-15
26216,1.0,2.8040437e-31,7.0491855e-21
91187,1.0,2.7112581e-24,7.332305e-16
59072,1.0,4.2454287e-15,7.5232076e-10
127255,0.99999964,2.2405647e-12,1.070358e-05
127952,0.99971455,3.7806593e-08,0.018121649
89990,1.0,3.6733028e-28,3.5165438e-19
62276,0.9999987,8.330288e-11,5.7453883e-07
116571,1.0,2.1967474e-26,2.5809196e-17
88798,1.0,2.6991418e-25,1.4220017e-16
30672,1.0,4.615446e-28,1.4487585e-18
109710,1.0,2.8061736e-23,3.0677168e-15
5437,1.0,1.0812446e-24,3.2844052e-16
42705,0.53473014,2.8632145e-05,0.5059534
125780,1.0,5.5950517e-21,1.2686777e-13
67180,1.0,4.274745e-15,4.7720744e-10
76069,1.0,4.247292e-22,1.7928892e-14
91355,1.0,3.1456324e-23,3.779017e-15
88822,1.0,4.1666955e-24,6.295143e-16
75057,1.0,3.9030245e-22,2.0183775e-14
27370,0.88213277,5.5662174e-05,0.14618088
61410,0.9999844,1.6834458e-09,3.1839514e-05
88842,1.0,4.5500195e-25,2.1262982e-16
112053,1.0,2.4644807e-23,2.7093376e-15
59981,1.0,3.841645e-13,1.04513616e-08
69254,1.0,2.081844e-14,1.7614251e-09
95843,1.0,5.319903e-23,4.928842e-15
128115,0.9999907,8.9789076e-10,0.00011449997
69418,1.0,2.868255e-14,2.866009e-09
122468,1.0,3.4102153e-24,7.652889e-16
107506,1.0,2.1463835e-19,1.231793e-12
1936,1.0,6.917987e-21,1.2057536e-12
94630,1.0,3.9282095e-29,5.022784e-20
84330,1.0,6.390224e-25,1.9144468e-16
76185,1.0,2.791639e-18,4.704371e-12
107249,1.0,3.5833816e-21,9.788354e-14
61084,0.99999833,9.356995e-11,1.4160456e-06
85497,1.0,7.9334045e-24,6.1183133e-16
8268,0.8671006,0.0017202902,0.31048727
14387,1.0,4.0249574e-28,1.3310895e-18
4299,1.0,1.4195841e-24,3.177507e-16
108311,1.0,2.1847323e-24,6.1001116e-16
6730,0.06936351,0.00020927681,0.07199917
114210,1.0,3.0186656e-18,6.4456092e-12
98133,1.0,2.884471e-15,1.343374e-09
26039,1.0,7.1196973e-20,4.134459e-13
22189,1.0,6.431209e-18,5.655055e-11
14590,1.0,1.9766537e-20,1.1089966e-13
65776,0.4405949,8.050332e-05,0.45519063
115368,1.0,2.426918e-25,1.2581283e-16
121321,1.0,2.082808e-26,2.1946553e-17
96924,1.0,2.0785396e-17,2.7924637e-11
69165,1.0,2.2062994e-23,2.843057e-15
10594,0.9999999,1.0568853e-12,1.8901098e-07
49742,0.5568589,0.0003229977,0.4926914
37530,1.0,7.178898e-22,3.6064072e-13
51856,1.0,9.0754154e-17,5.430722e-11
81015,1.0,4.938858e-29,3.4101847e-19
12381,1.0,3.834756e-28,1.1345785e-18
103954,0.99992836,3.2285543e-09,0.00048581482
107495,1.0,1.76393e-20,2.626769e-13
9656,0.988427,0.00045546461,0.0012777695
96833,1.0,7.725163e-23,6.6212083e-15
23706,0.9999999,1.9497615e-12,5.779267e-07
16445,5.334523e-05,2.176953e-10,3.5668934e-05
104762,1.0,1.0684333e-21,1.6649173e-18
93677,0.9999993,3.4662145e-11,2.5346066e-07
73850,1.0,4.898121e-23,5.005907e-15
127271,0.9999999,3.5099067e-13,8.402646e-06
84269,1.0,2.6277026e-23,2.4977682e-15
4539,1.0,1.0812261e-20,1.4473369e-13
111873,1.0,3.1493384e-18,5.9253583e-12
84474,1.0,2.865569e-26,3.0532136e-17
49594,1.0,5.838062e-18,1.6137607e-11
31820,0.9999399,5.5526275e-08,0.00018579281
73911,1.0,6.36305e-26,5.3533465e-17
54497,1.0,6.0464517e-25,2.2009358e-16
77217,1.0,2.9697064e-22,1.5168475e-14
30960,1.0,3.3936468e-22,1.2287982e-13
54172,1.0,1.6085451e-23,2.4627426e-15
88865,1.0,1.1308108e-25,8.0008125e-17
90580,0.9999982,2.4554508e-10,1.4037662e-08
73939,1.0,7.738015e-25,2.952478e-16
127864,1.0,3.7396705e-13,2.0105135e-09
75009,1.0,2.5928336e-22,1.5385173e-14
17956,1.0,7.9511426e-28,2.3473636e-18
103815,0.99999976,1.9151897e-11,3.8585295e-08
22402,0.99999857,2.7807243e-10,5.2660316e-09
84168,1.0,2.3602786e-23,1.7919312e-15
14439,1.0,6.537485e-29,3.4503565e-19
38741,0.66260356,2.5433128e-05,0.6558509
69452,1.0,3.3569485e-16,1.3765715e-10
96871,1.0,6.5530737e-19,2.2136123e-12
44243,0.9999021,6.842288e-08,0.00066995074
89407,0.00045464153,1.2589016e-08,0.00033490252
54316,1.0,3.8908904e-24,6.804466e-16
72622,1.0,9.74922e-15,2.391053e-09
108470,0.15691839,0.00021213418,0.16852863
45771,0.99379236,1.6925586e-07,0.61800116
86619,1.0,2.4946976e-26,4.8824257e-18
22209,1.0,1.0037194e-21,1.0556778e-13
35216,0.0009428378,1.2421772e-07,0.00034051941
114275,0.93886673,5.1365055e-06,0.82679325
126740,1.0,7.082552e-22,1.25355455e-14
43488,0.050948635,7.391627e-05,0.058089945
90123,0.9991091,1.1985179e-07,0.07146753
29720,1.0,2.246774e-27,5.05813e-18
84178,1.0,2.8066983e-23,3.3109497e-15
88770,1.0,1.4883976e-25,8.402614e-17
72849,1.0,5.088129e-17,3.4968337e-11
93526,1.0,5.6377735e-21,8.745136e-14
13517,1.0,2.7904809e-24,6.373091e-16
107344,1.0,5.676922e-28,1.3856514e-18
49606,1.0,1.6039039e-19,1.042868e-12
80662,1.0,7.1243446e-27,1.0604323e-17
36478,1.0,1.3830633e-26,5.8483416e-17
33042,1.0,4.4904338e-15,3.669049e-11
99154,1.0,2.5102533e-22,1.4154897e-14
86524,1.0,5.833052e-26,1.9421329e-17
78663,1.0,1.31455705e-20,2.001037e-13
39512,0.99999857,5.928368e-11,1.1119943e-05
12354,0.13354132,0.00021439389,0.14050697
111786,1.0,1.1461955e-22,7.958691e-15
112066,1.0,1.1386393e-21,3.327386e-14
107262,0.9996278,1.1112442e-07,0.011635795
47460,0.9893708,2.4364517e-05,0.1887171
50954,1.0,3.5382607e-27,4.34537e-18
109655,1.0,3.447085e-24,7.1561706e-16
59986,1.0,3.9086704e-15,3.4575925e-10
84222,1.0,1.4522676e-24,3.732994e-16
83284,0.10174086,0.00013530992,0.09885492
49584,1.0,9.830213e-24,1.1813844e-15
127184,1.0,2.5797853e-19,3.6408578e-11
28405,1.0,6.5743664e-16,2.2840133e-10
37556,1.0,6.044105e-23,6.3103324e-14
86428,1.0,3.8352407e-27,1.8588382e-18
17933,1.0,1.3751443e-28,6.77219e-19
120397,0.00071831694,4.462053e-08,0.00044189717
41135,1.0,1.2282974e-27,9.483885e-18
61175,0.9999999,2.7247642e-12,3.9888263e-08
5730,1.0,6.450514e-20,4.2176684e-13
33264,0.998741,5.968769e-08,0.1227721
109647,1.0,7.7102833e-26,5.061993e-17
62435,1.0,7.2971306e-13,1.1365703e-08
31083,0.27712244,2.0623718e-05,0.286032
63616,1.0,2.0228707e-22,1.0165662e-14
12274,1.0,1.975736e-18,3.948382e-12
6261,0.0044885613,2.9612827e-06,0.0020513583
103860,0.9999988,1.584119e-10,3.7119793e-07
114073,1.0,7.310458e-18,1.1400663e-11
5645,1.0,1.3881411e-21,3.7695883e-14
85287,1.0,2.2473833e-19,1.0303271e-12
130184,0.99999976,7.9037905e-12,2.973457e-08
69487,1.0,3.3095615e-22,1.639709e-14
44281,1.0,3.59834e-21,8.250379e-13
63565,0.1863458,0.00022074289,0.1999746
96812,1.0,4.1855754e-23,3.5375264e-15
19298,1.0,2.943011e-23,3.1838662e-15
5654,1.0,2.0025603e-17,1.5545485e-11
76289,1.0,1.7598294e-21,3.814285e-14
20212,0.9822134,5.519421e-06,0.07634231
42727,0.9331143,1.0406288e-06,0.86230886
29368,0.04917989,0.21504487,0.002844823
106149,1.0,3.6257345e-27,4.479409e-18
36454,1.0,1.6079843e-26,6.790305e-17
56802,1.0,1.2199201e-27,3.20124e-18
2232,1.0,1.2526693e-23,1.5488782e-14
91286,1.0,1.1002851e-23,5.300961e-16
41199,0.9999999,6.544275e-13,3.843212e-06
74903,1.0,1.4859807e-25,8.5959716e-17
104919,1.0,1.8747239e-27,3.998518e-18
73806,1.0,7.3077836e-25,2.596821e-16
80210,1.0,4.6219028e-17,9.43012e-13
128029,1.0,2.5748582e-20,5.611397e-12
93539,1.0,2.746873e-16,7.319301e-11
10523,1.0,3.3744448e-18,8.030328e-11
124772,1.0,8.914014e-25,3.1154777e-16
36962,0.99999976,6.979568e-12,3.455089e-09
26238,1.0,8.0551565e-13,8.800106e-09
4398,1.0,2.04319e-29,1.6932655e-19
66638,0.00011262768,8.527513e-10,0.000106870946
105188,1.0,3.1697186e-26,1.6402945e-17
88762,1.0,3.0961773e-24,7.380432e-16
16900,1.0,2.3072897e-25,1.11008684e-16
111801,1.0,1.3795279e-26,1.6710967e-17
66899,1.0,5.545596e-17,3.463855e-11
26009,1.0,4.8980704e-21,6.881794e-14
16654,1.0,9.406724e-37,3.0866673e-27
94787,1.0,2.9733146e-27,4.128089e-18
115525,1.0,1.0844848e-21,3.4327667e-14
85300,1.0,2.6409752e-25,1.3366932e-16
107525,1.0,1.4122965e-18,4.3458475e-12
10603,0.9999994,2.6841494e-11,1.6904082e-06
19083,1.0,8.939041e-25,3.156233e-16
19281,1.0,2.2471539e-25,1.1977424e-16
23710,1.0,2.6554417e-17,7.1258605e-10
14441,1.0,2.8869644e-26,2.2690595e-17
110710,1.0,1.1021136e-21,3.6163933e-14
89905,1.0,4.4814655e-23,6.919984e-16
29721,1.0,1.4203023e-27,3.4613398e-18
22200,1.0,3.086914e-20,3.04573e-12
82062,1.0,6.517581e-24,1.1680753e-15
58688,0.0007775953,8.087505e-08,0.00020874351
61316,1.0,5.59706e-13,1.1504088e-08
92382,1.0,6.484336e-21,1.3342856e-13
126790,0.7321037,1.5180208e-05,0.69824886
44378,1.0,3.6588993e-20,4.1731e-12
96853,1.0,1.173545e-25,8.031452e-17
107426,1.0,4.5266254e-20,4.801154e-13
112091,1.0,3.667569e-17,2.4745709e-11
102689,1.0,5.6720664e-23,3.6303514e-15
118915,0.9996345,2.7931232e-08,0.029440995
103713,0.9999993,6.452426e-11,3.1012326e-07
64528,0.9999777,3.504295e-09,5.39648e-05
26103,1.0,9.609772e-20,3.6363084e-13
73764,1.0,5.937631e-24,1.2164238e-15
85610,1.0,1.310072e-27,2.8597166e-18
76240,1.0,3.3520224e-23,2.569419e-15
85268,1.0,5.600977e-25,1.9016513e-16
44138,0.97761244,0.0014856396,0.0016392142
54455,1.0,4.070376e-24,7.244781e-16
72850,0.9991135,1.5066739e-07,0.057624247
67210,0.9999995,9.315588e-12,1.759677e-07
13281,1.0,2.0010131e-29,1.3495719e-19
59988,1.0,8.1276755e-13,1.8254202e-08
121044,1.0,1.2510883e-16,4.502939e-11
113058,1.0,1.2439644e-23,1.8378226e-15
91041,1.0,3.5085354e-24,6.969949e-16
113219,1.0,6.4273633e-24,1.2255762e-15
37190,1.0,1.21307124e-26,8.4356296e-17
105046,1.0,8.046595e-26,1.8601017e-17
52054,1.0,1.7153505e-19,1.0009862e-12
63627,0.99999285,9.944566e-10,3.685597e-05
47554,0.9944132,1.2747124e-05,0.09605905
68088,0.999992,4.76538e-10,3.7142281e-06
14551,1.0,2.191066e-25,8.342346e-17
25989,1.0,1.3216713e-21,3.0728597e-14
20342,0.9853507,5.328552e-06,0.07833849
44227,1.0,1.3779955e-21,6.855373e-13
12740,0.99999964,1.3769095e-11,1.0838447e-08
34152,1.0,6.870529e-25,1.2051264e-15
19069,1.0,1.552441e-27,3.66347e-18
79747,1.0,1.5215744e-24,4.792912e-16
45864,0.9999902,4.773585e-10,0.00028661106
66940,1.0,7.851084e-19,2.4594886e-12
128023,0.99999726,4.3750416e-11,0.00011558016
66942,1.0,7.396131e-16,1.9582759e-10
85530,1.0,1.7337957e-28,9.08975e-19
47414,0.48480675,1.2689645e-05,0.4673638
36576,0.9998276,1.0794776e-07,0.0020036919
2133,1.0,1.3493893e-30,2.8726807e-20
71378,1.0,1.1540074e-25,3.1853527e-20
13377,1.0,1.2430239e-25,8.251352e-17
37186,1.0,1.26198185e-26,1.07810645e-16
34176,1.0,1.4079874e-26,5.536654e-17
85603,1.0,4.3093472e-27,5.980704e-18
927,1.0,3.360009e-32,4.2008055e-22
37081,0.0047224844,2.7638648e-06,0.0031606953
93877,0.0005587781,2.0502153e-08,0.00041411095
19208,1.0,2.3412342e-21,5.980945e-14
29682,1.0,2.4048655e-24,6.6418474e-16
88768,1.0,5.2949196e-23,5.0532393e-15
49798,1.0,1.223118e-25,4.834464e-17
69709,0.0018826679,3.790914e-07,0.0011453556
93666,0.9999999,7.811768e-12,4.5468838e-08
14437,1.0,1.3427423e-26,1.2844111e-17
49595,1.0,1.4110659e-22,9.043389e-15
2263,1.0,1.8194534e-25,5.9913976e-16
72894,1.0,8.228321e-30,9.880649e-20
10481,0.9999981,1.3374037e-10,1.0263131e-05
77450,1.0,2.3517974e-28,8.675453e-19
80437,0.0001961346,5.079839e-09,0.00011989067
110717,1.0,1.2043911e-15,3.5540781e-10
72618,1.0,2.6799513e-21,7.21104e-14
127161,1.0,4.828727e-19,1.6322298e-10
90013,1.0,4.9855375e-29,1.9735128e-19
49642,1.0,2.8582464e-24,5.439374e-16
77206,1.0,3.1364427e-30,3.0144507e-20
59070,1.0,1.1555628e-17,1.412482e-11
51960,1.0,1.882147e-20,2.2454492e-13
85398,1.0,1.1130664e-26,1.0838005e-17
35642,0.99999917,4.8083624e-11,2.280365e-06
75232,1.0,2.1968352e-15,5.262374e-10
79844,1.0,6.711296e-25,2.6896777e-16
128453,0.00041814308,2.9025834e-08,0.00014373616
45843,1.0,1.7895657e-17,1.962873e-09
28451,1.0,1.5816693e-15,3.825878e-10
23928,0.99992263,4.2235072e-08,0.00060091313
49864,1.0,8.238733e-19,2.8672184e-12
2025,1.0,4.381317e-28,3.141575e-18
32538,1.0,1.8169251e-14,2.6557124e-08
90076,1.0,3.9361253e-16,4.506419e-11
64728,0.6157242,2.4420811e-05,0.62684387
38824,0.9999862,7.144737e-10,0.0004889822
14500,1.0,5.272131e-28,1.6357449e-18
67076,1.0,1.8427085e-15,3.3112613e-10
79521,1.0,4.6624762e-23,5.0824505e-15
13192,1.0,2.666616e-26,2.4564913e-17
93587,0.6136274,3.2934302e-05,0.6241833
109750,1.0,5.8831072e-34,1.1944166e-23
94680,1.0,2.181965e-26,9.453797e-18
122178,1.0,6.076122e-23,5.742366e-15
4586,1.0,4.217134e-22,1.7108065e-14
69412,1.0,3.5170955e-18,7.0294413e-12
41180,1.0,3.8789554e-19,5.5107537e-11
115470,1.0,2.2395635e-17,2.0990917e-11
13393,1.0,1.4659497e-23,2.1200225e-15
105146,0.10278768,0.00010277898,0.097694404
71459,1.0,1.5786209e-28,8.412194e-19
76343,1.0,3.371734e-23,2.757131e-15
117876,1.0,1.910176e-27,2.9441525e-18
61091,0.9999366,1.0161912e-08,0.00045384542
122234,1.0,3.4061086e-23,3.942183e-15
43427,0.9141157,6.7885972e-09,0.8820944
23849,0.99999917,3.8567358e-11,3.5566154e-06
65783,0.33734548,0.00013132024,0.35352376
23660,0.995352,1.9952542e-05,0.045623437
97079,1.0,8.58543e-22,3.2686534e-14
125365,9.17926e-05,5.8060706e-10,8.7029664e-05
85320,1.0,1.5356962e-26,1.554778e-17
90422,0.0010330736,9.042523e-08,0.0006965136
5813,1.0,1.058938e-22,6.103074e-14
84452,1.0,5.732625e-23,4.670149e-15
95832,1.0,8.016735e-23,5.057694e-15
79793,1.0,9.810166e-25,3.5957967e-16
108611,1.0,4.6361186e-24,9.968615e-16
44529,0.9568574,0.0012223469,0.11347949
16853,1.0,1.0970708e-15,7.2259515e-10
37320,1.0,2.3787044e-19,6.9877736e-12
96751,0.0005053867,3.6144456e-08,0.000189315
117811,1.0,1.3717749e-29,9.938372e-20
49930,1.0,3.7376565e-22,1.922635e-14
79560,1.0,3.076049e-22,1.7535264e-14
112495,0.0011158563,1.0018024e-07,0.0008176916
116715,1.0,1.7699784e-25,1.0694147e-16
9006,0.05243397,6.758174e-05,0.06048055
94637,1.0,5.163586e-24,7.2795197e-16
32594,1.0,4.9998544e-16,2.2328677e-09
109567,1.0,1.3610408e-24,4.154872e-16
17895,1.0,4.649925e-28,1.1367012e-18
14348,1.0,4.299762e-25,1.3069794e-16
76384,1.0,1.1496867e-20,1.08069607e-13
30929,1.0,4.0521988e-26,3.168127e-16
49920,1.0,9.023276e-20,6.2916713e-13
84170,1.0,2.9602237e-25,1.5528347e-16
88909,0.1342418,0.00020008901,0.141073
63667,1.0,1.7844874e-13,1.4969086e-08
108548,1.0,2.9493366e-24,7.2476554e-16
89916,1.0,1.7345212e-23,3.916624e-16
28548,0.10732746,0.000115104354,0.10389144
62774,0.0014174983,1.7573979e-07,0.00096922636
128032,0.99999857,1.2937409e-11,7.733127e-05
113596,0.9999999,8.680429e-13,1.3407093e-09
92343,1.0,1.382379e-24,4.0743693e-16
90135,1.0,1.9231813e-29,1.7065068e-19
56575,1.0,8.031759e-17,8.581058e-11
50767,1.0,2.6639144e-24,4.554157e-16
72592,1.0,1.411584e-20,1.816881e-13
79554,1.0,8.403436e-27,1.31735535e-17
71634,1.0,1.0861828e-20,7.686089e-14
19024,1.0,5.005817e-28,1.7604296e-18
114117,1.0,1.3559914e-19,8.731223e-13
6128,0.24390633,0.010165757,0.0027298566
124541,1.0,6.543568e-23,5.474453e-15
44424,1.0,8.8809954e-16,4.610757e-09
29632,1.0,1.3330569e-24,4.33415e-16
36519,1.0,3.4438837e-21,3.3278512e-13
7420,0.9999989,3.1629966e-11,8.779505e-06
98275,1.0,6.423159e-28,1.6548498e-18
126749,0.99999785,2.8466945e-10,2.0701573e-06
89042,0.14948353,0.00020247164,0.15979385
46083,0.99971694,2.538336e-08,0.024463259
96850,0.9994381,1.840343e-07,0.020289177
88787,0.9999769,5.4036358e-09,0.000113443835
14466,1.0,3.5908263e-28,1.2304462e-18
68323,1.0,2.096848e-25,9.976638e-17
19284,1.0,4.2256143e-25,1.7005892e-16
41100,1.0,5.1130405e-22,4.780512e-13
59124,0.95968616,1.2149196e-05,0.6939506
54505,1.0,6.0350613e-27,9.015509e-18
112912,1.0,1.3631562e-23,1.7593313e-15
88804,1.0,1.6720992e-23,2.459757e-15
29713,1.0,1.8225168e-25,1.1150227e-16
103746,0.99999976,1.1258775e-11,2.0398009e-08
91165,1.0,3.9931535e-25,1.8599748e-16
64309,8.850026e-05,5.8877136e-10,5.0256895e-05
28564,1.0,2.1977552e-17,2.4337865e-11
111703,0.00010477662,1.0979909e-09,7.958682e-05
107350,1.0,1.9192757e-21,5.871083e-14
72689,1.0,7.6030706e-24,1.1667393e-15
127983,1.0,6.376134e-15,2.9190225e-08
105088,1.0,3.1332848e-23,3.815302e-15
17857,1.0,9.411089e-25,3.24296e-16
96897,1.0,4.4776595e-21,9.2555744e-14
18102,1.0,1.57034e-26,1.8969407e-17
2167,1.0,6.1814512e-21,1.910493e-12
57923,0.77407014,6.0868742e-06,0.78120184
36567,1.0,2.3500892e-24,2.2927456e-15
102834,1.0,1.0596482e-24,3.6519346e-16
63638,1.0,1.4049042e-16,6.2307014e-11
80817,1.0,2.2466027e-27,5.0844782e-18
92341,0.37469578,8.960027e-05,0.38475025
18106,1.0,2.0372794e-25,1.1253123e-16
88928,1.0,4.48557e-23,4.4803215e-15
95876,1.0,1.6813968e-26,2.0457685e-17
45856,0.99999535,6.430214e-11,0.00032180786
43403,0.9987966,7.711411e-07,0.035768837
51061,1.0,6.4780273e-22,2.3009038e-14
71492,1.0,4.9768496e-23,4.808352e-15
89293,0.0005346564,1.8387057e-08,0.00039681175
90098,1.0,4.1922802e-26,2.385122e-17
61286,1.0,9.206697e-14,2.9733194e-09
103898,0.99999833,1.0009013e-10,1.3312633e-06
72724,1.0,8.798367e-19,2.9420845e-12
71605,0.6927251,1.627122e-05,0.70289856
77409,1.0,1.638135e-27,4.045034e-18
37293,1.0,6.0915295e-24,8.599424e-15
2220,0.973175,6.0973663e-05,0.38351044
45878,0.806566,2.5261706e-06,0.7490524
110800,0.9531077,6.2999703e-09,0.9546452
93426,1.0,1.2611908e-21,3.8884694e-14
103947,0.9999981,7.8597163e-11,1.7323594e-06
9870,1.0,3.7164638e-19,1.1362413e-11
117543,1.0,3.1866206e-25,1.6119107e-16
41395,1.0,1.6653138e-15,1.3515938e-08
103988,0.9999502,3.3050038e-09,0.00054456247
19202,1.0,1.0060346e-21,3.5167605e-14
9715,1.0,5.9631054e-22,7.661222e-14
47930,0.99999917,1.2560103e-10,3.3006946e-09
112124,1.0,1.432786e-19,8.002263e-13
32659,1.0,1.23776734e-17,2.770507e-10
98038,0.99984336,4.082056e-08,0.0023706506
41232,1.0,2.0020516e-29,2.3584023e-19
85575,1.0,9.142107e-22,3.662115e-14
5511,1.0,2.5916384e-21,4.5686555e-14
12582,0.51584905,0.024833037,0.006799154
47389,0.99998033,2.989918e-10,0.0024842469
40336,0.9999999,1.9366668e-12,8.0819206e-07
89008,0.99991786,2.8702228e-08,0.0005477828
14455,1.0,2.26901e-30,3.675238e-20
43501,0.9571954,0.00017259295,0.4041933
70970,1.0,7.749859e-14,3.5311448e-10
108270,0.00050142035,2.6957851e-08,0.0002132701
82059,1.0,8.678254e-22,3.358284e-14
46778,1.0,1.1711309e-16,2.6713744e-12
8613,0.0028024684,9.691277e-07,0.001495063
72722,1.0,1.3839362e-23,1.9932337e-15
26023,1.0,1.1188036e-28,5.8649344e-19
47509,0.9980186,2.1829626e-06,0.04502723
69050,1.0,7.845249e-26,1.7902586e-21
123441,1.0,1.2921832e-21,4.388725e-14
26022,1.0,1.4369e-22,7.381872e-15
89812,1.0,4.652238e-25,9.207827e-24
113260,1.0,3.4412524e-16,1.2512902e-10
95798,0.14706284,0.00024583476,0.15697311
92481,1.0,6.1926586e-22,1.6957972e-14
103710,0.21420664,0.0001225628,0.22210723
91179,1.0,1.8485518e-23,2.4265783e-15
49677,1.0,5.612413e-20,4.350058e-13
17854,1.0,2.288047e-21,4.9598526e-14
550,7.22283e-05,3.8294698e-10,6.606046e-05
37331,1.0,2.1196651e-24,3.8011955e-15
41185,1.0,1.4703289e-16,1.685457e-09
57616,0.3214815,0.0006309046,0.30143365
31866,0.09445527,0.00028210747,0.09472332
102801,0.80696255,2.548267e-06,0.8118046
90039,1.0,1.0608219e-30,1.3167102e-20
43292,0.0039124647,1.67092e-06,0.0028766226
76425,1.0,3.8393462e-16,9.563482e-11
14541,1.0,1.095894e-25,5.4876618e-17
54307,1.0,6.2760314e-24,1.2315798e-15
28359,1.0,1.654468e-14,2.0101762e-09
111950,0.14609341,0.00017422739,0.15639298
19324,1.0,5.0432622e-23,4.784913e-15
107330,1.0,1.4955781e-20,2.5424384e-13
83298,1.0,3.9200717e-26,3.8533418e-17
84369,1.0,3.5469013e-24,7.7910096e-16
33750,0.0017729696,3.0381474e-07,0.0011362907
44433,0.9682589,0.0011075421,0.07949224
96803,1.0,1.6825743e-22,9.533958e-15
88912,1.0,3.3163228e-22,1.678075e-14
49555,1.0,2.8542556e-26,2.0599269e-17
75059,1.0,7.510248e-25,2.9467845e-16
5874,0.9999901,2.2257414e-09,4.533972e-05
74032,1.0,1.4051097e-21,4.3216238e-14
29454,1.0,2.7514598e-28,1.1887377e-18
113095,1.0,8.708464e-22,2.8081194e-14
109456,1.0,6.945986e-22,2.8540663e-14
65979,0.5088536,6.0847844e-05,0.52058226
75060,1.0,8.795584e-26,6.712834e-17
127238,0.99998903,2.536649e-10,0.0007485838
114276,1.0,2.2751719e-23,2.8472468e-15
8222,0.06627507,5.2560015e-05,0.07848628
112925,1.0,2.9327435e-24,6.9423254e-16
107453,1.0,4.4515704e-20,1.9265308e-13
36578,1.0,1.2887156e-24,1.6281398e-15
5743,1.0,9.824225e-22,2.8818765e-14
114388,0.38469335,9.757275e-05,0.3970538
26004,1.0,2.871133e-22,1.0048531e-14
86754,1.0,6.77301e-36,8.864675e-25
19125,1.0,3.8034975e-25,1.7706753e-16
89085,1.0,1.1236725e-18,6.378321e-12
83027,1.0,6.6305324e-23,3.55018e-15
72609,1.0,9.714734e-22,3.515372e-14
8933,1.0,6.7935715e-24,3.4156337e-15
117685,0.16634563,0.0002198261,0.17759407
29494,1.0,5.9716633e-30,3.8668535e-20
27229,0.9998895,5.3273745e-09,0.0047917524
13203,1.0,1.1042587e-23,1.7284252e-15
41157,1.0,1.9826736e-19,4.9114636e-11
84136,1.0,1.7095647e-24,5.0298315e-16
114305,1.0,7.513996e-19,2.5944696e-12
29724,1.0,5.15968e-27,9.180252e-18
72687,1.0,4.1516892e-30,6.337948e-20
43448,1.0,1.6894533e-14,3.0049463e-07
93376,1.0,2.6201998e-20,2.1132019e-13
68133,1.0,3.1090914e-23,2.7691366e-15
18005,1.0,6.502249e-27,1.0779785e-17
25959,1.0,1.563815e-15,1.7188366e-10
87865,1.0,5.277023e-27,8.7769504e-18
129481,0.99909174,3.197376e-08,0.18310691
37184,1.0,1.1291862e-13,8.003474e-08
80941,1.0,1.367676e-25,3.1478388e-17
5625,1.0,5.8024276e-18,8.404527e-12
82022,1.0,1.4839938e-23,1.8890283e-15
115236,0.99999475,4.058714e-10,6.5480513e-06
1997,1.0,3.1600375e-25,1.5203572e-15
15638,1.0,8.889571e-16,2.864199e-10
27362,0.9999362,1.0832448e-09,0.0037562186
49792,1.0,5.063335e-21,9.23253e-14
54166,1.0,7.7128434e-26,5.1951376e-17
114068,1.0,8.5962755e-30,1.0410598e-19
107216,1.0,1.1169458e-18,3.4430388e-12
93441,1.0,1.9505906e-16,6.884298e-11
60877,7.388237e-05,3.475564e-10,7.707022e-05
13524,1.0,9.983859e-27,1.4074192e-17
129622,0.9998714,4.151781e-09,0.018655559
28378,1.0,9.636457e-28,2.2307802e-18
36166,0.99999106,3.55225e-09,8.8871815e-08
121126,1.0,4.0756018e-29,2.923681e-19
34956,1.0,5.786894e-31,5.743951e-20
37159,0.9998692,4.1618367e-07,1.17249165e-05
60213,0.9999192,1.4028775e-08,0.0006520126
81035,1.0,1.4312563e-27,2.542883e-18
23963,0.9961499,1.5032688e-05,0.03821869
78640,1.0,5.915417e-21,1.08971026e-13
94839,1.0,1.6626622e-28,3.2927928e-19
4540,0.17280462,0.00023369823,0.1830708
85560,1.0,6.6056725e-21,1.296709e-13
43416,0.99998736,7.297597e-11,0.0029205615
101586,1.0,2.2310872e-25,1.2761338e-16
85291,1.0,1.4570495e-26,9.299634e-18
37261,1.0,2.4014852e-22,8.5450486e-14
97057,1.0,1.9001218e-23,2.4971584e-15
124643,1.0,3.1246447e-22,1.6486028e-14
49791,1.0,2.9291997e-24,5.8785177e-16
42749,0.8406159,1.7301701e-07,0.7940407
68141,1.0,3.483487e-18,6.350099e-12
71736,0.9783327,2.650319e-06,0.68975276
114069,1.0,4.019902e-24,8.6592983e-16
67185,1.0,3.209017e-14,1.3860674e-09
54450,1.0,7.3022155e-16,1.346187e-10
75008,1.0,2.2622854e-23,2.9434945e-15
34851,1.0,3.3052712e-30,8.702528e-20
42638,0.8916922,4.4004725e-08,0.8478574
124728,1.0,1.3299745e-23,1.8524771e-15
19159,1.0,6.500838e-26,5.1994797e-17
28537,1.0,7.214912e-16,2.3757638e-10
92323,1.0,9.953419e-23,8.08649e-15
102701,1.0,2.888851e-24,6.116959e-16
69256,1.0,1.7182225e-15,3.8269507e-10
36545,1.0,5.7331876e-25,6.9273256e-16
26136,1.0,8.189948e-18,6.7528014e-12
17940,1.0,7.821465e-33,1.3618886e-22
91242,0.99862695,1.4095741e-07,0.15134116
14656,1.0,7.9047665e-24,7.4506993e-16
78552,1.0,6.740288e-25,2.689698e-16
49661,1.0,1.5162824e-19,9.495276e-13
10503,0.99999833,1.265253e-10,6.9823573e-06
121216,0.9999994,5.7755946e-11,8.34267e-08
71540,0.9979924,2.5142106e-07,0.17976648
16890,1.0,8.072957e-23,5.981352e-15
107489,1.0,6.556293e-21,1.0917074e-13
37249,1.0,6.404602e-24,9.493746e-15
125632,1.0,2.8918438e-21,6.286774e-14
35724,1.0,6.9133648e-15,7.968102e-09
18975,1.0,1.2708985e-28,6.223764e-19
23661,0.9850463,4.3159624e-05,0.22373407
109781,1.0,1.8399258e-24,4.2802092e-16
47299,0.9999956,3.8198167e-11,0.00046705484
84322,1.0,1.8949253e-22,1.2663104e-14
113251,1.0,6.7624554e-27,1.0983678e-17
32181,0.0018844834,3.8014778e-07,0.0011052281
128216,1.0,6.428325e-15,2.0410582e-08
128207,0.8104608,1.699971e-07,0.7672877
8250,1.0,1.7381071e-20,1.0786023e-12
23685,1.0,2.7100934e-14,8.6144915e-08
91270,1.0,5.848962e-26,5.0434893e-17
5863,0.99952066,3.3977128e-07,0.008946993
96845,1.0,7.5835595e-21,1.3909216e-13
20348,0.9853366,4.441951e-06,0.06700422
42413,0.0039523593,1.7993099e-06,0.0027132763
43566,1.0,1.2116958e-14,7.63257e-08
45851,0.9615176,9.691613e-08,0.9051078
21312,1.0,8.425477e-22,3.8841055e-13
71728,1.0,3.674981e-15,4.710724e-10
10609,1.0,8.0732383e-22,1.0592397e-13
90196,0.23337156,0.00021514544,0.23687758
39598,0.110327624,0.00013239247,0.123290025
92423,0.9998356,3.915586e-08,0.002934098
89898,1.0,1.3063093e-27,2.588629e-18
118778,1.0,7.705899e-27,1.1463908e-17
49805,0.9999999,1.9729854e-12,1.6600116e-07
16903,1.0,7.596608e-16,6.9602724e-10
32566,1.0,1.3360852e-18,5.120428e-11
1108,1.0,1.0491704e-16,2.9129612e-11
55252,1.0,5.4664267e-27,2.3461044e-23
70292,1.0,1.2237822e-15,2.9834923e-10
45911,0.9965519,2.5579598e-07,0.37450027
109609,1.0,3.5892944e-27,6.520958e-18
43158,1.0,1.3036788e-15,4.5998955e-11
47398,0.9975465,1.0616332e-06,0.11739603
88989,1.0,9.138751e-24,1.6819579e-15
23629,1.0,1.5775658e-15,6.752065e-09
109719,1.0,1.409201e-27,3.362533e-18
114181,1.0,1.4889675e-22,1.05751725e-14
109626,1.0,2.5776065e-30,3.0280736e-20
82067,1.0,3.1886391e-25,1.55383e-16
80976,1.0,9.506512e-28,2.7311039e-18
112852,1.0,5.1968687e-22,2.0322036e-17
92235,1.0,6.663238e-24,1.2016009e-15
107797,0.0013057044,1.448617e-07,0.00093135284
82900,1.0,2.4667098e-23,1.4768134e-19
52004,1.0,5.6245534e-24,1.0906157e-15
86522,1.0,8.477542e-30,1.4899747e-20
4349,1.0,4.2138154e-25,1.0656111e-16
60470,0.0015213703,2.0648581e-07,0.001051442
51050,1.0,5.0546038e-24,9.038798e-16
49558,1.0,1.3499927e-21,3.576866e-14
66040,0.30177048,0.00014406357,0.31694007
77488,1.0,5.921594e-24,1.1567768e-15
18950,1.0,2.1108274e-26,1.9133655e-17
14501,0.99627554,1.8983957e-06,0.1459886
66037,0.84924847,1.3393063e-06,0.85601586
64733,1.0,4.9677894e-13,1.922604e-08
121189,1.0,2.2791781e-14,1.5151279e-09
30739,1.0,1.0982695e-28,5.701059e-19
72854,1.0,2.1571547e-17,8.156737e-12
128166,0.9999894,5.0046595e-10,0.00033417757
60216,0.99999976,1.3446876e-11,8.6480426e-08
95834,1.0,5.6400234e-24,1.0809981e-15
63568,1.0,1.9544185e-24,4.7329004e-16
113180,1.0,3.663816e-20,3.6148433e-13
58831,1.0,3.7707045e-17,2.960482e-11
47304,0.9122944,0.00012925731,0.65758127
101688,1.0,1.1455791e-22,8.588409e-15
45950,0.99948055,1.9752676e-08,0.09701627
18041,1.0,1.0431985e-19,6.0124247e-13
47253,0.9485695,1.2389659e-08,0.90694505
77317,1.0,7.641498e-27,9.643456e-18
76325,1.0,1.8917813e-17,1.3925237e-11
88839,1.0,2.3455192e-26,2.580506e-17
124488,1.0,1.1929647e-22,9.292485e-15
89887,1.0,5.3400065e-25,2.2609387e-16
8263,1.0,3.1438495e-20,1.335279e-12
104861,1.0,7.0575165e-24,1.0630985e-15
56378,1.0,3.8455558e-26,1.4109482e-21
70643,0.99992657,1.1996243e-08,0.00048746853
102564,1.0,3.2775523e-20,3.5302368e-13
102839,1.0,5.7079644e-24,1.1836083e-15
80717,1.0,2.3372038e-26,2.7067105e-17
85275,1.0,3.6218004e-24,8.424443e-16
72802,1.0,4.219355e-22,1.7995804e-14
117587,1.0,5.2331824e-34,6.938194e-24
61279,1.0,9.813145e-13,1.5784442e-08
37421,1.0,5.9508058e-24,9.86591e-15
72879,1.0,2.448836e-26,2.7467146e-17
96905,1.0,8.9778815e-21,1.4627394e-13
118918,1.0,5.0065088e-26,4.624989e-17
44273,1.0,3.5362088e-20,5.8467723e-12
44512,0.98734933,1.9640365e-05,0.18680477
115317,1.0,1.2003747e-20,1.6851032e-13
117667,1.0,1.282722e-24,1.7264804e-16
72651,1.0,1.895591e-29,1.8311777e-19
38831,0.99991524,2.2422325e-08,0.0016483322
104998,1.0,7.8443766e-27,6.2349587e-18
37506,0.25164142,0.0004376889,0.24010256
80909,1.0,4.311076e-26,4.1705745e-17
71751,0.99949646,1.6331506e-07,0.005204695
106005,1.0,9.412188e-28,2.4956405e-18
106337,1.0,1.623633e-20,1.8804135e-13
5945,0.99327093,6.115698e-05,0.03902606
109458,1.0,8.5179185e-26,6.024328e-17
118777,1.0,1.34917e-27,2.9616462e-18
22111,1.0,6.6643095e-23,2.6997132e-14
80991,1.0,3.546038e-30,5.224882e-20
123447,1.0,5.33873e-15,2.5642555e-10
86674,1.0,6.398187e-29,1.1512101e-19
76621,0.0006137041,2.8114561e-08,0.00042001327
45747,1.0,1.0578363e-21,1.1167958e-12
96816,1.0,2.8762525e-22,1.5539561e-14
14674,1.0,2.1044006e-21,2.000746e-14
37378,1.0,1.3660497e-24,3.0720847e-15
95572,1.0,2.7079259e-27,1.2759643e-22
90254,1.0,8.396863e-28,2.669874e-18
128247,0.9999999,8.585437e-13,3.335942e-06
118675,1.0,1.1438425e-27,2.348949e-18
91706,1.0,4.5859616e-13,3.55538e-10
27272,0.9998491,3.5470638e-09,0.0075297784
105042,1.0,4.3704543e-26,2.3387306e-17
82051,1.0,9.331437e-26,7.014195e-17
114364,0.14995928,0.00023582217,0.15899898
1069,1.0,1.1365184e-19,5.4041504e-13
69686,0.0016908095,2.8533242e-07,0.0010656406
125837,1.0,8.1294214e-22,2.9249823e-14
106193,1.0,7.507433e-27,1.2007062e-17
28310,1.0,6.0941374e-15,3.5828018e-09
41368,1.0,1.1058755e-19,1.5724082e-11
111980,1.0,7.8468764e-23,6.2727093e-15
28517,1.0,6.9363433e-16,2.4422883e-10
15745,1.0,1.9106377e-17,1.6417957e-11
115572,1.0,5.7405095e-21,1.01144136e-13
103701,0.9998729,4.9315094e-09,0.0014417871
124528,1.0,1.4504022e-16,6.7897805e-11
50704,1.0,4.2067228e-22,1.7031132e-14
78504,1.0,5.8383564e-24,1.1550527e-15
65972,0.82258624,2.3794407e-06,0.83037806
70637,0.99467695,6.438875e-07,0.41426387
28301,1.0,5.1230742e-15,9.751068e-10
86425,1.0,6.7026346e-29,3.9217757e-19
109762,1.0,1.2675403e-25,8.216958e-17
71738,0.31016546,0.00013011914,0.32085595
2260,0.96711296,0.0001926172,0.2971939
36444,1.0,5.9953116e-22,1.5041744e-13
28317,1.0,6.7508685e-16,2.2559658e-10
92238,1.0,2.7264326e-16,4.4245788e-11
54230,1.0,1.4023819e-24,3.742119e-16
41158,1.0,8.9735985e-14,5.16961e-07
10533,1.0,1.0129539e-15,3.5722663e-09
80658,1.0,1.2429089e-27,3.2358265e-18
120995,1.0,1.0044191e-16,3.6732156e-11
127303,0.999995,1.2389054e-10,0.00019825641
116564,1.0,5.7981554e-26,4.9487136e-17
111864,1.0,6.3426304e-23,5.564376e-15
28567,1.0,3.9482198e-14,8.4615275e-09
13287,1.0,1.00716765e-28,5.5704385e-19
75063,1.0,6.880646e-27,1.0178684e-17
87867,1.0,1.0986458e-22,7.608386e-15
41381,1.0,3.6151402e-28,3.3818285e-18
82516,0.9999999,8.6793187e-13,7.0275846e-10
2006,1.0,5.171836e-28,4.8571247e-18
41750,0.00026245645,8.720407e-09,0.00010354629
10545,1.0,6.636634e-15,9.157717e-09
84162,1.0,7.180687e-27,1.16967044e-17
38783,0.99999416,5.724687e-10,4.963249e-05
47932,0.9999999,2.488898e-12,3.0400568e-10
129551,0.9999937,9.063629e-11,0.0004882274
93670,0.939522,1.8860896e-05,0.69907665
12331,1.0,4.384539e-15,3.6684217e-10
114223,1.0,3.8086076e-25,1.4748396e-16
34931,1.0,7.0708336e-30,4.6954163e-19
79800,1.0,2.0935092e-23,2.7882165e-15
99251,0.9979165,5.1146714e-07,0.13886029
76076,0.99999547,3.06838e-10,7.210288e-06
50769,1.0,1.0687075e-19,7.652434e-13
2175,1.0,2.226582e-24,4.779987e-15
71444,1.0,8.93554e-23,7.172327e-15
44393,1.0,3.956324e-25,9.45781e-16
55362,1.0,2.0424763e-26,1.564046e-17
120374,0.0004535027,1.4790939e-08,0.0002885949
90233,1.0,7.647137e-32,2.4776707e-21
26024,1.0,4.3061524e-15,3.5481107e-10
19187,1.0,2.9274317e-26,2.893968e-17
107186,1.0,7.4256545e-21,1.2196984e-13
44452,1.0,8.818653e-21,1.1855396e-12
118817,1.0,1.7657155e-26,1.3552378e-17
45779,0.99999607,2.3558537e-11,0.0005301337
24957,0.0029229745,9.0365035e-07,0.0020282816
5935,1.0,2.7543978e-15,6.497734e-09
49772,1.0,3.5521567e-23,2.920566e-15
66851,1.0,3.3367204e-19,1.484421e-12
128242,1.0,1.8029284e-16,2.8373883e-09
41076,1.0,1.6798315e-27,1.2028104e-17
77202,1.0,1.5671794e-27,3.8675065e-18
122291,1.0,9.1069113e-23,7.3429735e-15
84365,1.0,8.687423e-23,7.314681e-15
13292,1.0,4.3679712e-26,3.6452797e-17
83741,0.00010858852,8.093731e-10,9.895683e-05
127925,0.9998424,2.6259942e-08,0.006498815
32442,0.7427857,0.031869188,0.012601367
84278,0.11793004,0.00014241393,0.11611209
65968,0.34098223,0.00011762867,0.35512373
120990,0.99999976,3.825816e-12,6.5299396e-08
117824,1.0,9.929355e-27,1.4092082e-17
41778,0.9999994,6.4230433e-11,3.1470169e-09
56623,0.784267,7.156484e-05,0.63696164
5969,0.99998593,3.943902e-09,6.614247e-05
72955,1.0,2.2664056e-23,2.649394e-15
27262,0.8956655,5.2843367e-05,0.14277178
91104,1.0,1.1708321e-23,1.8002559e-15
110719,1.0,5.625482e-22,2.3735257e-14
87668,1.0,1.3151858e-25,8.1311166e-17
110867,1.0,2.1309386e-20,2.0685142e-13
99093,1.0,3.1815044e-19,1.4095451e-12
61287,0.99999785,1.2940575e-10,1.927324e-06
28273,0.9999999,1.3283848e-12,1.0054509e-07
102736,1.0,4.6116536e-24,9.87675e-16
119606,0.0009021066,7.271653e-08,0.0006243778
76261,1.0,2.9311133e-15,3.1940872e-10
102880,0.99999416,1.3286554e-09,4.4841436e-06
27421,0.9997304,1.176518e-08,0.011808468
99443,1.0,8.220758e-23,6.9894694e-15
44210,1.0,7.3948345e-23,5.095294e-14
29708,1.0,1.5853783e-30,1.318761e-20
81958,1.0,9.518864e-25,2.254488e-16
2602,0.00018350738,4.786023e-09,9.540808e-05
36559,1.0,1.3968732e-22,3.761207e-14
29516,1.0,2.8142603e-28,1.1944697e-18
108357,1.0,8.86206e-20,6.614474e-13
39584,0.9999678,1.2075788e-08,0.00020047418
28262,1.0,4.5441502e-13,3.6841737e-08
71453,1.0,1.4370001e-20,1.04697304e-13
8291,0.99990237,9.7493285e-08,0.0004375283
49693,1.0,1.426111e-20,1.7494684e-13
103958,0.9999988,1.2437876e-10,5.5044904e-07
36583,1.0,1.09242255e-23,6.7875922e-15
49710,1.0,4.0573294e-21,5.7821776e-14
107173,1.0,3.7043888e-20,4.5431272e-13
61226,0.99999964,1.3700695e-11,2.0817735e-07
93620,1.0,7.790538e-15,4.5285828e-10
72838,1.0,2.4012032e-13,2.130399e-08
102746,1.0,4.2960982e-21,8.050283e-14
71690,1.0,1.1550004e-29,1.3116775e-19
123474,1.0,8.471524e-24,1.5307975e-15
44508,1.0,1.507152e-21,3.1722433e-13
2206,1.0,1.11839455e-27,1.4079024e-17
50773,1.0,5.9382263e-22,2.3720595e-14
88773,1.0,3.9784827e-24,9.429351e-16
298,0.9997855,3.915139e-07,1.0101021e-05
107205,1.0,7.715982e-21,1.6132543e-13
74042,0.12525903,9.8422104e-05,0.11807376
91365,1.0,2.7791958e-26,3.1027383e-17
41099,1.0,4.3174943e-26,2.5381657e-16
109510,1.0,4.026895e-34,2.1546811e-23
36589,1.0,1.4954489e-25,3.5094462e-16
126890,0.9999999,6.410874e-12,2.0538748e-08
95847,1.0,1.3642033e-21,3.788372e-14
5650,1.0,1.4784076e-13,4.1107753e-09
36435,1.0,5.1758328e-24,3.9698596e-15
49560,1.0,2.7775536e-18,8.260587e-12
113208,1.0,3.2337345e-22,1.5697836e-14
75138,1.0,6.154971e-24,1.1233699e-15
25926,1.0,1.5235294e-27,3.606412e-18
42029,0.0008734147,5.6928325e-08,0.00064670236
123282,1.0,3.1144552e-24,7.597825e-16
57530,1.0,3.037163e-30,4.493988e-27
99028,1.0,8.4385735e-21,6.002489e-17
95782,1.0,1.1717188e-27,2.653557e-18
76250,1.0,8.544197e-22,2.3687908e-14
28566,1.0,2.6222994e-20,2.8742696e-13
2189,1.0,4.4491968e-26,1.292566e-16
102888,1.0,1.9224793e-27,4.6934133e-18
19239,1.0,1.2923426e-26,1.6824503e-17
5704,1.0,2.0978273e-22,1.0093518e-14
19216,1.0,1.1643719e-26,1.6189412e-17
72958,1.0,4.1855288e-30,5.0619082e-20
129573,0.99996555,1.2208321e-09,0.0027346862
58599,5.0117385e-05,1.7785809e-10,4.4909146e-05
97953,1.0,5.9336073e-22,2.5416664e-14
129555,0.9998864,2.167185e-09,0.02306418
124536,1.0,3.28403e-23,2.2830403e-15
29621,1.0,6.4448102e-27,1.01992064e-17
88755,0.9999757,1.8451136e-08,7.349455e-06
111947,1.0,9.118258e-20,6.177186e-13
69496,1.0,3.1810153e-14,2.3957687e-09
10509,0.99999,1.5405618e-09,7.6363314e-05
90115,1.0,1.9593309e-31,4.418156e-21
40186,0.0027232778,7.6380593e-07,0.0019116637
60078,1.0,1.6055567e-19,5.534459e-13
19021,1.0,3.1487127e-26,2.9970957e-17
23762,1.0,1.7138031e-16,1.1824994e-09
63590,1.0,1.4031353e-18,3.4205544e-12
34189,1.0,2.0689899e-26,7.319586e-17
121319,1.0,4.2970346e-20,3.3858517e-13
39623,0.99997056,1.3846994e-08,0.00011966429
117720,1.0,1.6554718e-29,1.3746734e-19
66835,1.0,8.393443e-19,2.5209563e-12
1224,0.9568071,0.00020133257,0.38536546
114799,0.00012236836,3.7036796e-10,8.758314e-05
10640,1.0,3.3213837e-24,3.4177062e-15
32834,0.998492,8.597618e-06,5.2156715e-06
60124,0.99999714,2.0844389e-10,2.9761943e-06
102128,0.0005164128,1.4350287e-08,0.00043497348
109478,1.0,5.3156357e-26,4.607855e-17
121315,1.0,1.4941833e-17,1.3839659e-11
70534,0.9999999,1.2867291e-12,1.7956907e-08
127165,1.0,1.4747297e-20,1.079601e-11
109671,1.0,2.1039768e-27,4.590536e-18
127082,1.0,2.202575e-15,1.365476e-10
26193,1.0,6.2019007e-15,2.6939986e-10
92375,1.0,6.536878e-24,1.3489518e-15
77248,1.0,4.3400012e-26,4.1909883e-17
78615,1.0,1.4270609e-16,1.5091398e-10
98486,0.0012969181,1.4418525e-07,0.0008816053
128013,1.0,2.5422416e-19,4.476248e-11
53155,0.9999964,2.7239253e-10,5.299125e-06
94741,1.0,2.3519495e-28,4.4919495e-19
31090,1.0,5.165573e-25,1.6048803e-15
128051,1.0,5.5246567e-22,5.995728e-13
31029,1.0,1.0507512e-26,9.574951e-17
13329,1.0,4.9921335e-32,1.0763121e-21
76304,1.0,1.3094837e-25,6.55183e-17
63571,1.0,2.3614193e-18,4.6570456e-12
54482,0.34453148,0.00012449038,0.35837996
106260,0.9999999,3.3924794e-12,1.4583424e-07
111823,1.0,3.204772e-25,1.3585356e-16
6612,1.0,3.9174934e-22,1.08532934e-13
26295,0.9999999,2.0595667e-12,2.034664e-08
90895,0.0009900093,3.8035387e-11,0.0011746801
34883,1.0,1.3875638e-29,3.565781e-19
25953,1.0,4.269454e-20,2.7186684e-13
60853,9.17025e-05,7.5186746e-10,5.2356212e-05
11813,7.52137e-05,3.4468203e-10,8.0906975e-05
88860,1.0,5.913349e-26,5.2149337e-17
41130,1.0,7.7409686e-17,3.7717416e-09
8239,1.0,5.123365e-16,1.1052864e-09
65894,0.7837041,5.254273e-06,0.7916897
128028,1.0,2.509409e-16,7.3916158e-09
126674,1.0,1.545544e-21,4.3172584e-21
67067,1.0,4.2705128e-20,3.41917e-13
32568,1.0,2.35319e-19,1.7099641e-11
42730,0.9999665,8.4587637e-10,0.0035087634
37361,0.9999213,8.8833005e-08,0.00015808582
61417,1.0,2.0377033e-21,3.0846985e-14
5396,1.0,9.898881e-18,1.39050126e-11
107361,1.0,9.062576e-18,9.722606e-12
63624,1.0,1.5323567e-16,6.528137e-11
87506,1.0,4.5064557e-25,4.0822333e-20
76368,1.0,3.0824436e-19,1.2022698e-12
71697,1.0,4.776637e-21,9.7512154e-14
127399,0.00049646525,2.3211078e-08,0.00025152805
72889,1.0,2.66738e-18,5.476111e-12
83668,1.0,5.112645e-13,4.4603127e-10
61137,0.9999994,2.3840057e-11,3.4630847e-07
72665,1.0,4.133314e-21,9.340432e-14
81809,1.0,3.846589e-23,3.4247406e-15
87871,1.0,1.5021561e-24,4.779894e-16
9767,1.0,4.3637665e-22,3.9667583e-14
99285,1.0,1.9055513e-23,2.5481402e-15
26037,1.0,7.1581225e-20,4.0034805e-13
9792,0.16840686,0.0008153368,0.16687709
122295,1.0,6.293341e-24,1.2359097e-15
79641,1.0,9.6249455e-23,8.124397e-15
35015,1.0,5.759986e-29,1.7103334e-18
72750,1.0,9.893961e-28,2.8593349e-18
63570,1.0,5.0023945e-15,7.826107e-10
85486,0.9855644,6.9133197e-09,0.9281747
50102,0.0070577576,7.5859034e-06,0.002070673
84309,1.0,1.717695e-26,2.1632034e-17
34088,1.0,1.9186093e-21,3.7674486e-13
53263,0.8848042,6.604043e-05,0.6918928
74100,1.0,7.239999e-24,1.3265547e-15
106210,1.0,1.7525205e-21,4.194962e-14
2241,1.0,2.0756539e-26,1.0342136e-16
63526,1.0,2.01977e-23,2.4079702e-15
118682,1.0,4.603338e-25,1.9245737e-16
128163,0.9995982,5.137654e-07,0.0038063775
108369,1.0,1.1619388e-21,3.8174294e-14
103796,0.99999905,8.168105e-11,4.4476892e-07
36027,0.0070783654,8.215213e-06,0.0030519713
86666,1.0,2.0081838e-31,4.1336907e-22
41278,1.0,1.501733e-23,1.4485653e-14
7830,0.0029227617,1.0280305e-06,0.0016180066
45854,1.0,3.4628306e-19,1.402614e-10
97357,0.0004571621,1.3085713e-08,0.00033089478
112061,1.0,3.0902419e-24,6.8456276e-16
43522,0.9999999,3.3240007e-13,2.3340992e-06
89066,1.0,2.9064931e-24,7.1177566e-16
64837,1.0,4.392133e-14,2.8527398e-09
67099,1.0,1.0667047e-17,1.2892478e-11
1012,1.0,1.1932143e-23,1.4463365e-15
49647,1.0,6.9816366e-22,2.3188044e-14
117390,0.00020171146,4.432938e-09,0.00012639524
91073,1.0,9.0208485e-24,7.4437393e-16
15544,1.0,4.3180113e-23,4.030008e-15
67209,1.0,6.9501654e-17,1.8147804e-11
62516,0.99999917,3.2071307e-11,3.5113962e-07
42975,0.9999987,1.572196e-10,2.0136528e-09
6660,1.0,6.898512e-21,9.217543e-13
84457,1.0,8.547804e-25,1.8228243e-16
72797,1.0,1.9910021e-20,2.5457818e-13
23688,0.9999981,1.240937e-10,1.0272591e-05
91375,1.0,2.0276286e-23,2.6665495e-15
82766,0.00012379575,6.9265144e-10,0.0001527714
96977,1.0,1.6950458e-23,2.4136627e-15
109520,1.0,3.5323312e-17,3.3928433e-11
117664,1.0,1.2819933e-24,4.058191e-16
127991,1.0,5.4410704e-18,4.9908755e-10
85358,1.0,2.6889955e-27,4.7722734e-18
29663,1.0,5.1188796e-28,1.8433877e-18
98042,1.0,1.7199167e-27,4.3287917e-18
61122,0.99999976,5.3803845e-12,7.907862e-08
85484,1.0,2.5984414e-27,1.6720331e-18
79877,1.0,8.0830645e-23,5.8267464e-15
72947,1.0,3.5874966e-22,1.6533389e-14
39591,0.9999918,1.6258423e-09,3.5199108e-05
97052,1.0,4.691931e-24,1.0003853e-15
43470,0.99998605,4.2306383e-10,0.00084048597
92286,1.0,8.857991e-23,7.7668584e-15
19166,1.0,1.8748636e-23,2.505823e-15
30691,1.0,3.657977e-28,1.422125e-18
14364,1.0,1.1813063e-25,5.8605574e-17
124624,1.0,1.7791072e-21,5.25476e-14
42900,0.00083651394,9.4803525e-08,0.0003163612
57808,0.7241003,1.18840735e-05,0.7333304
90178,0.9766822,2.0265091e-10,0.9737892
52100,1.0,7.782713e-18,1.1508482e-11
115557,1.0,2.2621363e-25,1.110612e-16
39654,0.99990726,4.3163066e-08,0.0009922585
127274,0.9999999,3.0886383e-13,7.984207e-06
36417,1.0,1.868031e-24,2.551175e-15
79609,1.0,3.0272821e-24,7.254847e-16
49695,1.0,2.2505062e-19,1.2459091e-12
18979,1.0,8.161274e-21,1.4532372e-13
104630,0.0001231631,1.2146607e-09,0.0001036172
53119,0.9984408,4.4342679e-07,0.08505291
14652,1.0,7.580214e-26,4.160564e-17
123472,1.0,3.456744e-20,3.7708058e-13
69160,1.0,2.7810885e-15,5.2041615e-10
117679,1.0,5.770576e-25,2.368332e-16
116609,1.0,5.7644108e-27,3.8926983e-18
129572,0.99860734,2.376723e-07,0.11344164
76274,1.0,2.2040778e-24,4.998939e-16
118963,1.0,2.9819703e-27,6.2525846e-18
36418,1.0,2.9129875e-23,1.5764598e-14
14613,1.0,2.4222723e-27,4.2359423e-18
45493,0.006317127,5.6731214e-06,0.0039218175
127907,0.99999976,9.26319e-13,1.06834905e-05
29648,1.0,7.778281e-28,2.4120758e-18
88829,1.0,1.3962554e-22,8.741145e-15
30728,1.0,4.6471733e-29,1.7784574e-19
73767,1.0,1.5541861e-23,2.0825736e-15
13342,1.0,1.3039401e-26,1.3876939e-17
25961,1.0,1.5754397e-19,6.113983e-13
109497,1.0,3.3192465e-22,1.7156557e-14
47346,0.9995327,2.8232783e-08,0.061498262
62285,0.9999895,7.146863e-10,1.5247325e-05
69322,1.0,4.1864822e-17,3.4288978e-11
105142,1.0,1.7708843e-24,2.8135795e-16
43429,1.0,2.908779e-23,6.004194e-14
19105,1.0,2.0280309e-23,2.629749e-15
121171,1.0,9.972369e-26,6.495985e-17
85619,1.0,5.847594e-28,2.0243647e-18
20650,0.8790244,1.9262784e-06,0.8103757
69154,1.0,9.315245e-13,2.405289e-08
53067,0.99999917,8.635404e-11,3.2706257e-07
83010,1.0,5.18292e-26,4.6995787e-17
7370,0.9999999,7.4821556e-13,1.3237585e-06
80882,1.0,1.5178538e-30,2.7084935e-20
103953,0.9999999,5.9398987e-12,1.4473627e-08
59062,1.0,7.741101e-21,1.2040569e-13
107479,1.0,3.790657e-21,9.694635e-14
4481,1.0,4.168072e-27,5.5426747e-18
29739,1.0,8.49997e-33,1.3390367e-22
49552,1.0,1.5100288e-22,1.06805815e-14
32507,0.9999999,6.768104e-13,3.3378532e-07
108561,1.0,2.2257775e-22,1.3514608e-14
54369,1.0,9.6671155e-23,6.1701852e-15
93674,0.9999981,6.097754e-11,1.2061595e-06
129483,0.9984236,2.9853624e-08,0.36394557
105194,1.0,1.3438441e-26,1.36625786e-17
54842,0.9999999,7.2749787e-13,9.483038e-10
75240,1.0,2.7731869e-14,7.613229e-09
12335,1.0,1.7277905e-17,1.165185e-11
114998,0.00022477763,5.370632e-09,9.699398e-05
47343,0.9999999,3.5494795e-13,4.6853165e-06
14523,1.0,5.7046155e-23,3.085768e-15
107342,0.12603147,0.00017267131,0.12852779
118870,1.0,1.8536816e-27,3.3615195e-18
13225,1.0,1.25192e-22,8.115507e-15
109752,1.0,3.8598226e-28,1.4233244e-18
114261,1.0,1.4062524e-20,2.0403796e-13
74902,1.0,3.63818e-25,1.8255592e-16
107409,1.0,1.7336706e-20,2.5464713e-13
108556,0.99999976,6.3569575e-12,1.18340985e-07
97092,1.0,2.8409719e-25,1.4609807e-16
29545,1.0,6.869162e-26,5.2481414e-17
32652,1.0,7.560964e-15,9.970192e-09
58784,0.9500682,4.3231797e-05,0.4882174
67009,1.0,1.2763624e-16,5.875383e-11
34854,1.0,5.791689e-30,1.630119e-19
92236,1.0,4.063862e-23,4.4958328e-15
16694,1.0,9.161965e-16,8.139804e-10
43494,0.9999994,4.2184346e-12,1.6458527e-05
87585,1.0,4.3137637e-23,4.2984063e-15
72883,1.0,1.1233771e-25,7.3521315e-17
123445,0.119398564,7.619382e-05,0.11032528
126786,1.0,4.6109095e-19,1.0769003e-12
76307,1.0,9.028932e-18,8.551757e-12
102563,0.99999595,1.2696364e-09,8.216814e-07
94768,1.0,5.008171e-26,4.04624e-17
107068,1.0,4.0069518e-23,3.64472e-19
16642,1.0,4.6956903e-17,5.7395533e-11
4577,0.99999475,5.4961447e-10,1.2242907e-05
37490,1.0,1.1321587e-23,1.5437377e-14
41418,1.0,1.4335527e-25,7.0361465e-16
35748,1.0,5.434565e-15,5.925379e-09
85633,1.0,4.104045e-28,7.237118e-19
29544,1.0,9.300722e-28,2.7967338e-18
101594,1.0,2.3717048e-23,2.866066e-15
26148,1.0,5.2590744e-13,9.150052e-09
19282,1.0,3.2467824e-25,1.5070696e-16
26626,1.0,3.4105382e-14,1.2708957e-10
80837,1.0,1.3797166e-27,3.579097e-18
40288,0.99999964,9.126926e-12,7.846725e-07
53366,0.9976947,6.8123234e-07,0.1355057
35707,0.99952805,1.438905e-06,0.0016756065
8940,1.0,4.2763465e-21,3.3082388e-13
65791,0.41104817,9.643712e-05,0.42533508
16949,1.0,1.7002404e-22,9.137293e-15
115277,1.0,2.8977227e-18,5.415183e-12
68720,0.004050316,2.1999012e-06,0.0021399374
81829,1.0,1.5182167e-25,9.863416e-17
98280,1.0,1.5896552e-13,2.4058935e-09
20111,0.996506,5.4993905e-07,0.041615494
32535,0.9999994,1.932594e-11,2.5303757e-06
7533,1.0,1.0704012e-18,2.0381953e-11
37463,1.0,1.7455091e-20,2.0561873e-12
96883,1.0,1.6133154e-21,4.6037765e-14
12387,1.0,1.0915605e-15,1.432473e-10
44264,1.0,9.248283e-22,2.5380343e-13
124689,1.0,1.9457701e-21,5.8834475e-14
8206,0.99999976,6.5935183e-12,1.1019904e-06
17951,1.0,3.9442334e-20,3.1144905e-13
36504,0.9991831,2.4525873e-06,0.004493983
26031,1.0,1.7270694e-28,7.7732447e-19
114131,1.0,1.9103766e-23,2.6031997e-15
47301,0.999114,1.1994166e-07,0.07700646
19158,1.0,1.1010277e-24,3.6909672e-16
4291,1.0,1.0747211e-27,1.3559559e-18
97121,1.0,4.538668e-24,9.607079e-16
99296,1.0,2.6528977e-19,1.2614853e-12
5677,1.0,1.2636177e-14,1.5779107e-09
22730,0.04861459,0.00061214087,0.018930323
18114,0.11832688,0.00016082037,0.12102245
17981,0.11188403,0.00011137937,0.1086746
116524,1.0,3.575845e-28,7.853451e-19
125778,1.0,2.1424057e-21,5.7546714e-14
96843,1.0,8.1608037e-22,3.088007e-14
72374,0.00015462737,2.1580937e-09,0.00012683896
129450,0.99961674,1.1604007e-08,0.078279674
91032,1.0,4.4841457e-25,2.020617e-16
55608,1.0,6.0179895e-24,1.185868e-15
22154,1.0,4.7590435e-16,1.2250104e-08
77204,1.0,4.3497684e-24,7.442604e-16
28414,0.14301956,0.00021837653,0.15186869
68234,1.0,5.1291515e-24,1.0151977e-15
115370,1.0,1.2427098e-27,3.4376278e-18
63376,1.0,9.685803e-21,1.319123e-13
34837,1.0,7.8368234e-31,3.420619e-20
13513,1.0,2.6165585e-24,6.3592486e-16
63476,1.0,1.5324042e-15,2.8546382e-10
92429,1.0,5.1336124e-25,2.193878e-16
109818,1.0,1.1861871e-26,1.1921123e-17
86769,1.0,3.194569e-32,2.5663831e-22
47396,0.99467045,1.0210503e-06,0.34939393
47188,0.99999976,6.98062e-12,1.9567919e-08
13521,1.0,1.2761681e-23,1.8083156e-15
118828,1.0,1.3611661e-23,4.375348e-16
98091,1.0,1.1930549e-23,1.920944e-15
69214,1.0,1.2247051e-18,3.5362705e-12
81825,1.0,8.696732e-25,3.2718628e-16
45738,0.9999639,7.4148965e-10,0.0046341503
89011,1.0,1.3293349e-24,4.3210915e-16
24574,0.001979438,3.9391873e-07,0.0012706956
41299,1.0,1.728546e-20,1.0851001e-12
61261,0.21713586,0.00018540739,0.23298095
45734,0.9999976,3.4990084e-11,0.000109009845
26200,1.0,4.421397e-19,7.528881e-13
65854,0.8958999,2.8139675e-07,0.9016087
67984,1.0,3.3767978e-20,3.2610394e-13
41191,1.0,1.3102919e-27,1.1295265e-17
78661,1.0,1.1997898e-18,2.181964e-12
114179,0.9998971,2.0496053e-08,0.0011147212
46012,0.9166387,2.8004746e-07,0.85841745
87685,1.0,4.1825405e-24,8.5633787e-16
41175,1.0,1.0352638e-23,2.5088852e-14
47559,0.99993527,7.4982855e-09,0.0024347513
99334,1.0,1.9013186e-15,3.5038056e-10
68334,1.0,1.9724578e-28,2.6244823e-19
65970,0.84316754,1.4545631e-06,0.85042274
88962,1.0,9.043137e-25,2.9601242e-16
78554,1.0,2.9032366e-23,3.2663899e-15
41330,1.0,2.5618315e-17,5.6974875e-10
60087,0.99999976,7.31207e-12,1.2388435e-07
63429,0.999961,1.2317158e-08,0.0002935253
19091,1.0,5.3323473e-27,9.175666e-18
113186,1.0,1.4102694e-22,9.433853e-15
109672,1.0,1.6268518e-26,2.0521932e-17
41150,1.0,1.6240402e-22,1.3384556e-13
79757,1.0,7.7013635e-22,3.3072276e-14
35683,0.9999999,1.9092835e-12,2.5103822e-07
14556,1.0,1.5203096e-24,2.9591533e-16
13302,1.0,7.467776e-30,5.794481e-20
62548,0.43017378,8.184109e-05,0.4445985
10490,1.0,2.1782176e-23,5.4168922e-14
127169,1.0,1.9364717e-19,3.7931207e-11
96902,1.0,2.378608e-24,5.0414533e-16
67038,1.0,1.528377e-14,9.73594e-10
114076,1.0,4.3704787e-15,4.9427695e-10
28387,1.0,7.1221024e-16,2.2989041e-10
50815,1.0,4.4580038e-23,3.6205597e-15
90051,1.0,1.65524e-27,4.1172377e-18
85562,0.14753273,0.0002408008,0.14755964
105057,1.0,1.6589518e-18,2.6119523e-12
5891,0.9997601,4.945642e-07,0.0008513205
37508,0.2704057,0.0005152573,0.25249633
64639,1.0,3.723669e-21,7.291673e-14
7483,0.9770496,0.00049878546,0.090714246
20968,0.0023913123,7.206454e-07,0.00123778
6339,0.99992585,1.2186463e-07,6.91083e-07
53257,0.99999905,1.254825e-10,2.3630629e-07
80959,1.0,1.8782039e-26,2.1123998e-17
76151,1.0,1.3715659e-21,3.3897916e-14
36590,1.0,6.592098e-23,3.194239e-14
112960,1.0,4.0152313e-22,1.8084994e-14
20454,0.99558914,8.927274e-07,0.040710323
90061,0.3959359,0.000106943226,0.3860966
50760,1.0,1.184812e-19,7.7331045e-13
76331,1.0,3.6379173e-13,9.363681e-09
34792,0.9999964,1.0263177e-09,4.0960168e-07
65896,0.6434107,2.3327742e-05,0.6558875
52096,1.0,1.3683592e-18,3.6218574e-12
73860,1.0,1.3592772e-23,2.0937015e-15
12043,1.0,9.052664e-17,4.8963198e-11
102702,1.0,1.210443e-23,1.9747368e-15
49699,1.0,1.063797e-21,3.3570094e-14
26134,1.0,4.443984e-21,6.5419505e-14
67211,1.0,1.0817636e-18,1.4912972e-12
45917,0.99998856,2.9082325e-10,0.00072351284
49803,1.0,2.9681463e-20,2.898858e-13
28932,1.0,8.140645e-17,2.5849659e-12
73941,1.0,3.5628906e-16,4.182132e-10
23627,0.99762267,5.8919604e-06,0.029059287
78509,1.0,1.4437234e-23,2.213913e-15
15810,0.1275349,0.00022447029,0.13164125
81039,1.0,6.558695e-28,1.2899097e-18
72966,1.0,3.0080024e-23,3.2991364e-15
67174,1.0,2.2275222e-19,9.088218e-13
127072,0.12425312,0.00015423744,0.12765205
72673,1.0,7.2419623e-16,2.2281017e-10
109758,1.0,6.07198e-29,4.1727821e-19
43553,0.9999969,1.7865233e-10,3.062768e-05
67184,1.0,4.2865186e-15,4.3776732e-10
49764,1.0,1.2153967e-18,4.2407245e-12
63575,0.99999976,5.9204325e-12,2.5749873e-07
28474,1.0,3.3253e-17,2.910212e-11
15559,1.0,1.3394647e-16,7.435329e-11
74916,1.0,2.798393e-22,1.4121755e-14
88801,1.0,2.1587073e-20,1.974144e-13
5605,1.0,1.0505436e-17,1.1849095e-11
98870,0.00013302887,1.6146613e-09,0.000105844374
44472,0.9999989,6.733423e-11,3.91075e-06
26231,1.0,8.141192e-20,3.5258894e-13
90184,1.0,5.0628413e-25,8.3854826e-17
16885,1.0,4.4916226e-27,7.51056e-18
4391,1.0,7.858977e-31,1.326015e-20
117772,1.0,5.974426e-28,1.990313e-18
24324,0.999967,2.4129351e-08,2.0258452e-07
75153,1.0,1.0736147e-27,2.7831536e-18
89096,0.8236945,2.2472732e-06,0.8298591
76308,1.0,2.5739007e-16,6.72508e-11
19042,1.0,3.445801e-29,2.7094146e-19
52925,8.1244754e-05,7.0847567e-10,5.4946937e-05
61759,0.0013409613,1.5782882e-07,0.0009482716
120981,1.0,5.011625e-13,1.0769085e-08
45862,0.9999994,2.616824e-12,3.0302352e-05
107254,1.0,8.0085255e-20,3.514482e-13
41419,1.0,3.0560608e-22,1.2097314e-13
69168,1.0,8.6687375e-19,2.8744136e-12
90058,1.0,3.0340855e-28,1.2206986e-18
38909,0.9997806,3.3067202e-08,0.011289373
19302,1.0,1.5154922e-24,4.582492e-16
58877,1.0,1.4132958e-15,3.5129666e-10
9846,1.0,9.275918e-21,4.8150383e-13
13398,1.0,4.125221e-27,7.41655e-18
38846,1.0,6.220112e-14,6.213668e-07
99101,1.0,4.7023083e-23,4.130679e-15
98893,0.00010476952,5.0343196e-10,0.00012551153
74318,0.0013789685,1.6535682e-07,0.00097531365
34920,1.0,1.0820088e-30,2.1042974e-20
37269,0.9733297,0.0008491704,0.07201433
38878,0.40189588,0.0013584127,0.3539779
42653,0.87938905,2.8472352e-08,0.839411
84265,1.0,3.1609764e-26,2.5324004e-17
116672,1.0,1.3857945e-25,2.1187348e-17
110095,0.0005394395,1.6862648e-08,0.0004349579
10650,0.20780332,0.0010511702,0.20357344
54453,1.0,1.7735952e-24,5.2410423e-16
72901,1.0,5.229528e-20,4.6771164e-13
7537,0.9999993,3.362346e-11,3.0147278e-06
69301,0.36396384,0.00010020198,0.37314126
109720,1.0,2.4477086e-24,6.250516e-16
29871,0.0001707179,6.8556055e-10,0.00018598976
96953,1.0,6.9144965e-23,6.3679183e-15
53152,0.9999461,1.0354869e-08,0.0005638406
46002,0.901633,2.3027096e-07,0.8463773
18091,1.0,5.6278826e-23,5.033615e-15
61280,0.9999999,1.2479401e-12,2.5455698e-08
89294,0.00039271283,8.096468e-09,0.00031220153
69501,1.0,4.0803383e-14,3.5775098e-09
115371,1.0,8.691496e-24,1.5476373e-15
92390,1.0,3.3697136e-24,8.4110843e-16
5590,1.0,4.7182503e-21,7.934701e-14
128067,0.99791783,4.6064574e-06,0.026579572
126759,0.99999845,1.075083e-10,1.8336838e-06
127200,1.0,4.3520286e-15,5.7334887e-08
49890,1.0,2.5539188e-24,5.4021326e-16
29701,1.0,1.18088664e-26,1.6780788e-17
69328,1.0,9.447935e-15,1.26634e-09
114314,1.0,1.2508067e-16,6.746639e-11
85293,1.0,5.65985e-17,1.496053e-11
37482,0.26905057,0.00060962676,0.24747767
44383,1.0,5.611834e-20,4.4804906e-12
97036,1.0,3.2571506e-19,1.4347793e-12
89921,1.0,1.7915366e-28,5.067378e-19
4453,1.0,6.142591e-30,8.2338586e-20
87781,1.0,4.7970555e-27,8.8255316e-18
1977,1.0,2.6919425e-26,9.5536806e-17
121073,1.0,4.247204e-18,5.5972124e-12
49916,1.0,9.0749585e-26,5.685037e-17
19099,1.0,4.400989e-25,1.9299774e-16
20292,0.9923058,2.4015221e-06,0.052332927
29539,1.0,1.50227e-25,9.8544653e-17
71590,1.0,1.836684e-26,2.0444189e-17
92911,0.0014812661,1.9410648e-07,0.0010293914
41218,1.0,3.662341e-24,1.2729917e-14
88118,0.51688945,0.03767583,0.006984256
55861,0.0007339186,3.524137e-08,0.0005857041
47442,0.9893995,1.1871348e-06,0.56959444
22141,0.13377233,1.608379e-05,0.15204038
29384,1.0,2.4244503e-30,1.30078925e-20
44225,1.0,4.6181594e-20,9.950932e-12
29505,1.0,1.6921592e-29,1.6100339e-19
104246,0.0010541928,9.15285e-08,0.0007564047
73998,1.0,1.0627246e-24,3.6041464e-16
23931,1.0,9.549521e-18,2.2056157e-10
107378,1.0,1.1159347e-21,4.516032e-14
69228,1.0,1.02123076e-13,9.251485e-09
128211,0.99441963,3.998766e-05,0.037247207
89928,1.0,1.0985628e-28,5.8094233e-19
30674,1.0,2.692502e-30,2.5086094e-20
47054,0.0055253147,3.949102e-06,0.003939168
128004,0.9999882,7.146999e-10,0.00030675036
45863,0.97850525,4.5657947e-07,0.81378317
57172,0.9999999,2.3169806e-12,6.8209145e-09
26096,1.0,1.38864115e-14,6.46094e-10
23737,1.0,2.5595611e-20,2.9989104e-12
49108,0.9999999,1.5097542e-12,1.143166e-09
22337,0.00040177393,2.5083661e-08,0.00013417017
69507,1.0,1.1218844e-14,1.2915454e-09
114279,1.0,3.2588693e-17,2.9811303e-11
91119,1.0,1.3394332e-25,9.079675e-17
107341,0.122085996,0.0001823673,0.1241357
28255,1.0,4.1472254e-15,6.611369e-10
25922,1.0,8.2034037e-23,5.0710046e-15
5800,0.9999999,1.9409149e-13,1.6755587e-06
35616,0.9999963,5.336137e-10,1.4287889e-05
22122,1.0,7.966643e-24,1.0298132e-14
70303,0.9999999,2.0331623e-12,2.1087206e-07
63631,1.0,5.1134433e-17,3.1026057e-11
96979,1.0,6.3907667e-23,5.872827e-15
42747,0.77815217,2.2098337e-07,0.73724866
57681,0.8705606,7.5425885e-07,0.87606937
33453,0.9964862,2.1838037e-05,0.020318808
23879,1.0,2.0261725e-18,4.3332022e-11
45784,0.9999782,5.3885235e-10,0.0019192329
4536,1.0,1.5859723e-21,4.0558346e-14
34930,1.0,1.0162017e-29,3.6848983e-19
15730,1.0,7.58501e-20,5.049256e-13
49666,1.0,2.0770951e-19,1.1045008e-12
54409,1.0,3.0560714e-15,2.161982e-10
66614,0.00015675725,1.6179105e-09,0.00013806754
85284,1.0,2.4382204e-25,1.294061e-16
17856,1.0,8.542927e-22,3.0081938e-14
29714,1.0,7.1089483e-28,2.2537806e-18
85335,0.9999969,8.396812e-10,6.4642796e-07
43510,0.9956786,8.618232e-06,0.07749515
115278,1.0,4.9958785e-20,4.2135674e-13
58967,1.0,9.597158e-15,1.475008e-09
18955,1.0,2.3138179e-20,2.6705122e-13
53008,0.9999993,9.523345e-11,1.2797639e-07
19073,1.0,2.2020764e-25,9.8034726e-17
49908,1.0,2.993467e-14,6.182621e-09
41260,0.9999976,9.569686e-11,3.0383839e-05
19902,5.604455e-05,2.4080177e-10,4.7351903e-05
1641,0.005076758,4.335799e-06,0.0020313612
59860,1.0,1.5520641e-13,2.990692e-11
60169,1.0,3.0865122e-21,3.660083e-14
34194,1.0,1.041946e-26,5.0336293e-17
45987,0.99999845,1.8977535e-11,6.1323655e-05
5869,0.0546601,0.00013086859,0.058344625
41271,1.0,1.9659124e-23,3.6300214e-14
16930,1.0,1.520945e-20,1.8553538e-13
76264,1.0,1.9223915e-19,6.556269e-13
8418,0.00022357171,7.744796e-09,0.00012918525
29379,1.0,1.9783193e-29,1.35333e-19
60161,1.0,6.2514794e-13,6.0514385e-09
118839,1.0,5.337499e-26,1.7434954e-17
79883,1.0,9.143109e-24,1.5631291e-15
639,0.0009175538,8.837536e-08,0.00042970155
29467,1.0,5.7141485e-25,1.928719e-16
52002,1.0,1.3844235e-21,3.945585e-14
122136,1.0,1.6347263e-20,2.314303e-13
67106,1.0,4.75672e-16,1.5817277e-10
86630,1.0,1.6809133e-29,5.864753e-20
72718,1.0,4.9403705e-27,8.45547e-18
76163,1.0,1.2174705e-19,6.7573724e-13
84415,1.0,1.7914591e-23,2.5318331e-15
79816,1.0,3.12629e-22,1.6586387e-14
36530,1.0,2.0824762e-17,1.6917107e-10
80666,1.0,3.1564698e-26,3.2863836e-17
107367,1.0,1.259053e-19,4.7938156e-13
129475,0.999166,4.303729e-08,0.13730577
20154,0.9973029,3.923766e-07,0.031071054
4156,1.0,9.781085e-27,2.3675559e-23
1323,0.2559984,0.0005144638,0.24036963
29391,1.0,7.218346e-33,2.1319447e-22
2292,1.0,1.5009017e-24,2.5447695e-15
116476,1.0,9.242828e-27,1.01908445e-17
36540,1.0,3.736098e-17,2.5796296e-10
65944,0.39084998,9.7552474e-05,0.40515637
42962,0.99999726,5.485378e-10,4.611953e-09
64885,1.0,2.901159e-13,1.2183414e-08
31761,0.9999989,7.257343e-11,2.609924e-06
47361,0.99344736,1.8533659e-06,0.34531263
92114,1.0,4.3336736e-22,5.3010743e-19
81822,1.0,3.8375569e-25,1.6736046e-16
18527,0.0005561443,1.7795328e-08,0.00045400293
23821,1.0,2.3705843e-22,1.00709094e-13
112999,1.0,4.703009e-15,7.7909434e-10
121024,1.0,1.706704e-13,4.8626805e-09
85308,1.0,1.303329e-25,7.0531275e-17
61186,1.0,1.7537136e-14,7.838402e-10
117458,1.0,5.4030484e-20,2.0852258e-18
79663,1.0,3.859862e-23,4.3414165e-15
26044,1.0,4.9646576e-23,3.3484957e-15
118924,1.0,2.1063402e-25,1.06796336e-16
53266,0.9271881,3.6643807e-05,0.7034609
127213,0.46117625,5.591717e-07,0.4632852
56764,0.108266085,0.00014545271,0.10531688
52144,1.0,1.6882556e-17,1.7583015e-11
102561,1.0,2.081889e-24,5.7032433e-16
47397,0.9977325,5.6834915e-07,0.15226264
86198,0.00013764178,1.4032595e-09,7.4746305e-05
21285,1.0,1.55146e-17,1.5438887e-09
102652,1.0,1.1131355e-24,3.6902915e-16
28324,1.0,1.4841124e-16,8.6667055e-11
85475,1.0,9.359101e-26,6.022329e-17
76293,1.0,8.952301e-21,1.1748668e-13
113001,1.0,1.02370284e-22,7.007303e-15
64866,1.0,7.668063e-14,4.5049537e-09
79060,1.0,3.504074e-13,3.197397e-10
66986,1.0,6.1722583e-22,2.276706e-14
25452,0.7157869,0.01097936,0.004860373
43451,0.75172085,6.659912e-07,0.70855343
93583,1.0,8.783787e-17,2.990196e-11
70226,0.99999535,1.2692635e-09,1.2046275e-08
70228,0.9999937,2.152581e-09,1.7259275e-08
85437,1.0,6.8352785e-28,7.8947824e-19
85409,0.99995553,9.862704e-09,0.00031461156
10541,1.0,1.238983e-22,2.739394e-14
84118,1.0,2.6612532e-24,5.2716805e-16
59018,1.0,1.035618e-18,3.125501e-12
23815,1.0,2.8099974e-16,2.0339608e-09
33285,0.9949478,6.669407e-05,0.015516404
88811,1.0,1.5422486e-25,8.721718e-17
6686,1.0,1.5397605e-27,1.0643147e-17
34119,1.0,5.3576123e-26,1.6496263e-16
12282,1.0,7.2147983e-17,3.6012006e-11
91038,1.0,1.7821102e-20,1.6967946e-13
107836,0.99999905,6.9737965e-11,1.6021945e-08
45964,0.7811509,2.316629e-06,0.7276942
33630,0.9999999,1.3419941e-12,3.480745e-10
57712,0.7124117,1.3643141e-05,0.72224903
69267,1.0,2.6979719e-15,5.2360616e-10
114004,1.0,4.660298e-27,1.5385967e-21
96915,1.0,8.3441844e-19,1.2705866e-12
104038,0.9999993,9.174298e-11,1.1199641e-07
102553,1.0,2.2823671e-25,1.3246476e-16
125114,0.99999714,5.0923604e-10,2.766966e-08
81924,1.0,3.8553257e-25,1.8424056e-16
9746,1.0,6.542419e-23,8.085009e-15
91167,1.0,3.0502007e-23,3.7132544e-15
88821,1.0,6.809232e-27,1.1708936e-17
95053,0.0017963346,3.0831174e-07,0.0011967443
8306,1.0,5.656077e-23,2.5265278e-14
56326,6.968292e-05,4.201857e-10,5.7789155e-05
87680,1.0,6.247123e-26,5.0476278e-17
68091,1.0,3.0621257e-24,6.9170537e-16
17997,1.0,8.668268e-28,2.5807018e-18
26045,1.0,2.456187e-13,8.6806775e-09
84234,0.9994916,1.6132466e-07,0.017784862
16931,1.0,1.3908203e-25,8.62014e-17
86763,1.0,7.966262e-28,2.2285346e-18
32548,0.9999999,1.3847969e-12,5.653111e-07
50963,1.0,8.833373e-27,1.1494341e-17
36430,1.0,5.1517454e-15,1.1667346e-08
38767,1.0,2.7415774e-15,1.760174e-07
5882,1.0,1.485898e-22,1.0479641e-13
91045,1.0,4.157255e-21,5.722175e-14
106244,1.0,9.212692e-28,2.7617267e-18
13504,1.0,1.4929572e-26,1.8341858e-17
116426,1.0,1.0777586e-28,2.0742444e-19
25936,1.0,5.179135e-15,3.8829037e-10
18096,1.0,6.830983e-19,2.1609242e-12
28362,1.0,3.0484406e-18,6.2580197e-12
79570,1.0,9.879918e-23,8.353628e-15
106215,1.0,8.2457455e-26,3.9001027e-17
123543,1.0,6.833803e-25,2.4775444e-16
2091,1.0,3.3940807e-18,2.1101763e-10
21279,1.0,3.127204e-25,3.2914914e-16
38274,0.9999516,5.6101776e-08,5.0701476e-07
74383,0.00083732925,4.8861022e-08,0.0006518824
67188,1.0,2.6897214e-14,1.1076078e-09
1960,1.0,8.146945e-26,6.706311e-16
14450,1.0,5.5050654e-24,7.042028e-16
72909,1.0,1.2805235e-22,8.657288e-15
85380,1.0,2.8488072e-25,1.01609596e-16
73944,1.0,6.309343e-26,5.1702468e-17
65992,0.54116637,5.179041e-05,0.5533047
40189,0.0028092526,7.772678e-07,0.002275654
91211,0.99835443,2.6553178e-07,0.13734122
45767,0.9785437,1.266131e-07,0.87183225
88855,1.0,9.687755e-22,1.5497147e-14
85395,1.0,2.1576975e-25,7.4325e-17
22165,1.0,2.6241232e-18,5.9714705e-11
59074,0.9999945,8.1308354e-10,7.765211e-06
103762,0.9975727,1.3802041e-07,0.23245794
107357,1.0,6.922795e-20,5.4850146e-13
117687,1.0,4.0579667e-27,3.1418625e-18
128266,1.0,3.3705803e-21,1.8503612e-12
80734,1.0,2.2958649e-27,5.4450363e-18
67195,1.0,1.7701765e-15,2.0339946e-10
9079,1.0,2.76887e-17,1.8031436e-10
108607,1.0,3.8066817e-22,1.8720207e-14
63732,1.0,1.1894879e-15,2.770607e-10
34107,1.0,2.165138e-22,1.0379263e-13
66838,1.0,5.5409748e-21,1.0696917e-13
29525,1.0,2.5036101e-27,5.265003e-18
127230,0.9999751,6.5441225e-10,0.0022141438
25860,0.9999989,1.15067546e-10,2.3142415e-09
110164,0.99999785,2.367192e-10,5.7400865e-08
65941,0.7967214,3.4201619e-06,0.805028
66902,1.0,7.0178815e-19,2.2537788e-12
45754,1.0,9.5939345e-23,1.7647609e-13
34970,1.0,1.1610119e-30,5.533774e-20
118684,1.0,1.0751532e-24,1.00276895e-16
35320,0.0005852155,1.9863222e-08,0.00047447896
13340,1.0,7.5297674e-29,4.647782e-19
57877,0.9579977,3.6050187e-09,0.95949703
89894,1.0,1.1393273e-26,1.6768693e-17
63477,0.9999999,1.6390665e-12,9.698769e-08
59836,1.0,6.7425237e-18,3.300611e-14
49934,1.0,2.3576802e-21,5.38391e-14
13227,1.0,1.5495753e-22,9.899463e-15
31706,0.59520394,5.2622863e-06,0.56489724
63585,1.0,2.5396794e-14,2.2714763e-09
102647,1.0,1.6791413e-25,1.0545513e-16
23970,0.9979095,6.7093765e-06,0.019250738
97143,1.0,5.056576e-22,2.3932005e-14
37446,1.0,1.21502755e-23,1.5169979e-14
54223,1.0,9.2062504e-23,7.514785e-15
13205,1.0,9.220999e-26,6.860499e-17
118742,1.0,4.0171513e-27,4.2152293e-18
29625,1.0,4.8403635e-27,8.458567e-18
122272,1.0,3.108408e-20,3.4249662e-13
17966,1.0,2.5168508e-29,2.2021502e-19
6849,0.00032840544,1.154951e-08,0.00021607298
23672,1.0,3.804868e-14,9.6806936e-08
66061,0.8577526,1.0542277e-06,0.8646356
45785,1.0,5.644899e-20,2.6598904e-11
10770,0.0002496468,5.5202163e-09,0.0001932666
102899,1.0,8.9763176e-26,6.864688e-17
84242,1.0,1.9184381e-24,4.5861995e-16
114228,1.0,2.2992801e-22,1.4202467e-14
63573,0.999997,3.0381148e-10,8.3151745e-06
34864,1.0,3.8061242e-25,2.1349228e-15
56679,1.0,2.6399382e-17,4.4037916e-11
82002,1.0,4.947677e-24,9.893643e-16
50898,1.0,1.9767759e-26,1.17642735e-17
97049,1.0,3.4544419e-25,1.6462253e-16
63481,0.9999994,2.6798013e-11,8.837905e-07
4021,8.912842e-05,6.817425e-10,4.8191487e-05
31874,0.11951949,0.00045813865,0.1178607
43543,0.99998224,1.0504758e-09,0.0006501259
19632,0.0014520772,1.8893311e-07,0.0010149368
39571,1.0,9.8315765e-14,8.406307e-08
57421,0.00016697966,2.5212297e-09,8.3663654e-05
82102,1.0,1.5060969e-18,3.9091686e-12
42601,0.004117982,2.0477198e-06,0.0027425834
27082,0.99981743,1.3452208e-08,0.00725877
54260,1.0,8.646229e-23,4.7595726e-15
50486,0.00034120376,1.6098832e-08,0.00012704472
32573,0.11064056,0.00033468995,0.11709902
44559,1.0,1.0455337e-18,3.808795e-11
49668,1.0,4.174832e-21,8.219793e-14
98282,1.0,1.8282494e-23,1.9555164e-15
12283,1.0,5.0921874e-17,2.793364e-11
109471,1.0,6.3666988e-24,1.2476764e-15
2239,1.0,1.3145313e-21,3.772122e-13
109580,1.0,3.4657768e-27,6.0830267e-18
98274,1.0,1.8104327e-17,8.532874e-12
85272,1.0,3.844467e-28,1.1595275e-18
128130,1.0,3.5335477e-15,2.1017392e-08
47297,1.0,1.6946073e-14,6.8502914e-07
23826,0.9999995,1.6552848e-11,2.3656635e-06
127249,0.9999994,4.296347e-12,1.9638623e-05
84443,1.0,1.0232372e-24,3.6414317e-16
99194,1.0,2.3878628e-24,6.46933e-16
91363,1.0,3.0189544e-25,1.5895925e-16
20296,0.9911272,3.4360967e-06,0.053705845
47265,0.9941474,2.0338071e-05,0.07438216
62324,0.9999993,3.316917e-11,3.3959245e-07
104913,1.0,1.312349e-25,8.701978e-17
94781,0.9990977,1.100558e-08,0.22146928
97094,1.0,4.3119233e-22,1.1085983e-14
105007,1.0,8.5552823e-23,7.611289e-15
45907,0.9999496,3.647504e-10,0.016120834
117728,1.0,3.962588e-27,7.560693e-18
127196,0.9999999,1.2649831e-13,2.6436849e-06
34140,1.0,5.488489e-28,3.4281204e-18
90446,0.0010279655,9.090876e-08,0.0006799077
65917,0.7520553,7.99974e-06,0.7615407
112074,1.0,4.6007444e-23,4.2437448e-15
9401,0.008837906,1.3964078e-05,0.003306402
30959,1.0,1.8582936e-24,3.8444335e-15
916,1.0,5.404731e-23,4.2014295e-15
16987,1.0,4.8938438e-23,4.702417e-15
84215,1.0,2.0616478e-25,1.1341815e-16
2238,1.0,4.6988112e-23,5.43235e-14
5943,0.9991345,1.6875348e-06,0.008419552
72744,1.0,1.4899099e-23,2.0185456e-15
79621,1.0,2.2179669e-26,2.6417618e-17
38658,0.99999857,2.4532787e-10,1.5014614e-07
7502,0.057734203,0.00015287893,0.060301263
23618,1.0,1.2097982e-13,1.9349508e-07
84453,1.0,4.702837e-27,8.436686e-18
113980,1.0,3.7048578e-26,9.13385e-21
24189,0.00023948791,8.919902e-09,0.000132733
72911,1.0,1.9797577e-25,1.05985454e-16
87729,1.0,1.8813239e-25,1.049731e-16
86667,1.0,2.9331869e-27,2.6946866e-18
129484,0.9995221,1.0050287e-08,0.12797303
41344,1.0,4.1934245e-22,2.3109067e-13
36406,1.0,1.1165888e-24,1.5809212e-15
96955,1.0,7.1509103e-22,2.8051861e-14
29508,1.0,2.0243996e-29,1.8888371e-19
110804,1.0,1.2670511e-19,7.190963e-13
14304,8.496768e-05,7.835278e-10,5.752007e-05
15843,1.0,2.865685e-14,1.3563295e-09
25967,1.0,1.6057158e-19,6.698932e-13
76099,1.0,5.492095e-19,1.8933347e-12
90938,1.0,1.8093773e-16,3.5358706e-13
44390,1.0,5.362495e-20,5.608337e-12
98198,1.0,2.6460324e-21,5.735079e-14
36450,1.0,8.7645355e-26,2.5778707e-16
110932,0.12223371,0.00017188267,0.12653826
68242,1.0,4.5116583e-14,3.2322514e-09
63378,1.0,5.157449e-22,2.0521104e-14
29492,1.0,1.0770564e-27,2.8599021e-18
8170,0.99976486,2.1573423e-07,0.0022022005
116574,1.0,8.9526964e-24,1.565534e-15
19036,1.0,5.7761986e-23,4.7660583e-15
48340,0.9999063,1.704996e-07,1.0520785e-06
109472,1.0,8.694408e-18,1.27714506e-11
114420,1.0,2.7589624e-22,1.5443296e-14
72941,1.0,4.6038003e-15,7.615839e-10
99136,1.0,6.349979e-19,2.412686e-12
41273,1.0,7.116106e-22,3.9698336e-13
102844,0.114161484,0.0001649248,0.11135039
69475,0.99766856,4.1225235e-08,0.40865946
44194,0.9999802,7.2672273e-09,8.662231e-05
49712,1.0,1.5184085e-24,3.3063158e-16
110944,1.0,1.4140033e-21,3.833094e-14
76418,1.0,7.557583e-17,3.4626857e-11
63714,1.0,6.5271623e-16,1.4873644e-10
103949,0.9999974,8.713846e-11,2.29678e-06
5506,1.0,9.2895774e-23,7.067598e-15
103993,0.9999995,4.463859e-11,2.4133954e-08
35753,1.0,1.4416515e-19,4.7797877e-11
28551,1.0,1.2585905e-14,1.7083588e-09
67125,1.0,4.6407975e-21,8.6142695e-14
4495,1.0,1.5820338e-27,3.6008291e-19
4341,1.0,2.503006e-29,8.48247e-20
90057,1.0,1.4557859e-29,1.3547247e-19
22087,1.0,1.8579552e-22,6.4508044e-14
66839,1.0,1.2215904e-22,8.235324e-15
4594,1.0,3.351398e-22,1.4959395e-14
103794,0.99999964,3.69047e-11,1.974262e-08
12966,0.0022481615,1.4997759e-06,0.00066140335
53213,0.99938166,1.5283398e-07,0.028619999
129536,0.1123745,5.5486966e-05,0.12807214
74293,0.0010752636,9.119844e-08,0.0007945937
112065,1.0,5.5036123e-18,7.710133e-12
23677,1.0,1.3241524e-16,1.5689285e-09
91190,0.25378898,0.00019424279,0.2607102
71630,0.3534548,0.000103740575,0.36526898
79517,1.0,3.369386e-20,1.894992e-13
109507,1.0,1.8134432e-28,8.855542e-19
116657,0.9999982,3.4235606e-10,3.118791e-07
9003,1.0,7.249726e-17,2.68259e-10
74836,1.0,9.407217e-24,5.1035777e-19
33455,0.98583525,2.0013067e-05,0.21040991
45819,1.0,1.0531298e-28,3.3253095e-19
61360,1.0,8.0891435e-15,4.4722304e-10
14503,1.0,9.39178e-28,2.3462627e-18
17979,1.0,3.6127362e-23,3.976741e-15
19174,1.0,2.5512229e-23,3.0604346e-15
109693,1.0,3.2787446e-25,1.4490085e-16
98000,1.0,1.1187832e-19,7.0501954e-13
31081,1.0,1.7857206e-16,1.0475186e-09
19306,1.0,2.4976793e-25,1.322416e-16
30953,1.0,7.6296595e-23,5.0800974e-14
44473,1.0,4.6548993e-18,7.6185086e-11
78456,1.0,8.688911e-24,1.6043355e-15
48974,0.00263239,8.6405146e-07,0.0014582693
54163,1.0,6.5308764e-15,6.131217e-10
19296,1.0,1.9892028e-20,2.5261341e-13
127965,0.9999999,5.2554846e-13,1.64416e-06
118454,0.00015959676,1.3515442e-09,0.00016977816
29636,1.0,3.3770707e-26,3.490739e-17
84325,1.0,1.0051858e-23,1.6505084e-15
89872,1.0,4.9262046e-25,2.1829503e-16
90145,1.0,3.1485914e-27,5.9634358e-18
88880,1.0,1.563362e-22,1.0622356e-14
38303,0.0016703861,3.1549465e-07,0.000928683
73996,1.0,4.1279936e-26,3.9761907e-17
6727,1.0,4.1789567e-22,1.168306e-13
17706,1.0,1.8462646e-27,6.870295e-24
13465,1.0,1.9875984e-24,5.2469234e-16
49896,1.0,4.8381836e-20,4.2527917e-13
75608,0.0013355744,1.5512163e-07,0.00095065206
72778,1.0,1.2734846e-29,1.3740128e-19
19068,1.0,2.300644e-26,1.993802e-17
38787,1.0,1.8617902e-18,2.3487437e-10
127268,1.0,3.352251e-24,8.5591045e-15
52048,1.0,4.237346e-19,1.7662669e-12
111778,1.0,4.7683897e-21,9.180377e-14
23633,0.9999999,1.7401508e-12,6.4806494e-07
67081,1.0,3.7242636e-22,1.6508996e-14
81815,1.0,5.589543e-23,4.0484672e-15
29486,1.0,2.8667606e-26,2.844269e-17
86614,1.0,8.930106e-34,4.4383883e-23
65898,0.8200558,2.6314199e-06,0.8271059
5904,1.0,1.9686266e-18,4.9513536e-11
107451,1.0,5.764041e-18,1.0225845e-11
92430,1.0,4.7165362e-23,4.8007464e-15
17894,1.0,1.6366329e-31,4.6836945e-21
35744,1.0,3.976559e-15,4.8887197e-09
108853,0.0007740337,5.273853e-08,0.00048267326
4405,0.3153311,0.0001314889,0.32653332
123478,1.0,6.880623e-26,4.233796e-17
36415,1.0,1.0415917e-27,8.811638e-18
102600,1.0,9.620275e-25,3.550368e-16
19033,1.0,2.8077385e-22,1.5385495e-14
69233,1.0,2.902948e-16,1.0579653e-10
89897,0.99999976,1.8817897e-11,4.152955e-08
87717,1.0,1.2204414e-27,2.8315474e-18
99349,0.99999964,7.486699e-12,5.846834e-07
116475,1.0,3.1574093e-26,3.1382107e-17
98004,1.0,4.955459e-24,9.875883e-16
54349,0.3502482,0.000118964344,0.36187854
56564,1.0,7.8558815e-18,1.3667676e-11
72896,1.0,9.457331e-18,1.25341786e-11
91085,1.0,3.610973e-23,3.1561263e-15
49591,1.0,5.4419104e-22,1.9016388e-14
80784,1.0,1.2109392e-27,3.392553e-18
69141,0.9999989,4.723642e-11,4.5930378e-07
121087,1.0,4.2255595e-13,9.769186e-09
76136,1.0,3.812679e-17,2.1004216e-11
29649,1.0,9.8075e-27,1.45106e-17
26167,1.0,8.126099e-23,4.546781e-15
109737,1.0,3.734259e-25,1.7167866e-16
28559,1.0,3.604724e-16,1.3756318e-10
39464,0.94920987,0.004409634,0.005693166
4498,1.0,9.397084e-28,2.411809e-18
32495,0.99990916,7.806168e-08,0.00046312754
50620,1.0,1.0371828e-27,1.3991323e-25
70388,1.0,6.055739e-15,7.188561e-10
100257,0.9999721,7.213424e-09,0.00019311592
5702,1.0,4.9732084e-22,1.899286e-14
127294,1.0,2.0112964e-16,2.5078833e-08
125647,1.0,1.3889833e-21,4.6611725e-14
86433,1.0,6.83861e-30,3.9558362e-20
72786,1.0,2.6782459e-20,2.919889e-13
106345,1.0,1.8354036e-17,9.225497e-12
5597,1.0,6.816926e-19,2.1026369e-12
112986,1.0,1.5954551e-23,2.216609e-15
2130,1.0,1.7507768e-28,1.4374622e-18
86436,1.0,2.7126792e-29,2.3086877e-19
101690,0.10551638,9.096446e-05,0.09910148
26237,1.0,5.4870963e-17,1.473016e-11
113226,1.0,3.7145446e-22,1.7560333e-14
17872,1.0,9.946333e-28,2.699481e-18
15651,1.0,1.3006041e-15,2.588274e-10
29637,1.0,4.7034134e-26,4.1100682e-17
21329,1.0,8.442774e-25,1.758184e-15
35731,1.0,9.6670854e-14,4.0442746e-08
20528,0.9998135,2.4562496e-08,0.010046671
6681,1.0,1.5006758e-20,1.202864e-12
125776,1.0,2.9159815e-21,6.486671e-14
20307,0.95612025,1.7022314e-05,0.1008775
84418,1.0,4.712158e-19,2.1260188e-12
92191,1.0,2.0925992e-23,2.3924143e-15
114363,1.0,3.23066e-17,2.539509e-11
34212,1.0,2.0167635e-19,8.532972e-12
75107,1.0,4.2722616e-25,1.5023285e-16
114180,1.0,1.5025899e-19,9.534386e-13
84050,1.0,4.457807e-20,4.616141e-17
73940,1.0,5.3175215e-26,4.6998477e-17
8026,0.002963887,9.2570286e-07,0.002067373
61754,0.9967482,3.398004e-05,6.1219886e-05
41371,1.0,7.627044e-22,4.4735464e-13
78707,1.0,3.5212784e-21,7.810344e-14
41412,1.0,4.702729e-27,4.4286267e-17
58992,1.0,6.4627125e-18,9.8346435e-12
109751,1.0,3.359514e-29,2.5830545e-19
44396,1.0,2.273725e-21,4.1936834e-13
36541,1.0,1.5081218e-24,1.9570089e-15
41286,1.0,2.4337055e-24,6.865035e-15
3028,0.9983419,1.0605549e-05,0.00012305043
29433,1.0,1.6900247e-28,6.111189e-19
71606,0.46545786,7.5395816e-05,0.4750608
23860,1.0,3.0707177e-20,2.9563387e-12
33238,0.999635,2.0782695e-06,4.064098e-05
49740,1.0,3.2725408e-21,6.4752125e-14
43466,0.9422803,1.8417843e-06,0.85191315
96590,0.00014879477,1.4393783e-09,0.0001420292
106574,0.0011242738,1.0839527e-07,0.000751335
13421,1.0,7.4117155e-25,2.591141e-16
9713,1.0,4.560555e-23,1.046214e-14
67165,1.0,3.7511442e-20,3.49479e-13
124722,1.0,3.842431e-27,6.9049725e-18
98235,1.0,2.2978513e-14,1.2994376e-09
96791,1.0,5.7169862e-24,1.117331e-15
55571,1.0,9.276253e-25,3.5036544e-16
7411,0.9999999,5.340406e-13,3.6486847e-07
26179,1.0,3.5531888e-22,1.0872268e-14
19043,1.0,3.4430058e-27,6.483925e-18
19186,1.0,2.417235e-25,1.2746741e-16
73999,1.0,4.3484285e-22,1.726581e-14
92435,1.0,1.2804795e-22,8.1156e-15
58970,1.0,3.336957e-22,1.7283767e-14
39273,0.0009481491,7.96168e-08,0.00057996676
90222,1.0,7.7710996e-29,3.7884345e-19
77361,1.0,2.3101422e-26,2.4623642e-17
25937,1.0,2.5447327e-21,4.179221e-14
7046,0.0029024426,9.97433e-07,0.0016493637
127247,0.9999995,2.4128978e-12,2.071111e-05
29529,1.0,1.8168222e-28,8.20583e-19
17987,1.0,7.7594805e-31,9.807718e-21
44432,1.0,5.4037856e-22,2.0182319e-13
94584,1.0,6.006232e-29,2.4905323e-19
10182,0.032723177,0.00025462473,0.007010842
14698,0.99999416,6.131977e-10,6.5354993e-06
118979,1.0,2.1199449e-27,4.1056473e-18
106016,1.0,2.3291513e-24,5.443256e-16
67020,1.0,9.249295e-17,4.900973e-11
6566,1.0,2.7467538e-19,1.1876043e-11
19114,1.0,6.2563794e-25,2.0068973e-16
50509,0.000349393,1.7428416e-08,0.00013084526
116308,1.0,8.708236e-21,9.346112e-19
8942,1.0,6.469975e-15,5.770624e-09
121331,1.0,1.1252589e-19,6.0553754e-13
100497,1.0,5.463709e-22,2.485053e-14
28584,1.0,2.6163818e-14,2.0043835e-09
47535,0.9979243,1.489287e-06,0.06670814
30580,1.0,2.778371e-32,6.0007344e-22
9001,1.0,5.8095376e-18,4.635106e-11
112015,1.0,2.0518897e-23,2.152513e-15
66972,1.0,3.1755785e-17,2.587266e-11
74702,9.052728e-05,3.4867653e-10,0.00011224106
73808,1.0,1.4455947e-26,1.8498766e-17
85621,1.0,3.8571604e-27,6.21845e-18
121279,0.99703133,2.5057636e-06,0.084197775
20435,0.9987608,1.0523799e-07,0.024649564
127273,0.99999976,6.2729547e-13,8.450163e-06
81910,1.0,4.049232e-26,3.893651e-17
32483,0.99999225,1.0730616e-09,5.3302414e-05
15688,1.0,1.0129233e-22,7.0537e-15
107170,0.9999722,6.777367e-09,0.00011174256
14619,1.0,4.6207854e-20,1.5734414e-13
111959,1.0,2.8245589e-24,6.564492e-16
41375,1.0,1.6253896e-24,2.3807337e-15
91379,1.0,1.048442e-24,3.7970346e-16
114227,1.0,2.6885965e-19,1.3318299e-12
9815,1.0,1.4199425e-15,1.7583939e-09
60182,0.99999845,8.1494936e-11,1.1268718e-06
2163,1.0,1.02165786e-16,4.952981e-10
44363,1.0,3.4620494e-20,2.4193726e-12
106207,1.0,3.1076803e-23,3.2128675e-15
40838,0.99917346,5.315215e-06,1.0936266e-05
58816,1.0,1.3790409e-15,3.3578682e-10
49867,1.0,5.3437734e-26,3.4678836e-17
129629,0.99968874,1.9560979e-08,0.03554841
124442,1.0,1.2594348e-23,1.9796244e-15
69350,0.9999908,9.060435e-10,7.645852e-06
114800,0.00013872037,6.0011135e-10,9.792184e-05
78694,1.0,1.00539344e-22,7.858531e-15
50723,1.0,4.4091774e-23,4.304428e-15
88927,1.0,3.4020248e-19,7.9757495e-13
72862,1.0,1.3131234e-28,6.749855e-19
117860,1.0,3.1736386e-26,2.911075e-17
84463,1.0,6.730679e-25,2.6507878e-16
23873,1.0,3.8597581e-16,2.267628e-09
17214,0.00045594265,1.2206371e-08,0.00034572338
76245,1.0,4.8611348e-23,3.946938e-15
88908,1.0,7.983136e-23,6.6398498e-15
90068,1.0,2.761194e-30,2.9011153e-20
4541,1.0,4.1058497e-26,3.311717e-17
39270,1.0,1.3083683e-13,1.4001442e-10
13432,1.0,1.5154922e-24,4.219577e-16
124691,1.0,3.5231616e-20,3.5664925e-13
118677,1.0,5.1666715e-27,8.979232e-18
96794,1.0,8.0989635e-22,2.8570564e-14
34091,1.0,2.4072613e-24,3.3875279e-15
106359,1.0,2.8353513e-26,3.068533e-17
76235,1.0,3.9507e-17,2.320281e-11
106118,0.8359877,4.3692562e-05,0.7513746
85599,1.0,8.982989e-28,2.684621e-18
88925,1.0,2.8985178e-26,2.6729528e-17
114208,1.0,2.6234885e-21,6.897115e-14
7535,1.0,1.1120665e-23,7.80553e-15
79746,1.0,7.153413e-24,1.270461e-15
91394,1.0,5.3861837e-24,1.1527858e-15
44230,0.9999995,2.021266e-11,1.8376946e-06
39580,0.9992926,4.3109142e-07,0.01791013
26139,1.0,3.0210104e-14,1.1573144e-09
117842,0.12463634,0.00018827667,0.12901004
98088,1.0,5.784887e-23,4.916355e-15
32666,1.0,7.9457334e-16,2.5667475e-09
37324,0.9996088,1.1620639e-06,0.00075823994
5459,1.0,5.6917527e-21,9.797394e-14
18125,1.0,4.6238766e-25,1.9767029e-16
118821,1.0,3.6840625e-30,3.9903316e-20
5540,1.0,3.038302e-20,2.9308421e-13
35677,0.99999976,4.0182246e-12,8.34379e-07
8267,1.0,4.993549e-22,1.02707536e-13
23831,1.0,2.498852e-17,2.611098e-10
69349,1.0,1.2962363e-21,4.324163e-14
76413,1.0,8.297769e-21,1.12001425e-13
125732,1.0,2.6130228e-20,3.0080517e-13
23673,0.99999905,2.0018102e-11,1.4102255e-05
18036,1.0,1.4277329e-28,6.9664293e-19
126738,0.28742737,0.00013922286,0.2925799
16689,1.0,3.051089e-28,1.0634335e-18
30578,1.0,2.5793376e-30,2.0689094e-20
102606,1.0,1.1015565e-25,7.854447e-17
56527,1.0,4.5889906e-20,4.0882396e-13
68274,1.0,6.828734e-14,3.1426561e-09
36491,1.0,1.1735966e-21,2.0231307e-13
11043,0.99985147,3.3765482e-07,1.8716624e-06
14695,1.0,3.3045658e-22,6.5254474e-15
47307,0.9999995,4.8103936e-13,0.00011722466
106002,1.0,1.3999225e-25,8.5969556e-17
114127,1.0,5.281112e-19,2.1430854e-12
76192,1.0,2.2809218e-18,3.8824556e-12
84362,1.0,7.437862e-24,1.2267268e-15
42134,0.00053191994,1.5568236e-08,0.00043626185
123386,1.0,7.7849205e-23,6.642738e-15
29598,1.0,5.8140462e-30,4.396218e-20
92479,0.6131979,0.00040675318,0.69099057
72559,0.00047239423,3.2261244e-08,0.00016523708
53113,0.9999994,6.74965e-11,1.362182e-07
5965,0.9975569,6.0401794e-06,0.030188022
45812,0.9998845,1.0515724e-09,0.04016178
21752,0.0007680807,4.5916448e-08,0.00053510553
64770,1.0,3.7585484e-13,1.5874717e-08
107439,1.0,2.3198368e-20,2.7530352e-13
44392,1.0,1.3040826e-21,2.6349935e-13
113034,1.0,2.7283243e-25,1.4551961e-16
107701,0.001880697,3.8392525e-07,0.0011735333
56562,0.9999999,3.1228136e-12,4.1946305e-07
35774,0.09082416,0.00028529944,0.09124177
44450,0.99999976,6.9698305e-12,7.5355786e-07
85563,1.0,3.9848772e-24,9.186498e-16
60244,0.27110815,0.00015583728,0.28616795
65700,0.7887038,4.1235016e-06,0.79783696
14682,1.0,1.37095e-19,3.0148757e-13
49656,1.0,4.602811e-25,1.6290586e-16
53353,0.99998105,3.5938414e-09,3.417261e-05
5548,1.0,1.275235e-21,3.68287e-14
81962,1.0,2.4298346e-26,2.700914e-17
37341,1.0,4.4825724e-25,1.5313173e-15
47452,0.9999995,4.4583603e-12,6.770226e-06
49644,1.0,9.598075e-22,2.902851e-14
47274,1.0,2.0366367e-15,7.7365904e-08
127223,0.9999999,1.7987646e-13,3.451829e-06
107483,1.0,4.9774272e-20,5.5148594e-13
109803,0.22850643,0.00016765417,0.23715074
57914,0.6252673,2.6590316e-05,0.6258583
42775,0.96416026,3.4336617e-07,0.87759626
120758,0.00016953357,3.9802592e-09,0.000100890196
93432,1.0,2.232438e-20,2.4283497e-13
127041,0.995654,2.066376e-06,0.1957991
19062,1.0,3.473468e-26,2.5936218e-17
50900,1.0,7.796095e-23,4.5718087e-15
14404,1.0,2.6250336e-26,1.5911324e-17
47498,0.99980766,9.813433e-08,0.003126474
85363,1.0,2.877686e-25,1.4512933e-16
65739,0.77850443,4.559765e-06,0.7875857
74960,1.0,3.8913653e-24,8.8420875e-16
5662,1.0,1.10757545e-14,1.2788842e-09
9264,0.9974873,4.7661462e-05,1.6808204e-05
86480,1.0,1.3653184e-27,2.178697e-18
2486,0.00044302773,2.8932199e-08,0.0001502457
29657,1.0,2.4209366e-24,6.4785416e-16
15553,1.0,2.8567414e-17,2.3933777e-11
67540,0.9999995,9.0531705e-12,3.535839e-08
37381,1.0,3.0688983e-23,2.988572e-14
29700,0.2062857,0.00018901916,0.20852157
73891,1.0,6.8544553e-25,2.6932916e-16
23898,1.0,4.053288e-15,7.876187e-09
28350,1.0,7.2755465e-17,5.063061e-11
19140,1.0,7.696689e-23,5.5907376e-15
19028,1.0,1.7023453e-27,4.107355e-18
78561,1.0,8.075148e-22,3.299937e-14
42729,0.60863644,7.5876153e-07,0.58505917
110959,1.0,1.4764184e-20,1.8741725e-13
41229,1.0,5.1461345e-20,1.4563132e-11
114370,1.0,4.0387194e-22,1.8100523e-14
39536,0.99999523,6.903578e-10,1.9898956e-05
69340,0.999984,8.182268e-10,1.047257e-05
8232,1.0,6.3766996e-28,5.715107e-18
65078,0.0005300099,1.6127476e-08,0.00042849264
59930,1.0,3.6602732e-17,1.9883886e-11
117877,1.0,3.4181953e-26,3.4972432e-17
19120,1.0,3.8574124e-26,3.3696615e-17
96936,1.0,5.1766252e-23,4.959566e-15
97163,1.0,4.3043e-21,8.795302e-14
59016,1.0,1.5169492e-17,1.7260863e-11
45974,0.98228616,1.638536e-11,0.9710231
14408,1.0,4.1948183e-21,4.720401e-14
84220,1.0,1.00876985e-23,1.3195997e-15
44464,0.8549778,1.351499e-05,0.74251556
14625,1.0,2.2401355e-25,6.6936554e-17
126938,0.76212585,7.545458e-05,0.68204224
78600,0.9760165,1.384688e-07,0.8861578
105061,1.0,1.5759518e-25,7.986572e-17
7048,0.0038376611,2.0564835e-06,0.0018310229
17914,1.0,1.628509e-27,3.9087394e-18
118672,1.0,3.155119e-20,3.642146e-13
98144,1.0,1.6246888e-17,2.084048e-11
49671,1.0,3.9624755e-23,3.3300001e-15
97007,1.0,2.260696e-17,1.305015e-11
37565,1.0,6.1526232e-24,3.8897947e-15
109716,1.0,6.5492247e-19,2.314675e-12
71555,1.0,2.487115e-26,2.843694e-17
116512,1.0,3.702712e-25,1.511082e-16
111975,1.0,2.923944e-22,1.5175246e-14
13347,1.0,2.0997306e-24,5.7670603e-16
1978,0.999997,1.2292549e-10,4.4395612e-05
63485,1.0,1.3861266e-19,7.3406846e-13
85394,1.0,4.4984256e-29,3.3785262e-19
41174,1.0,1.8118563e-24,3.574532e-15
72629,1.0,4.891446e-19,1.9736894e-12
45725,1.0,1.1664635e-15,2.4387157e-08
111945,1.0,9.27744e-21,1.399584e-13
59036,1.0,1.8012756e-19,1.0533674e-12
92229,1.0,1.035797e-23,1.736117e-15
1308,0.10957802,0.00044668987,0.10979826
74006,1.0,8.204072e-28,2.571317e-18
109528,1.0,1.7132789e-25,1.0684687e-16
4251,1.0,2.5293117e-24,5.076131e-16
85581,1.0,1.7150341e-29,1.2821139e-19
115219,1.0,2.0722197e-19,1.0139143e-12
2210,0.99999976,2.2956019e-12,1.0262673e-06
69423,1.0,4.3131497e-14,4.1735118e-09
5505,1.0,2.8554651e-18,5.3518696e-12
23923,1.0,2.4622892e-17,3.0269917e-10
35757,0.9999409,5.5275944e-08,0.0001921828
102756,1.0,3.1479506e-22,1.5646869e-14
102884,1.0,5.650009e-26,4.6854908e-17
104948,1.0,5.726693e-26,4.644756e-17
4582,1.0,7.1224425e-27,1.0067201e-17
128134,0.99999964,8.062507e-12,1.6826206e-06
5921,1.0,1.8175357e-21,2.4676824e-13
29413,1.0,6.919443e-27,1.1197577e-17
34752,0.0033641416,1.1606295e-06,0.0024321873
118687,1.0,2.6893172e-17,1.1881775e-11
47489,1.0,1.756349e-13,3.8808125e-07
45877,0.85103565,8.146808e-07,0.7944097
93351,1.0,2.2582954e-21,5.303454e-14
9057,0.9999993,3.937532e-11,1.7181912e-06
55514,1.0,2.2209639e-26,2.6858727e-17
28257,1.0,2.308259e-13,1.3590855e-08
84282,1.0,1.1671124e-24,2.718467e-16
72770,1.0,1.7999227e-19,1.0272288e-12
922,1.0,1.4744463e-23,1.7388676e-15
99144,1.0,1.2935486e-22,8.382997e-15
26011,1.0,8.505455e-25,2.42704e-16
115377,1.0,8.961654e-23,7.0155944e-15
79610,1.0,1.0808698e-23,1.8069227e-15
23867,1.0,3.6616853e-16,2.1731124e-09
13319,1.0,8.955555e-34,1.5143428e-23
69251,1.0,9.6760826e-15,1.2736943e-09
40973,0.0025295527,6.095374e-07,0.001814728
89016,1.0,1.4906775e-23,2.2731338e-15
28358,0.8672585,4.6026726e-05,0.73400766
129566,0.9991543,4.3765507e-08,0.13932745
50821,1.0,1.9885178e-22,1.13463706e-14
85318,1.0,1.1474035e-21,4.4370544e-14
89004,1.0,4.417559e-24,8.819988e-16
109637,1.0,1.5658066e-25,1.0056036e-16
97035,1.0,5.900812e-21,1.1726952e-13
59452,0.8457189,0.0075789844,0.0024506056
130221,0.009082388,1.244416e-05,0.0066681006
63730,1.0,6.731817e-15,9.481356e-10
101402,0.852571,1.0402525e-05,0.7889997
28509,1.0,1.0460729e-17,1.55564e-11
10535,1.0,2.8951415e-15,7.804928e-09
21360,0.1853953,1.5314448e-05,0.20282099
37439,1.0,2.6910647e-30,1.1527835e-19
49767,1.0,7.841049e-21,1.1660375e-13
73846,1.0,1.8011807e-25,9.843345e-17
22536,0.0017122428,2.8208595e-07,0.001087434
125935,1.0,7.949139e-21,1.493702e-13
61621,0.0013066877,1.4667795e-07,0.00093430676
115413,1.0,9.271654e-25,3.1741874e-16
68053,1.0,7.552566e-25,2.583689e-16
31774,0.99990165,1.0409448e-07,0.00040549843
116370,1.0,1.5031635e-26,4.456604e-18
77261,1.0,2.6174343e-26,2.873595e-17
117619,1.0,2.304568e-28,1.0075379e-18
90226,0.9999994,5.210446e-11,4.402652e-07
72804,1.0,4.1404062e-18,7.413094e-12
80751,1.0,3.5687193e-27,5.8079416e-18
108218,1.0,7.543077e-22,3.054891e-17
30839,1.0,1.5286873e-27,2.6769413e-18
22167,1.0,3.797413e-15,5.541526e-09
84358,1.0,4.244306e-25,1.8263601e-16
49628,1.0,2.6279132e-23,2.363685e-15
85316,1.0,5.837176e-24,1.2192205e-15
47407,0.9666353,3.3769415e-05,0.54042757
84288,1.0,1.5971645e-25,1.01612316e-16
41228,1.0,6.200087e-20,2.2846046e-11
80743,1.0,3.41735e-25,1.7319751e-16
62577,0.9999763,2.6705382e-09,6.0036313e-05
41209,1.0,1.3204505e-23,2.0182195e-14
18143,1.0,3.0822802e-26,2.5126549e-17
37479,1.0,1.1124993e-23,1.8347975e-14
86475,1.0,3.6544167e-30,5.318288e-20
8172,1.0,2.8073445e-28,9.164573e-19
38141,0.0013831127,2.7110923e-07,0.000672614
69218,1.0,1.997029e-25,1.1614986e-16
76271,1.0,1.8793626e-21,3.585117e-14
66864,1.0,5.8849806e-23,4.6298838e-15
13244,1.0,1.280093e-23,1.930619e-15
79815,1.0,1.8793514e-25,1.2127906e-16
73997,1.0,2.392544e-21,6.040744e-14
58876,1.0,5.256483e-22,1.7838363e-14
128147,1.0,7.373031e-16,3.1316237e-08
89977,1.0,1.0452218e-27,2.5648416e-18
85415,1.0,8.075431e-28,1.825599e-18
124576,1.0,2.7466042e-21,7.308883e-14
42632,0.76226544,3.11207e-07,0.7210016
37240,1.0,9.710421e-25,2.29842e-15
89962,1.0,3.3972627e-28,1.3692781e-18
80952,1.0,1.0696534e-27,2.4382755e-18
60071,1.0,1.1104316e-13,2.9174456e-09
27312,0.9999294,8.6800117e-10,0.00411276
88906,1.0,5.1661077e-24,1.1226717e-15
61278,0.99999964,8.742276e-12,1.6626431e-07
87826,1.0,4.486409e-23,4.364797e-15
8215,1.0,1.4409539e-18,2.8672748e-11
74962,1.0,1.0214822e-24,3.6448783e-16
93901,0.0005674693,2.1155948e-08,0.0004230118
99205,0.99999857,1.9743049e-10,1.5230248e-07
125743,1.0,1.0636683e-19,3.17733e-13
97166,1.0,1.489785e-23,2.0600627e-15
27412,0.9998616,1.8506544e-08,0.0037623886
44259,1.0,9.760989e-28,1.2056034e-17
27170,0.9999379,9.411304e-10,0.0036829733
14672,1.0,5.742517e-16,3.373118e-11
28256,1.0,6.888484e-16,1.8263448e-10
123469,0.115603626,7.03331e-05,0.10502947
105111,1.0,4.4595447e-26,2.7086732e-17
97952,1.0,3.730926e-18,7.2159453e-12
89007,1.0,1.5776437e-23,2.0193697e-15
8990,1.0,1.5529093e-19,4.078327e-12
44521,1.0,4.1768428e-19,2.091678e-11
128225,0.9999999,1.0933709e-12,8.8729354e-07
107255,1.0,5.982909e-21,1.2552658e-13
77366,0.42941257,9.602922e-05,0.4342603
37283,1.0,6.947774e-26,3.0772085e-16
68225,1.0,3.7245943e-20,3.216642e-13
107481,1.0,3.1771838e-21,8.266694e-14
47487,1.0,3.3298752e-14,2.2118411e-07
85502,1.0,6.556019e-28,1.5620478e-18
49789,1.0,1.8395467e-24,4.520198e-16
32664,1.0,6.372498e-19,3.437817e-11
80596,1.0,6.074848e-23,1.3061339e-21
8202,1.0,3.428401e-22,1.7033902e-13
6682,1.0,1.4591293e-19,5.352482e-12
104850,1.0,2.5941726e-27,5.687139e-18
32575,1.0,5.8177875e-18,1.8562628e-10
103899,0.99999523,1.6880429e-10,6.603248e-06
35794,0.9999901,3.1067307e-09,2.7929776e-05
97936,0.9999943,1.0713906e-09,1.0352655e-05
96946,1.0,6.223038e-23,6.0609383e-15
121526,0.0022449926,5.2519255e-07,0.0014444131
71649,1.0,2.1992478e-17,2.1548504e-11
37270,1.0,7.220431e-20,1.6844164e-12
69445,1.0,3.722562e-13,1.5634358e-08
47400,0.99837685,5.6563465e-07,0.08308377
102791,1.0,7.434312e-25,2.979019e-16
66874,1.0,1.5042707e-26,1.5341045e-17
54350,0.19719543,0.00022825236,0.20742084
10639,1.0,3.2918465e-14,2.680833e-08
122285,1.0,7.39693e-21,1.3785242e-13
25929,1.0,8.7884485e-24,1.119383e-15
76598,0.0003686067,7.0976633e-09,0.00028929734
2021,1.0,3.2465204e-26,1.2814362e-16
52406,0.004707939,3.409331e-06,0.00193266
72837,1.0,1.7864374e-22,1.0402724e-14
91366,1.0,1.2491223e-18,1.5506654e-12
109460,1.0,1.790661e-29,1.2934173e-19
49711,1.0,1.29144295e-30,2.0202738e-20
4564,0.14535996,0.00023161044,0.15410906
70641,0.9985238,4.5347113e-07,0.06057271
73549,9.750979e-05,3.8150644e-10,0.00012805506
103896,1.0,3.9756735e-14,3.8325682e-10
43352,0.99975795,5.239064e-07,0.00013584657
23740,1.0,1.5510237e-15,8.3328064e-09
85449,1.0,5.5949767e-25,2.3117318e-16
65940,0.5499631,7.659077e-05,0.5413975
88777,1.0,1.2524297e-24,4.3704772e-16
59983,1.0,5.208768e-14,2.2470519e-09
1322,0.1885606,0.0007198279,0.18018998
107322,1.0,5.7264894e-21,1.12322966e-13
2259,1.0,2.1472707e-24,2.9091683e-15
5746,1.0,3.566395e-18,5.2774855e-12
128339,0.19108473,0.075039744,0.0043542334
58915,1.0,4.248847e-15,8.070162e-10
108516,1.0,7.532913e-18,1.1699618e-11
38857,0.9999987,4.2255314e-11,1.4359904e-05
79568,1.0,5.8079356e-20,5.6579513e-13
62573,0.97932625,2.3198758e-05,0.41402325
79555,1.0,3.1623542e-24,8.031487e-16
49578,1.0,3.4840993e-25,1.2787553e-16
127955,1.0,1.9890415e-22,3.6167675e-13
100045,0.00013528606,8.553349e-10,0.0001561197
79695,1.0,2.785678e-28,5.3926916e-20
59978,1.0,9.8018754e-15,6.580571e-10
41263,1.0,7.4557796e-26,5.540544e-16
39612,0.99995244,1.5664625e-08,0.00047080935
79812,1.0,1.3544681e-24,4.0591815e-16
17346,1.0,8.952528e-16,1.783989e-11
29680,1.0,7.8743958e-25,2.8373568e-16
70628,0.9997383,5.278664e-08,0.00384825
78266,1.0,2.920713e-21,5.474927e-17
97157,1.0,1.6561017e-16,9.789545e-11
59032,1.0,5.9345987e-16,1.6674413e-10
10483,1.0,2.7173345e-14,3.862609e-08
41353,1.0,1.70345e-19,1.6933304e-11
97001,1.0,1.270516e-20,1.8162055e-13
28337,1.0,8.0075113e-14,2.0039945e-08
69052,1.0,1.3265277e-25,3.8803277e-21
37340,1.0,1.1059998e-23,1.2538751e-14
8959,1.0,6.5550174e-21,1.0593716e-12
128026,1.0,3.4315337e-19,7.884311e-11
99148,1.0,4.8871018e-26,3.885594e-17
105014,0.15111351,0.00023232793,0.16206652
99289,1.0,2.192956e-25,1.2686829e-16
29453,1.0,1.9050884e-28,9.22821e-19
65879,0.9562092,4.496704e-09,0.9580104
2870,0.0007487312,4.3507825e-08,0.0005183124
121084,1.0,7.6853705e-14,2.6129077e-09
21366,1.0,2.3538497e-23,2.3783704e-14
43426,1.0,2.1681249e-19,7.251545e-11
86564,1.0,8.7248e-20,2.30704e-13
10615,1.0,4.691202e-22,5.5237095e-14
28428,1.0,2.2259055e-14,3.9111137e-09
60175,0.9999995,1.8638896e-11,2.7986005e-07
84372,1.0,3.9722803e-24,7.764988e-16
34729,0.0036319345,1.387799e-06,0.002648133
84177,1.0,6.3327876e-24,1.1993021e-15
121135,1.0,1.935603e-16,6.116264e-11
117865,1.0,2.6548788e-29,1.6839766e-19
70434,1.0,5.990161e-13,1.7679591e-08
5598,1.0,3.528309e-22,1.7023824e-14
10659,0.9999999,1.140616e-12,3.0528702e-07
4530,1.0,7.0769073e-22,2.3789149e-14
65102,0.00059117086,2.2451896e-08,0.00045206194
21423,1.0,1.017856e-26,2.1151735e-17
80800,1.0,2.0121314e-25,1.2069661e-16
47443,1.0,1.8057545e-19,1.7532448e-11
26290,1.0,2.0478251e-14,6.154991e-10
60259,0.9999938,2.973641e-10,6.14333e-06
112918,1.0,4.490854e-26,4.3293396e-17
73747,1.0,1.0635225e-26,1.3242731e-17
25317,0.0012327683,1.5415421e-07,0.0007568503
117875,0.99430156,3.1763316e-06,0.22610232
115183,0.0004226998,3.9951534e-08,0.0001312056
41217,1.0,2.6069342e-24,1.0805162e-14
67065,1.0,1.3925878e-18,3.3572368e-12
106355,1.0,1.24910285e-26,1.6975033e-17
124584,1.0,6.9390103e-25,2.4071056e-16
5512,1.0,4.068067e-22,1.1228049e-14
47529,0.9999869,1.0288166e-09,0.00026730204
54308,1.0,3.425533e-25,1.696352e-16
34982,1.0,1.4383803e-30,9.879556e-20
70301,1.0,1.0251135e-22,8.174604e-15
117873,0.99896014,1.3343657e-07,0.090647236
128141,0.9999976,7.675802e-11,3.861567e-05
28361,1.0,1.7857428e-14,2.3474505e-09
44220,1.0,2.8022722e-21,7.9681774e-13
60469,0.0013194192,1.5093764e-07,0.00093922595
47549,0.98268235,6.519333e-05,0.22160788
29595,1.0,7.133891e-27,1.0991138e-17
85208,0.00018246869,3.3231706e-09,0.00012940519
89404,1.0,1.5226127e-18,7.629884e-14
33826,0.9999995,2.4872385e-11,3.28905e-09
43513,0.99986017,2.2591891e-08,0.005617567
44531,0.9989542,5.621951e-06,0.0031691273
115412,1.0,1.04801e-17,1.3643898e-11
23980,0.99934536,3.098442e-07,0.019918784
20393,0.9903082,2.996332e-06,0.057042833
4589,1.0,3.4342727e-14,3.1198537e-09
88955,1.0,2.0313147e-22,8.670971e-15
34105,1.0,6.628571e-20,6.3736395e-12
91134,1.0,4.3562628e-23,3.9115046e-15
101686,1.0,3.1215682e-24,7.83491e-16
118691,1.0,2.3399586e-20,3.042175e-13
29509,1.0,8.365983e-27,1.3065351e-17
115565,1.0,1.3358744e-13,3.9146664e-09
49702,1.0,7.663233e-23,5.063157e-15
79547,1.0,5.651893e-23,5.5246343e-15
53351,0.9999975,5.780436e-10,6.57616e-07
49632,1.0,1.3061326e-23,1.7995143e-15
41107,1.0,2.3625414e-14,2.2072936e-07
2036,1.0,3.0769145e-24,6.41965e-15
71584,1.0,1.1280409e-17,1.4473162e-11
101642,1.0,2.3566812e-22,8.433868e-15
5415,1.0,6.761009e-20,5.2770505e-13
113223,1.0,9.977016e-25,3.5613278e-16
72745,0.9999949,8.587186e-10,7.4136265e-06
41376,1.0,3.7801044e-27,1.8764508e-17
76346,0.12649344,0.00015562194,0.12682068
34980,1.0,8.172417e-31,6.124115e-20
1943,1.0,1.7848117e-27,9.577722e-18
87616,1.0,1.5752435e-24,4.8853933e-16
49765,1.0,4.9169515e-24,1.05382e-15
47250,0.9428756,5.399442e-06,0.80913967
69489,1.0,8.496923e-18,1.1947336e-11
33161,0.0032296376,1.0774447e-06,0.00229721
56818,1.0,2.2821204e-20,2.3261856e-13
70488,0.99998534,2.419515e-09,2.4420671e-05
22239,1.0,5.9642356e-17,2.9848754e-10
16883,1.0,1.392259e-25,8.314356e-17
111982,1.0,6.990461e-21,1.2220411e-13
89892,1.0,9.469129e-27,1.4158953e-17
89029,1.0,5.6616654e-24,1.21797e-15
76310,0.9072074,1.4408822e-07,0.90854657
67035,1.0,2.2059982e-14,3.135549e-09
65760,0.80204976,3.8103449e-06,0.8093598
9051,1.0,2.2210375e-21,2.3225456e-13
84123,1.0,1.9458517e-21,5.6816856e-14
65965,0.8261237,2.2727572e-06,0.8335949
4308,1.0,1.86118e-25,6.890241e-17
116627,1.0,1.601094e-24,4.8009086e-16
67025,1.0,3.587586e-18,6.165066e-12
115477,1.0,3.4370389e-25,1.6390883e-16
47455,0.9979067,3.2787282e-06,0.0363326
129732,0.000385568,2.2060977e-08,0.00013081968
35026,1.0,4.5136357e-30,2.670881e-19
34190,1.0,1.2335442e-24,2.1532192e-15
73750,1.0,1.6035826e-23,1.884796e-15
56616,1.0,1.4018812e-21,4.86393e-14
63716,1.0,1.754285e-15,2.9551012e-10
47295,0.9999999,3.0592588e-13,6.379352e-06
7123,0.9999901,4.6939808e-09,7.6799424e-08
18037,1.0,1.2044664e-27,3.1960667e-18
46024,0.99477863,1.8148666e-06,0.2700479
22130,1.0,2.5194125e-24,2.733109e-15
128123,1.0,2.8417286e-19,2.6168106e-11
28413,0.10029734,0.000110373374,0.09868111
80900,1.0,3.2721908e-29,1.3184951e-19
101605,1.0,1.1540016e-20,1.7243241e-13
112922,1.0,8.498936e-25,3.1190808e-16
108451,1.0,1.7836923e-23,2.4525238e-15
16745,1.0,4.285374e-30,4.4334202e-20
33292,0.9988159,6.9445505e-06,0.0034257665
35729,1.0,1.6627159e-17,1.4300516e-10
75156,1.0,1.0159015e-25,7.390571e-17
44335,1.0,6.0696505e-26,3.5114283e-16
89950,1.0,1.8798219e-28,6.07391e-19
84327,1.0,1.0316127e-24,3.6080668e-16
113164,1.0,5.54506e-27,9.094785e-18
97155,1.0,8.1821326e-20,6.2468547e-13
95734,1.0,4.237789e-16,1.9757442e-10
91159,1.0,6.034202e-22,2.5464363e-14
116679,1.0,3.721057e-28,1.2200235e-18
49909,1.0,2.7600123e-24,6.1885207e-16
35785,0.9993468,2.5353177e-06,0.0021691788
102549,1.0,3.693822e-26,3.7544712e-17
33353,0.9990312,4.4325357e-06,0.0035316583
21283,1.0,5.1139454e-19,1.2002938e-10
82096,1.0,4.0839623e-20,4.0765286e-13
35718,1.0,4.0425294e-13,9.59807e-08
43393,1.0,3.7289208e-25,2.4405963e-15
32559,0.9999989,6.0933945e-11,4.311652e-06
49609,1.0,6.3693557e-21,1.03812426e-13
52022,0.0963017,0.000102459184,0.09277405
5592,1.0,8.9599194e-21,1.3526066e-13
13415,1.0,1.4647669e-20,1.7542065e-13
4501,1.0,4.5432013e-26,3.184203e-17
99399,1.0,5.38234e-25,2.3319524e-16
79510,1.0,1.0008279e-23,1.8374722e-15
111770,1.0,9.7406677e-23,7.502468e-15
76427,1.0,2.7175945e-17,1.81956e-11
72970,1.0,1.0444688e-19,6.72977e-13
32501,1.0,4.4852058e-14,6.294904e-08
65925,0.9146215,1.1514235e-07,0.91931736
22178,1.0,5.523904e-20,4.781326e-12
99255,1.0,2.2588273e-23,2.6136675e-15
105144,1.0,2.107826e-26,2.4999962e-17
29447,1.0,3.3346452e-27,6.4730754e-18
1958,1.0,1.066138e-27,6.528948e-18
20285,0.8917699,4.8594135e-05,0.14221328
118866,1.0,2.4962614e-24,6.698691e-16
50819,1.0,7.005045e-26,5.4642446e-17
73766,1.0,1.538529e-25,9.72451e-17
49746,1.0,1.9959781e-25,8.1704494e-17
38776,0.9999995,5.777994e-12,6.2100225e-06
28560,1.0,3.155366e-16,1.2200563e-10
29634,1.0,2.6489778e-24,6.4618815e-16
30772,1.0,5.0103775e-30,4.7314104e-20
53558,0.00095285475,6.6933026e-08,0.0007247256
85279,1.0,3.3819723e-17,1.6600275e-11
37431,1.0,7.5246715e-25,1.6223307e-15
75014,1.0,7.5254144e-26,5.7478173e-17
54365,1.0,8.3122417e-22,2.8825636e-14
102545,1.0,5.483098e-25,2.4027114e-16
46090,0.95666116,1.1266891e-08,0.91563904
86715,1.0,1.4004925e-27,2.5827304e-18
34995,1.0,3.1901015e-31,9.4879595e-21
16854,1.0,3.5707194e-28,1.2678786e-18
27074,0.99989724,5.8929075e-09,0.0040403223
92295,1.0,5.639907e-27,9.840073e-18
85617,1.0,2.8561834e-26,2.8592818e-17
79418,1.0,1.0220568e-21,9.0092864e-18
82070,1.0,6.879596e-27,1.0953218e-17
53077,0.99994576,9.388737e-09,0.0005908495
5651,1.0,3.4167801e-15,4.0466938e-10
54167,1.0,6.89179e-25,2.5786772e-16
14583,1.0,1.3290691e-27,2.6899208e-18
73805,1.0,1.5867504e-24,4.920931e-16
34192,1.0,3.8818705e-27,1.9404e-17
75469,0.0016293864,2.4401893e-07,0.0010999318
27429,0.9998286,1.4500043e-08,0.0063388194
66004,0.109034054,0.00015688418,0.108219154
101463,1.0,6.0416786e-25,2.2417272e-16
117709,0.11692969,0.00016530266,0.11822437
69472,1.0,1.093026e-17,1.3559399e-11
23935,1.0,3.295561e-13,2.6303886e-07
96954,1.0,5.968937e-20,4.8528775e-13
26176,1.0,4.0114563e-19,8.037967e-13
41373,1.0,6.126913e-22,2.286285e-13
101638,1.0,3.235224e-24,7.547187e-16
43942,0.86101735,0.007985433,0.0020526708
5902,1.0,9.6028415e-21,1.01505e-12
41034,0.9999851,1.3732084e-08,1.5245026e-06
127940,1.0,2.2116869e-13,5.895934e-07
125389,0.00010076251,4.911953e-10,0.00011713248
39510,0.99999964,4.3575174e-12,2.413622e-06
13400,1.0,2.5254109e-21,6.0074924e-14
125592,1.0,1.1293205e-23,1.4809066e-15
93485,1.0,2.1428796e-21,5.022934e-14
72642,1.0,3.269368e-23,3.610437e-15
76306,0.7842667,3.8745443e-06,0.78728545
41354,1.0,2.6527325e-14,3.274217e-08
16662,1.0,1.7064313e-31,2.6245595e-21
8196,1.0,8.220577e-29,5.189705e-19
8182,1.0,3.8997355e-22,8.326732e-14
28272,1.0,1.3060831e-15,3.2582717e-10
53160,0.99999607,1.884542e-10,6.1102946e-06
110522,1.0,1.5132421e-20,4.3197566e-16
29609,1.0,2.7041107e-24,6.9364216e-16
96900,1.0,4.4751686e-20,3.2895008e-13
111961,1.0,2.3128756e-26,2.6108846e-17
31867,0.11644563,0.0003419943,0.11567104
96886,1.0,7.466347e-24,1.3691968e-15
118827,1.0,8.316322e-25,2.9888312e-16
85608,1.0,2.5689818e-27,5.982165e-18
84174,1.0,3.8531225e-24,6.745206e-16
128178,0.99999595,3.3174438e-10,3.232209e-05
76404,1.0,1.8213955e-20,2.0399981e-13
37256,1.0,4.1914215e-24,6.9534345e-15
41151,0.99999905,1.774216e-11,1.4653293e-05
76269,1.0,1.6495718e-21,3.9828458e-14
91092,1.0,6.469378e-24,1.2345996e-15
118782,1.0,1.3489831e-22,9.9431e-15
28505,1.0,6.522685e-15,1.0194385e-09
20451,0.95732605,1.74096e-05,0.10273722
10966,0.002530218,7.538827e-07,0.0014132855
123986,0.99999976,8.517362e-12,2.8565186e-09
28529,1.0,2.0704926e-16,8.877987e-11
19143,1.0,1.9560108e-28,8.0730656e-19
44364,1.0,2.524236e-21,4.0935845e-13
82161,1.0,5.3918576e-24,1.1117275e-15
4535,1.0,2.1992573e-31,3.8807574e-21
106068,1.0,1.3403951e-16,2.5975208e-11
87629,1.0,1.0486975e-25,7.313781e-17
37866,0.9999975,4.658809e-10,1.6907254e-08
23807,0.99989104,6.84845e-08,0.0009204088
76260,1.0,1.2432146e-16,4.3799846e-11
75185,1.0,1.031172e-24,3.5438863e-16
53018,0.99998856,9.2452e-10,4.0377174e-05
81016,1.0,2.0329085e-25,1.0301305e-16
98048,1.0,6.421978e-22,2.6131402e-14
43468,1.0,1.3376266e-16,9.686786e-09
66959,1.0,1.3538693e-16,6.6489876e-11
74000,1.0,1.7471193e-22,1.1413702e-14
83154,1.0,9.9969736e-26,7.2425665e-17
91244,1.0,1.1761186e-23,1.920153e-15
103804,0.144106,9.469558e-05,0.1322895
35380,0.9999994,1.983631e-11,2.8714165e-08
71629,0.27679464,0.0001374879,0.29234186
42801,0.85922116,5.1659975e-07,0.80462974
81011,1.0,6.4065925e-28,2.1471297e-18
79696,1.0,3.380753e-21,7.628515e-14
128058,1.0,4.288841e-15,6.1453775e-08
36886,0.002745403,8.714131e-07,0.0016050051
45857,0.8562613,6.3605717e-07,0.8005876
53312,0.9996555,2.1923894e-08,0.023081888
74948,1.0,1.3310251e-23,1.5461797e-15
30735,1.0,8.672845e-25,1.6267732e-16
107260,1.0,1.8161721e-19,1.0371432e-12
5407,1.0,1.4688015e-27,1.6728498e-18
128066,0.9997645,1.2370737e-07,0.0041454206
79842,1.0,3.3415122e-25,1.652366e-16
89953,1.0,1.1690801e-27,2.063528e-18
682,1.0,5.549303e-23,5.4682665e-18
72779,1.0,2.7885957e-25,1.3839781e-16
19292,1.0,5.11569e-16,3.6340048e-10
16946,1.0,1.334009e-23,1.8917687e-15
38687,0.06891419,1.2337376e-06,0.071473084
1246,0.066459276,0.00019399235,0.0691282
99338,1.0,4.0945475e-23,4.4477963e-15
26063,1.0,4.6616122e-20,2.9416847e-13
107460,1.0,1.1779749e-20,1.4455932e-13
32505,0.9999999,1.5918863e-12,5.096277e-07
5727,0.99999976,5.4817123e-12,4.5022847e-07
88789,1.0,8.417108e-26,5.4654126e-17
34964,1.0,3.1544516e-31,2.934641e-20
8938,1.0,1.5158858e-23,9.615003e-15
19299,1.0,8.202672e-26,6.0075746e-17
47501,0.8431965,0.0006119988,0.5990459
70645,1.0,2.8239807e-14,8.4002405e-10
13223,1.0,2.9675382e-18,6.6720037e-12
72730,1.0,2.3277315e-23,2.7155665e-15
65806,0.2520074,0.00017794728,0.2685371
19035,1.0,4.673046e-26,4.038684e-17
4311,1.0,1.6394729e-27,2.912584e-18
69177,1.0,7.493123e-13,3.372866e-08
85344,1.0,2.2245325e-27,5.419382e-18
83510,0.0014291607,1.7740145e-07,0.0009933591
116535,1.0,3.9508303e-27,5.9399372e-18
44416,0.86083484,2.4346074e-05,0.7138379
94484,1.0,1.6756515e-28,5.4073603e-19
4292,1.0,1.8233597e-31,3.317767e-21
115423,0.9997383,2.1475138e-07,0.0025789447
102882,1.0,1.7791798e-23,6.07114e-16
16844,1.0,3.1302337e-26,2.7554986e-17
960,1.0,2.4553458e-19,9.534622e-13
47030,0.0047055306,2.6561436e-06,0.0033899348
32490,1.0,7.561976e-22,3.2435356e-12
50287,0.008119369,8.839322e-06,0.0020908078
128086,0.9999999,2.5860547e-13,8.909736e-07
13256,1.0,1.5601738e-23,2.1741754e-15
61094,1.0,3.838587e-15,2.935753e-10
23731,1.0,2.4154106e-17,3.2540545e-10
65870,0.10926465,0.00016907025,0.107761435
65777,0.8551555,1.2519728e-06,0.8607742
23874,0.99999595,3.9732484e-10,2.4551626e-05
88741,1.0,4.6218512e-24,9.940287e-16
34148,1.0,6.704764e-27,2.8882775e-17
122289,1.0,3.4039557e-21,9.4760944e-14
69279,1.0,4.4591764e-16,1.425705e-10
129488,0.99972826,1.37663845e-08,0.03485959
71762,0.6396301,2.491652e-05,0.6516906
36539,1.0,2.2555626e-24,2.8812594e-15
37502,1.0,9.5768384e-27,8.8380364e-17
23948,0.9999044,4.111034e-09,0.009993146
86485,0.99999845,2.4868127e-10,2.4093578e-07
96872,1.0,7.952306e-18,1.1750002e-11
40642,0.99999774,4.853033e-10,1.4212781e-08
37890,0.99999905,8.778707e-11,4.860168e-09
82100,1.0,1.7547932e-23,2.32886e-15
69244,0.9397793,2.2871195e-08,0.94051254
43492,0.9999987,1.1076089e-11,5.946198e-05
49692,1.0,3.2127301e-24,6.3972534e-16
128176,1.0,1.5829991e-20,2.3356516e-12
31062,1.0,3.9397707e-26,2.090524e-16
101555,1.0,2.1379561e-21,4.4429487e-14
63684,1.0,8.5824967e-19,2.5128816e-12
8180,1.0,2.4163124e-18,4.5366898e-11
107858,0.9999999,2.6236459e-12,2.2731839e-09
53022,1.0,1.2013508e-12,4.4368798e-09
110627,1.0,2.0843703e-22,1.2496634e-14
28356,1.0,2.6568732e-15,6.294046e-10
119764,1.0,1.3672347e-22,6.607598e-18
76255,1.0,4.380246e-21,5.5833346e-14
49862,1.0,3.089918e-20,3.1048878e-13
69162,1.0,1.4427704e-16,7.554868e-11
44228,1.0,1.7292847e-20,3.145908e-12
86470,1.0,3.184144e-31,5.521244e-22
52165,1.0,1.9529235e-21,5.253247e-14
86514,1.0,2.3721376e-13,4.1254475e-09
90153,1.0,1.9247294e-37,2.3890344e-27
53942,7.2785035e-05,4.8889504e-10,5.301953e-05
53073,0.99990964,1.8016328e-08,0.0014148935
49649,1.0,5.3074222e-21,9.071744e-14
88736,1.0,6.103672e-24,1.2481382e-15
23738,0.9999988,4.8680306e-11,7.920721e-06
75151,1.0,2.064293e-24,5.3554325e-16
111907,1.0,1.3397099e-24,3.785681e-16
42030,0.0006768578,3.055791e-08,0.0005166452
58827,1.0,5.015497e-17,3.5194233e-11
76273,1.0,1.2151228e-19,6.193053e-13
47164,0.99999976,7.627665e-12,2.303304e-08
17597,5.3062427e-05,2.0502913e-10,3.4862802e-05
20773,0.00060682715,6.858686e-08,0.00017802483
28597,1.0,7.159861e-15,1.0554444e-09
66927,1.0,2.1527175e-23,2.087999e-15
83125,0.10575761,0.00014399983,0.10471728
34844,1.0,3.5983646e-30,1.1190435e-19
23926,1.0,2.4071491e-18,9.596261e-11
68224,1.0,5.1383038e-14,2.3177842e-09
5956,1.0,1.3609982e-18,4.4785536e-11
122337,1.0,2.7823747e-21,6.897497e-14
93530,1.0,1.0322973e-17,9.7980955e-12
79863,1.0,5.199796e-25,2.2053817e-16
9867,0.4726458,0.0006867426,0.42100835
51975,1.0,2.9264608e-18,6.088407e-12
37425,1.0,5.476525e-21,1.0657923e-12
109711,1.0,1.011196e-25,7.3485984e-17
60082,0.99999857,9.193936e-11,1.2374257e-06
1106,1.0,6.767618e-19,1.35004e-12
108555,1.0,7.290935e-18,1.06455955e-11
14432,1.0,1.5156069e-25,6.704337e-17
39517,0.9999887,2.6252969e-09,5.470012e-05
26241,1.0,1.8655451e-13,2.1254258e-09
73894,1.0,2.3233467e-25,8.652624e-17
69104,0.00047423094,3.5310673e-08,0.00015272318
20118,0.9678312,1.4573746e-05,0.09263053
49812,1.0,6.0727372e-24,9.600706e-16
57037,0.00046268475,1.276112e-08,0.00034861604
76158,1.0,3.3743286e-18,5.225103e-12
87718,1.0,3.0167378e-29,2.0040407e-19
88745,1.0,4.4647832e-28,1.6799611e-18
67140,0.98743266,1.0180535e-05,0.33292425
79662,1.0,8.098712e-23,6.1575585e-15
121325,1.0,1.0014662e-22,6.462846e-15
16755,1.0,8.252378e-28,2.2339053e-18
91279,1.0,2.349016e-22,1.4618128e-14
55375,1.0,8.586902e-15,7.041807e-10
62477,0.99999905,3.4374434e-11,4.7809067e-07
123635,1.0,1.5395326e-18,4.088725e-12
76188,1.0,2.303785e-21,4.9674552e-14
99243,1.0,9.162737e-23,7.60917e-15
82105,1.0,2.5077825e-23,3.132258e-15
82014,1.0,5.0439766e-22,2.3729011e-14
108498,1.0,1.9006706e-25,1.1702736e-16
32549,1.0,5.0572204e-19,2.9456625e-11
115473,1.0,6.8813e-20,5.757968e-13
79600,0.999951,1.6786723e-08,0.00030306642
109424,0.0037529615,4.888424e-06,0.0007705508
121190,1.0,4.2309233e-24,8.0531774e-16
45899,0.9993741,2.426601e-08,0.11919762
67898,1.0,1.7627694e-24,5.4125177e-20
17831,1.0,2.8461042e-24,7.110429e-16
96877,1.0,4.902187e-19,1.6891909e-12
99433,1.0,4.4069405e-23,4.3375096e-15
55560,1.0,8.5634254e-20,3.9500144e-13
66751,0.00014383817,9.691752e-10,0.00016693698
41414,1.0,2.133014e-26,1.4030619e-16
35650,0.99723226,2.0682905e-05,0.012208149
88727,1.0,5.594421e-25,2.4353126e-16
47492,0.9999778,5.6630234e-10,0.0019080978
113274,0.9999999,1.2489093e-12,7.750547e-08
66388,0.9999999,8.787744e-13,3.2739342e-09
85290,1.0,7.0633197e-28,5.2470155e-19
14462,1.0,2.361376e-24,4.162661e-16
26067,1.0,9.315827e-25,2.5377496e-16
88746,1.0,6.8343476e-26,5.4606606e-17
74953,1.0,4.9732957e-25,2.0759813e-16
17322,1.0,1.5125304e-15,2.6665907e-11
46046,0.999564,1.7890553e-08,0.07423107
128060,1.0,1.0546287e-14,2.7440467e-07
28565,1.0,2.6385944e-13,4.52762e-08
41223,1.0,1.2399091e-23,2.8298253e-14
84434,0.10378248,0.00010228981,0.101636566
82007,1.0,3.6918099e-25,1.6079925e-16
96832,1.0,1.3192039e-20,1.9642805e-13
66386,1.0,2.4420423e-13,1.4072478e-09
123526,1.0,8.816482e-25,2.248613e-16
118884,1.0,3.7387936e-24,7.358982e-16
94647,1.0,4.2703207e-26,7.218125e-18
112095,1.0,4.3402317e-19,1.6446691e-12
64082,0.9999989,7.021204e-11,2.9712798e-08
91035,1.0,5.6191115e-22,1.5254237e-14
26221,1.0,6.488896e-26,4.0744293e-17
14517,1.0,2.3830054e-15,1.8496751e-10
104036,0.9999703,1.5790999e-09,0.00013923242
99137,1.0,1.0791225e-24,3.6823045e-16
91359,1.0,1.846543e-23,2.6643531e-15
45729,1.0,5.886166e-17,3.4659404e-09
45956,0.9999745,3.1463313e-10,0.0043166014
104963,1.0,2.4708026e-26,2.5921382e-17
45967,0.9999976,1.9431392e-11,0.00020178322
44207,1.0,1.0607452e-22,5.2573966e-14
29675,1.0,2.0372646e-24,5.8040053e-16
60170,0.9999993,3.732911e-11,3.7229697e-07
32965,0.0015684809,2.6055318e-07,0.00096277567
14604,1.0,2.3747224e-28,7.9552146e-19
69204,1.0,4.9762553e-18,8.540445e-12
93672,1.0,1.0977632e-12,7.100805e-09
32454,0.9850928,0.00058859057,0.0010573898
29443,1.0,1.5363867e-27,3.7872373e-18
5608,1.0,5.487085e-21,9.9566934e-14
30593,1.0,3.542457e-29,1.7623908e-19
98224,0.99998593,1.768427e-09,4.6502508e-05
10675,0.9996408,6.1666645e-07,0.0021644186
124639,1.0,1.0644186e-20,2.0584542e-13
25987,1.0,1.1345123e-20,1.2342712e-13
85397,1.0,1.5251856e-21,3.0427422e-14
54325,0.7005275,1.1666727e-05,0.7079883
14532,1.0,5.0926275e-27,7.294524e-18
127933,1.0,1.9102028e-22,1.8453378e-13
68273,1.0,1.4369454e-20,1.644803e-13
113845,9.5811985e-05,1.0205631e-09,6.62386e-05
75149,1.0,4.639356e-24,9.453771e-16
79286,0.00017921618,1.3964591e-09,0.00021030295
5872,0.042250454,8.597187e-05,0.04361476
91174,1.0,9.758798e-27,1.472753e-17
59060,1.0,2.0531226e-27,4.5086555e-18
89677,0.00012796975,1.798113e-09,6.2612795e-05
72678,1.0,6.040294e-18,1.0043411e-11
25988,1.0,1.8970128e-25,8.873135e-17
36580,0.99981683,1.5151076e-07,0.001618733
86755,1.0,1.3988353e-30,7.5461886e-21
97954,0.9999684,8.271368e-09,0.00019965602
49635,1.0,2.1108831e-19,1.195075e-12
29725,1.0,2.4648329e-27,5.521297e-18
32612,1.0,7.1804625e-21,1.6894164e-12
49706,1.0,6.532656e-27,1.11035316e-17
10505,0.9999993,2.5440953e-11,3.2679582e-06
125749,0.10560901,0.00014569133,0.104873076
98040,1.0,2.1577873e-18,5.237096e-12
32615,1.0,5.8616913e-19,2.5768302e-11
66009,0.7646937,6.733954e-06,0.7733793
86722,1.0,1.7796922e-27,1.4877725e-18
23876,1.0,2.2051137e-15,1.0414966e-08
32539,0.99999726,2.4272329e-10,1.39291515e-05
47351,0.9979672,3.7084482e-07,0.1645321
79674,1.0,4.6035686e-24,1.0453996e-15
59061,1.0,3.7403096e-22,1.8210399e-14
103753,0.99996614,1.3883429e-09,0.00013679886
28549,1.0,1.2704022e-16,7.630579e-11
30935,1.0,3.3481599e-25,1.168891e-15
20340,0.9864674,4.5440024e-06,0.06438494
89949,1.0,2.4302043e-27,1.838016e-18
127203,1.0,8.5213e-18,8.6127416e-10
28906,1.0,1.705403e-16,4.233048e-12
17801,1.0,2.7568483e-29,2.1457773e-19
102611,1.0,4.7276844e-24,9.858569e-16
72695,1.0,6.890443e-27,1.0471747e-17
116917,0.0010521209,8.8516735e-08,0.00077170937
95882,1.0,5.859606e-21,1.0021892e-13
17837,1.0,2.928234e-27,5.033454e-18
121034,1.0,7.190973e-14,2.6875384e-09
118588,1.0,2.8656078e-22,2.986023e-19
86583,1.0,3.3170618e-34,7.22681e-24
55604,1.0,1.2499096e-24,3.801774e-16
66022,0.7156889,1.3261821e-05,0.7268229
39532,0.9996214,3.2930035e-07,0.0052965865
87828,1.0,7.0222675e-28,1.9761732e-18
36413,1.0,3.4351116e-25,5.944364e-16
74101,1.0,1.3612336e-23,1.7565081e-15
75093,1.0,6.1729494e-27,1.037109e-17
116666,0.13097009,0.00019531272,0.1273333
74810,1.0,1.8269528e-23,1.0256046e-18
80675,1.0,5.0567586e-26,4.5334064e-17
72908,1.0,3.1846196e-15,5.1085486e-10
31053,1.0,9.6847316e-21,1.2019787e-12
28271,1.0,1.0835163e-15,2.5520963e-10
71490,1.0,7.201826e-30,8.650267e-20
59858,0.99999964,2.4094638e-11,8.4637986e-10
10648,0.9987024,3.986061e-06,0.009924552
75088,1.0,5.0656094e-23,5.185481e-15
15555,1.0,2.739226e-22,1.4518485e-14
34840,1.0,2.8086256e-31,1.1671592e-20
44300,1.0,3.2083913e-26,1.3942264e-16
112104,1.0,2.5177203e-25,1.2865106e-16
117673,1.0,2.1763018e-28,6.6213714e-19
29679,1.0,1.4319419e-23,2.193561e-15
10529,1.0,3.4915912e-17,1.0613067e-09
69503,1.0,4.7147122e-26,3.3829526e-17
47306,0.92996633,3.718712e-06,0.8373931
26178,1.0,8.227776e-18,6.7214606e-12
84159,1.0,4.5122356e-25,1.8871475e-16
8317,0.99999917,4.4268242e-11,2.1622457e-06
52161,0.9999999,2.8140578e-12,3.9700484e-07
31709,0.05497646,0.00011637521,0.056413174
64543,0.99999964,9.978243e-12,1.5373855e-07
36402,1.0,1.8431659e-22,5.3921934e-14
85593,1.0,1.00750583e-28,3.209737e-19
19628,1.0,3.922951e-15,2.936334e-11
2138,1.0,3.5042478e-28,4.0616094e-18
10668,0.9999956,7.5419715e-10,1.22726915e-05
37260,1.0,5.8374654e-24,6.6676426e-15
77463,1.0,2.0078188e-21,4.9095168e-14
89432,0.00043335895,9.754924e-09,0.000358218
118674,1.0,1.0869795e-26,9.495035e-18
49665,1.0,2.0819117e-25,1.2601265e-16
37535,1.0,2.9972156e-21,7.785896e-13
76362,1.0,2.3598877e-26,2.2945545e-17
118228,1.0,3.6681202e-14,9.0692835e-11
97044,1.0,3.920201e-21,8.222239e-14
34962,1.0,3.886547e-30,1.9095137e-19
109532,1.0,8.0916713e-23,6.3740186e-15
8237,0.98940897,0.00010823116,0.0651512
109682,1.0,1.5069782e-23,1.9170935e-15
55942,0.00077653455,3.974063e-08,0.0006207929
5699,1.0,7.119674e-19,1.8875762e-12
26235,0.99999845,6.1609544e-11,1.2619305e-06
13290,1.0,1.7745062e-27,4.3243687e-18
107316,1.0,4.2653984e-21,1.06820945e-13
37405,1.0,7.624509e-23,5.857594e-14
19278,1.0,1.0176512e-24,3.4504803e-16
23925,1.0,1.6618145e-18,7.3520974e-11
109519,1.0,4.329305e-25,1.9781817e-16
49694,1.0,8.772086e-28,2.8073695e-18
25450,0.9842069,0.00031922155,0.0005878519
27418,0.99991465,1.1359911e-09,0.004984464
117625,1.0,1.14591505e-23,2.0270559e-16
69173,1.0,1.8916762e-21,5.3189735e-14
61086,1.0,6.56981e-14,1.941567e-09
14341,1.0,7.489926e-27,9.721687e-18
79693,0.107533626,0.000116707815,0.10820175
85498,0.9999994,5.5775315e-11,3.0844907e-07
84489,1.0,2.78506e-22,1.4661493e-14
41154,1.0,3.687615e-14,5.1717893e-07
107222,1.0,1.3900972e-20,2.0582933e-13
14353,1.0,5.0050677e-22,1.1545906e-14
53124,0.9997464,8.020543e-08,0.006503845
42784,0.9129014,2.703262e-07,0.85523546
23745,1.0,3.084684e-23,3.4005672e-14
66954,1.0,1.6979363e-18,3.9761553e-12
77296,1.0,4.9272785e-24,1.0214751e-15
19205,1.0,6.6047048e-24,1.2165351e-15
107161,1.0,1.2041629e-20,2.0180549e-13
65756,0.9288209,5.242122e-08,0.9320412
115274,1.0,4.511879e-23,4.277975e-15
46095,0.99970347,1.0685199e-08,0.050007895
102596,1.0,2.6839474e-24,6.9914655e-16
121133,1.0,1.2205705e-14,8.580146e-10
34556,0.00061739684,2.326471e-08,0.0004898926
28138,1.0,3.0111594e-23,1.2661821e-18
78659,1.0,2.908735e-23,3.4098794e-15
15677,0.1066194,0.00013986367,0.106562756
80789,1.0,1.1393658e-27,2.9327304e-18
23902,0.98634535,9.364618e-05,0.12249658
66911,1.0,1.472673e-19,8.562493e-13
3370,0.0024698314,5.829729e-07,0.0017628057
94420,1.0,1.0098843e-27,1.4146694e-25
53316,0.43008286,0.0002004824,0.38575676
127024,0.37991524,9.9264646e-05,0.39518613
84188,1.0,4.8537547e-25,2.1522489e-16
127195,0.9999999,2.4596655e-13,2.935745e-06
91732,1.0,4.2890967e-14,1.04828556e-10
68292,1.0,8.2721333e-22,2.6482534e-14
61380,1.0,3.8636016e-13,7.886454e-09
14579,1.0,5.3230566e-28,1.6548876e-18
99781,0.0013092983,1.4704476e-07,0.0008944826
41094,1.0,6.965721e-24,1.3368321e-14
5554,1.0,3.372546e-22,1.6337151e-14
85539,1.0,1.0137795e-26,9.632684e-18
123587,0.9999925,1.0364922e-09,1.5138543e-05
106308,1.0,1.0308564e-26,1.1788937e-17
41046,0.9999628,6.1453306e-08,4.3384125e-06
34936,1.0,1.7186156e-30,7.9937526e-20
122485,1.0,3.9744062e-22,1.8418066e-14
44884,0.9844875,0.00044419424,7.188981e-05
54162,1.0,2.6600441e-25,1.3951043e-16
74965,1.0,4.8235e-26,4.48733e-17
72736,1.0,5.031759e-20,4.6976165e-13
108609,1.0,7.723595e-17,6.01578e-11
19009,1.0,7.29559e-23,6.223349e-15
91184,1.0,6.403805e-21,1.3392523e-13
29450,1.0,2.6271734e-29,2.1239197e-19
115221,1.0,1.2591494e-26,1.6150921e-17
124534,1.0,7.075524e-24,1.3353993e-15
92090,1.0,2.8979269e-22,9.699715e-19
75391,0.0010028644,7.980821e-08,0.0007368122
20214,0.9815058,6.1914666e-06,0.072464295
96824,0.9995408,1.478073e-08,0.0831089
84349,1.0,2.1992892e-25,1.2643542e-16
8176,1.0,5.968632e-23,3.6776477e-14
34913,1.0,1.8218936e-30,1.058124e-19
62333,0.99990654,1.782155e-08,0.0006265368
29414,1.0,1.0609974e-27,3.025652e-18
67198,1.0,1.687462e-19,6.721867e-13
93489,1.0,5.709833e-18,8.034108e-12
103956,0.99999833,1.1617082e-10,1.1961148e-06
8311,1.0,1.5783359e-23,8.550586e-15
12285,1.0,2.287534e-19,7.3965367e-13
9768,0.9685957,1.0025115e-07,0.9025364
4814,0.0015911313,2.2983019e-07,0.0010837751
90176,1.0,6.591211e-25,1.5824592e-16
59941,1.0,5.009772e-20,3.286428e-13
115564,0.9866903,4.1279227e-11,0.97906405
89047,1.0,3.0038382e-24,7.606148e-16
61188,1.0,1.0189067e-15,1.244668e-10
61318,0.999995,4.2627785e-10,5.588312e-06
96842,1.0,1.8051308e-23,2.4968539e-15
98236,0.1336235,0.00023303629,0.13780543
69188,1.0,6.8087104e-20,5.693318e-13
44539,1.0,2.9666915e-24,4.9292e-15
62330,0.9999994,2.527708e-11,2.6282646e-07
58880,1.0,1.2507209e-16,6.5125044e-11
95640,1.0,2.8066557e-23,3.2068066e-15
75091,1.0,1.02599225e-25,7.3689226e-17
37353,1.0,1.6796876e-23,1.6342606e-14
46287,0.00034887172,1.3538128e-08,0.00014795664
54470,1.0,4.5793933e-26,4.4360657e-17
21277,1.0,1.0366064e-25,1.9936358e-16
109687,1.0,6.3249167e-24,1.2192856e-15
100357,1.0,1.1734554e-25,7.494966e-17
30678,1.0,1.1701318e-29,7.4371395e-20
5462,1.0,7.1302606e-30,7.016673e-20
30789,1.0,5.356422e-28,1.1333974e-18
10652,0.99962807,7.257124e-07,0.001985014
44471,1.0,5.1939854e-18,8.1524475e-11
13548,1.0,1.2058101e-25,7.3193077e-17
108402,1.0,1.1219093e-23,1.7224355e-15
26020,1.0,5.3404365e-24,8.0408367e-16
19517,0.0014986491,2.0008099e-07,0.0010395196
129558,0.99993503,1.9402897e-09,0.007836846
1444,0.00034578174,5.2500657e-09,0.00034969285
18978,1.0,9.8254644e-29,5.0908805e-19
127197,0.9999999,1.6316856e-13,1.0868463e-06
116568,1.0,8.855718e-25,1.8768454e-16
85401,0.99960226,1.609701e-07,0.009819085
13734,0.0011410818,1.1356759e-07,0.0007881254
118964,1.0,1.7766958e-25,1.0527224e-16
32602,1.0,5.3132856e-14,5.047063e-08
34537,0.0002418027,1.9107038e-09,0.00022457648
28435,0.99997914,3.0846825e-09,0.00012914374
8258,1.0,5.864863e-28,5.3247283e-18
74050,1.0,3.2378169e-24,7.41158e-16
127973,0.99994314,6.8027255e-09,0.0019352721
121229,1.0,6.794905e-13,2.0324297e-08
127170,1.0,6.665478e-16,3.4638667e-08
1911,0.9999889,7.3696276e-09,1.9095771e-06
65846,0.14982536,0.00024751495,0.16131309
80946,1.0,1.8797123e-30,2.7142442e-20
76105,1.0,1.7550552e-22,9.327859e-15
34536,0.0006881308,3.3601264e-08,0.0005002679
128269,1.0,5.3180095e-18,2.6030872e-10
26033,1.0,2.0828591e-23,1.9653132e-15
44407,1.0,3.7950467e-18,3.6268984e-11
96367,0.00048195448,1.1875245e-08,0.00041531574
59147,1.0,4.886323e-17,3.1349062e-11
94670,0.44283488,7.5534845e-05,0.44934443
124981,0.0017122761,2.7504603e-07,0.0011458697
21336,1.0,4.477443e-26,1.6007828e-16
97095,1.0,1.6030212e-29,1.0134389e-19
37305,1.0,1.4845284e-20,2.148521e-12
98140,1.0,3.6623214e-27,7.328999e-18
38798,0.9999789,1.9132238e-09,0.0005125676
37370,1.0,8.090801e-17,4.5172385e-10
30334,8.667114e-05,7.5301704e-10,6.70095e-05
60276,0.9999976,8.684379e-11,1.3607697e-06
26301,1.0,7.3450007e-20,1.96659e-13
115328,1.0,2.2747923e-21,5.4011693e-14
114362,0.1676444,0.00022369409,0.17883044
109709,1.0,4.934313e-24,1.0042433e-15
66895,1.0,9.704341e-19,2.9598537e-12
103995,0.99977463,1.977733e-08,0.0064671873
65462,7.705626e-05,5.5232896e-10,4.77083e-05
94495,0.99999833,1.8194084e-10,1.3401739e-06
67045,1.0,1.0436613e-17,1.1999911e-11
31003,1.0,3.0322374e-26,2.3105063e-16
29577,1.0,2.2399963e-27,5.2421562e-18
46420,1.0,3.055442e-15,3.7949984e-13
112940,1.0,3.8854659e-22,1.8960394e-14
53070,0.99999905,1.2305591e-10,2.983274e-07
109835,1.0,3.20936e-25,1.4380559e-16
16646,1.0,2.9220413e-27,3.5675928e-18
35790,0.9859029,0.0003180074,0.042729735
29644,1.0,1.2993494e-30,1.4209305e-20
84466,1.0,8.395919e-24,1.5036536e-15
58976,1.0,1.257798e-15,2.5106087e-10
18081,1.0,2.3593118e-26,2.550345e-17
13914,0.00081922533,5.1259853e-08,0.00059634866
5416,1.0,2.7562103e-19,1.1768389e-12
119015,1.0,1.6800688e-27,2.531366e-18
74767,0.00023259588,4.031112e-09,0.0001694387
42754,0.97932863,6.2861936e-08,0.8917184
19147,1.0,3.503909e-23,3.5514533e-15
7487,0.99999475,8.0723633e-10,2.321332e-05
73952,1.0,6.5782915e-20,5.620531e-13
73803,1.0,3.817235e-24,8.944541e-16
72851,1.0,8.440693e-15,9.751998e-10
34049,1.0,9.546486e-28,6.3579563e-18
29434,1.0,8.020473e-29,4.8223947e-19
29655,1.0,8.493685e-25,1.6450075e-16
106549,0.0013253638,1.5484596e-07,0.0008878878
23697,1.0,2.8811718e-15,2.3473175e-08
78454,1.0,2.9520893e-20,3.156304e-13
73908,1.0,2.660856e-25,1.4125512e-16
23954,0.99999523,2.4296876e-10,7.451344e-05
125832,1.0,4.1405895e-21,8.9699034e-14
91191,1.0,7.639437e-25,2.5545622e-16
69358,1.0,9.444281e-18,1.3071923e-11
15686,1.0,2.142046e-21,5.5029728e-14
87676,1.0,1.6324227e-25,1.0192249e-16
74957,1.0,1.3337901e-23,1.9454864e-15
36494,0.05714171,8.8671826e-05,0.06488752
14394,1.0,1.8408497e-27,3.6944992e-18
17909,1.0,4.729002e-31,1.0520699e-20
90144,1.0,1.0175172e-28,4.530739e-19
127963,0.9988152,5.840007e-08,0.19704069
68328,1.0,3.11135e-20,2.0372842e-13
99332,1.0,1.5537408e-24,4.6254505e-16
43424,1.0,3.3848617e-18,1.9820134e-10
4306,1.0,9.589204e-25,3.1271583e-16
27277,0.9975357,7.2796456e-07,0.083814524
127210,1.0,2.6183637e-18,4.9229176e-10
88997,1.0,1.4145196e-23,1.449352e-15
5832,1.0,2.4700197e-19,1.2756721e-11
47255,0.99998844,2.79872e-10,0.00077900745
16738,1.0,9.076967e-26,4.77213e-17
67143,1.0,6.986137e-15,8.3833374e-10
6705,1.0,1.3783649e-19,4.9544873e-12
53258,0.9255996,3.3194374e-05,0.6714693
130122,0.003936312,1.6706093e-06,0.002950288
113168,1.0,1.489405e-22,9.549646e-15
18127,1.0,1.0786577e-31,1.0273807e-21
83073,1.0,3.354762e-22,1.5937226e-14
80706,1.0,3.1248736e-28,1.3200458e-18
2086,1.0,4.5270904e-28,6.8252306e-18
76380,1.0,2.7363012e-15,2.8401537e-10
127942,1.0,4.893656e-16,1.1930049e-08
72809,1.0,7.925103e-20,6.1425035e-13
90190,1.0,2.1383786e-30,3.157262e-20
111927,1.0,2.3673036e-15,3.0433056e-10
96908,1.0,1.2265612e-18,3.3928095e-12
107395,1.0,2.1688437e-20,2.648063e-13
96917,1.0,1.2230495e-15,6.749795e-10
52540,0.0038919745,1.9955555e-06,0.0020610099
117773,1.0,9.791211e-25,3.149642e-16
13537,1.0,2.2880107e-22,1.2256283e-14
28468,1.0,6.0972207e-18,1.1658318e-11
88751,1.0,1.1633084e-30,1.1015881e-21
57633,0.63277376,2.9263778e-05,0.6420322
41386,1.0,2.6672536e-21,9.407988e-13
54362,1.0,1.4471418e-23,1.9992572e-15
80756,1.0,9.602697e-28,2.8060955e-18
112994,1.0,2.07052e-20,2.5133696e-13
17958,0.11979204,0.0001453393,0.12359259
72708,0.9999789,2.9213658e-09,8.05047e-05
126884,0.9999999,5.129408e-12,1.5863993e-07
76323,1.0,1.6425496e-16,4.8682253e-11
71246,0.00011006763,6.7319367e-10,0.00011922147
75235,1.0,3.3339236e-25,1.1098031e-16
60222,0.9999349,1.0614105e-08,0.00040883647
53021,0.9999982,6.993377e-11,1.7651981e-06
76232,1.0,6.7849713e-13,1.1080014e-08
85492,1.0,7.175512e-27,1.1532595e-17
2225,1.0,6.795152e-24,1.09700855e-14
30545,1.0,1.827403e-26,1.7374535e-17
89883,1.0,4.061575e-27,8.03298e-18
111316,0.99964714,9.374602e-07,1.5393136e-05
64720,1.0,2.3816853e-13,1.1016585e-08
18983,1.0,1.7908538e-20,2.4489083e-13
44525,1.0,1.0856117e-19,6.423138e-12
69339,0.99995553,7.942655e-09,6.0637463e-05
74033,1.0,1.3944987e-22,9.620323e-15
43096,0.000972537,8.359282e-08,0.0005798026
97082,0.14982742,0.00013359505,0.1453904
37434,1.0,1.7644917e-24,4.7145405e-15
69297,1.0,2.9792465e-16,1.2379724e-10
79737,0.9999995,4.6034676e-11,5.8555784e-08
122333,1.0,1.8467624e-22,1.091836e-14
8226,1.0,1.9774466e-19,6.2608378e-12
80828,0.9999651,3.3250995e-08,1.1591491e-05
68092,1.0,1.4982841e-21,4.0261838e-14
37271,1.0,1.1671259e-16,3.7091086e-10
76313,1.0,1.3048297e-20,1.3412128e-13
88972,1.0,2.8220925e-24,7.299013e-16
61168,1.0,1.6531926e-15,1.6387368e-10
68237,1.0,2.27676e-16,9.239096e-11
15793,1.0,2.3584528e-22,1.1309811e-14
34145,0.7662812,2.4930187e-06,0.71444833
3388,0.99864465,1.9593968e-05,0.000112928356
57805,0.5597602,4.2763335e-05,0.56692433
19020,1.0,2.8654893e-28,9.174857e-19
116579,1.0,7.0689096e-25,1.988562e-16
108373,1.0,1.5099755e-24,4.6787247e-16
89014,0.94944125,2.0962794e-05,0.6730201
71457,1.0,4.581469e-20,4.5634845e-13
84227,1.0,9.662231e-34,9.826058e-23
99336,1.0,4.4769596e-21,8.805104e-14
46089,0.88831985,1.054558e-05,0.80132496
128095,0.9999993,4.595543e-12,2.804925e-05
129471,0.9997539,6.1948024e-09,0.05110012
106017,1.0,4.0815178e-27,7.911971e-18
95437,0.00011754715,8.5019836e-10,0.00012539442
13450,1.0,1.20518864e-26,1.7961109e-17
79687,1.0,2.4026252e-19,1.3519675e-12
23906,1.0,6.886618e-16,3.4547665e-09
19200,1.0,3.8309493e-23,4.031084e-15
20336,0.99654573,6.816729e-07,0.03484905
79524,1.0,2.6314243e-23,3.4230425e-15
106198,1.0,2.5113294e-27,4.0215247e-18
23696,0.99999976,2.2860854e-12,1.5074847e-06
112063,1.0,1.0112968e-24,3.0076112e-16
87574,1.0,3.8144344e-27,7.319387e-18
115225,0.99896157,2.5839762e-07,0.044968173
47441,0.9999999,1.8931424e-13,1.6185263e-06
97061,1.0,1.7813898e-20,2.2777017e-13
123397,1.0,4.0052117e-22,2.1206788e-14
128069,0.2758566,1.0994126e-05,0.2875545
75233,1.0,7.4374605e-25,2.808529e-16
127263,0.9999987,9.129991e-12,8.724762e-05
96880,1.0,3.036263e-20,3.2064062e-13
76100,1.0,4.135313e-23,3.7502236e-15
5873,0.044071153,6.187967e-05,0.049981207
10560,0.99989283,2.5938611e-08,0.0025847268
61412,1.0,1.00945575e-14,4.865248e-10
72880,1.0,8.845009e-19,2.7789984e-12
79864,1.0,8.288626e-21,9.5827114e-14
10600,0.99957424,9.117145e-07,0.0022400643
106303,1.0,5.033518e-23,3.354761e-15
10598,0.9965293,2.7308233e-05,0.016849834
72902,1.0,2.8925415e-19,1.2532044e-12
65890,0.81567013,2.5737895e-06,0.8239717
37548,1.0,1.6391682e-25,8.778802e-16
33616,0.96958333,0.0003372861,7.92517e-05
78698,1.0,4.5590594e-23,4.6383685e-15
109765,1.0,6.038052e-28,1.7197607e-18
80704,1.0,3.2597366e-26,3.3312168e-17
41362,1.0,1.3319083e-24,2.6464848e-15
23921,1.0,3.6696562e-16,5.976239e-09
97989,1.0,4.6066826e-22,2.0377143e-14
76982,0.00015590875,3.4082188e-09,8.803245e-05
29584,1.0,8.109405e-24,1.4507958e-15
25939,1.0,1.05799256e-23,1.2971308e-15
34895,1.0,2.919751e-31,1.12704546e-20
85555,1.0,1.6864208e-25,3.0439565e-17
84251,1.0,1.6347364e-23,2.3819149e-15
60242,0.30123466,0.00013432482,0.3160974
123446,0.10111126,0.00010115713,0.0980989
72949,1.0,1.2389996e-18,3.4866417e-12
67108,1.0,2.9258565e-19,1.3538564e-12
127315,1.0,1.882135e-14,4.5800428e-07
75098,1.0,1.4879569e-22,8.53348e-15
25994,1.0,3.5100169e-19,1.0785262e-12
65933,0.73875934,9.065358e-06,0.7484028
81956,1.0,1.4463858e-23,2.087704e-15
43422,1.0,8.854258e-19,8.000317e-11
73990,1.0,9.4963315e-27,1.4146104e-17
79797,1.0,4.0207913e-24,6.6240846e-16
58966,1.0,6.9545254e-14,1.00224335e-08
15402,1.0,1.245245e-25,1.6904893e-20
89902,1.0,4.366815e-29,3.1134892e-19
8916,1.0,1.7143224e-20,1.0290799e-12
125882,0.13656451,8.366221e-05,0.12264942
65913,0.65841526,2.2279282e-05,0.670937
102796,1.0,8.1520166e-25,3.195546e-16
72842,1.0,1.2886521e-16,7.5995536e-11
74099,1.0,4.242005e-26,3.8875957e-17
17906,1.0,4.3895857e-26,3.9557216e-17
86481,1.0,1.7005482e-26,5.925405e-19
85467,1.0,2.94011e-27,6.174932e-18
79887,1.0,5.2757804e-25,2.3536515e-16
39794,0.00017907438,3.6130519e-09,0.00011436467
43434,0.99910814,1.6737141e-07,0.061189137
20244,0.9986117,1.2755675e-07,0.026225965
42810,0.00094279204,8.7475634e-08,0.00047993023
101507,1.0,2.7604875e-23,1.8590535e-15
37195,1.0,2.249649e-18,3.7433848e-11
63181,7.1806215e-05,2.8065725e-10,8.055293e-05
85438,1.0,1.5043896e-28,6.871414e-19
65684,0.14728025,0.00023770191,0.1583116
18010,1.0,8.1829195e-26,6.127933e-17
69455,1.0,2.7040212e-14,3.6461845e-09
4433,1.0,3.237514e-28,1.0847181e-18
20110,0.99794894,2.260028e-07,0.030787256
86570,1.0,1.0897893e-28,3.080325e-21
17795,1.0,1.0059548e-27,2.3529667e-18
86771,1.0,1.2193192e-21,1.634937e-14
833,1.0,3.2805245e-23,3.0280814e-15
112988,1.0,5.150445e-24,1.0528154e-15
72760,1.0,3.3126778e-24,7.7286383e-16
1341,0.9164515,0.0014053937,0.31227958
34223,1.0,2.7751233e-29,3.3551252e-19
36509,1.0,9.657748e-24,6.3417374e-15
19179,1.0,1.9345405e-23,2.5087117e-15
37221,1.0,1.8843424e-23,1.756556e-14
34988,0.7107775,0.00015692879,0.61639875
105096,1.0,5.0492245e-25,1.00616774e-16
87579,1.0,2.3267141e-20,2.8868677e-13
124346,1.0,3.2041415e-22,5.592841e-18
79739,1.0,3.1197853e-22,1.8039483e-14
117629,0.9999815,4.632645e-09,0.0001091715
23747,0.9999999,1.0512358e-12,3.51352e-07
44239,1.0,3.3686646e-21,6.621139e-13
72596,1.0,1.0782628e-16,6.0347075e-11
89929,1.0,6.19021e-27,6.721722e-18
8810,0.0027952364,7.979381e-07,0.0019583064
2124,0.36861226,3.959586e-05,0.3650845
79857,1.0,1.6251743e-22,1.0700483e-14
85556,0.9999999,4.0808074e-13,2.4304847e-10
86679,1.0,7.672642e-33,2.6049175e-23
72702,1.0,1.1541915e-19,7.9275654e-13
107167,1.0,3.3354875e-18,6.0611095e-12
106259,1.0,5.8594663e-23,3.852126e-15
15751,1.0,5.8930026e-15,7.885262e-10
69401,1.0,5.883495e-17,4.165523e-11
90962,1.0,2.98219e-17,9.031982e-14
76278,1.0,2.3152177e-16,6.5886185e-11
110618,1.0,2.5465544e-24,6.194426e-16
110614,1.0,3.2007072e-23,3.542604e-15
41083,1.0,4.2355085e-17,1.0574553e-09
13536,1.0,1.0166133e-13,1.9296125e-09
1064,1.0,2.7220715e-21,4.8940625e-14
60178,0.9999988,5.107542e-11,7.3664745e-07
111807,1.0,7.859013e-22,2.9514002e-14
36463,1.0,5.77782e-26,2.1790648e-16
30595,1.0,1.0626039e-30,1.1207732e-20
2268,0.42859137,0.00011085129,0.40729883
73896,1.0,7.261435e-24,1.1824124e-15
85559,1.0,5.6188674e-25,6.715036e-17
69388,1.0,5.4451635e-17,3.038571e-11
62472,0.9774711,1.1883934e-10,0.9776234
121088,1.0,3.889476e-19,1.1098985e-12
109616,0.3342485,0.00011177026,0.34400642
85554,1.0,8.1972185e-21,1.1465987e-13
65874,0.9188459,9.3624536e-08,0.92312527
29707,1.0,6.18533e-25,2.5579852e-16
14650,1.0,1.2520214e-20,7.983842e-14
28598,1.0,8.346338e-14,1.4552187e-08
96857,1.0,1.3467867e-23,1.9418088e-15
49670,1.0,8.768968e-22,2.8409443e-14
79760,1.0,1.5252394e-19,1.0237744e-12
121169,1.0,6.908371e-18,6.6377576e-12
115226,1.0,3.1512492e-18,5.6775964e-12
45109,0.005242272,4.071996e-06,0.002413215
72807,1.0,1.7203511e-18,4.2455e-12
111984,1.0,1.2880596e-20,1.7572537e-13
46006,0.9999654,3.3846817e-10,0.007972751
129516,0.9999994,2.5097682e-12,2.9309078e-05
71601,1.0,4.168089e-19,2.103006e-12
121038,0.9999999,8.827508e-13,1.9608569e-08
55331,1.0,2.0614198e-25,1.1233265e-16
29497,1.0,8.562877e-26,6.530371e-17
107339,1.0,1.9836797e-19,1.2590047e-12
53066,0.9979285,6.2963386e-07,0.11668233
41160,1.0,2.8589805e-14,1.0289587e-07
112879,0.00033821035,9.1312415e-09,0.00018453297
45945,0.82930833,4.4101827e-07,0.7790571
82876,1.0,2.4095238e-22,9.064888e-19
85476,1.0,2.2956142e-24,5.4951633e-16
103854,0.99908316,9.485615e-08,0.07037282
107461,0.98450506,5.961219e-06,0.5074592
34181,1.0,8.209832e-28,6.7918816e-18
28590,1.0,2.8805439e-16,1.4239548e-10
60026,0.9998871,2.8874368e-08,0.001219698
121264,0.15720648,0.00022398136,0.16696836
91028,1.0,5.0295203e-25,1.9023913e-16
78408,1.0,6.1952945e-18,1.2629256e-11
87922,1.0,1.257187e-25,8.0704254e-17
44499,1.0,1.8666404e-18,4.228184e-11
125791,1.0,1.1185709e-17,1.39165545e-11
127139,1.0,1.7204825e-18,4.860555e-10
54503,1.0,9.767182e-26,6.8059944e-17
110006,0.0014006831,1.7088051e-07,0.0009851952
40836,0.9998223,4.559055e-07,2.3347116e-06
5660,1.0,1.2485035e-17,1.238267e-11
20197,0.934512,2.6240094e-05,0.11773051
75853,0.000103213664,3.7533743e-10,0.00013236508
124789,1.0,2.2342355e-20,2.7930522e-13
18086,1.0,3.447015e-34,3.717165e-23
128089,0.999987,1.5105919e-09,0.0001643963
97991,1.0,1.4795115e-23,2.0160216e-15
69383,0.9992895,5.812248e-07,0.009715301
113267,1.0,8.346244e-21,1.3133688e-13
5741,1.0,1.404902e-19,6.952672e-13
20297,0.99869907,1.2463184e-07,0.0237577
113171,1.0,1.143851e-20,1.6951578e-13
5596,1.0,2.9217252e-22,1.40910826e-14
129472,0.9999765,2.682677e-10,0.0040525454
117076,1.0,6.647228e-14,1.1444745e-10
2126,0.47973073,6.3258035e-06,0.46636146
97334,0.00032806248,6.1062218e-09,0.0002319959
12234,1.0,1.5042638e-20,1.8632195e-13
109646,0.5750569,3.0177052e-05,0.5684988
26085,0.15521652,0.00025240972,0.16356522
5958,1.0,6.1206054e-22,1.9441978e-13
112468,0.9999387,5.5186188e-08,2.4976616e-06
109703,1.0,1.6928516e-27,3.4522147e-18
19075,1.0,8.962371e-23,6.8768564e-15
85564,0.17552914,0.00022798439,0.1709337
29473,1.0,7.675193e-32,1.4460123e-21
67130,0.12364061,0.00017033968,0.1255249
114320,1.0,8.0802194e-25,2.5012759e-16
96847,1.0,1.1283147e-20,1.7668252e-13
20480,0.99992144,3.89187e-09,0.006734775
45803,0.9997812,4.2457815e-09,0.05301183
109676,1.0,7.339201e-28,1.6951664e-18
127934,0.9999999,5.151947e-13,9.0074906e-07
86718,1.0,1.173038e-27,6.9863364e-19
52152,0.91879064,2.1554848e-05,0.4641614
73954,1.0,7.376043e-23,6.582148e-15
86516,1.0,5.5712283e-33,3.801891e-23
45948,1.0,2.9745196e-18,8.571427e-10
112466,0.9999535,3.65482e-08,1.7038661e-06
60018,0.9999788,3.342024e-09,6.2922976e-05
14588,1.0,2.4775687e-27,4.751039e-18
109493,1.0,1.7518008e-26,2.2029759e-17
37919,0.0002866534,3.9401202e-09,0.00029156014
92288,1.0,1.7173326e-21,5.2966203e-14
5843,0.9999999,1.5180645e-12,7.641702e-07
61321,0.9999944,4.824772e-10,7.3074375e-06
10582,1.0,1.25752315e-17,1.14440235e-10
25948,1.0,4.4361815e-26,3.520426e-17
75255,1.0,1.1991844e-28,6.385906e-19
26222,1.0,3.3261232e-18,3.2571623e-12
95776,1.0,2.1961606e-19,9.104458e-13
107346,1.0,8.552457e-20,3.1810532e-13
20302,0.9985476,1.3203174e-07,0.02483264
37481,1.0,9.006888e-24,1.3485203e-14
94490,1.0,1.1563208e-25,4.1325186e-17
126518,0.00010458945,1.2281024e-09,6.147073e-05
72900,1.0,2.2620614e-15,1.9765167e-10
68279,1.0,2.839499e-17,3.2085078e-11
102599,1.0,1.34752e-33,3.5072658e-23
68337,1.0,6.736813e-19,2.2272796e-12
23717,1.0,4.4590867e-18,2.1601972e-10
16649,1.0,1.2595414e-29,1.0605849e-19
5446,1.0,1.3233647e-16,6.20454e-11
114209,1.0,5.293615e-20,5.0577375e-13
7829,0.0027417825,9.3656297e-07,0.001437648
20305,0.9918458,2.4969684e-06,0.051986735
5582,0.26723397,6.59766e-05,0.20209739
113015,1.0,9.4931566e-32,2.2347288e-21
119219,0.0014749533,1.9099001e-07,0.001019756
49624,1.0,2.9766293e-19,1.4099969e-12
14544,1.0,1.4615448e-22,4.9326794e-15
98001,1.0,4.7948934e-21,9.8648235e-14
114304,1.0,2.512028e-20,2.2184934e-13
96932,1.0,1.8573256e-21,5.336564e-14
53714,1.0,2.2525303e-14,1.1460123e-10
101738,1.0,1.752904e-18,3.1965155e-12
88998,1.0,6.854328e-24,1.3441388e-15
28503,1.0,7.22574e-15,9.342376e-10
97149,1.0,3.3844967e-20,2.6860518e-13
41134,1.0,9.208077e-23,1.4289369e-13
34233,1.0,1.2123958e-26,5.825896e-17
33030,1.0,4.751613e-13,1.0209543e-09
12199,1.0,4.7858473e-21,9.362622e-14
85368,1.0,2.153775e-25,9.8416924e-17
40970,0.0039606784,1.8149498e-06,0.0027178999
78550,1.0,5.498784e-26,4.8829315e-17
73796,1.0,6.955263e-23,5.2585677e-15
111964,1.0,4.7255233e-23,4.3570117e-15
109660,1.0,8.46929e-25,2.937873e-16
115416,1.0,1.471541e-16,7.095071e-11
84311,1.0,6.2255493e-25,2.338125e-16
46058,0.99998736,1.395034e-10,0.0017182048
100595,0.9999999,6.2357034e-12,5.913662e-08
126134,0.000815605,4.7826763e-08,0.0006208497
4429,0.14496769,0.0002275006,0.15474729
69407,1.0,4.304577e-22,2.068884e-14
122391,1.0,2.3244053e-22,1.3942704e-14
26249,1.0,5.3299312e-18,4.292252e-12
45874,0.9232869,1.8088761e-07,0.8674956
37201,0.5102189,0.00017373238,0.4706816
86438,1.0,2.174047e-26,3.2804951e-18
19263,1.0,1.1085896e-22,7.473304e-15
106306,1.0,1.1027727e-23,1.3151874e-15
87911,1.0,2.2160109e-28,1.0016095e-18
99300,1.0,4.8291803e-22,2.403117e-14
20117,0.9891915,3.137985e-06,0.05976762
36689,0.00028207467,1.4194089e-08,0.0001306859
90148,1.0,1.5474624e-27,3.970126e-18
44343,1.0,7.7273856e-20,9.401481e-12
107392,1.0,4.9048434e-19,2.198595e-12
19150,1.0,6.74351e-23,5.808172e-15
41255,1.0,1.095741e-22,6.690653e-14
98180,0.9999014,3.9824325e-08,0.000985681
116582,1.0,3.9731513e-28,1.32589e-18
127302,1.0,9.1227606e-17,5.4662372e-09
119987,1.0,1.8821935e-24,5.3581097e-16
53581,0.0014292165,1.7744257e-07,0.0009951285
20396,0.91449076,2.8037293e-05,0.12870017
88985,1.0,9.64358e-23,5.5405687e-15
110863,1.0,6.355509e-25,2.0954262e-16
7392,1.0,2.2955625e-16,2.2997033e-09
47596,1.0,2.6660558e-19,1.4135628e-11
52196,1.0,4.083929e-21,9.2074704e-14
47540,0.97264004,2.6407795e-06,0.7363439
112974,1.0,4.515404e-25,1.9642552e-16
108600,1.0,5.769728e-14,7.656538e-09
116727,1.0,1.5020728e-28,5.0340847e-19
62387,1.0,1.5574693e-14,6.6239786e-10
1970,1.0,2.0567443e-27,1.177487e-17
125653,1.0,1.4042096e-21,4.4488847e-14
80758,1.0,1.0122287e-28,5.56462e-19
72933,1.0,5.006873e-33,3.8060863e-22
118977,1.0,6.4414305e-23,6.0900475e-15
58846,1.0,4.5706423e-14,2.444331e-09
117867,1.0,2.0142826e-24,5.538981e-16
19265,1.0,5.166522e-24,1.0324521e-15
85340,1.0,1.3822828e-26,5.607004e-18
129643,0.0008732874,9.490157e-08,0.0003671831
49358,6.226115e-05,3.4135386e-10,4.5455225e-05
127595,0.00013120598,3.2449743e-10,0.00012994159
29556,1.0,1.0387666e-27,3.0294518e-18
88141,0.001476861,1.917518e-07,0.001023765
34985,1.0,2.067944e-30,6.9803116e-20
37232,1.0,9.195611e-24,1.3316762e-14
121174,1.0,1.9052537e-30,3.3073944e-20
113103,1.0,1.6271811e-18,4.038386e-12
77167,0.00095424603,5.5733284e-07,0.00043973306
47511,0.99828017,1.207224e-06,0.053557537
57777,0.94052833,2.2836627e-08,0.94277054
25836,0.9999988,1.303548e-10,3.0153304e-09
65787,0.7377485,9.556075e-06,0.7475357
96994,1.0,6.680862e-21,1.3131884e-13
54305,1.0,7.632462e-21,1.0867836e-13
47546,0.15967028,0.00030804778,0.16969165
71745,1.0,4.0659843e-24,8.768794e-16
109801,1.0,2.1529973e-30,3.0507988e-20
109669,1.0,5.819691e-27,9.894917e-18
89269,0.00037253345,7.0980155e-09,0.00029815483
20211,0.9826695,6.580466e-06,0.07031587
72815,1.0,1.1289869e-19,7.529312e-13
113128,1.0,1.7039059e-18,3.951931e-12
98179,1.0,6.29808e-29,3.16753e-19
123626,1.0,5.635294e-23,3.7241633e-15
85643,1.0,4.173752e-27,4.208641e-18
76072,1.0,2.3430682e-19,1.1512187e-12
90092,1.0,4.0894756e-30,2.6720926e-20
93391,1.0,2.1503712e-22,1.0091785e-14
18029,1.0,3.733618e-25,1.7417679e-16
57398,0.0002843292,6.979978e-09,0.00014657504
1445,0.00033123154,6.998935e-09,0.00029705194
77411,1.0,9.542236e-26,6.7883364e-17
86740,0.30479386,0.00013538207,0.31509206
84052,1.0,2.0504834e-21,3.8652206e-18
127287,1.0,2.3776033e-22,3.637772e-13
38794,0.9999634,1.8838817e-09,0.0021725812
108562,1.0,7.279855e-23,6.454494e-15
31702,0.9981111,1.0446108e-05,0.009200611
112050,0.9999999,1.2948636e-12,6.444552e-08
31811,0.99999595,6.723121e-10,1.1927217e-05
35781,0.99999964,1.6573447e-11,9.988303e-07
4297,1.0,8.235258e-31,8.108211e-21
23862,1.0,4.0229146e-21,7.4929516e-13
50808,1.0,3.5668e-20,3.4203182e-13
98618,0.99999034,3.868092e-09,9.205197e-08
33015,0.008752331,1.2413331e-05,0.002625788
4248,1.0,2.927508e-27,3.0874587e-18
42162,0.9982803,1.2694994e-05,8.30778e-05
38902,0.99994564,1.6564867e-09,0.00596299
51727,0.0002477636,8.879672e-09,0.000119583754
34861,1.0,1.5949625e-30,6.604542e-20
20626,0.99999964,3.1727837e-12,3.546529e-06
53016,0.9999864,1.1127724e-09,5.358016e-05
29662,1.0,1.2859739e-26,1.73364e-17
109467,1.0,2.0846466e-24,6.030608e-16
126976,0.9999839,1.000305e-08,4.147615e-06
21381,1.0,6.8782415e-24,9.705842e-15
9103,1.0,1.9904532e-22,4.5547692e-14
67013,1.0,3.512788e-20,3.406704e-13
126882,1.0,1.0915775e-22,2.7307743e-15
111775,1.0,3.5179747e-29,2.4540443e-19
6653,0.16874413,0.00066141214,0.17204252
68941,6.180058e-05,2.7966174e-10,5.578541e-05
47353,0.9999982,2.3825282e-11,7.120303e-05
15590,1.0,2.2069342e-20,2.5362728e-13
65937,0.40551344,9.378953e-05,0.42079258
84126,1.0,9.613523e-25,3.450533e-16
9848,1.0,4.8422318e-18,7.6838286e-11
85545,1.0,7.330143e-26,4.3647767e-17
14548,1.0,6.74024e-24,7.0031567e-16
874,1.0,2.4305972e-24,5.384398e-16
54367,1.0,1.1658066e-20,1.589146e-13
82099,1.0,1.2233099e-24,3.7711238e-16
58932,0.9999999,1.1713299e-12,8.478284e-08
40578,0.00032474933,1.9508777e-08,0.00013711843
14506,1.0,3.0847704e-28,1.1207443e-18
115478,1.0,5.7790223e-22,2.4130286e-14
113224,1.0,2.0741367e-16,7.693904e-11
53125,0.9999567,8.064827e-09,0.0003750848
35687,0.96742934,0.0010965393,0.08908387
79515,1.0,2.9988282e-21,5.2000728e-14
14582,1.0,1.1757906e-24,2.2838147e-16
29401,1.0,1.0859926e-27,3.1514415e-18
121076,1.0,1.0197907e-20,5.354029e-14
87917,1.0,3.2135358e-26,3.280847e-17
70501,1.0,1.3483773e-20,1.2503888e-13
98383,0.0030346827,1.101151e-06,0.0017977912
67001,1.0,1.0719387e-16,5.467827e-11
63435,1.0,1.519489e-13,1.0346953e-08
80944,1.0,1.4866441e-25,9.943811e-17
5550,1.0,1.8209236e-27,3.8780254e-18
45763,0.9994661,1.9557545e-08,0.1028276
63577,0.99999976,7.339176e-12,3.532671e-07
124626,1.0,2.2724616e-19,1.245947e-12
116416,1.0,3.639703e-27,6.419493e-18
109515,1.0,1.186271e-22,8.5272975e-15
43367,0.9998281,4.6983368e-07,4.526515e-05
12343,1.0,1.7846157e-14,1.1349883e-09
32832,0.9989102,5.4204093e-06,3.782741e-06
18031,1.0,5.2688186e-26,4.258319e-17
18079,1.0,7.8825587e-28,2.3949764e-18
117618,1.0,1.7311653e-28,3.4982936e-19
113156,1.0,4.0713152e-13,4.248714e-09
90129,0.980355,7.765097e-11,0.97771263
82960,1.0,5.526783e-23,5.3914918e-15
98081,1.0,1.01923353e-22,6.935182e-15
32590,1.0,1.5665523e-19,1.278666e-11
89980,1.0,1.5484657e-28,7.6594784e-19
65948,0.80364984,3.2255573e-06,0.8116511
19122,1.0,1.9859137e-26,2.0148202e-17
19041,1.0,1.26762e-29,9.7869425e-20
111938,1.0,8.871715e-24,1.5197426e-15
20354,0.9944727,1.2033194e-06,0.046893325
53074,0.9999988,5.966438e-11,9.520612e-07
128213,0.9983308,2.8920092e-06,0.024124326
1990,1.0,8.577386e-20,1.2568435e-11
72616,1.0,2.0679876e-26,2.4660305e-17
110813,1.0,1.9677227e-21,5.2023937e-14
91121,1.0,4.4832735e-25,2.0896073e-16
7833,0.002823547,9.758962e-07,0.0015254428
79444,1.0,4.997172e-21,5.0156283e-18
58848,1.0,7.057767e-14,2.3446045e-09
54313,1.0,2.9540166e-27,4.68758e-18
23669,0.9999999,1.0428441e-12,1.0715107e-06
127248,1.0,1.2499065e-14,6.278033e-07
37404,1.0,4.338634e-23,4.2190986e-14
63445,1.0,1.0721151e-15,2.3467914e-10
85046,8.2279694e-05,4.7962917e-10,7.3510615e-05
120982,1.0,1.1081463e-21,2.8075573e-14
91266,1.0,3.5591542e-24,5.457477e-16
45815,0.90668386,4.7401835e-07,0.8455595
90806,0.00059602567,3.862375e-11,0.00074084935
45714,0.999998,1.969456e-11,0.00012113992
60081,0.99999976,4.386135e-12,7.9851e-08
20163,0.99272376,1.8461401e-06,0.05779669
69482,1.0,4.02135e-21,8.752093e-14
49654,1.0,1.2014225e-22,7.5490905e-15
5583,1.0,2.745134e-16,1.1236557e-10
97164,1.0,2.0723343e-23,2.600252e-15
76358,1.0,1.1667209e-16,3.5014654e-11
74992,1.0,7.194982e-17,9.430598e-11
10063,1.0,6.1366094e-18,1.7514607e-14
107389,0.99999964,2.2283217e-11,5.0880352e-08
34201,1.0,6.41734e-25,1.4614442e-15
44198,1.0,2.6361455e-16,2.2648572e-09
4454,1.0,4.0521834e-26,2.6854215e-17
29757,1.0,1.5351351e-32,8.3264927e-22
102750,1.0,1.09852e-22,8.49227e-15
26005,1.0,1.0208878e-21,2.1722782e-14
49744,1.0,2.8617077e-22,1.3117459e-14
23779,1.0,3.329691e-14,3.580925e-08
20149,0.98216796,6.0513244e-06,0.074201636
107437,1.0,1.0526923e-20,1.7572873e-13
29527,1.0,1.0974994e-27,2.5933138e-18
99200,1.0,1.9872364e-22,1.2299887e-14
6731,0.06198455,0.00016895888,0.06511303
101411,1.0,5.816285e-23,5.6914448e-15
64637,0.9999088,3.776062e-08,0.00075943826
84356,1.0,1.3008164e-24,2.4515217e-16
26094,1.0,1.8609727e-19,5.839915e-13
58940,1.0,1.4774855e-17,1.6432933e-11
108471,1.0,1.9197626e-17,2.4298579e-11
116713,1.0,9.457645e-28,1.6922267e-18
1971,1.0,3.9758066e-27,2.111449e-17
60134,1.0,1.335539e-12,1.7859254e-08
127472,1.0,1.08454715e-13,2.527562e-12
29672,1.0,5.38406e-27,9.270096e-18
98090,1.0,6.696489e-25,2.4713147e-16
89009,1.0,8.640224e-24,1.5936246e-15
41449,1.0,5.2781734e-26,2.2119028e-16
59987,0.99993,1.2961905e-08,0.0005040822
103891,0.9999993,7.0269644e-11,2.1084973e-07
14648,1.0,9.7854116e-20,2.2746453e-13
129469,0.99997675,1.810018e-10,0.0054524
53028,0.9702536,1.7384797e-05,0.4909267
37567,1.0,3.520661e-21,7.5732546e-13
109602,1.0,9.192853e-29,4.2214705e-19
4449,1.0,1.4364554e-23,1.7573324e-15
90214,1.0,4.6152477e-30,5.140425e-20
127920,1.0,1.1467888e-17,3.219992e-10
97468,1.0,1.148821e-16,3.4491713e-12
60260,1.0,1.1628442e-12,1.0985008e-08
17896,1.0,4.6141764e-29,3.2541203e-19
31817,0.99991477,9.557424e-08,0.00027972678
23638,0.99923396,1.1099436e-07,0.061069336
72706,1.0,2.264906e-19,1.2230514e-12
96786,1.0,1.0995924e-16,3.210283e-11
90175,1.0,7.737678e-28,2.1807008e-18
13202,1.0,3.4551352e-28,1.2768872e-18
84236,1.0,6.9728465e-24,8.4146143e-16
118721,1.0,3.8837476e-29,2.1062501e-19
88810,1.0,5.45626e-27,6.531162e-19
89001,1.0,1.1200661e-23,1.8717842e-15
29950,0.0006269006,2.4674204e-08,0.0004960589
13515,1.0,8.310874e-23,6.4617615e-15
96948,1.0,2.655645e-24,6.8394416e-16
31204,0.0002080576,6.4934094e-09,9.625062e-05
65939,0.437182,8.438284e-05,0.4502297
80937,1.0,8.255589e-28,2.091184e-18
112118,1.0,2.3259043e-22,1.2818312e-14
31722,0.9997892,3.6400095e-07,0.00085199537
28243,1.0,1.9965194e-13,1.2801809e-08
21359,1.0,5.4521986e-21,2.125216e-12
66950,0.9999999,2.3781142e-12,1.8571437e-07
31517,0.0040480695,1.8972643e-06,0.0027891623
114310,1.0,3.492244e-17,9.801235e-12
32629,1.0,2.6359926e-14,3.6965197e-08
17574,6.737383e-05,3.3319406e-10,3.887928e-05
111884,1.0,5.608508e-23,5.033404e-15
91084,1.0,2.955871e-23,3.5497059e-15
66033,0.8338959,1.9710074e-06,0.8407746
41272,1.0,1.3676793e-20,7.960206e-12
35803,1.0,3.098195e-14,1.8842526e-08
10674,0.9999969,3.2102418e-10,1.3799327e-05
116659,1.0,3.5884556e-29,1.9075043e-19
37213,1.0,1.2994179e-24,2.1079745e-15
109697,1.0,4.8704474e-25,1.8098881e-16
63539,0.9999999,1.0137634e-12,6.328009e-08
61329,1.0,1.1940142e-18,2.0116343e-12
61172,0.9999995,1.468931e-11,2.212478e-07
4350,1.0,5.5216875e-29,3.5824148e-19
62282,0.9999975,1.3027325e-10,1.696154e-06
112334,0.0014244927,1.770808e-07,0.0009973333
39074,1.0,1.1809017e-16,1.3468656e-13
54406,1.0,1.7362008e-25,8.952011e-17
107485,1.0,6.885367e-21,1.4762434e-13
37531,1.0,1.1786093e-19,1.1458959e-11
118864,1.0,7.2589466e-23,6.101348e-15
25944,1.0,1.0193478e-19,4.743825e-13
98286,1.0,1.3941694e-14,7.6955364e-10
31790,0.06443495,0.000165984,0.06574549
104996,1.0,4.0530202e-25,1.8366585e-16
12095,1.0,5.775138e-24,9.697805e-16
100451,1.0,3.4394757e-19,1.6267393e-12
82010,1.0,2.3778353e-25,1.2801806e-16
113074,1.0,1.2311552e-18,3.4228518e-12
103806,0.9999976,1.2570768e-10,2.3598477e-06
84824,0.001241066,1.3595526e-07,0.00085675536
65841,0.6907728,1.5081382e-05,0.7026878
26163,1.0,1.4288991e-20,1.2767443e-13
119354,0.99999917,6.5897246e-11,6.9226878e-09
84266,0.99806625,7.1249013e-07,0.009816253
98086,1.0,3.817301e-20,3.2636903e-13
25998,1.0,4.484993e-21,6.529248e-14
13387,1.0,2.3094394e-24,5.9896606e-16
111965,1.0,4.9452024e-25,1.8370157e-16
52065,1.0,4.1300578e-18,7.732031e-12
127994,1.0,1.200894e-13,8.7958705e-07
6755,1.0,5.9662407e-16,1.3815039e-09
68149,0.3740997,9.662242e-05,0.38547847
118014,0.0017118679,2.8020804e-07,0.0011186667
80821,0.20388433,0.00023357906,0.20561032
96961,0.9999988,1.865338e-10,3.076462e-07
92535,1.0,4.5439686e-24,1.0224615e-15
13284,1.0,5.8651765e-28,1.8410966e-18
5681,1.0,1.3794621e-22,8.049312e-15
18108,1.0,1.5880266e-26,1.7362809e-17
129607,0.9826734,7.681741e-09,0.93080866
128071,0.9999988,1.7490898e-11,2.9737532e-05
96999,1.0,4.1866454e-23,4.516064e-15
92426,1.0,1.749593e-23,2.6652783e-15
14388,1.0,9.740681e-28,2.4754449e-18
49630,1.0,2.0947873e-23,2.1876862e-15
29417,1.0,1.0202716e-23,1.4142504e-15
69195,1.0,2.9646475e-14,2.5531686e-09
5906,1.0,8.283836e-25,1.0384006e-15
72791,1.0,1.5421957e-25,9.605059e-17
26226,1.0,2.3453331e-17,1.1282638e-11
18169,1.0,2.0628683e-24,5.602413e-16
8194,0.9977877,8.255629e-06,0.018234897
71544,1.0,1.5679233e-24,4.8167947e-16
27189,0.99960643,6.670108e-08,0.01162799
61396,0.4350187,7.8664256e-05,0.44665685
30551,1.0,2.355548e-30,2.8816588e-20
129458,0.99968064,1.0233158e-08,0.0598477
124445,1.0,8.5087414e-23,6.24618e-15
56656,1.0,5.931273e-23,5.678628e-15
125751,1.0,2.357606e-23,2.9985513e-15
103814,0.9999999,9.359542e-12,2.0493632e-08
99202,1.0,1.7306944e-23,2.419526e-15
88937,1.0,1.2815233e-25,8.6956065e-17
60854,5.6227578e-05,2.4983657e-10,4.067735e-05
101734,1.0,8.748119e-22,2.7099383e-14
113023,1.0,9.402348e-22,3.3062627e-14
66859,1.0,1.0043659e-15,3.1879457e-10
82146,1.0,1.09780564e-26,1.5997443e-17
70442,1.0,1.0804337e-14,9.127388e-10
125695,1.0,1.0349331e-21,3.9328045e-14
49586,1.0,9.763457e-26,4.5601865e-17
8236,1.0,2.2658188e-22,7.3344807e-14
73943,1.0,1.7072618e-27,4.099669e-18
37503,0.99997437,1.2443963e-08,0.00010246416
42518,0.0031198396,9.667664e-07,0.0022629264
119630,0.00011300226,6.7992195e-10,0.0001263379
5708,1.0,5.38062e-16,1.584826e-10
129792,1.0,1.2295819e-12,2.1912907e-11
88846,1.0,4.408058e-27,8.6256285e-18
80994,1.0,6.121284e-29,2.1560831e-19
61227,1.0,6.226394e-13,1.1304132e-08
91239,1.0,3.0349213e-19,4.0451112e-14
27333,0.99982554,6.045497e-09,0.00823731
60279,0.7691262,2.9477575e-05,0.708203
95880,1.0,1.1216636e-26,1.6125065e-17
101597,1.0,2.56291e-22,1.5510601e-14
52192,1.0,4.0618012e-15,5.32856e-10
12045,1.0,1.00245225e-22,4.630767e-15
86662,1.0,9.953115e-38,9.703815e-28
55408,1.0,5.7060575e-21,1.06600716e-13
46780,1.0,1.2545388e-16,2.93439e-12
22222,1.0,1.9408893e-24,1.6039684e-15
71221,9.791296e-05,9.0097363e-10,7.5155054e-05
82063,1.0,3.7645722e-22,1.9070435e-14
31826,0.9999589,2.9391572e-08,0.00013030563
60270,0.5666458,0.00010659025,0.52774817
44284,1.0,2.4446249e-20,3.1989125e-12
44519,1.0,1.4419718e-17,2.7319222e-10
128283,1.0,2.5867124e-19,1.959919e-11
81338,0.9999999,4.1067327e-12,3.1630056e-09
10050,1.0,2.5031753e-16,4.677527e-13
59097,1.0,2.8811766e-19,1.3275236e-12
41270,1.0,3.9877801e-25,1.7245327e-15
49815,1.0,2.0572731e-24,3.8808855e-16
29697,1.0,1.1937275e-25,7.2423176e-17
111876,1.0,5.748217e-23,4.9464725e-15
8886,0.99952424,3.7796328e-06,5.8301826e-05
76123,1.0,1.3273417e-19,7.3053195e-13
98130,1.0,6.5480055e-25,1.8616077e-16
108422,1.0,2.0823697e-20,1.9193786e-13
107317,0.15640087,0.00023872146,0.16570328
72767,0.9999374,2.1103716e-08,0.00050398154
62293,0.9999995,1.4735331e-11,1.7288902e-07
107512,0.9937848,3.0025394e-06,0.2569483
109613,1.0,7.246188e-24,1.2883038e-15
68049,0.9948041,3.6853592e-06,0.15141243
121074,1.0,6.8121863e-29,4.404832e-19
45758,1.0,1.3141773e-18,3.3450576e-10
126851,0.9855886,1.4789915e-06,0.64981
34950,1.0,1.07121224e-29,5.463906e-19
12244,0.11419573,0.00017111326,0.11571344
72683,1.0,4.184753e-27,8.1914166e-18
109749,1.0,5.3670153e-36,4.0869289e-25
61124,0.9994122,2.724978e-07,0.013224588
88840,1.0,2.7408251e-22,1.6060387e-14
44176,0.9809286,0.0003082264,0.07575438
93393,1.0,7.289505e-21,1.1963195e-13
4443,1.0,6.3035153e-28,1.2987081e-18
54226,1.0,1.24605416e-23,1.7416159e-15
79868,1.0,8.662066e-25,3.3285634e-16
41162,0.9999999,1.3706457e-13,1.5817147e-06
79814,0.9999994,5.0636113e-11,7.198995e-08
90095,1.0,1.2180561e-26,4.3073453e-18
4439,1.0,4.709962e-28,1.0522959e-18
116658,1.0,5.871358e-27,1.0287359e-17
71632,1.0,2.0906635e-20,2.476651e-13
85510,1.0,3.440275e-27,5.7851883e-18
8417,0.00029335747,9.217227e-09,0.0001979187
67187,0.9999999,9.268758e-13,2.299678e-08
129510,0.999782,5.6763385e-09,0.04261777
102547,1.0,4.9870718e-24,1.0836693e-15
15498,1.0,3.895999e-24,7.80907e-16
36104,0.0015253673,2.3083315e-07,0.0009302545
90119,1.0,1.7259009e-31,1.3991299e-21
14446,1.0,1.1388966e-27,2.6833723e-18
96996,1.0,5.06929e-20,4.878203e-13
14569,1.0,1.2870031e-21,1.9055782e-14
130035,0.005057757,3.049936e-06,0.0039335983
28357,1.0,3.230947e-15,1.144307e-09
6324,0.068214305,0.001308435,0.008266498
66862,1.0,8.043958e-18,1.0572628e-11
79743,1.0,1.4920356e-25,9.5638166e-17
6065,0.00054697803,4.0359136e-08,0.0003257071
96811,1.0,4.026676e-21,5.39099e-14
32600,0.99999976,3.1307277e-12,9.92458e-07
54360,1.0,1.243098e-28,3.1795998e-19
21309,1.0,1.7369e-21,1.8809993e-12
44475,0.7587364,0.00039781886,0.5167982
116282,1.0,4.4032336e-20,8.170257e-18
123341,1.0,3.7294973e-21,9.040255e-14
2226,1.0,7.9786947e-22,2.7841062e-13
44515,0.99999857,9.5121994e-11,6.1026085e-06
111870,1.0,3.5813417e-23,3.5523202e-15
53168,0.9999988,1.4108512e-10,5.7827737e-07
128235,1.0,4.337472e-17,6.584036e-10
125167,0.0014072252,1.7682919e-07,0.0009889096
97561,9.6864394e-05,1.3015237e-09,4.7127964e-05
36441,1.0,5.0899966e-23,1.7725626e-14
69163,1.0,3.2032576e-17,2.9038855e-11
7696,0.9949739,9.6245756e-05,3.083785e-05
70355,1.0,1.544909e-19,9.078135e-13
16850,1.0,2.9893438e-24,6.940339e-16
27128,0.99994993,7.1512407e-10,0.0030897036
6656,0.040281855,7.452147e-05,0.042316627
125941,1.0,1.0472525e-21,3.845851e-14
72740,1.0,5.2151768e-23,4.821485e-15
19267,1.0,5.898761e-22,2.5688764e-14
70549,0.9999999,3.4172287e-12,3.1001495e-08
57969,0.820174,2.7432382e-06,0.8265472
72607,1.0,2.2847006e-26,2.5772496e-17
84313,1.0,3.825511e-26,3.8611256e-17
86221,0.00011961467,1.0615779e-09,6.707766e-05
8244,0.9468423,0.001435984,0.14036618
127192,0.9999677,6.247865e-10,0.004168603
85533,1.0,2.1591928e-28,4.698947e-19
10549,1.0,4.5169064e-16,1.8236131e-09
101558,0.21930312,0.0004864946,0.18648402
41389,0.99999774,5.238487e-11,5.183597e-05
106196,1.0,2.0518215e-21,2.8411718e-14
5646,1.0,1.9496138e-26,2.0503233e-17
84352,1.0,5.2995297e-22,2.1527273e-14
35712,0.520501,0.0026525045,0.36819142
79810,1.0,2.3013387e-25,1.2867117e-16
36423,1.0,4.4773814e-23,1.9782964e-14
91303,1.0,4.5651896e-21,1.057885e-13
6264,0.0025467314,8.007243e-07,0.0013375118
44183,1.0,1.9027077e-19,5.8303376e-11
34089,1.0,4.0223638e-20,3.4021152e-12
48698,0.99797827,3.6824422e-05,0.00020318912
67098,1.0,1.5575693e-23,1.9619422e-15
115538,0.5939399,3.206151e-05,0.5935268
47448,0.941044,3.004104e-07,0.88160074
37389,1.0,3.8807215e-24,8.02151e-15
106346,1.0,2.32778e-27,5.1909153e-18
44292,1.0,1.9766472e-19,1.9291136e-11
122191,1.0,1.9204987e-21,5.746029e-14
97145,0.9999988,1.8721104e-10,3.0142888e-07
16884,1.0,2.7042675e-15,1.7767949e-09
85490,1.0,6.407148e-30,7.908433e-20
44489,1.0,6.1727654e-18,1.15759194e-10
59116,1.0,7.86142e-20,5.339866e-13
61622,0.0015136306,2.0363768e-07,0.0010440513
88931,1.0,2.077162e-23,2.9239882e-15
59011,1.0,4.1200993e-17,3.1524807e-11
94586,1.0,5.0102755e-25,9.072543e-17
17936,1.0,5.874592e-32,1.02343e-21
53256,0.98302794,8.29997e-06,0.48665684
92374,1.0,8.6199694e-26,6.728832e-17
13250,1.0,8.8455265e-24,1.5037972e-15
41367,1.0,1.430067e-19,1.01138455e-11
110029,0.0015578676,2.1949128e-07,0.0010570564
106112,1.0,3.242084e-22,1.33317065e-14
69355,1.0,8.599874e-17,5.3372338e-11
2256,0.9844779,1.6175698e-05,0.3662249
93437,1.0,1.1146921e-14,1.0410293e-09
57683,0.8115746,3.0446581e-06,0.81857336
30630,1.0,1.2941258e-30,8.647855e-21
108418,1.0,5.2966543e-24,1.1122916e-15
96919,1.0,1.928717e-18,4.462504e-12
1016,1.0,3.0020258e-18,4.479773e-12
41323,1.0,9.542712e-18,1.6890797e-10
47341,0.99999666,4.5837712e-11,0.00019136434
69842,0.41854936,0.051437516,0.0085686175
40263,0.9999683,3.953454e-08,4.3929526e-06
128151,1.0,4.091457e-15,4.7944404e-08
35576,0.99987006,3.4122897e-07,2.1013157e-05
78902,0.0014018681,1.6950091e-07,0.0009796153
35640,1.0,1.9929006e-21,3.9779592e-13
18972,1.0,2.1157068e-24,5.3239827e-16
65785,0.45082873,7.381357e-05,0.4649919
48566,0.0039168973,1.7577563e-06,0.002699652
16847,1.0,3.0106377e-26,3.0291182e-17
41274,1.0,4.192415e-23,6.129497e-14
84397,1.0,9.288433e-25,3.3982554e-16
86222,0.00020984866,3.413716e-09,0.00011565447
69161,1.0,5.202994e-16,1.8569818e-10
128237,0.9999958,1.2407973e-10,0.00011544809
4598,1.0,4.425246e-26,2.881685e-17
90146,1.0,4.890272e-26,1.9734997e-17
10522,0.99934286,1.2823091e-06,0.0053670085
53690,1.0,2.3358022e-13,4.4712328e-10
64791,1.0,8.048575e-15,8.2421187e-10
36496,0.057209313,0.00013724624,0.06133761
67196,1.0,2.062273e-14,1.0141556e-09
5457,1.0,5.2449713e-20,4.3914232e-13
22054,1.0,6.9846716e-30,1.698686e-20
126755,1.0,8.568332e-19,1.5196753e-12
84255,1.0,7.463353e-25,2.8557075e-16
13550,1.0,2.3849224e-24,4.9968035e-16
21264,1.0,8.096663e-18,6.604122e-10
30955,1.0,2.1921269e-26,2.0781047e-16
31719,0.9660199,0.0011330897,0.0919665
60211,0.99999976,1.1533291e-11,8.4671974e-08
57664,0.7609052,7.283448e-06,0.7693806
39514,0.9999342,1.786818e-08,0.0010236304
28393,1.0,8.2372366e-16,2.9059813e-10
61179,0.9999981,9.725764e-11,1.7185698e-06
16991,1.0,6.604658e-23,5.75085e-15
51908,1.0,6.7912375e-17,6.998981e-11
28518,1.0,6.157726e-14,1.289476e-08
29650,1.0,2.7961544e-28,1.1763909e-18
107299,1.0,9.398484e-20,6.2995247e-13
18128,1.0,5.8603302e-18,8.276658e-12
68276,1.0,3.329213e-15,4.36714e-10
73274,0.99998677,5.1544937e-09,3.36792e-07
119968,0.99318343,3.248423e-06,0.1875926
35124,0.00036337352,1.745007e-08,0.00013362078
16842,1.0,3.078385e-22,1.3055508e-14
41391,0.9999999,6.8519084e-13,2.1232468e-06
115459,1.0,1.031469e-28,5.204555e-19
34876,1.0,8.41699e-31,3.3398002e-20
54451,1.0,2.908291e-23,3.5299103e-15
12989,8.4181745e-05,4.9494486e-10,8.136998e-05
76324,0.9999877,1.4026174e-09,2.294332e-05
5442,1.0,1.3276317e-17,1.23474815e-11
22729,0.030129975,0.00020504737,0.013524513
78365,1.0,1.9133962e-23,2.5882479e-15
75005,1.0,1.6683018e-23,2.330095e-15
67079,1.0,2.0029383e-21,1.8693805e-14
80987,1.0,3.7975328e-28,1.4779019e-18
47437,0.13279308,0.00018528933,0.14520074
20394,0.871466,4.8616104e-05,0.14649399
35653,1.0,5.0634778e-18,6.764265e-11
69276,1.0,1.4147561e-17,1.6937698e-11
125933,1.0,1.3181856e-23,1.9263964e-15
28380,1.0,1.0071854e-16,6.779326e-11
75001,1.0,3.2354797e-26,3.0166066e-17
53200,0.999951,8.586388e-09,0.0004759902
87625,1.0,9.850249e-26,7.064248e-17
90212,1.0,1.218673e-28,4.6228147e-19
69227,1.0,1.316966e-13,1.1172178e-08
9105,1.0,1.7762828e-17,1.08289724e-10
78419,0.6823356,5.2813542e-05,0.63330436
23684,0.99923706,9.1573895e-08,0.069577605
37332,1.0,6.455966e-24,8.753291e-15
47352,0.997276,1.0480726e-06,0.14225936
36483,1.0,5.1522478e-26,1.856105e-16
41334,1.0,2.8258802e-27,3.832569e-17
103946,0.9999316,3.3073624e-09,0.0004911684
25955,1.0,1.0380498e-19,4.636693e-13
65754,0.9380173,2.8276112e-08,0.94056934
34072,1.0,2.5501634e-22,9.4767984e-14
94791,1.0,1.6474086e-21,3.3614113e-14
37484,0.3306058,0.00034454427,0.30648035
23773,1.0,3.9262856e-17,9.427473e-10
33618,0.9999999,4.1379873e-12,7.705921e-10
6520,0.29019552,0.012935216,0.020031275
95736,1.0,1.0775714e-17,1.4278051e-11
128010,1.0,6.5248405e-14,2.6285056e-07
21294,1.0,1.9735169e-15,1.3068083e-07
85391,1.0,2.1334048e-26,8.1421935e-18
72754,1.0,8.029302e-26,6.529674e-17
27233,0.9999757,2.641902e-10,0.0015381369
113276,1.0,4.3976415e-21,8.973873e-14
65909,0.98559695,4.061591e-12,0.9861367
115313,1.0,1.04621885e-20,1.6112125e-13
18973,1.0,8.070604e-26,5.600402e-17
47293,1.0,3.205629e-17,2.7916198e-09
22163,1.0,1.688259e-13,5.2126403e-08
92420,1.0,2.0549817e-25,1.1790922e-16
18002,1.0,1.3846362e-19,8.328293e-13
73755,1.0,6.38638e-23,5.37412e-15
44277,1.0,5.1073e-18,9.366744e-11
29481,1.0,2.5309846e-29,1.6210777e-19
5607,1.0,4.2842626e-15,6.589174e-10
67117,1.0,4.8654704e-14,1.7192406e-09
79801,1.0,2.8507358e-22,1.4504757e-14
114272,1.0,6.1525727e-25,2.238557e-16
53310,0.24294458,0.00019902157,0.2254225
31007,1.0,7.2436147e-25,1.9524751e-15
91367,1.0,1.7562387e-24,5.2348076e-16
88897,1.0,7.237514e-24,1.4475507e-15
14406,1.0,1.1320671e-32,7.1228415e-22
86724,1.0,1.2974829e-29,3.2984486e-20
90188,1.0,2.5668868e-26,7.923055e-18
37196,1.0,7.743065e-17,5.0158017e-10
31872,0.99992764,6.399488e-08,0.00029294606
67034,1.0,3.907459e-17,2.7793759e-11
90003,1.0,1.0126542e-27,3.0470916e-18
49577,1.0,1.5611094e-22,8.088588e-15
72733,1.0,9.174404e-26,6.68006e-17
85423,1.0,1.1446094e-22,8.825276e-15
114171,1.0,8.86206e-20,6.786615e-13
64772,0.99999535,5.3142085e-10,8.919965e-06
34939,1.0,2.326933e-30,1.0555075e-19
43516,0.9999988,3.8802662e-11,1.2176059e-05
85319,1.0,6.3684804e-29,3.9097814e-19
115475,1.0,9.912411e-25,3.426202e-16
66908,1.0,1.5921051e-23,2.0572588e-15
69431,0.99817884,7.4913544e-07,0.0437475
111814,1.0,9.1996504e-23,7.220147e-15
26272,1.0,2.903545e-13,4.036621e-09
2245,1.0,6.7655227e-28,4.8110235e-18
49834,0.9999769,5.5816236e-09,7.23958e-05
48314,0.9987411,1.0732017e-05,1.660255e-05
118932,1.0,8.165146e-26,5.557285e-17
778,1.0,3.1326e-33,6.6648693e-23
12191,1.0,5.1545493e-33,2.5806374e-22
122130,1.0,4.8142316e-20,4.4193956e-13
102610,1.0,2.0775652e-24,5.9952844e-16
100576,1.0,2.0620261e-17,2.350459e-11
9036,1.0,2.30518e-16,4.9175025e-10
53308,0.09842941,7.834483e-05,0.09198492
105098,1.0,2.0356246e-25,6.3656286e-17
47488,0.9915188,7.066622e-05,0.057805326
96975,1.0,6.785957e-24,1.26716e-15
41328,0.9995491,2.2987513e-07,0.01096258
125773,0.111111626,6.855336e-05,0.10097308
65974,0.88715035,3.761556e-07,0.8938959
37386,1.0,2.5770737e-24,5.6746866e-15
87927,1.0,5.1577487e-28,1.7668007e-18
42651,0.8372102,1.0548155e-07,0.7937465
49572,1.0,2.9585546e-24,7.142099e-16
54509,1.0,6.1814794e-27,1.0262273e-17
26129,1.0,2.521343e-18,3.3901248e-12
17950,1.0,8.017465e-24,1.1075284e-15
101407,1.0,7.218527e-21,1.4026517e-13
5721,1.0,2.2144357e-16,7.913085e-11
41351,1.0,1.3380876e-21,3.8989276e-13
40460,0.9999467,3.739451e-08,0.000217306
43555,0.9999589,8.804119e-09,0.00060170976
12332,0.10690123,0.00014521727,0.10551116
67166,1.0,2.783815e-16,9.561877e-11
80461,0.00020486329,5.18794e-09,0.00013505445
71597,1.0,7.27934e-27,1.03799545e-17
37376,1.0,3.9845965e-20,3.405887e-12
69312,1.0,1.472978e-13,1.2506877e-08
91140,1.0,6.449299e-23,4.6095995e-15
79645,1.0,6.677576e-28,2.1699547e-18
44386,0.999668,8.9350254e-07,0.0010554765
79846,1.0,5.019245e-26,4.2915364e-17
107269,1.0,5.850717e-21,1.0162409e-13
116622,1.0,6.064027e-26,1.1855819e-17
121132,1.0,6.11488e-17,3.0326654e-11
111967,1.0,2.9035985e-18,5.4605808e-12
88744,1.0,1.0778717e-24,3.8222195e-16
16994,1.0,4.02013e-25,1.837184e-16
44725,0.00025043686,1.0732565e-08,0.00013645727
28911,0.00051318627,1.3639285e-08,0.0004438755
98258,0.13297419,0.00022558037,0.13757692
55423,1.0,5.0500208e-30,6.9038064e-20
113199,1.0,3.7009342e-24,8.3798595e-16
85360,1.0,5.2832773e-23,5.4346273e-15
39682,0.9999976,1.910914e-10,1.2259591e-05
19048,1.0,5.274932e-26,4.3150935e-17
103840,0.99999654,1.654891e-10,4.106067e-06
20115,0.97090065,1.4588623e-05,0.09014134
53056,0.99999917,6.2590974e-11,4.2548837e-07
29488,1.0,1.0532991e-27,2.774758e-18
113047,1.0,2.2331043e-18,5.0918406e-12
37536,1.0,3.9616956e-20,4.250896e-12
82021,1.0,4.5333904e-24,1.0055352e-15
36526,0.9994382,1.086204e-06,0.0040767984
117680,1.0,1.9787602e-26,2.3242425e-17
68186,1.0,8.082825e-21,1.2619684e-13
71446,1.0,3.9696254e-26,3.6203078e-17
49629,1.0,3.0201896e-23,2.2652045e-15
110679,1.0,3.8443652e-20,3.621496e-13
116708,1.0,1.9270589e-29,1.7086889e-19
79792,1.0,1.0537047e-20,1.7884128e-13
34400,0.99999976,1.0852434e-11,9.640001e-10
50485,0.00046030432,2.9525971e-08,0.00016975791
26266,1.0,7.7822385e-18,4.8650394e-12
121186,1.0,3.2953002e-15,4.0936143e-10
34898,1.0,1.0725943e-29,3.1434073e-19
82000,1.0,1.3230218e-23,1.955852e-15
75202,1.0,1.00776255e-22,7.7737355e-15
97025,1.0,5.6488814e-21,1.0155783e-13
66960,1.0,1.6704456e-18,3.8451508e-12
96698,1.0,3.0211775e-25,2.0630143e-20
2282,1.0,3.7812023e-26,1.9139869e-16
79617,1.0,2.522811e-21,6.683715e-14
76415,1.0,1.3111486e-17,1.2526961e-11
39567,0.9999126,4.6718057e-08,0.00076159067
63488,0.99999976,6.339183e-12,2.665741e-07
28592,1.0,9.194658e-18,1.2389948e-11
6458,0.0031123103,1.047484e-06,0.0021573685
98277,1.0,1.2843108e-28,5.3484625e-19
72942,1.0,5.4374586e-26,4.4360326e-17
89903,1.0,2.322609e-27,3.3762086e-18
64351,0.000105047824,7.027263e-10,0.0001032312
13264,1.0,8.87759e-20,5.808245e-13
13492,1.0,7.1074636e-26,5.545299e-17
102838,1.0,2.8766446e-24,7.4400775e-16
19173,1.0,3.510798e-24,8.219377e-16
127239,0.9999993,4.330936e-12,3.5729365e-05
120081,0.09628012,9.8678756e-05,0.09175646
48949,0.002123456,4.9511294e-07,0.0013289769
21383,1.0,4.0612427e-23,4.4815717e-14
54353,1.0,1.4000297e-17,6.2454516e-12
72948,1.0,1.1300068e-21,3.8590848e-14
29738,1.0,4.0496914e-28,1.5047645e-18
66868,1.0,6.3725705e-19,2.2126587e-12
41382,1.0,1.280671e-28,1.3659758e-18
113064,1.0,1.0685714e-22,8.0961815e-15
107159,1.0,2.4090574e-20,2.3063666e-13
53210,0.9998729,2.3195412e-08,0.002302614
13397,1.0,3.2865962e-25,1.6300408e-16
19169,1.0,2.5366345e-25,1.2947522e-16
31802,0.99998903,3.3190721e-09,3.497916e-05
65723,0.53199613,5.2101805e-05,0.5464249
18154,1.0,2.563814e-26,2.5714266e-17
18094,1.0,9.761402e-20,5.9291764e-13
113978,1.0,5.7262784e-26,1.5007215e-20
14547,1.0,1.5787573e-23,1.2136798e-15
45814,0.99988985,1.941737e-09,0.02343771
109603,1.0,2.2669335e-30,3.658132e-20
84144,1.0,1.8085281e-24,5.341111e-16
47543,0.9999999,3.0184432e-13,4.957986e-07
85354,1.0,1.3110625e-26,1.8230042e-17
73799,1.0,4.870771e-22,1.625249e-14
20105,0.9770971,9.853389e-06,0.080496274
109774,1.0,1.068638e-27,2.695324e-18
49935,1.0,1.4705494e-21,3.97738e-14
113018,1.0,1.7283258e-23,2.3939754e-15
99138,1.0,2.9442782e-24,6.2099463e-16
8960,1.0,2.623863e-18,3.7462776e-11
99430,1.0,1.1036565e-23,1.8283477e-15
78650,0.10640274,0.00013340182,0.106022075
35796,0.99998987,3.3563714e-09,2.8357905e-05
117724,1.0,1.6154237e-26,2.064529e-17
10694,0.00047026374,3.0840724e-08,0.00024814418
30984,1.0,2.2260128e-24,4.7086096e-15
49818,1.0,6.971988e-26,2.557662e-17
38848,0.99999964,2.0494097e-12,1.5073631e-05
75154,1.0,7.911645e-24,1.0825868e-15
102643,1.0,1.0753384e-23,1.7815574e-15
87669,1.0,2.9976163e-28,1.1811033e-18
49889,1.0,4.1273386e-23,3.2991868e-15
107163,1.0,6.911323e-18,9.3417956e-12
98510,0.30349344,0.048398685,0.013024487
81613,0.00010512719,4.571838e-10,0.00013327989
78134,0.0002483726,2.6501854e-09,0.0002752891
117830,1.0,7.550082e-27,1.0553677e-17
32655,0.9999999,1.1584102e-12,6.476479e-07
91128,1.0,6.771272e-23,5.8199265e-15
106300,0.12451931,0.00012831579,0.11857373
86616,1.0,2.467865e-25,6.267106e-17
4253,1.0,1.2666275e-24,3.1697588e-16
114317,1.0,4.8345777e-16,1.677128e-10
123293,0.9666927,9.173066e-09,0.9081052
85500,1.0,5.263232e-27,4.6853276e-18
102593,1.0,2.6352094e-32,5.5572926e-22
26162,1.0,2.3163284e-18,3.3496639e-12
8184,1.0,1.9316824e-20,1.7523345e-12
108854,0.00042859188,1.0174499e-08,0.00033476207
23645,1.0,9.6128075e-14,2.7074e-07
37254,1.0,3.3197352e-25,5.6205655e-16
6662,1.0,5.8437932e-24,4.5122068e-15
36223,0.006031149,5.288447e-06,0.0037485305
72847,0.9999999,1.9995806e-12,1.1604253e-07
30818,1.0,7.0473864e-28,1.727704e-18
89064,1.0,6.78562e-24,1.2896313e-15
63472,1.0,2.1731263e-19,1.010551e-12
109813,1.0,1.46216e-27,3.4681594e-18
20846,1.0,2.3230914e-16,2.6813683e-13
29427,1.0,1.5590396e-28,6.913139e-19
111954,1.0,1.5725837e-24,4.6308885e-16
45858,0.98957074,2.3389518e-07,0.7188989
59021,1.0,1.5115491e-16,7.4152184e-11
73793,1.0,2.8330839e-24,6.2610156e-16
91250,1.0,4.5129708e-27,8.057932e-18
94831,1.0,1.30594855e-30,2.3648606e-20
70588,0.14434023,0.00024658127,0.15258488
62378,0.9999988,5.315919e-11,6.9942274e-07
109576,1.0,1.7681639e-24,5.5043107e-16
30881,1.0,7.595406e-27,1.1498991e-17
56677,1.0,3.5538176e-19,1.6297799e-12
121041,1.0,3.1763575e-15,3.378232e-10
115372,1.0,1.3464776e-17,1.5224757e-11
89051,0.99999976,1.2955632e-11,2.8179574e-08
33268,0.9998379,3.0617716e-07,0.00041668135
76166,1.0,6.1566614e-24,1.0144349e-15
51011,1.0,1.2055675e-23,1.4933871e-15
14580,1.0,3.6023097e-28,8.759119e-19
70394,0.9999999,1.1039679e-12,4.0566285e-08
72925,1.0,6.4186846e-18,2.746407e-12
2031,1.0,2.494162e-28,1.7169749e-18
44346,1.0,6.3633416e-26,2.28602e-16
91207,1.0,5.229366e-21,1.1410529e-13
109237,0.00013834178,2.3478537e-09,7.2806e-05
91168,1.0,2.5671526e-25,1.0600001e-16
37522,1.0,1.6915356e-26,1.9601234e-16
49849,1.0,2.2983692e-21,4.676097e-14
94824,1.0,8.3165984e-27,5.7674717e-18
94015,0.00052435463,1.557403e-08,0.0004264336
117533,1.0,2.5543363e-25,1.4183125e-16
108507,1.0,2.1751465e-22,1.3025411e-14
115471,1.0,1.395814e-21,4.34571e-14
72600,1.0,2.1586322e-21,5.793205e-14
66863,1.0,8.425237e-18,1.151643e-11
31671,1.0,4.941173e-15,6.6667914e-11
94774,1.0,1.314483e-26,5.6497735e-18
14526,0.2682756,0.00013764098,0.27524298
28603,1.0,1.8633207e-15,5.116603e-10
2194,1.0,3.5279137e-25,5.6571335e-16
52429,0.0022231254,5.794903e-07,0.0012871615
58844,1.0,9.68185e-21,1.6222767e-13
16835,1.0,3.6826134e-31,3.8358817e-21
128009,0.99999833,2.6917323e-11,4.40593e-05
103813,0.9999994,7.609998e-11,1.3873435e-07
126509,0.0015953028,4.3032944e-07,0.00091060216
41453,1.0,5.1574033e-17,9.94948e-10
20390,0.9976788,2.972607e-07,0.032075662
106069,1.0,3.0233422e-27,5.259402e-18
107266,1.0,4.645582e-20,4.40199e-13
73852,1.0,3.5871625e-25,1.5212091e-16
108553,0.9490214,1.0519781e-08,0.94940454
40403,0.9992493,2.5783886e-06,0.0033032135
25986,1.0,9.457837e-18,8.343003e-12
114374,1.0,1.3409491e-21,4.173127e-14
111820,1.0,5.1326174e-31,1.2402278e-20
90125,1.0,2.9482301e-27,5.8224714e-18
46262,0.00044409407,3.1091446e-08,0.00014372822
109763,1.0,6.752789e-27,1.1070583e-17
12178,1.0,5.520154e-20,4.69185e-13
19063,1.0,1.2977951e-28,6.5722746e-19
5470,1.0,8.2870847e-19,2.5709183e-12
34949,1.0,1.3293163e-29,3.569837e-19
34008,0.6756092,0.021136,0.010662823
79593,1.0,3.0652391e-21,8.328448e-14
91185,1.0,1.7042264e-23,2.618318e-15
26133,1.0,1.1044954e-14,7.1798456e-10
97876,1.0,1.3485473e-27,5.549128e-25
53267,0.9497032,2.1620684e-05,0.6444303
99293,1.0,2.5597402e-25,1.3067102e-16
124440,1.0,2.8958289e-21,5.5940692e-14
112013,1.0,2.2751547e-23,2.3966708e-15
69519,1.0,5.3003488e-18,8.798835e-12
37519,1.0,4.640933e-31,1.4197927e-20
26986,1.0,8.9082595e-27,1.6568106e-22
127142,1.0,5.2340956e-21,2.9826927e-12
37388,1.0,1.492099e-24,3.1762723e-15
98041,1.0,2.879156e-26,2.9753723e-17
76063,1.0,6.439985e-22,2.2387045e-14
115230,1.0,7.1454294e-22,2.532926e-14
49813,1.0,2.0154336e-26,2.3594306e-17
99335,1.0,1.8896035e-24,5.4489074e-16
88796,1.0,5.293094e-26,4.7724394e-17
33814,0.99999857,1.7399503e-10,1.1898938e-08
98239,1.0,1.689851e-20,2.2244594e-13
79805,1.0,1.4418576e-23,2.125383e-15
92422,1.0,7.002968e-24,1.4413025e-15
49735,1.0,4.5802784e-21,7.657e-14
75007,1.0,3.230287e-19,8.0806537e-13
66946,1.0,6.1848807e-18,9.02667e-12
28489,1.0,1.6316955e-16,9.005196e-11
32509,0.9999926,1.1624225e-09,4.217966e-05
84264,1.0,2.8147856e-21,3.227118e-14
41168,1.0,5.182624e-26,2.589619e-16
7242,0.0034276505,1.3051634e-06,0.0023580862
70477,0.2696602,0.00015748625,0.28592634
103999,0.99999774,7.692509e-11,2.0467455e-06
69274,1.0,1.3982163e-15,3.6463774e-10
27085,0.99984276,9.706816e-09,0.0065968675
85430,0.17127399,0.00019893887,0.1819968
62278,0.99999785,1.0340629e-10,1.3768455e-06
85527,1.0,1.6065418e-28,8.259029e-19
112106,1.0,1.2349816e-22,7.505875e-15
54098,1.0,9.979899e-27,6.55111e-23
9400,0.00245136,7.331515e-07,0.0013036409
85622,1.0,3.353183e-25,1.2188849e-16
118694,1.0,1.7738584e-25,1.0833506e-16
3772,0.99997497,1.6910157e-08,2.6919938e-07
92419,1.0,6.048e-24,1.1683293e-15
62420,0.99999917,3.0449008e-11,3.827342e-07
111840,1.0,2.1486586e-21,5.9862515e-14
37230,1.0,2.2944098e-21,2.2671692e-13
110390,0.00018316771,1.3037523e-09,0.00021881588
109597,1.0,1.4106769e-24,3.7306738e-16
82152,1.0,4.2127984e-27,7.799326e-18
77538,1.0,5.1965223e-18,8.822361e-12
10631,0.99994004,2.9993455e-08,0.0004275218
65733,0.92207044,1.4013362e-07,0.9156108
23946,1.0,1.58472e-14,2.9571115e-08
39617,0.9998179,2.2727025e-07,0.0009932986
4532,1.0,1.6056253e-25,8.7794336e-17
19102,1.0,2.7181166e-22,1.5297769e-14
45926,0.92990947,2.307143e-07,0.87230307
10623,1.0,1.0908066e-16,4.4662718e-10
69353,1.0,4.1033383e-14,3.4199206e-09
112058,0.121020995,0.00016537281,0.12218262
107531,1.0,3.3452318e-20,4.0544602e-13
79799,1.0,3.5898766e-23,3.3508346e-15
23619,0.99999726,1.0793546e-10,3.8685037e-05
68006,1.0,1.5692054e-22,9.005315e-15
83533,0.001575267,2.2646928e-07,0.0010604913
58833,1.0,4.2318346e-13,1.556227e-08
128179,1.0,1.04865135e-14,2.1471859e-08
60121,1.0,1.2898071e-17,7.8103374e-12
56770,1.0,3.0230546e-19,1.4218608e-12
69432,1.0,8.639288e-27,1.2961154e-17
5700,1.0,6.5404286e-14,3.5617143e-09
6658,0.9999238,6.075462e-08,0.00037300805
27218,0.9999651,5.2109256e-10,0.0020290927
113228,1.0,3.2642834e-23,3.5872493e-15
109495,1.0,1.3405264e-26,1.5776665e-17
130124,0.003444439,1.2388875e-06,0.002472935
35755,0.9990938,4.084594e-06,0.003208297
116528,1.0,4.3628727e-27,6.242432e-18
40581,0.00033658565,2.095139e-08,0.00014599672
117879,1.0,2.3607515e-19,5.520448e-13
49652,1.0,6.0066076e-26,4.8239635e-17
26083,1.0,8.1431085e-22,2.1116938e-14
28279,1.0,7.7949626e-16,2.173385e-10
73682,1.0,1.0808142e-19,6.4847233e-16
30685,1.0,1.8831348e-31,3.0145872e-21
45829,0.99548775,1.6295971e-07,0.52909434
54269,1.0,2.709754e-20,2.807805e-13
47490,0.994467,2.3626968e-05,0.058070287
92726,0.0015195813,2.0953836e-07,0.0010552644
91176,1.0,2.2289202e-23,1.3675368e-15
18957,1.0,9.6928375e-26,6.67685e-17
85512,0.9480557,1.2542806e-08,0.9455702
72943,1.0,4.080927e-19,1.6484156e-12
13358,1.0,1.5955995e-25,8.560108e-17
10530,0.9999999,7.352876e-13,2.8843166e-07
19248,1.0,3.2212273e-21,7.258066e-14
89093,1.0,2.9548675e-23,3.5507081e-15
4256,1.0,2.2058473e-21,2.7025465e-14
1834,0.002321564,5.637853e-07,0.0017080682
37198,1.0,4.944546e-31,6.586801e-21
34083,1.0,5.6493366e-20,5.5435582e-12
114115,1.0,9.9550144e-23,7.888265e-15
107072,0.005010973,1.9854642e-06,0.00039860845
107449,1.0,1.2458422e-20,1.7704418e-13
16893,1.0,4.3938444e-17,5.1129424e-11
17935,1.0,2.0447594e-27,4.4340003e-18
49810,1.0,2.7700833e-18,6.3396905e-12
107285,1.0,4.002363e-18,3.3476264e-12
41393,1.0,1.333512e-13,1.4260918e-07
79853,1.0,4.5301033e-25,2.0574385e-16
108469,0.18721536,0.00018581533,0.19934078
113243,1.0,1.4981398e-23,2.0291689e-15
47345,0.9999989,6.0453496e-12,8.491325e-05
78319,0.00071408786,5.8118935e-08,0.0002535772
19000,1.0,6.0563016e-27,9.938306e-18
1010,1.0,7.0801976e-23,4.7997935e-15
37501,1.0,4.8613185e-16,1.1230477e-09
76340,1.0,1.0612587e-23,1.35403e-15
38915,1.0,9.20007e-16,3.0444696e-08
111181,0.0015243676,2.0764574e-07,0.0010405247
115924,1.0,7.671801e-16,2.2105661e-12
61323,0.99999976,4.464888e-12,1.00477614e-07
81875,1.0,7.0216016e-27,1.1601341e-17
5841,0.99999917,2.8475564e-11,4.4593025e-06
63676,0.1414225,0.00023929458,0.1483259
115515,1.0,2.1326903e-17,1.843746e-11
99197,1.0,9.847414e-22,3.6579894e-14
70610,0.14532152,0.0002277189,0.15586002
58925,1.0,1.2212202e-18,3.4051204e-12
32062,0.999828,3.0972188e-07,9.501655e-07
19131,1.0,4.522107e-26,4.0583592e-17
6710,1.0,1.9216667e-18,3.903821e-11
80712,1.0,1.3437409e-27,3.5218753e-18
85572,1.0,7.570785e-28,2.416589e-18
20245,0.99434125,1.6217508e-06,0.043511894
47401,0.99968064,2.2455753e-08,0.033942558
66934,1.0,3.054738e-18,5.7242336e-12
92293,1.0,1.0747104e-24,3.9831158e-16
91139,1.0,1.5070865e-24,4.1020194e-16
14671,1.0,4.4473844e-32,1.7496213e-21
60128,0.9999976,1.7767839e-10,2.7460337e-06
28237,1.0,1.4904716e-17,1.2731976e-11
69185,1.0,2.1485658e-16,9.561585e-11
59079,1.0,2.4961465e-17,2.3285894e-11
55466,1.0,2.4801584e-28,1.1270681e-18
98084,0.9736138,1.9243123e-07,0.8814304
29484,1.0,7.557162e-29,4.5876274e-19
38866,0.99995375,8.812418e-09,0.00084023015
16852,1.0,1.4868391e-22,9.166235e-15
72874,1.0,6.8300155e-20,5.684604e-13
63424,1.0,5.879367e-13,5.990596e-09
45713,1.0,6.092792e-14,3.8281638e-07
84223,1.0,1.2294009e-24,4.05881e-16
61281,1.0,4.2035477e-14,1.4502498e-09
63391,1.0,6.6204806e-21,1.0438387e-13
106684,0.9999989,9.223039e-11,7.971203e-09
29383,1.0,5.7516e-36,1.2065277e-25
87862,1.0,4.3720844e-28,1.3748209e-18
16806,0.13523738,0.00020821,0.14229622
129729,0.00058620697,4.837991e-08,0.00021583705
31750,0.18454538,0.0009966039,0.17708543
116610,1.0,7.0977606e-27,8.7188526e-18
36692,0.00018467412,5.095268e-09,0.00010889338
26097,1.0,7.972212e-15,3.8317569e-10
122368,1.0,4.2396884e-20,4.2138648e-13
59149,1.0,2.5262246e-14,2.4264655e-09
34162,1.0,8.757068e-22,2.4891387e-13
108597,0.9993007,3.0758838e-07,0.0024055475
41114,1.0,2.3911443e-24,4.0230342e-15
124637,1.0,3.6026197e-24,8.085591e-16
107443,1.0,2.1133384e-21,6.7528075e-14
89056,1.0,1.3385938e-20,2.1256202e-13
87874,1.0,2.3927973e-15,1.9423141e-10
113003,1.0,4.4457665e-20,4.0712995e-13
44316,1.0,3.4572858e-27,2.4711248e-17
45518,0.005470478,4.0979808e-06,0.0034973826
5464,1.0,8.650687e-22,3.1094434e-14
47393,0.9999999,2.2201781e-13,2.010344e-06
103478,0.00013944779,9.455549e-10,0.00015830302
67017,1.0,1.2669823e-21,2.4560266e-14
128125,1.0,4.0423686e-24,6.343867e-15
124787,1.0,2.5766436e-22,1.5252551e-14
97100,1.0,5.4381057e-17,2.6135084e-11
12189,1.0,1.8139933e-24,3.7262078e-16
53027,0.99996054,4.7565463e-09,0.00033391546
29290,1.0,2.545997e-27,6.877769e-24
36466,1.0,3.2688193e-23,1.3316508e-14
43541,0.99405944,7.83016e-06,0.14840677
45781,0.9999242,6.692097e-10,0.023775382
101498,1.0,1.3567338e-23,2.0856664e-15
102460,1.0,4.157124e-23,1.3617305e-18
14142,9.2713926e-05,8.9035124e-10,6.745162e-05
86990,0.00044578087,9.538261e-09,0.00039556163
101751,1.0,9.989009e-18,2.4514531e-11
49827,1.0,9.2121664e-20,6.51379e-13
94418,1.0,4.412211e-28,6.8405285e-26
26038,1.0,3.4039e-23,2.8311305e-15
23674,1.0,1.1796276e-16,2.9770362e-09
90112,1.0,1.2131262e-27,3.4408552e-18
59979,1.0,7.081084e-17,2.8011165e-11
8302,1.0,2.3542392e-20,1.6356156e-12
54171,1.0,1.1975429e-21,3.9104177e-14
5693,1.0,2.5472421e-18,4.5873288e-12
94286,0.00029858775,8.955532e-09,0.00013969094
36426,1.0,2.6995552e-24,3.9201684e-15
125872,1.0,6.3827854e-20,4.904615e-13
53941,7.375834e-05,4.5094134e-10,4.3050368e-05
107364,1.0,1.0348874e-18,3.7409633e-12
129616,0.999995,2.5572893e-11,0.0008766714
39858,0.9999999,2.8285978e-12,4.194146e-10
35637,0.9778592,0.0006217424,0.060691006
92198,1.0,1.7190865e-24,4.1757025e-16
44381,1.0,1.0523474e-19,6.6871647e-12
65839,0.62228286,2.7222166e-05,0.6356558
7500,0.16355738,0.0008003475,0.157335
85373,1.0,2.3271553e-22,2.2066284e-15
18000,1.0,3.9596973e-22,1.8249062e-14
35644,1.0,3.8114924e-14,2.3135232e-08
103907,0.9999995,4.492148e-11,8.478672e-08
109657,1.0,1.7002991e-29,1.7420377e-19
129604,0.9967039,1.6604137e-07,0.41590974
34892,1.0,6.0227708e-30,3.1800245e-19
90200,1.0,3.2213237e-22,5.50801e-15
44238,1.0,1.0912549e-18,5.6158113e-11
76236,1.0,1.9629379e-15,2.3970428e-10
84794,1.0,2.0208244e-13,2.284937e-10
61123,0.9999938,5.701357e-10,8.957302e-06
85382,1.0,2.701695e-26,2.3595296e-17
99435,1.0,1.2175751e-15,3.0787267e-10
72772,1.0,1.6661293e-20,2.2332635e-13
109728,1.0,6.287442e-30,6.9619895e-20
68281,1.0,2.3969177e-15,5.427017e-10
1152,0.94270164,0.0012732695,0.20595485
99248,1.0,6.462749e-22,2.662054e-14
71498,0.99997485,2.1958922e-08,4.4336985e-06
103942,0.9999294,3.7471466e-09,0.00048640883
122278,1.0,2.9931548e-24,7.392943e-16
92474,0.1182066,0.00017804961,0.11941023
121029,1.0,3.0571007e-13,8.367702e-09
95653,1.0,7.6728196e-25,2.4219073e-16
102554,1.0,2.8688408e-25,6.890057e-17
69219,1.0,9.389687e-16,2.4588112e-10
118978,1.0,1.8579674e-24,3.7588868e-16
54323,1.0,1.0359004e-22,5.3570497e-15
117760,1.0,3.8020465e-25,1.2867166e-16
69142,1.0,6.1076094e-16,2.0616599e-10
83296,1.0,1.28567094e-17,1.7258953e-11
103228,0.021531422,9.7849486e-05,0.005689583
76259,1.0,5.4882445e-18,6.208704e-12
19650,1.0,1.5407519e-14,7.6391414e-11
9062,1.0,6.6194777e-19,1.3313126e-11
96855,1.0,6.784255e-22,2.7195172e-14
65741,0.74530065,8.936091e-06,0.7553023
13469,1.0,1.1092817e-25,7.02295e-17
61140,0.9999968,1.957234e-10,2.770489e-06
49762,1.0,1.4191273e-19,9.223487e-13
38293,0.002812566,1.0183993e-06,0.001416369
45821,0.9999956,6.832054e-11,0.0002656785
45719,0.99977964,7.2650375e-09,0.036390122
31748,0.96236825,0.0011223846,0.11549909
69508,1.0,3.2208912e-16,1.1712373e-10
36480,1.0,1.5754673e-22,5.9569e-14
102896,1.0,9.504848e-27,1.223487e-17
71776,0.9999999,1.6364115e-12,2.8860548e-08
53197,0.10527766,0.00014431847,0.10486129
63621,1.0,3.0131135e-15,5.004927e-10
76215,1.0,5.5589396e-17,2.8822219e-11
14389,1.0,3.0728045e-27,5.4097153e-18
72929,1.0,2.2141819e-24,5.6995677e-16
29386,1.0,7.4899397e-31,4.586343e-22
38868,0.9999604,7.1996753e-10,0.0058515305
103797,0.99998486,6.6860106e-10,4.255046e-05
111875,1.0,1.3442051e-23,1.950547e-15
10246,0.9999995,2.827634e-11,8.561057e-09
101582,0.10393005,0.00010581674,0.098394565
65790,0.3956951,9.78604e-05,0.4110795
69229,1.0,8.514639e-18,1.2593201e-11
13306,1.0,2.3921568e-24,5.996565e-16
18947,1.0,1.6033705e-28,7.460102e-19
29723,1.0,5.3318466e-24,9.990315e-16
103718,0.99999666,1.2740217e-10,3.720716e-06
68005,1.0,7.316086e-20,5.0346766e-13
5806,0.999959,1.9918993e-08,0.00022880123
19078,1.0,1.2901167e-25,8.427492e-17
114306,1.0,7.5481386e-23,6.5435942e-15
82101,1.0,5.11134e-16,1.8857681e-10
43880,0.0023092018,5.741948e-07,0.0013969749
13920,0.0013339752,1.6971102e-07,0.00087532925
65800,0.64406055,2.3373837e-05,0.65743154
74317,0.0015011644,1.9951888e-07,0.0010363646
72921,1.0,8.996213e-23,5.370247e-15
72659,1.0,1.9776192e-20,2.588532e-13
56811,1.0,1.9549753e-19,1.0596404e-12
13303,1.0,1.2369633e-27,2.823835e-18
29684,1.0,1.0684031e-24,3.450151e-16
90805,8.512615e-05,1.7767161e-10,6.928061e-05
14681,1.0,3.77534e-24,3.927606e-16
86563,1.0,1.6755482e-29,2.748272e-20
11429,0.0005656314,2.5504736e-08,0.0005103134
105105,1.0,1.4809207e-26,1.8366713e-17
2170,0.30652764,0.00023687158,0.30098432
85390,1.0,3.6087432e-15,2.0792688e-10
127131,1.0,6.4166564e-17,8.549015e-09
44320,0.9353402,0.0020330632,0.1565428
37356,1.0,6.478667e-23,5.2598947e-14
23940,0.049433626,8.690211e-05,0.055033613
19146,1.0,3.323855e-24,7.213398e-16
16892,1.0,1.5266337e-30,1.9192986e-20
105422,0.001426277,1.7666872e-07,0.0009841772
60181,0.9999999,2.0811829e-12,2.0777087e-08
102552,1.0,4.452066e-26,4.0831117e-17
66919,1.0,3.6655466e-29,2.5511695e-19
26188,1.0,1.1492482e-20,8.9085904e-14
79762,1.0,1.04127267e-22,8.336788e-15
34884,1.0,2.9816473e-30,1.3648969e-19
47454,1.0,4.4396403e-16,6.2160597e-09
80703,1.0,2.1468238e-28,9.793371e-19
14421,1.0,2.362213e-25,9.180257e-17
108515,1.0,4.4683556e-23,4.664025e-15
106100,1.0,7.6626985e-25,1.8995851e-16
129623,0.99963534,3.6873722e-08,0.030956445
98288,1.0,4.728133e-25,2.0564654e-16
106114,1.0,1.030193e-24,2.9445147e-16
37245,1.0,2.9300377e-24,5.38851e-15
2176,1.0,1.1384308e-21,2.2432278e-13
2183,0.99314463,2.0912782e-06,0.3457817
99331,1.0,8.0720055e-22,3.0418952e-14
4353,1.0,2.0418296e-26,1.3766427e-17
71797,1.0,9.363346e-27,1.4050589e-17
122245,1.0,1.684208e-19,1.0086946e-12
75247,1.0,9.588939e-27,1.17679545e-17
45905,0.9613774,2.3428139e-07,0.89084554
85532,1.0,9.7706055e-27,1.225547e-17
97020,1.0,5.4953297e-24,1.0014467e-15
93537,1.0,1.376245e-15,1.9689837e-10
122143,1.0,5.0087974e-20,4.9358656e-13
77005,0.0001543962,2.7659621e-09,0.00010048453
90097,1.0,2.5897926e-27,1.7829622e-18
58215,0.0013202627,1.4895058e-07,0.0009379918
101730,1.0,2.5381593e-21,4.4819305e-14
85264,1.0,2.0063201e-19,4.880986e-13
124693,1.0,5.4042746e-24,1.1062616e-15
20652,0.9981658,3.0033352e-06,0.029015033
30866,1.0,3.507068e-29,1.2004713e-19
30637,1.0,1.7552504e-28,8.473097e-19
111847,1.0,5.5656996e-20,4.4841653e-13
102548,1.0,5.194812e-35,5.249825e-24
3004,0.9960872,3.8617807e-05,0.00030625623
61362,1.0,1.5330882e-15,1.7106011e-10
9765,0.9620637,9.848515e-08,0.90481925
75110,1.0,1.4482891e-25,8.816788e-17
22487,0.00088844466,6.038873e-08,0.0006485831
117527,1.0,3.3802008e-27,4.874647e-18
109599,1.0,4.5056253e-27,7.845669e-18
37612,0.0002329792,4.257215e-09,0.00019242923
111810,1.0,4.514144e-26,4.1240936e-17
72653,1.0,2.6721343e-19,1.3529606e-12
79620,1.0,1.3477016e-23,1.9867886e-15
20434,0.97281307,1.1774802e-05,0.08439097
5602,1.0,1.663044e-19,8.6136485e-13
28491,1.0,1.2466529e-16,7.423695e-11
42614,0.9997974,6.3118173e-09,0.033978272
128106,0.99999964,3.3810845e-12,3.6793824e-06
19109,0.14795041,0.00011378228,0.14337943
39656,0.9997062,2.8911793e-07,0.003009535
59141,1.0,1.6777199e-14,1.9042823e-09
64547,0.9999552,9.045125e-09,0.00018099012
72774,1.0,1.8180834e-21,5.2833223e-14
90084,1.0,1.8584458e-28,6.134289e-19
53302,0.86538655,4.220791e-05,0.7616718
37351,1.0,1.3594797e-23,1.653326e-14
122464,0.9999969,8.900588e-11,1.8719285e-06
127032,0.9999999,9.0483323e-13,1.0580132e-07
89005,1.0,2.8250332e-24,7.4119756e-16
106059,1.0,2.837874e-25,9.60997e-17
79310,9.640034e-05,3.8352296e-10,0.00011903924
16989,1.0,2.297673e-24,5.0763055e-16
60172,0.9999999,4.187579e-12,3.904601e-08
27383,0.9999279,1.5543603e-09,0.004049277
97950,1.0,2.2764151e-14,1.1293155e-09
107191,1.0,1.4183434e-18,3.5924516e-12
2071,1.0,4.8833377e-26,2.977849e-16
104039,1.0,8.166078e-19,7.036788e-13
47798,0.00017701463,4.650688e-09,9.430547e-05
14628,1.0,6.1510004e-25,1.38103e-16
45820,0.9957722,9.3373046e-07,0.28041515
105140,1.0,1.5057132e-24,3.6031426e-16
127221,0.9999995,3.2388744e-12,1.9825293e-05
50896,1.0,6.231956e-20,5.1327627e-13
127981,1.0,4.2407483e-16,3.5854268e-09
28353,1.0,7.7627e-18,1.2367422e-11
120013,0.10541608,0.00014704035,0.10364642
34972,1.0,2.1315213e-30,1.0999013e-19
9034,0.99999976,6.357879e-12,4.3532611e-07
36587,1.0,1.1445159e-25,2.5037195e-16
92334,1.0,5.57766e-22,2.7049704e-14
125645,1.0,1.0455876e-14,8.4390717e-10
34340,0.00049799326,3.8605986e-08,0.00015457149
118774,1.0,1.0033608e-26,5.8733562e-18
62376,1.0,9.619636e-13,1.3969526e-08
119008,1.0,2.6251407e-21,6.5210336e-14
106145,1.0,3.0830547e-27,3.8134333e-18
84305,1.0,1.0614477e-18,1.5490305e-12
41194,0.9999999,1.06960386e-13,2.4440092e-06
80841,1.0,2.6823366e-27,5.8313843e-18
101680,1.0,2.5309685e-19,9.468782e-13
87675,1.0,4.577863e-23,4.5101417e-15
96921,0.9999974,2.8114747e-10,3.5274134e-06
20397,0.9896624,3.0616511e-06,0.05690138
97957,1.0,2.8406792e-25,1.4448083e-16
5673,1.0,3.4225742e-14,2.7222748e-09
116619,1.0,1.2496177e-26,1.6956265e-17
71559,1.0,1.0533391e-27,3.092138e-18
106351,1.0,7.634203e-30,3.8379326e-20
26102,1.0,8.269796e-15,4.358203e-10
59118,1.0,9.10973e-22,3.0294174e-14
94720,1.0,8.9252577e-29,4.3090852e-19
111867,1.0,1.2445543e-21,3.7867106e-14
