curve_idx,outputs
84314,0.99984014
2087,0.9963653
113212,0.2348784
29402,0.9998957
19325,0.99952185
128021,0.9971553
85526,0.9998466
95786,0.99911207
76091,0.9987306
8313,0.99630713
37336,0.9981906
96821,0.99982893
65234,0.9989899
60066,0.99859685
58961,0.99987245
85508,0.99987996
77511,0.99985695
61284,0.97318
2117,0.9974859
53161,0.9991303
107365,0.9998196
41505,0.084459074
81022,0.9998982
57635,0.47838292
4406,0.32065046
93109,0.02377299
19022,0.9997856
17948,0.99961686
41387,0.99639255
41242,0.9948855
28589,0.9996973
45811,0.8794248
84201,0.9998317
102691,0.99987185
2010,0.99776125
85387,0.99966717
90583,0.07230709
25921,0.9998642
23724,0.907511
109558,0.999895
97156,0.9996855
47363,0.99385494
45925,0.2167959
121272,0.9975434
72839,0.99973875
114176,0.9997476
99105,0.99981326
69246,0.9993499
69457,0.998725
91315,0.9953791
72669,0.99934465
85326,0.99984276
66976,0.99981993
63535,0.9995797
37334,0.99853325
84661,0.1617148
115374,0.99973315
61076,0.9684623
41311,0.9974427
31068,0.045895353
53330,0.25581032
118976,0.9998715
47310,0.9960622
73526,0.08270246
39009,0.037894998
76279,0.9972179
98093,0.990611
79714,0.9995534
2271,0.99664754
30532,0.9998716
74068,0.29040554
37515,0.99807906
18860,0.9990339
44350,0.99754804
26113,0.9997025
49673,0.9989304
107243,0.9999099
49641,0.99495465
12239,0.9997435
49929,0.99964464
70405,0.9967501
129497,0.99644595
113013,0.99967957
86354,0.9984707
65942,0.6963301
65967,0.71953064
51048,0.9992798
128108,0.9971576
82103,0.99927443
121999,0.03413923
115559,0.99982697
80930,0.99991655
708,0.9953418
127177,0.9979982
124213,0.067187496
63685,0.9985429
97107,0.9995183
42777,0.38564858
75205,0.99989414
94691,0.9997042
73907,0.99962926
88792,0.9998441
110662,0.99841106
111860,0.9990752
49662,0.9998178
117870,0.9998658
103715,0.9984341
8421,0.37410316
34855,0.9984792
39658,0.9903846
18365,0.049967688
76129,0.9998677
69138,0.99521154
32586,0.9967264
75241,0.999798
80926,0.99988854
109562,0.999821
20602,0.9943295
67005,0.9981989
84374,0.99983394
78511,0.97641057
17862,0.99990976
53153,0.99305445
123618,0.99987805
97130,0.99959904
91163,0.99983823
105157,0.9998846
61317,0.99519926
100405,0.5882183
81959,0.99924517
60227,0.99935347
116665,0.9998116
26081,0.9998191
67171,0.99160284
84818,0.99951375
106262,0.99993134
116614,0.9998733
66903,0.99795747
106349,0.9998572
96295,0.1517337
17908,0.99976677
9850,0.9960691
41383,0.99779034
13440,0.9998492
68598,0.039697528
28363,0.9997329
69426,0.9974216
10666,0.9976828
95029,0.09851736
88970,0.99983144
123528,0.047025308
26111,0.9991647
49841,0.999584
90186,0.9998864
26211,0.9995709
69307,0.9992495
65985,0.7205322
50258,0.99721164
23667,0.99575114
24063,0.063474044
88961,0.9998635
94743,0.99939334
107066,0.9983506
120914,0.9965912
27268,0.9616501
102705,0.99928766
81724,0.99745315
84455,0.99943286
113162,0.99982387
65931,0.72320706
105103,0.99988604
14351,0.9985258
113287,0.9841703
82005,0.99982256
116481,0.99987745
18132,0.99989486
95874,0.9997843
85458,0.9998628
113009,0.99858606
117862,0.99985814
34873,0.9987895
9670,0.97779673
97943,0.97328794
123430,0.9998319
41356,0.99771
114132,0.9998485
90048,0.9999006
56725,0.9986809
2162,0.99754083
89036,0.99986076
119027,0.99986434
114116,0.9956287
6679,0.99690276
88899,0.9998528
72671,0.9987213
73946,0.99982697
69354,0.9975809
29743,0.9998466
53306,0.48151392
5558,0.283484
69377,0.99774796
26002,0.99959594
117765,0.99988306
66038,0.72000045
78709,0.99825495
101682,0.97823095
96894,0.99958307
93616,0.99805534
56625,0.9997534
56566,0.9996314
11161,0.026520384
28570,0.999887
66945,0.99897337
14543,0.99763703
88726,0.9998584
35664,0.99654096
104380,0.9996724
107347,0.99987257
20204,0.9885788
112002,0.9998259
80891,0.9998416
117819,0.99984753
41277,0.996443
42005,0.27269298
67134,0.99846965
80686,0.99961
54410,0.99986434
34087,0.9972019
102795,0.9999151
121035,0.9981067
43439,0.9976271
65957,0.71521074
106708,0.99953854
72719,0.9992448
115231,0.99888676
68534,0.031311344
10613,0.9893003
60075,0.9906781
45780,0.90118676
71553,0.99873346
29536,0.9998696
103664,0.010994437
28305,0.9997968
116918,0.31162786
13563,0.9997335
106158,0.99889636
61431,0.997355
34610,0.99914277
113056,0.99978036
18004,0.9998902
111774,0.9995515
116479,0.9997719
19064,0.99985325
100022,0.059528407
32482,0.99792576
29541,0.20684999
9704,0.9974427
35009,0.999181
67128,0.9991715
84225,0.9998153
129588,0.9943862
39989,0.031633582
97045,0.99935573
104786,0.99899596
34893,0.99624795
9822,0.9975243
37258,0.99704415
18071,0.9998474
15699,0.992853
49680,0.99969447
114372,0.9996859
92533,0.99990284
85570,0.99984705
116716,0.9999105
88956,0.9997826
105038,0.4535377
90086,0.9998832
37448,0.99800414
35663,0.985333
100046,0.05731158
102759,0.9998518
53223,0.9976204
14347,0.9997527
103855,0.99449533
78513,0.99847776
113462,0.2756453
10504,0.9975938
75201,0.9997712
29702,0.9994879
117817,0.99987257
91048,0.99988115
72914,0.5621396
5450,0.999767
80935,0.9998779
5852,0.9979771
127174,0.9978078
52562,0.99360013
125784,0.9997912
84184,0.9998267
49714,0.9995401
76117,0.9881076
34915,0.9986326
41425,0.99636686
32966,0.06149299
117681,0.9998888
116384,0.3944519
94785,0.9992136
10656,0.9948501
117780,0.9998779
82977,0.9998642
109474,0.9997553
66840,0.9985936
64672,0.98943263
127246,0.98794633
127138,0.9963586
87770,0.99989414
43410,0.9825331
20815,0.054011427
72645,0.99966264
89041,0.9906047
87772,0.9997068
109473,0.99987054
34859,0.9985898
58770,0.99760747
106706,0.99936086
2152,0.9974521
76143,0.9996867
118786,0.99984694
29566,0.33246416
64835,0.9967564
18144,0.9988746
51057,0.99909174
64676,0.9962714
69470,0.99885106
119030,0.99806625
33753,0.09152704
80671,0.99985623
18884,0.9983165
91298,0.9998258
23652,0.99838877
37526,0.9991347
47594,0.9913186
14510,0.99976987
29562,0.9998202
52946,0.9991678
29429,0.9998454
17783,0.039726373
129539,0.69333327
44293,0.99918014
72014,0.12722714
74103,0.99990034
101332,0.9989023
16789,0.9997975
41132,0.9958429
121327,0.9996978
99241,0.9980154
116368,0.99984837
19201,0.99978834
10440,0.9970342
2132,0.9968622
104052,0.9948397
93495,0.99977905
71496,0.99982196
14576,0.9991849
82023,0.9998764
84271,0.99989843
5750,0.9996437
81969,0.9998708
113254,0.9996138
28370,0.9979684
103984,0.99671775
28227,0.9926508
26259,0.9990126
118791,0.99989927
118816,0.9997534
107433,0.99984574
76180,0.9937562
21207,0.07215099
81955,0.9998826
105149,0.999871
112047,0.9996799
127976,0.99779797
118869,0.9998776
124490,0.9998412
63578,0.9966677
64310,0.09083444
65829,0.6194616
35698,0.06308575
34891,0.99706
4344,0.9991473
16705,0.999877
88895,0.32735965
31844,0.9987532
46059,0.9950523
121684,0.9992446
75203,0.9991887
88636,0.99885416
51860,0.9995974
62566,0.99718237
15404,0.99817336
67405,0.2753042
66896,0.9939891
91296,0.9989526
65817,0.69539
4547,0.9994112
76244,0.9964012
54400,0.9998678
12235,0.9987551
108628,0.3099744
16688,0.9998797
46418,0.99857557
66833,0.99663216
63672,0.9991916
117626,0.99978644
45816,0.8713467
115327,0.9996019
22010,0.9992194
23971,0.9971904
78515,0.9998635
89947,0.99987864
10512,0.99690586
85045,0.04974246
36105,0.1019225
126925,0.46871734
59128,0.99732745
41402,0.9964539
58825,0.9936255
96876,0.9995683
70357,0.9981668
60118,0.98858017
13289,0.99988496
32564,0.99810445
88885,0.68017554
38744,0.99792933
32536,0.996119
124737,0.99977475
127931,0.99702126
12738,0.99904245
55427,0.99951196
34611,0.99903786
118720,0.9998646
34218,0.33787364
108356,0.9997074
44465,0.9988024
72727,0.9995252
84317,0.99988294
111978,0.9987789
85520,0.9988262
63582,0.9951466
28390,0.2771355
23809,0.9977837
129548,0.9891589
41320,0.99754685
88971,0.9998235
53358,0.9979931
5536,0.9995566
36179,0.9987907
75244,0.9998265
2213,0.99638665
106249,0.937378
45248,0.09162923
23987,0.9960891
19001,0.99969494
96809,0.9958681
4402,0.9996376
62230,0.99452025
29518,0.99980134
68099,0.998993
72872,0.99866617
37509,0.9982072
14626,0.9990706
8246,0.9977837
4022,0.08907974
77492,0.9998857
112085,0.9996499
95649,0.9969405
19223,0.9998654
37457,0.99871075
65921,0.70163536
87764,0.999764
94674,0.99988437
43485,0.48652998
98227,0.999813
84172,0.9999089
128258,0.992002
91238,0.99983823
5543,0.9995647
49757,0.9998271
85411,0.9998839
108312,0.9998512
12295,0.9984144
104904,0.99985826
19095,0.9998659
113870,0.06669825
34143,0.9969213
124480,0.9998584
128233,0.9978929
41437,0.9973869
100156,0.9981958
85589,0.9999145
17922,0.99955875
65210,0.99893767
129158,0.026899246
115456,0.99882406
54484,0.65469384
18944,0.9998092
12226,0.9981687
62247,0.9974841
60117,0.9982139
96815,0.9998591
113261,0.9996425
67070,0.99864966
2143,0.99642295
85602,0.99984455
48268,0.029145978
108321,0.99879825
88849,0.99983644
84270,0.99984217
18140,0.99962485
45817,0.41552496
123301,0.9998349
117634,0.99988174
36517,0.9964675
26493,0.021413341
110767,0.9979656
2150,0.99727386
58832,0.9995072
23961,0.99884146
130199,0.9969926
108549,0.999671
70399,0.99947506
75986,0.99624985
72667,0.99895763
89985,0.99983954
128081,0.9975108
61142,0.9833543
2229,0.99709487
41385,0.9965789
43568,0.9956025
41343,0.9961254
14550,0.9996737
38728,0.9967289
73843,0.999874
37255,0.9980227
30310,0.06519755
121230,0.9989371
10968,0.03908164
65731,0.7107867
54513,0.9998691
10597,0.9924304
66952,0.99972266
89021,0.99985266
44182,0.998558
13246,0.999801
93328,0.9998447
36511,0.99590826
19015,0.99986887
106347,0.9992003
31036,0.9982286
29587,0.9998472
88767,0.9998363
99794,0.9994948
37191,0.9976548
104629,0.04294153
111859,0.999879
77309,0.99984217
14456,0.9997713
49159,0.31858757
97063,0.99938715
82058,0.9998652
10518,0.9957081
89942,0.9999068
21618,0.99836975
85579,0.99966526
27012,0.9985669
4386,0.999326
21425,0.99748766
11837,0.01694712
67103,0.9985844
91131,0.99978894
116428,0.20381643
63426,0.9959661
128256,0.9962321
87619,0.99984586
101692,0.32106367
65773,0.7052854
98295,0.99931467
49678,0.99981993
14577,0.99960166
26110,0.37255606
55621,0.9998534
114256,0.9988827
61169,0.994862
111915,0.9997174
72924,0.99986887
28507,0.99959975
112082,0.33569768
114419,0.9993067
34881,0.9990767
37449,0.99681705
107508,0.99986815
47444,0.997682
76217,0.9989003
99107,0.99968755
44490,0.99644935
94835,0.9981286
21327,0.99758923
26145,0.9995072
33290,0.99945754
43561,0.9982687
6632,0.9981736
5908,0.99757427
128246,0.9967625
85450,0.9998004
87665,0.9998173
79661,0.99982953
85454,0.35940132
6614,0.9958126
90157,0.6939241
32485,0.99837863
84401,0.95809025
128245,0.99710983
32578,0.99825937
2485,0.018744918
65977,0.72087866
29511,0.9998727
128033,0.9962225
36434,0.9960167
66870,0.99983037
83175,0.9998332
5555,0.99909663
29639,0.9998845
61125,0.97419655
44501,0.9952251
74091,0.99972135
84468,0.99984777
27416,0.9942312
22194,0.99659306
100261,0.99979335
92326,0.99989104
96882,0.99972504
40188,0.008771983
72876,0.9998605
39402,0.023323817
67063,0.9976767
37286,0.99829143
79843,0.9998548
13275,0.99986255
127381,0.021931065
56479,0.999665
108566,0.9993498
91170,0.9998173
107391,0.9998821
116620,0.99985635
91382,0.99984753
87820,0.9992854
41190,0.996603
20201,0.93656147
56823,0.99964356
9900,0.022129979
41080,0.9968265
26153,0.9987961
69167,0.99976224
17829,0.9996505
88944,0.9998253
77267,0.99971086
61424,0.99201983
95935,0.9998369
112972,0.9996278
69230,0.9972613
26263,0.9991885
112051,0.99877816
40312,0.9970149
86673,0.9989278
84373,0.9998565
47499,0.20071186
110625,0.99961853
122483,0.9996107
23623,0.99767166
35805,0.9934389
29423,0.9998807
14346,0.9998204
100178,0.99837804
76108,0.9993135
5306,0.99581724
128075,0.9968334
31781,0.9987483
98103,0.99880564
28349,0.9996705
2128,0.9973133
18342,0.07766035
19320,0.99970955
29157,0.02425081
88894,0.99794847
76203,0.9998342
44457,0.99735
84122,0.99984384
95749,0.99888796
56485,0.9992262
127944,0.9955454
97127,0.9992124
67118,0.9988815
84214,0.99979645
121237,0.9997273
14480,0.9996263
69139,0.9992729
53209,0.99929667
16661,0.9986846
45494,0.019808825
43560,0.8482949
101455,0.9998573
19877,0.028227404
76228,0.999132
5614,0.99884737
124453,0.99980015
36432,0.9972114
13301,0.9997904
114226,0.99985087
113011,0.99986017
29635,0.99985397
2314,0.997678
81867,0.9975248
114222,0.998988
13376,0.99987495
108895,0.46486953
127028,0.998382
70634,0.9977633
23939,0.9924211
116557,0.6183377
50234,0.9975138
55228,0.9991109
76355,0.99987185
23962,0.99706525
44258,0.99670583
118962,0.9998927
61120,0.9992337
107090,0.9989604
2151,0.99596065
25969,0.99913603
72699,0.9993137
52150,0.9994524
32556,0.9973303
12098,0.9987047
84238,0.99982613
41155,0.9977335
52430,0.7053385
107509,0.9998938
5689,0.9989938
64694,0.64726657
9474,0.99500245
47497,0.9982748
121549,0.027408928
36563,0.9973093
23693,0.99745435
73895,0.9997873
66955,0.9995523
67059,0.99803716
112055,0.99912554
26124,0.999711
76299,0.9996667
101714,0.7117043
52167,0.9995739
82064,0.9997671
63712,0.9991831
83893,0.10285026
122226,0.999826
53367,0.99802184
107287,0.9998517
4752,0.1972476
76247,0.99973696
117734,0.99980026
65738,0.7202846
5586,0.9997739
32614,0.9961259
66002,0.71159524
17975,0.99984086
53060,0.9986644
117725,0.99983513
11430,0.020007337
10573,0.93514335
80771,0.99983954
76080,0.99973315
36524,0.99668497
37458,0.99773633
73760,0.9998499
107220,0.9998772
41307,0.99731535
10575,0.99672735
69338,0.9985625
97151,0.9997726
29549,0.99983597
63244,0.028815655
92370,0.9998678
128136,0.9973761
31850,0.9989177
70159,0.08649718
84416,0.99987674
96916,0.9997968
41341,0.99825567
102866,0.25491023
15270,0.05615874
2265,0.9968125
129489,0.88402504
101588,0.99975055
15654,0.2878087
106189,0.42466593
15294,0.06637891
39525,0.99560463
5861,0.9964641
37396,0.9988298
65845,0.69969594
78290,0.99672604
45872,0.99723345
5638,0.9997403
93591,0.99883014
58875,0.9963527
97940,0.9993413
22218,0.054806136
47305,0.9749898
60878,0.017752364
49589,0.9997464
79528,0.9998765
2215,0.99786454
88794,0.9989569
103748,0.99607664
106014,0.9998518
26047,0.9978623
22085,0.9978775
128002,0.9977075
28445,0.9993186
22120,0.99796474
76428,0.99972206
113086,0.9993573
100540,0.69999206
4392,0.9994473
129595,0.9964588
62029,0.016191952
26035,0.9993124
28484,0.9996481
41234,0.99711907
85378,0.9997973
63926,0.15397978
27181,0.997332
38735,0.9961618
101640,0.9998455
129524,0.9110714
60265,0.9982839
56817,0.9995907
60126,0.98800313
76201,0.9998018
68033,0.99841774
109667,0.9998423
92092,0.9989544
13248,0.99986434
92183,0.9997774
26854,0.0119061945
90141,0.9942794
75143,0.9998356
121271,0.99973875
26101,0.999138
88837,0.99976987
50618,0.99750865
26181,0.9993254
81819,0.9998419
34845,0.9983005
28368,0.9962475
49720,0.9995813
92227,0.9989641
128197,0.99556595
41112,0.99757725
19188,0.99977154
31656,0.99739337
89963,0.9998399
79647,0.9998883
27281,0.99356717
111838,0.9975714
14575,0.99974984
28377,0.99896395
86469,0.9998921
73792,0.99975806
34125,0.9966954
107381,0.99985194
10482,0.9970245
14539,0.99965525
8929,0.99774337
61090,0.97332925
72956,0.9960609
63628,0.98945194
125686,0.9997832
88639,0.19579186
73949,0.9998266
62773,0.04330687
10611,0.9973435
66034,0.70153177
29552,0.999848
31042,0.99852103
26246,0.99929
97055,0.9990565
101546,0.9998441
82114,0.999856
53265,0.99720407
43437,0.9983267
80963,0.9998754
34124,0.99688244
122452,0.2884438
63580,0.9768599
92521,0.99658906
14355,0.999752
126133,0.16927372
22220,0.9962645
95983,0.9997069
76258,0.99881446
82167,0.9998343
19058,0.9997265
2202,0.99856323
121298,0.3813906
13444,0.99978775
30730,0.9998553
79545,0.9998853
83248,0.99979633
53311,0.9967614
5418,0.9991937
16643,0.99971575
109479,0.99982506
49722,0.9993901
28282,0.99867237
99026,0.99845874
89907,0.9998789
56786,0.69780195
14632,0.9972379
89893,0.9997054
18951,0.9998987
84312,0.9998646
102855,0.9998411
14594,0.9996307
129580,0.89278984
72950,0.9989556
114319,0.9985892
39634,0.22533008
72757,0.3139071
49613,0.999876
72887,0.9998802
23763,0.99670106
114124,0.9987078
107476,0.9063623
58874,0.98906696
49582,0.9997037
19133,0.16400075
90067,0.99986446
68173,0.33376867
2300,0.9976646
13472,0.9995646
93341,0.9998276
124597,0.29599902
49621,0.9996107
58871,0.99691963
112489,0.27107847
2304,0.8749007
99772,0.9992286
65976,0.7169311
13523,0.99958855
8148,0.99790716
76291,0.9997118
93345,0.99974734
85135,0.026564972
44467,0.9978465
116382,0.9981521
69179,0.9984113
2003,0.9966336
13527,0.9989697
20344,0.77200615
69262,0.99878484
28441,0.99927396
49685,0.9997638
91027,0.99986315
71586,0.9988675
110712,0.999843
35008,0.9991935
69387,0.9988458
113066,0.99972504
78607,0.999795
113166,0.9994784
114172,0.99951863
41227,0.9973878
82108,0.2210284
87681,0.99973637
97027,0.999158
2154,0.9954314
62858,0.052588817
109506,0.9998522
92749,0.05916313
104815,0.04250851
74094,0.9997526
65704,0.7003292
72810,0.9995447
4562,0.7261228
5584,0.99960595
44361,0.9976979
74993,0.999876
87916,0.9989612
29605,0.9998678
79657,0.999863
12143,0.99956304
96834,0.9997441
115383,0.99950886
43575,0.98947036
19219,0.99986815
22061,0.9974751
89900,0.9997222
118732,0.99984264
102663,0.9998658
72122,0.99933666
49576,0.99958605
67021,0.30006012
28442,0.99927133
44524,0.99897027
5508,0.9996313
6588,0.9960681
51864,0.9993937
33405,0.9953703
87591,0.9988558
113249,0.99906784
116530,0.9998511
29689,0.99988604
300,0.998741
41279,0.9954456
29737,0.999889
96368,0.17855702
4178,0.9988073
90177,0.5910654
28446,0.999373
61216,0.9727932
29390,0.99985147
65485,0.022247974
54650,0.15739848
89943,0.9999052
34168,0.99867046
78611,0.720896
54352,0.9998079
76326,0.997849
32648,0.9977633
16790,0.99880743
81879,0.99985504
63182,0.031066393
127137,0.9923384
87674,0.9998641
128173,0.9967158
88660,0.9994709
5679,0.9968958
110896,0.99898463
86773,0.9998696
78653,0.99987125
121037,0.9992066
39689,0.99663574
107193,0.9998517
103792,0.9979182
107218,0.9998523
45927,0.31830844
84295,0.99985814
59030,0.99971884
112935,0.99987805
41246,0.9960795
116388,0.99987185
124451,0.9998246
103250,0.8703629
76070,0.99989986
79519,0.99989307
49564,0.9995017
73889,0.9998596
4502,0.9994623
39647,0.99158186
26064,0.99963105
64695,0.99373066
31038,0.99685115
113975,0.03709167
88774,0.99982613
109662,0.9998634
2051,0.9973909
124735,0.9998367
22133,0.9976712
99142,0.9997594
8130,0.9981414
15540,0.9998173
13299,0.99980897
107459,0.99981946
49781,0.99984276
18995,0.99967825
67190,0.99791807
23711,0.9976767
106338,0.9998777
73847,0.999861
26036,0.99956363
88917,0.99987686
114164,0.99879575
5501,0.9998803
4545,0.9985909
1092,0.37300664
72398,0.082198866
49626,0.9998375
49748,0.99952817
90085,0.9998733
119017,0.99985325
53031,0.99914885
79667,0.9998822
49565,0.99953175
54219,0.99982786
23886,0.9956167
110913,0.72015685
51877,0.9996836
109534,0.6692678
8191,0.99678874
68054,0.9976076
46001,0.42579347
76402,0.99984455
57875,0.69940555
45818,0.93187505
107363,0.99982196
28572,0.9994821
25996,0.9993174
67069,0.999035
73844,0.99989855
14608,0.99947923
121286,0.99881506
85625,0.9996275
76229,0.99977654
68193,0.9985221
69283,0.99559385
54375,0.99986947
62289,0.99061733
128196,0.9978098
14452,0.9996444
35713,0.06897695
54273,0.99986553
118994,0.26493815
128064,0.9984345
99004,0.99837637
4921,0.48251504
109543,0.99980253
107174,0.99988747
90216,0.99987316
21750,0.16060464
19077,0.9997607
58972,0.99972266
108603,0.99727005
115553,0.9992367
34236,0.9971361
19110,0.6887063
5642,0.99983907
34953,0.99820673
35517,0.023291377
54176,0.99982566
62224,0.9973953
44329,0.99776983
90243,0.9998994
12221,0.3841616
95743,0.999841
1291,0.32218093
88866,0.99982613
103226,0.20087197
115429,0.9995691
10532,0.997056
37493,0.9989753
7446,0.9968258
67995,0.9988085
53069,0.9978746
30968,0.99776495
84413,0.9998661
18151,0.9998957
20261,0.3938455
44312,0.9969126
34414,0.9987676
109793,0.9999082
88779,0.9998623
81872,0.9998578
41317,0.99754333
114997,0.029473577
84751,0.026214972
41379,0.99700457
43493,0.98377466
69241,0.6111846
77398,0.99981564
123829,0.03301589
93332,0.9998299
49675,0.99948645
10617,0.9977502
47537,0.998531
62546,0.7136092
36752,0.99750096
68333,0.9998572
43509,0.99885976
74035,0.9998709
25040,0.02449015
107418,0.9998342
121047,0.9960147
34211,0.99731296
65858,0.72140056
34158,0.9965403
14636,0.72851735
96867,0.9977449
109767,0.99982303
23624,0.99648154
114402,0.9997347
61324,0.99332
95845,0.9994979
72796,0.999853
90078,0.99818605
113153,0.99979633
124685,0.99973863
19168,0.99977773
28568,0.99980253
128098,0.99513054
101446,0.9998617
124499,0.9997497
37343,0.999124
77315,0.99984
109713,0.70476794
117735,0.9998419
29615,0.99980193
55412,0.9998634
36439,0.9970913
104245,0.18085136
49721,0.99964654
65928,0.63941664
19070,0.9997899
2294,0.9968811
84167,0.9998876
42708,0.9360234
82162,0.9998659
100948,0.99954385
92232,0.9998994
44440,0.9965119
70403,0.99867994
3638,0.022933645
82381,0.029785605
26055,0.9997726
41118,0.9976058
72603,0.99983704
44234,0.99859244
28403,0.9990134
32508,0.9990761
107860,0.9994999
107296,0.8689424
53065,0.99852765
17803,0.9998673
129485,0.8010895
74093,0.9998037
13348,0.99981695
45808,0.9314712
58923,0.9998771
37520,0.99907
4258,0.99949455
13286,0.9990839
60494,0.026877332
60033,0.9899539
5400,0.99980396
76238,0.16441114
108467,0.99920976
15551,0.997792
68102,0.99891794
14538,0.9997243
69239,0.9602676
20343,0.99216485
2721,0.45444572
113289,0.9986438
95690,0.99379694
81830,0.9998542
6708,0.996906
28281,0.992788
81865,0.9998934
127941,0.9911184
63444,0.99754626
5887,0.99784696
49894,0.9995035
60230,0.99881506
80989,0.9998505
14560,0.9996712
8953,0.99619824
51965,0.99940336
65775,0.71810853
31398,0.08496306
111911,0.99968064
80719,0.9998369
26159,0.9992755
106116,0.9995803
111803,0.99982244
123485,0.9997911
49851,0.99957794
40459,0.11709734
13186,0.9999105
8872,0.9796189
5631,0.98995554
29678,0.9998667
111157,0.028228644
129806,0.9987729
105805,0.09583962
116663,0.99979943
72888,0.99900657
112023,0.9988519
125684,0.9998604
37360,0.99798787
71799,0.9998876
98199,0.99987197
71989,0.138243
112928,0.99883276
75144,0.9998561
47367,0.99879056
18988,0.9995484
33438,0.9988539
6703,0.99502003
65101,0.13933276
63316,0.9978666
2088,0.9975012
23829,0.99644095
53215,0.3545578
97028,0.99976665
62322,0.98648804
28539,0.9980045
84256,0.9998454
67046,0.9843395
50944,0.99976593
122470,0.9998566
102841,0.9990808
28452,0.9984549
102614,0.99988663
84391,0.9997844
66916,0.9990018
32553,0.998374
15044,0.9973126
44399,0.99699044
113184,0.9989428
44185,0.9990453
96962,0.9992156
49783,0.9996828
29489,0.999853
78375,0.99983394
57637,0.71244705
12099,0.9997137
109705,0.9979882
14473,0.9996499
128091,0.99658525
10488,0.9976736
63626,0.9894266
29442,0.9998646
99395,0.99952126
67004,0.99986327
31713,0.9982639
2302,0.9976866
6579,0.99690187
69296,0.9996275
91221,0.9998584
37146,0.9968636
65748,0.6862587
31778,0.99819094
92529,0.99984205
66028,0.7205981
32533,0.99848026
127930,0.99832803
54456,0.999848
90218,0.99990344
98192,0.9981383
65935,0.70056295
15738,0.9946365
81923,0.9998319
44726,0.036409717
45786,0.9600562
8480,0.98999476
41079,0.99778324
106110,0.99984765
62385,0.9718602
117584,0.9981298
102659,0.99980253
97987,0.99986935
43565,0.9711056
13506,0.3304381
69375,0.99421614
49553,0.99979
7365,0.99674195
8792,0.016363751
69171,0.99923193
23665,0.997047
76256,0.9998254
84115,0.99988925
68047,0.9997019
55429,0.99978
102840,0.9997758
117578,0.99988604
36502,0.9959133
89020,0.51381433
38842,0.9968465
97333,0.37067577
32247,0.05597412
13394,0.999848
97003,0.99942064
111828,0.99971896
66977,0.9948009
64333,0.03100674
17996,0.9987501
49557,0.9993874
44419,0.9993723
99348,0.9998703
69152,0.97546947
47593,0.996624
8813,0.020191733
56487,0.998901
88814,0.9998764
109504,0.9997813
23625,0.9965293
72954,0.9988462
96895,0.9997652
65594,0.9981798
55567,0.9977354
36459,0.9863446
9107,0.9972012
91313,0.999838
101649,0.99983716
37220,0.99248946
61095,0.996232
116474,0.9974504
72787,0.99681866
122424,0.9998609
109651,0.99935967
76110,0.99968314
47439,0.99674976
49733,0.9997031
37563,0.99858296
50850,0.9991793
60217,0.9971571
44860,0.9799318
19311,0.9998435
23932,0.9970528
5174,0.05839966
29314,0.9982687
128096,0.9981427
69331,0.98015594
84422,0.99983025
56813,0.99984753
44295,0.997437
2228,0.9983012
76249,0.9997396
29667,0.9998561
86622,0.99983215
107306,0.99986327
94497,0.99924517
92336,0.99982965
29602,0.99990666
125690,0.9996251
19317,0.9999052
113200,0.9996778
76257,0.9967964
91029,0.99985576
79513,0.99989593
18088,0.99990404
90168,0.999788
32656,0.9990675
2146,0.9984711
85436,0.99977463
85577,0.9997985
44290,0.9997857
1077,0.9988986
111916,0.9998149
88867,0.99988186
35692,0.9955647
127290,0.27146545
121091,0.9990914
7520,0.9963246
78356,0.99981946
86738,0.48516738
37420,0.9982474
37182,0.019821458
30528,0.99981993
12391,0.99742967
56522,0.99971634
5546,0.9998078
79605,0.9995524
85429,0.1946245
99662,0.018188259
16902,0.9998611
88892,0.9998778
107458,0.999848
68294,0.99869674
36102,0.058863048
77348,0.99952555
92226,0.9994985
73812,0.9998673
34978,0.99816006
53344,0.9942444
113121,0.9978223
85607,0.99979967
49715,0.9998702
84146,0.9998462
106107,0.99812573
128206,0.9962599
112048,0.97744924
127132,0.9951984
39686,0.9967063
95822,0.59071237
87638,0.99953425
17893,0.9997429
58266,0.021695375
35657,0.9960906
17815,0.99983513
67999,0.99981815
128090,0.997038
88739,0.99985194
88936,0.9998447
41332,0.99697316
122435,0.99960965
54402,0.99958473
11562,0.997336
16840,0.9994698
15549,0.9997502
15642,0.9996506
59938,0.994544
108454,0.9998271
67212,0.9927093
53362,0.99801743
29554,0.99988294
6564,0.9971615
8318,0.99675447
78565,0.99971706
45849,0.9973808
10642,0.9951768
95164,0.999108
2129,0.9961616
28419,0.9965126
43556,0.89932346
115275,0.99901986
70453,0.32283106
111886,0.9997291
68178,0.88374573
32613,0.9980933
23796,0.99741924
101544,0.9998983
958,0.7000175
59701,0.064228885
65762,0.71983397
41336,0.9979226
66981,0.9989735
34235,0.9962488
81873,0.99987805
73898,0.99986935
54262,0.9995852
2242,0.9953117
40331,0.9976927
44338,0.999445
99638,0.031214561
35694,0.9957058
82065,0.99985456
34219,0.43309307
2195,0.99673355
95989,0.9979937
26210,0.9992384
25973,0.9991679
87925,0.99987555
29709,0.9998696
102546,0.9998945
109810,0.9998419
2001,0.9970799
109628,0.997799
119012,0.9999049
118773,0.9998939
29436,0.999848
91181,0.9998766
66852,0.99977595
116514,0.9998512
78594,0.99985933
6560,0.99747086
76398,0.99874157
9774,0.99745244
98101,0.27430412
97066,0.9998908
117669,0.99992085
7466,0.9980617
87775,0.99983346
34137,0.99676126
20442,0.9943804
127227,0.9953296
79806,0.9998605
22052,0.9982413
128174,0.9958047
45996,0.99772745
22152,0.99749506
17937,0.9998282
68918,0.09638864
19123,0.9998685
28798,0.55169153
122274,0.99982977
92335,0.99935466
43519,0.995231
4301,0.99975556
71546,0.9998357
114326,0.9997019
73797,0.99980813
108595,0.99980825
96182,0.1796038
87779,0.9997913
116630,0.9999039
115324,0.99956554
29425,0.9998704
31594,0.011652138
86515,0.99990845
83534,0.025428632
28499,0.99923515
29517,0.9998715
42771,0.5099752
25979,0.9993919
73300,0.9991216
81828,0.9905055
64626,0.9942656
44231,0.999057
107370,0.9998834
8596,0.10583758
28430,0.99842215
92475,0.9998104
47552,0.9936371
49571,0.9995739
19199,0.99989045
85565,0.99984396
16841,0.9998647
10536,0.99811375
20144,0.9986934
90033,0.9965224
123424,0.99987113
14637,0.99073845
97037,0.99972314
53072,0.99835795
18053,0.99985385
117776,0.99982506
105059,0.9998074
65771,0.71975833
47544,0.1011398
63521,0.9919403
12337,0.9981311
72822,0.99989057
31796,0.99355704
69400,0.9984579
9280,0.06337295
96997,0.9998369
12147,0.99957305
29652,0.9998747
85301,0.999889
127997,0.9978042
31859,0.07997864
19057,0.9998572
22807,0.9955711
37383,0.9981824
49707,0.9998424
20145,0.72897965
8912,0.99650913
85612,0.9998671
19266,0.41000235
91334,0.99985516
100562,0.72133946
116386,0.9998399
107180,0.9998716
49723,0.99969053
30850,0.7189944
37514,0.9973162
89891,0.99988294
99342,0.99332845
53348,0.9963977
22414,0.99663216
30082,0.99932253
58931,0.99669564
91228,0.9998547
2293,0.99771094
115507,0.99890745
104858,0.9998609
96939,0.99988425
100432,0.99988484
5685,0.99960726
29515,0.99988437
89079,0.99986136
28236,0.9977761
33553,0.046943326
75184,0.9997929
31401,0.49776012
84370,0.9998293
90109,0.9999045
69153,0.99824584
58166,0.11544715
37547,0.99742055
85605,0.99987423
41754,0.9968407
100336,0.9998394
54504,0.9998801
67790,0.057189718
77906,0.98898286
1953,0.99860966
77559,0.9992168
99424,0.99955183
41441,0.99759763
24447,0.41285965
90231,0.99992037
106257,0.9998765
72915,0.99879175
106004,0.9998394
125680,0.9998215
19233,0.99965763
114613,0.24778223
70298,0.99910045
67169,0.99843365
124501,0.99970406
107268,0.999881
85472,0.99984634
41318,0.997417
5610,0.9995048
99237,0.999843
90171,0.99983656
2252,0.99835455
16795,0.99968076
92476,0.37951225
107725,0.013591428
72789,0.9998274
41214,0.99788505
20160,0.98139805
34907,0.9992398
34138,0.99727386
77509,0.9998616
61394,0.3054387
76224,0.30394852
92520,0.99984455
30914,0.9987349
49600,0.9998242
26086,0.40738422
80834,0.99990654
122232,0.9994475
31001,0.9977641
13312,0.99879384
109468,0.9998454
41254,0.99529135
72696,0.99884915
59051,0.99859387
6631,0.9968591
105530,0.99942327
16947,0.99965096
100547,0.9998728
100924,0.99957496
8171,0.9971642
63446,0.99669504
31460,0.99787724
72873,0.57248783
111815,0.99968505
34999,0.99846184
2227,0.99843556
13193,0.99987316
54359,0.9985921
44297,0.9978085
93650,0.28147656
67139,0.99930096
117809,0.99984777
114416,0.9998487
2181,0.9944878
7907,0.99610883
49838,0.9996737
42679,0.93496364
28417,0.999605
5136,0.04501499
113262,0.9998492
90088,0.9996661
9005,0.03166696
23850,0.99777573
90066,0.99991035
107264,0.99980277
72780,0.99935514
33283,0.9988055
31202,0.023079816
13434,0.9991374
113270,0.99982435
72828,0.99971825
53300,0.8046139
59929,0.997124
112107,0.9997981
28515,0.99978906
17870,0.9996935
65618,0.99822074
70351,0.99872595
45778,0.4776233
96722,0.9985927
49752,0.99967587
72974,0.9997278
84240,0.9998753
117636,0.9998586
126803,0.9950493
43400,0.95749784
90217,0.9998976
58836,0.9987858
95932,0.25608474
129541,0.83636445
14354,0.99945885
110669,0.9987533
127917,0.9942346
81810,0.9998603
18963,0.99988043
52071,0.9985448
19139,0.999874
101400,0.99969625
1021,0.99811435
61282,0.99942845
29523,0.9998323
44481,0.996163
44492,0.9959798
45921,0.5676117
34067,0.9972904
29507,0.9998617
66856,0.9997744
118610,0.99876946
87724,0.9998821
103994,0.4866848
66969,0.9995759
57760,0.70607775
72859,0.9998784
84316,0.9995048
79571,0.9998952
66850,0.9985782
69155,0.9987923
122383,0.9996123
26274,0.99824846
41377,0.99751055
78646,0.99990654
124647,0.99986553
18075,0.9997497
14504,0.9995365
4432,0.9995389
96980,0.99949837
128082,0.994806
103751,0.9980404
9813,0.9982882
69467,0.99956566
37239,0.9963559
28389,0.4098833
108362,0.9998227
115523,0.9972692
88805,0.9998375
5560,0.99925905
49927,0.99879754
89810,0.9985544
115504,0.9998429
20552,0.9980544
116520,0.9999037
101459,0.9998834
26068,0.999642
34806,0.9986259
114081,0.9995353
106353,0.9997948
88967,0.99982506
127285,0.99645114
49881,0.9988875
54164,0.99976176
41406,0.9977422
95686,0.9949627
18996,0.9998827
20107,0.88288283
23622,0.99760324
105914,0.9992581
21434,0.25646615
127305,0.9976935
113065,0.9998336
85482,0.9997662
66748,0.99775946
109547,0.99978966
7444,0.9969945
60019,0.99838114
129503,0.9190521
9082,0.057324797
79858,0.99987555
109459,0.99987495
37423,0.9984743
10591,0.9962566
2296,0.99704164
52922,0.9993948
111976,0.99781907
109279,0.047457688
75142,0.9998356
12138,0.9996983
49676,0.9996068
92327,0.9998683
4395,0.99976045
15728,0.9990212
96896,0.99961996
63532,0.99690163
21553,0.02743148
20194,0.9872844
68226,0.99772924
13338,0.9992213
45866,0.8565146
73141,0.16585544
93570,0.9990374
41124,0.99653316
6610,0.99727494
57825,0.6966798
62479,0.9649643
66923,0.99985254
8149,0.99676573
85314,0.9998161
129593,0.87934494
117635,0.99983454
107444,0.99989843
58855,0.99917775
47392,0.7748766
67145,0.99725074
110904,0.99840385
34984,0.9984414
68150,0.23668851
73991,0.999818
69344,0.9968785
80688,0.99990165
113211,0.9995919
105192,0.9998703
77350,0.99960965
17399,0.14710788
23676,0.99464107
71743,0.9998685
95789,0.9982924
9842,0.9975491
25474,0.84153664
60020,0.99891317
83075,0.9998934
91316,0.9979656
96858,0.99976236
64872,0.999173
89012,0.99982303
36950,0.9974976
26027,0.99608743
109593,0.9995548
18098,0.9998416
102645,0.9998776
107252,0.99991107
121282,0.9978975
28431,0.99986815
52119,0.999706
40379,0.9956637
113257,0.99959487
84449,0.99986136
128205,0.9943283
115420,0.99892384
60229,0.9990978
14338,0.99975985
68081,0.9971597
85513,0.99848515
49800,0.99984634
26203,0.9985171
43681,0.034213617
23770,0.99791604
36556,0.032680202
45832,0.9692491
93633,0.99794334
29546,0.99982965
28379,0.99944395
75095,0.99985015
84260,0.9998828
116575,0.9998447
108421,0.9997899
107169,0.9998785
109511,0.9998634
128027,0.99713945
52106,0.9993412
88750,0.9998754
75234,0.9951504
23803,0.99792
29586,0.99987924
97048,0.9996549
119843,0.72089404
27222,0.96458244
128022,0.997421
111971,0.9992335
68194,0.99862456
1951,0.99620146
44431,0.99808747
41420,0.996093
33362,0.99895895
1267,0.99334806
69337,0.9998363
29394,0.9998209
89946,0.9998827
85366,0.9998857
69240,0.99918586
36446,0.9976646
40723,0.49927756
20100,0.98785955
44498,0.069186635
34835,0.9986235
13481,0.9998198
2224,0.9972807
28444,0.9988471
72661,0.9992895
87679,0.99957806
18998,0.99977237
90055,0.99978703
20116,0.70332086
91760,0.09885311
98139,0.9998616
30966,0.9987702
111542,0.063281156
88859,0.99990106
127949,0.998004
97147,0.99976057
128073,0.9952246
121234,0.9994967
126157,0.09483749
109726,0.99992263
14642,0.9990275
115517,0.9999076
76231,0.99927074
16807,0.999752
19318,0.9998864
88730,0.99986935
111792,0.9998871
49627,0.99953794
72660,0.99905807
127878,0.99760795
109553,0.9998472
67027,0.9854747
103764,0.99812263
28235,0.9992803
76332,0.9994122
46014,0.499551
99388,0.28821918
90248,0.99990547
19148,0.9998423
82962,0.99986076
76198,0.99907994
107498,0.9998416
27185,0.99752384
14531,0.9997907
72641,0.99838567
76088,0.9996625
34225,0.997255
70294,0.9992968
96338,0.9993625
85948,0.9996418
44216,0.99714416
64785,0.9998692
65825,0.7216063
53743,0.09505126
91222,0.9998374
20289,0.9770529
111821,0.9994703
63393,0.9998579
10519,0.9974401
21749,0.09883455
21826,0.9992204
95797,0.40115726
109469,0.99972683
127060,0.31856647
129527,0.9976712
13371,0.9998005
95824,0.9998659
92483,0.9999025
58944,0.9987225
59132,0.9844461
72835,0.99971694
41276,0.99776924
127145,0.9959848
69775,0.12975228
107217,0.99986625
44179,0.99682176
66844,0.99980015
115410,0.9989692
44484,0.99981743
114174,0.9989918
37199,0.997436
77302,0.99986136
69430,0.9996282
50721,0.9997911
116464,0.9998363
69169,0.9986829
106066,0.9998499
62274,0.99704
76122,0.99982387
23913,0.99491775
32639,0.9981913
8225,0.06017728
67092,0.9960873
44551,0.9439738
102615,0.99989843
91075,0.9997837
77138,0.99851626
69143,0.9948461
77501,0.99985564
54508,0.9997702
115457,0.9997298
14540,0.9995303
18040,0.99984026
45939,0.9963586
28553,0.9991762
43585,0.9976051
109623,0.99977034
1898,0.9963786
93478,0.9997516
44408,0.9972114
118973,0.99983525
36550,0.99745125
99280,0.9998462
65990,0.720097
124682,0.9996302
39562,0.98390573
123336,0.9998023
41144,0.9972447
113104,0.9997813
72771,0.99729687
56581,0.999597
18961,0.9997547
123376,0.9998466
99185,0.9998554
120124,0.31256622
60263,0.9899705
16889,0.9998882
99146,0.9998109
78688,0.999524
123393,0.99985003
109490,0.9983475
107253,0.99983454
108567,0.9989992
37554,0.99861324
86533,0.9997838
93878,0.6020528
75141,0.9998816
91218,0.9998776
103903,0.997943
99238,0.9996351
20339,0.49851122
17890,0.9997702
19253,0.9997259
43447,0.9966897
8228,0.9957931
32657,0.99598396
89933,0.9998313
71501,0.99971515
107291,0.9998129
14398,0.99966955
96889,0.99985373
5839,0.9991487
1117,0.9988527
78133,0.008563903
36594,0.9967533
67186,0.9998054
94772,0.9998647
68233,0.9977697
5411,0.99987674
78415,0.9997601
82069,0.9998523
115424,0.9457528
13509,0.99977905
89896,0.99984026
25318,0.4442792
107178,0.9998373
85434,0.9998952
16996,0.999859
26225,0.99909616
2204,0.9980269
14396,0.9992471
86560,0.99959725
55034,0.027056364
37369,0.9965161
77459,0.99988246
72953,0.998863
115427,0.9997074
21281,0.9974251
61092,0.9996136
127253,0.9971769
3770,0.997521
837,0.9995141
77544,0.99988496
12388,0.99976677
109584,0.9993735
74040,0.999582
65698,0.6716367
117674,0.9998673
61074,0.9847564
90232,0.99982685
122068,0.99853516
127577,0.4340957
37300,0.997086
50852,0.99973696
86330,0.99845684
24272,0.77458787
23853,0.9962966
103756,0.98740214
2053,0.9972681
63566,0.26206306
8906,0.018698234
97114,0.9971354
124676,0.99984276
45910,0.9820535
2160,0.9965726
55615,0.99882966
83200,0.9998246
37544,0.9993507
67012,0.99918956
87719,0.9998565
102694,0.9998585
5544,0.9992281
89918,0.999881
72935,0.99973816
19050,0.9998312
90165,0.69966996
19074,0.9996984
114112,0.99828374
39479,0.9992187
32624,0.9970605
107474,0.3272063
91392,0.9994118
29446,0.9999018
9726,0.9975527
56404,0.99800664
73745,0.99984455
94528,0.99983644
111920,0.9990257
90040,0.9998901
32617,0.9972166
83317,0.9997528
115156,0.9973937
10671,0.99363375
103280,0.035629537
85463,0.99841654
107258,0.99991333
88942,0.9998499
114230,0.3361239
62326,0.9897802
7490,0.9991622
55527,0.99987996
72904,0.99986815
26281,0.9950648
113123,0.9997987
62529,0.99509096
69145,0.99865746
59453,0.058452807
82144,0.99980825
19244,0.30433458
34062,0.99604213
94576,0.99986553
10525,0.99726355
73861,0.99986076
44462,0.996878
14597,0.9993717
47556,0.9976997
28277,0.9979424
80782,0.99989736
67008,0.99690044
76754,0.99935323
36298,0.010859224
8280,0.99770015
17845,0.99992156
58780,0.9986349
22104,0.59018797
37151,0.019921115
127121,0.99767107
81917,0.99979764
69356,0.99911815
5742,0.99983823
44255,0.99781394
32532,0.99738306
113197,0.99932885
69366,0.99837685
120992,0.9965432
872,0.9996749
91115,0.9998677
61233,0.9775024
69342,0.99953234
28557,0.9995541
116421,0.9989128
23813,0.99700683
68295,0.9987746
65927,0.6968614
76370,0.23331006
80727,0.999874
114075,0.99976665
53332,0.3747068
1975,0.99629706
35514,0.018323988
109503,0.9998148
89914,0.99984026
35792,0.99045473
13218,0.99984
72713,0.99898225
26032,0.9997298
103897,0.9988261
116473,0.9997588
9717,0.997421
102598,0.9998454
324,0.9958917
20208,0.9928115
60127,0.97564405
19163,0.99965084
18953,0.99974793
35012,0.9991211
49804,0.99980766
98095,0.9997671
13381,0.9999
81871,0.99986684
23927,0.99739516
128006,0.99737847
29540,0.9998691
23788,0.9968141
46065,0.9937623
59935,0.9948059
72945,0.9992029
111780,0.9996699
15594,0.99871635
32574,0.3081521
52008,0.99923253
85202,0.99865484
62533,0.99773264
114417,0.99660975
35006,0.9989513
75050,0.9997737
72613,0.995609
10627,0.99911743
34969,0.9994475
18038,0.99991417
72930,0.9987166
26628,0.9993678
54274,0.99985135
14377,0.9998286
101636,0.99988663
128278,0.996253
110775,0.99878675
72631,0.9997681
95939,0.22729546
128054,0.99666923
34104,0.99777454
85547,0.9997218
49852,0.426505
109839,0.9997665
13185,0.9998697
45724,0.99709296
16700,0.99987817
128061,0.9984421
63725,0.99939024
87910,0.99990356
90008,0.9998307
49650,0.9998043
67766,0.06267157
120146,0.6680496
65695,0.7108328
39282,0.9992687
69479,0.6854739
98245,0.99927145
65836,0.7186142
62295,0.9986902
100499,0.9996468
110861,0.99826705
39565,0.9944395
56571,0.99785054
66849,0.999521
106070,0.9998455
36759,0.07193471
96947,0.9997131
121085,0.99880147
19121,0.99984455
64634,0.99786925
33311,0.9995671
44380,0.9974235
127254,0.99825126
107464,0.9997547
26282,0.9985097
85590,0.99976844
117815,0.99983263
94822,0.9998964
53029,0.99826896
117864,0.9999057
9007,0.9979869
10602,0.9931825
16170,0.99938214
68180,0.99770564
85389,0.9998354
76226,0.9980483
85477,0.9827083
36554,0.99676263
115431,0.99985445
4336,0.9996934
41208,0.99720395
84275,0.99984527
86714,0.4742764
84302,0.22602747
47349,0.9988427
26127,0.99608386
92860,0.966639
72959,0.99967754
122280,0.99984586
93244,0.99083567
109663,0.99982053
8308,0.9972025
44296,0.99722505
66890,0.9944581
104402,0.999546
59317,0.07610574
46021,0.4533282
47502,0.99721056
72963,0.99857545
29597,0.9998559
29660,0.9998981
98229,0.99925524
129601,0.9908778
69321,0.9995758
121285,0.9988325
90223,0.9998784
120160,0.738064
125741,0.99961156
76361,0.999099
53345,0.9981505
112115,0.99746037
72670,0.9985543
44275,0.99846065
10625,0.9945521
38796,0.9969908
28250,0.9985954
34885,0.9988612
35737,0.99315876
72755,0.9998852
49875,0.9995771
69302,0.33483103
49563,0.9994394
75246,0.9981741
45726,0.99708074
19111,0.9996648
34068,0.99710625
63447,0.9995838
62483,0.9968309
122182,0.9998714
96752,0.019689383
122324,0.99983466
61185,0.99125403
56475,0.9809663
23832,0.9968092
80438,0.06195802
76162,0.99868256
43512,0.5917321
39695,0.9954978
8278,0.9978709
89023,0.999835
107440,0.9998481
109814,0.9990208
35011,0.9989668
112109,0.99987864
39087,0.99790287
68002,0.99865204
32547,0.99710923
100021,0.07066408
40381,0.17448445
9818,0.66428196
73761,0.9998648
36591,0.99688417
35639,0.97616553
58896,0.9996656
26125,0.99782795
88857,0.9998747
5797,0.99721897
44291,0.99955994
66924,0.9997793
61322,0.9762581
93493,0.46612617
25924,0.9996412
29405,0.99988127
90079,0.99986446
63491,0.9954507
67990,0.9965318
115362,0.99930036
100946,0.99952304
104270,0.29152983
16832,0.99964035
103747,0.99881256
108649,0.999729
76142,0.9993425
15428,0.9984565
59108,0.9985261
68272,0.9965959
123286,0.9998783
41219,0.99686784
41128,0.99629503
5751,0.99887353
37197,0.99672747
41250,0.9977575
97039,0.99931264
76125,0.9997414
22185,0.99695075
29630,0.9998084
14402,0.99787986
123399,0.9998356
13378,0.99973327
54496,0.99945766
28319,0.9988029
102562,0.996557
574,0.076260984
121182,0.9996674
9889,0.9959842
127226,0.99271375
108459,0.99972945
88742,0.999828
96990,0.999824
61132,0.9776064
96930,0.9988452
63634,0.9965752
34186,0.99704945
37534,0.99902487
41184,0.9970487
10772,0.055571932
118832,0.9998865
49468,0.9987018
98194,0.9971685
23999,0.9975074
36458,0.9971808
35809,0.024678865
77555,0.9997812
29555,0.9998467
5600,0.9998671
69469,0.9986651
89906,0.9998878
102700,0.9998845
28593,0.9994106
27621,0.1011697
107239,0.9901023
28297,0.999057
93522,0.99981123
18049,0.9998411
30944,0.998276
58964,0.9998578
39556,0.99024206
49816,0.99984086
79495,0.07153029
28241,0.9997094
113151,0.99876535
39663,0.14205688
63623,0.989179
117813,0.999213
72795,0.99879277
43477,0.9969559
89017,0.99989533
70595,0.9920551
102603,0.99985564
37313,0.996027
44466,0.99782735
14549,0.9997048
75056,0.9998449
26072,0.9984629
32770,0.023208441
60221,0.98794353
64828,0.20807049
23723,0.99651426
13195,0.999881
84207,0.99985766
58873,0.9991084
32527,0.99750227
109805,0.9998301
4441,0.999926
28930,0.99914634
113141,0.99870205
19096,0.9998072
28005,0.028526291
72971,0.9998197
47586,0.9978714
15697,0.9979254
90056,0.99880373
102902,0.99971336
40429,0.99075294
72146,0.998889
76161,0.99977905
72890,0.57439137
82055,0.9998847
77440,0.9998647
85309,0.99983025
26239,0.9993542
835,0.999553
37465,0.99610364
111925,0.716088
101392,0.9999069
53198,0.70673215
44448,0.9964617
97949,0.99677974
1506,0.9988959
49682,0.99955875
85550,0.9998772
28587,0.9996897
51873,0.99988437
42631,0.4624637
46047,0.9694901
49587,0.9996457
68982,0.03331385
2085,0.99884486
117520,0.99987435
95872,0.99989367
100430,0.47575578
15542,0.99359244
13308,0.9996513
87813,0.9998319
103908,0.9939248
84414,0.9998957
37285,0.99732554
91248,0.99810386
16928,0.99957067
5649,0.997375
37417,0.9948872
27216,0.9984908
17977,0.9998766
19034,0.9997491
29503,0.9998876
81998,0.26585582
91173,0.999833
59086,0.9952407
85506,0.9988426
10669,0.99476826
129543,0.8615684
43420,0.9959871
21410,0.9972262
18498,0.9990196
80911,0.9992273
127168,0.9633395
21814,0.9992661
77490,0.9998969
29711,0.99985456
20288,0.9944265
21325,0.9966059
61265,0.98975337
108508,0.99955446
30879,0.9998466
32517,0.9970095
28516,0.99784994
23811,0.99775213
127993,0.99837947
50959,0.9993044
72734,0.99912375
37464,0.9972894
75830,0.090716645
23934,0.9887058
93524,0.9998036
59015,0.99293524
20113,0.9814904
79708,0.9998728
112955,0.9997552
110162,0.99894255
28497,0.9990571
9010,0.997413
86624,0.9998273
18080,0.9998529
977,0.99967015
108554,0.99973065
29601,0.9998486
61272,0.9989003
17809,0.9998698
105199,0.99986684
34922,0.99907506
13235,0.99987555
4588,0.99982953
54518,0.9997764
51910,0.9997085
65782,0.718803
87812,0.9996582
113115,0.9981034
38844,0.998135
109522,0.99976736
44279,0.99670947
60166,0.9985942
58881,0.9884162
43394,0.9971624
114067,0.99975497
17994,0.9999058
61415,0.992963
58979,0.9985915
127043,0.99333876
79573,0.9998723
63719,0.9937169
46693,0.12968965
41374,0.9976432
70499,0.98455864
88986,0.99989843
64468,0.9977513
113025,0.9996369
125926,0.99988747
44211,0.99774605
55418,0.9998209
37398,0.9979225
129542,0.9121412
128146,0.9970078
54317,0.9988519
2004,0.99692446
106209,0.99990416
26205,0.9989524
87635,0.99981505
35779,0.99720436
28323,0.9997919
5740,0.99982244
56516,0.999747
71442,0.9997743
102832,0.99979776
29631,0.99987626
43529,0.9909463
72857,0.99954885
58830,0.999283
60120,0.99704784
69184,0.9857442
39010,0.07179514
38765,0.9315309
111541,0.042464115
80701,0.9998605
36574,0.9982665
49900,0.9991326
109501,0.99986184
18069,0.9998486
26292,0.98805887
34057,0.99646807
92373,0.99987507
19127,0.9998759
104909,0.99979764
102744,0.99988127
87714,0.9998921
113020,0.99900764
86770,0.999905
10965,0.053467713
64084,0.99900764
26207,0.9988642
86756,0.99989367
128774,0.18746285
47606,0.99715245
59130,0.99898344
121312,0.9980463
65919,0.66777575
84389,0.9998404
101965,0.030760285
45853,0.9415521
20834,0.9983993
85364,0.99985087
50861,0.9996636
44437,0.9993185
60165,0.99398214
125603,0.999851
64593,0.9987086
36552,0.9974474
119985,0.7119174
25741,0.07493744
92432,0.9998084
4154,0.99802715
76186,0.9993556
47416,0.9945591
63700,0.6554075
97948,0.99987483
114422,0.99887973
85341,0.99973243
52109,0.99951637
23955,0.9480992
58802,0.99945194
86487,0.9998702
17805,0.99988365
30822,0.99983525
28400,0.9997868
28576,0.9951568
49738,0.99985695
28432,0.99905556
107156,0.9998597
20262,0.59778994
29526,0.9998827
50865,0.99958795
2193,0.99597234
86727,0.99958855
60278,0.99305975
89939,0.9998747
114260,0.99863344
38872,0.9963464
108558,0.21907802
128215,0.9924325
64852,0.67785573
61377,0.9884517
95976,0.99978906
106261,0.9998357
79564,0.9998363
31818,0.9967025
14433,0.9998466
108449,0.9998379
66026,0.7150282
41105,0.9976361
85374,0.9998586
86420,0.99990773
90185,0.9998287
68283,0.99875987
23802,0.034719832
68135,0.9974993
45632,0.019912051
75102,0.9998306
98094,0.9987404
44412,0.9979194
29444,0.999863
76416,0.9991059
127486,0.99845934
104867,0.998955
84133,0.9998733
125937,0.99984
5686,0.99822026
124720,0.9997118
91326,0.99987304
73953,0.9997341
43498,0.9987722
67516,0.9982048
102349,0.05454669
4548,0.99874216
61010,0.9981432
39793,0.0699141
107435,0.9997986
122330,0.9996352
91042,0.9998474
79795,0.999826
37267,0.9896597
91319,0.99989355
37450,0.99809843
35674,0.9967782
2037,0.9974778
13467,0.99971145
14542,0.999678
54511,0.99961346
5603,0.9985499
30826,0.722329
92425,0.99983585
63735,0.99866307
76149,0.9998779
96982,0.9998258
116439,0.9999044
112984,0.9998011
69270,0.99907887
37524,0.9990701
49750,0.9998068
90206,0.9998869
114273,0.99735546
82003,0.9998821
28425,0.9903098
64829,0.99026006
47440,0.9721605
17983,0.9998522
91312,0.9998149
68050,0.99879754
129569,0.9148977
37443,0.99918205
91063,0.99978226
85583,0.99870443
127939,0.99613345
28365,0.9989839
45861,0.9178375
41117,0.9977145
34069,0.99693966
65831,0.7027066
51026,0.15470518
7439,0.99688894
49847,0.9995203
62162,0.99753976
109652,0.9997117
75044,0.99973935
57916,0.666267
28006,0.015838724
96925,0.9997135
4046,0.09455683
68179,0.99768376
44400,0.99645257
76367,0.4636171
37323,0.9965167
28385,0.9965323
97014,0.9998087
61183,0.96245426
38743,0.99707294
66841,0.9998084
72530,0.998706
86774,0.9998536
115469,0.9998841
98032,0.9985709
28528,0.99944466
44486,0.999466
89995,0.99988925
106292,0.999503
106263,0.9998416
69451,0.98370874
121026,0.999869
72711,0.99887866
29418,0.99986696
37364,0.99786395
118968,0.9998272
34074,0.99613404
18136,0.9997565
91183,0.9998405
78360,0.9998186
78705,0.99654406
125830,0.99987125
33557,0.043129973
123476,0.9997278
85813,0.45119196
97040,0.9997874
71680,0.99885464
97005,0.9997031
79841,0.9998733
13425,0.9997936
64687,0.9928463
70451,0.9971398
68232,0.99984705
102655,0.99985445
110758,0.9996637
108552,0.99868625
109618,0.99985385
31717,0.9972203
37224,0.11181917
15812,0.39173123
8676,0.986743
102607,0.9998387
85552,0.9998914
88765,0.9998683
90829,0.085995995
34909,0.9977361
79514,0.9998691
113031,0.99957544
97030,0.99984586
85396,0.9998153
19238,0.9998386
32654,0.99706393
27468,0.07932564
53365,0.9985697
46049,0.3375077
55458,0.9998691
102747,0.9998313
23767,0.9937582
113214,0.9999012
23644,0.9953526
20213,0.9562701
129440,0.9951917
103698,0.9951172
41370,0.08688427
30676,0.99989057
65780,0.7148606
26052,0.99771416
115562,0.27673116
94597,0.99987006
85517,0.99983835
10572,0.9943581
47600,0.99314636
9865,0.99703014
41326,0.99808705
110546,0.9981857
23695,0.9945927
32506,0.9986381
25960,0.9995028
27238,0.57204086
39086,0.99836105
103696,0.99639255
70359,0.9979621
29591,0.9998511
69175,0.999729
110930,0.707733
16696,0.9998659
128221,0.9984493
114746,0.99918073
47884,0.08083416
106096,0.999892
116560,0.9998723
25927,0.9995453
69444,0.99437004
17938,0.9998122
42699,0.66843766
96944,0.9993942
109512,0.9998449
59114,0.9983676
76135,0.99962187
55606,0.99985385
44195,0.99970204
106682,0.99944144
89987,0.99988055
28479,0.99933356
87811,0.99645895
96789,0.999796
74956,0.9998604
118478,0.078384556
123395,0.99985564
34199,0.99822634
41264,0.9969168
49574,0.9997024
109601,0.9957071
74082,0.98763216
5784,0.9987206
98035,0.99678755
35321,0.1662659
127148,0.9945252
83123,0.9998299
72615,0.99491984
90156,0.9999088
68090,0.99953425
49817,0.9993055
18149,0.9997124
39519,0.9948945
52021,0.5965055
62579,0.98531556
44269,0.9980236
20439,0.9962574
53269,0.9969592
74092,0.9992416
65077,0.12630124
45717,0.9941012
2284,0.99717605
50714,0.99981266
88256,0.2542447
41179,0.99786144
77344,0.9997261
96875,0.9978235
112828,0.99685764
59040,0.9994301
69516,0.9988097
79553,0.99985933
99235,0.99985325
126676,0.9988213
56520,0.99920315
101409,0.99949515
9201,0.034030408
108109,0.057293244
14448,0.9997849
112099,0.9994148
66989,0.99870896
89878,0.99988854
84480,0.9998103
35710,0.041522797
81831,0.9998493
58927,0.9971085
125697,0.9998092
56621,0.9995634
87720,0.9997893
128183,0.99593425
82049,0.9996444
101716,0.6924684
29479,0.99987364
49932,0.999663
91146,0.99988174
99090,0.9998276
17992,0.9998946
18023,0.9995364
122339,0.99954283
69300,0.9988526
127974,0.99532396
37410,0.99702567
129568,0.99409735
69369,0.999845
17929,0.9996635
114360,0.9992919
86716,0.7083714
31746,0.99925953
19031,0.99987376
19130,0.9996381
63484,0.99909914
116377,0.16501796
89992,0.9997837
6725,0.99920964
77298,0.9998161
35906,0.056569774
59121,0.9983039
59019,0.9977982
45770,0.95852363
76356,0.99973553
85370,0.99804485
4482,0.99918467
91188,0.99981445
126784,0.9965964
80826,0.99992096
19258,0.9998369
39206,0.026523562
49703,0.99958974
79504,0.99984264
18101,0.99986494
94580,0.99971753
118919,0.9998473
5520,0.99911195
20455,0.90766627
102733,0.29798242
121172,0.9998412
75251,0.9987748
54366,0.99974257
94547,0.99977225
13479,0.9991503
127299,0.99728596
85480,0.99925345
53271,0.9969777
37237,0.99676394
43392,0.9973231
90219,0.9998099
19039,0.99969304
67052,0.99960333
23816,0.99712497
66968,0.99844116
106296,0.99984205
66029,0.7140083
63432,0.997917
58988,0.9985599
69422,0.99847585
45852,0.9981053
34940,0.99902976
38870,0.99670887
74967,0.9998591
65878,0.7184811
99250,0.9998567
16554,0.99776614
5773,0.99914
66295,0.15849523
2040,0.99763095
101308,0.99899703
13360,0.99982977
31989,0.06384638
127312,0.9976336
13335,0.9998734
102567,0.99816173
111698,0.99688125
82048,0.9998099
1250,0.5682707
49906,0.9996505
16746,0.9978275
62234,0.9975751
109480,0.99967945
28326,0.9989188
61220,0.998899
37144,0.99574924
88793,0.997775
13391,0.99980956
23683,0.9973917
78417,0.99851006
38913,0.9968681
20347,0.99112916
120016,0.9699673
67041,0.9982729
97994,0.9998908
104055,0.9958901
114270,0.9993247
28434,0.99970967
109700,0.99987507
128249,0.99640673
5494,0.99979335
53012,0.99928814
44882,0.9851538
17883,0.9997538
8977,0.9959269
5455,0.9993481
109735,0.9996643
19228,0.999793
109785,0.9997439
79652,0.9988977
115283,0.9994917
13184,0.99984336
10643,0.9953974
88808,0.9998416
112926,0.99957055
109792,0.99981624
41159,0.99634653
10485,0.99403125
26268,0.9992687
113846,0.055566724
107726,0.046314314
58951,0.99964654
79672,0.99980885
9743,0.9969861
99637,0.025289109
49637,0.9996171
76381,0.999708
37415,0.9979382
44427,0.9975387
29411,0.9998165
2272,0.9970542
98231,0.99871135
121266,0.99973696
16882,0.9992694
50771,0.9996462
37333,0.99798137
31798,0.050752494
1939,0.99698895
81340,0.99932075
26001,0.99851054
92282,0.99988425
26877,0.012453577
106058,0.99985063
92427,0.99980277
10096,0.21587472
53169,0.99838924
113057,0.9999058
128109,0.99605995
75602,0.9965199
129611,0.26006022
74041,0.9997296
21357,0.2925701
97068,0.99782026
58929,0.99815816
104856,0.99984896
20306,0.9920534
127242,0.9966793
66894,0.99949396
5503,0.9998259
20420,0.42567256
93487,0.997399
56717,0.99978715
25342,0.3174869
14669,0.99961793
19288,0.99985766
107462,0.99989104
126788,0.99818665
10595,0.99403435
91405,0.99982065
125728,0.9998604
84186,0.99972457
89989,0.99989223
20199,0.6956316
49779,0.9995468
118931,0.999881
30466,0.99841654
69212,0.99810284
98642,0.99945277
107399,0.99985003
5698,0.99929726
29396,0.9998702
23888,0.9952166
14392,0.9992054
12130,0.99927694
31012,0.9976749
90011,0.99983776
14886,0.02087035
79614,0.9998357
37470,0.9970702
20574,0.503276
84130,0.9998739
28341,0.9996213
98145,0.99975747
96841,0.99960464
10292,0.02809038
64774,0.99671847
29387,0.9998171
86723,0.99985945
44184,0.9988457
69500,0.99797314
44495,0.9963329
58837,0.9947148
117717,0.99877995
122378,0.99978596
62232,0.9966755
5690,0.71362877
46094,0.9473203
38891,0.15298331
29576,0.9998658
56464,0.9997439
44232,0.99898976
65712,0.7218994
91294,0.99983585
7416,0.9976362
47258,0.25468725
4358,0.9997013
65708,0.72141236
113293,0.9998419
31794,0.9978167
95928,0.9998056
88501,0.058155637
116477,0.99985766
1310,0.035740305
53173,0.45193103
128200,0.99478805
190,0.33363724
128167,0.99401855
37546,0.9990941
107401,0.9314538
21422,0.3029481
4288,0.99951136
70543,0.9940654
117686,0.6634335
87777,0.9998765
90045,0.99989176
70582,0.9979511
1068,0.41765803
2219,0.997593
80996,0.9998876
34230,0.9949157
95784,0.9991742
28242,0.9972537
104764,0.99892056
41200,0.99411064
89973,0.99990726
22093,0.99743086
76391,0.9998622
57827,0.708841
63242,0.07317916
64536,0.9949114
44506,0.9974674
72735,0.99896157
65869,0.6643928
17848,0.99990785
112069,0.99980587
79711,0.9998863
92281,0.99986744
113268,0.99895954
2278,0.9977877
11838,0.039514184
120033,0.697973
113272,0.99977475
66679,0.052482698
111845,0.99982494
121287,0.9993135
881,0.99828845
97717,0.05002998
108110,0.015428158
63579,0.9939666
29583,0.9998522
79599,0.9998964
61778,0.9993032
19101,0.9998319
16981,0.99990165
83077,0.99851865
10495,0.9980882
11164,0.013461384
99391,0.9998306
59970,0.9662969
72715,0.99988735
6655,0.9971455
16888,0.99819607
86197,0.08667682
113012,0.9997943
42389,0.022469267
29535,0.9998634
61274,0.99239576
45266,0.9855725
106020,0.9998456
116712,0.99478155
88640,0.11429927
18476,0.99892765
127185,0.99767023
119016,0.99988306
109612,0.999602
63665,0.99987435
38813,0.84108454
20203,0.98985213
97099,0.99986875
114254,0.32836214
39699,0.99484634
68280,0.9985336
23734,0.9970372
5821,0.99364436
84210,0.9998467
76239,0.999458
94724,0.99794513
58826,0.991228
79558,0.999892
86712,0.9998468
14435,0.99975985
61269,0.9483206
64643,0.9980824
70495,0.9949477
84161,0.9998534
4290,0.999658
121178,0.9997662
28460,0.9994116
49568,0.99977666
58790,0.99945194
818,0.9988802
92484,0.9998511
53317,0.9967393
91237,0.99988914
29742,0.99982256
29462,0.9998375
29754,0.9998995
73684,0.9966595
79651,0.99989367
66892,0.99983716
51053,0.99977
21396,0.99738985
65680,0.71951526
87776,0.99968135
97017,0.9967235
113124,0.99914944
102805,0.9984647
107237,0.99984443
47590,0.99219805
25726,0.057402495
15494,0.9976209
127156,0.99722135
45110,0.07232321
45728,0.988901
7489,0.9978126
27329,0.9978033
31006,0.046798885
30058,0.99893683
31051,0.9981121
89024,0.99980634
16881,0.99987495
5588,0.99557614
19156,0.99983895
63495,0.9997137
77213,0.9998091
14390,0.9998398
45804,0.9986626
118862,0.32880336
28476,0.99720144
116626,0.99977833
45756,0.99832267
68095,0.99986744
120530,0.9989925
85620,0.9998764
106057,0.9998173
27122,0.99671954
89935,0.9998698
60264,0.9778411
37537,0.9989827
18042,0.999907
107171,0.99986804
59049,0.9998118
37210,0.9980324
29685,0.999881
16934,0.99897027
55667,0.9966863
41202,0.9971204
98082,0.99989915
63483,0.99872845
84412,0.22042526
85519,0.9998276
55508,0.99983156
5758,0.9992169
115526,0.99976057
34887,0.99848986
21394,0.9964593
32567,0.99640465
117861,0.9999081
54412,0.99965584
60214,0.99554163
14475,0.9996112
26186,0.99943846
47631,0.99799997
69144,0.9996551
127201,0.99777645
115428,0.9997149
32628,0.9977678
109464,0.9998252
71703,0.999469
60080,0.99710864
109600,0.99981314
126853,0.9993788
108462,0.999775
34131,0.9964461
29182,0.06901311
91171,0.99988496
96903,0.99648833
67213,0.99851185
37327,0.99732345
110911,0.99800473
72891,0.9978668
68004,0.9988225
120892,0.99766314
67144,0.95889074
107324,0.999866
26469,0.05231831
75192,0.9998652
72936,0.9985043
109757,0.99986887
49877,0.99964595
29428,0.99983776
91386,0.9998677
103940,0.99850756
49797,0.9998903
2266,0.31594372
70486,0.9960389
65799,0.7016684
8284,0.03914996
29698,0.58205897
112068,0.9975684
72784,0.99818075
71699,0.99861073
121330,0.99885535
89084,0.9998354
111918,0.9994935
86417,0.99988043
74052,0.9994367
64678,0.9991634
89026,0.9998406
93395,0.99982053
79783,0.9998561
41101,0.99805933
23700,0.9949975
27408,0.9972045
4596,0.9996649
33338,0.99963546
65929,0.7153935
4303,0.999433
42610,0.9933856
62474,0.99815995
29570,0.9998142
67994,0.99989223
127126,0.99779654
9796,0.99687177
113295,0.9995958
26187,0.99887925
10514,0.9973073
27076,0.9947543
98137,0.9986683
127074,0.99751043
51794,0.99885404
88882,0.99986446
16645,0.9998605
76178,0.9994019
116425,0.99984944
29573,0.99986804
66973,0.9994186
72621,0.99847
37528,0.99889106
22174,0.9977069
41275,0.99726474
1104,0.9981653
77208,0.9998704
34092,0.99701846
72884,0.9975916
118971,0.9998385
29579,0.9998301
30940,0.9976514
103705,0.995769
37403,0.997752
69442,0.04207161
45810,0.9982297
22143,0.9972562
85456,0.9998734
88987,0.99790525
55612,0.24795942
109513,0.9997937
62413,0.34874818
127205,0.9957171
86578,0.99988246
111797,0.9998739
17796,0.99988616
34933,0.99937844
96950,0.17204256
29474,0.9999012
30916,0.9980281
4480,0.9998976
129575,0.99771357
65998,0.72087014
125640,0.9997956
1079,0.99858344
108655,0.99980503
126541,0.04253424
41432,0.9970258
72885,0.74987876
25858,0.9943534
114359,0.9995327
124641,0.99955493
42655,0.4486116
58822,0.99584395
2018,0.997191
43440,0.993494
83202,0.9984573
93572,0.99820495
2261,0.9972209
106153,0.99986076
85586,0.29566672
79551,0.9998659
46802,0.997364
22128,0.9979103
39636,0.9910068
89889,0.99985635
65461,0.017362066
115227,0.99832195
66858,0.99973196
43563,0.040429756
85636,0.9998549
34971,0.9986864
41240,0.99759597
61413,0.99593675
106295,0.99981624
67132,0.18543617
28480,0.9997081
103895,0.99350077
59010,0.9985436
32185,0.10190754
98131,0.9998259
103761,0.9971322
106289,0.99979085
86713,0.99988294
46064,0.9961676
30694,0.84413266
14689,0.99859744
117872,0.99959487
73893,0.9994198
106012,0.99987495
19032,0.99971277
34053,0.99443334
13233,0.99982387
16980,0.999373
114126,0.9998658
85473,0.9988782
30990,0.9980071
78373,0.99971896
26261,0.999739
37315,0.9968064
36375,0.99612844
107092,0.9988871
127259,0.9967982
70309,0.9994137
70593,0.9829433
104048,0.99793077
127240,0.9969682
59017,0.99883336
82097,0.99984384
4484,0.99939644
12186,0.9997814
76195,0.99963295
127954,0.99707913
51906,0.99919957
111878,0.99986255
127120,0.9977198
21266,0.99707925
65745,0.72039753
127773,0.032536477
128038,0.9951224
40851,0.9986206
43464,0.9925948
101394,0.99989736
97006,0.99704784
22202,0.9964361
76394,0.999819
72856,0.99969614
108355,0.9994487
41119,0.9979679
89948,0.99990416
81614,0.07540234
11453,0.01868669
38890,0.07981721
13245,0.99987817
85548,0.99939346
91056,0.9998561
117570,0.9998957
119762,0.9991542
105092,0.9998479
6706,0.9987484
64578,0.9944337
65692,0.4093702
129519,0.945045
84408,0.999652
20153,0.98816454
62466,0.99633896
65721,0.49491584
60017,0.9923118
84406,0.9996927
104002,0.99682707
59113,0.99986494
102706,0.9998357
108500,0.9996051
36754,0.99756765
88825,0.9998901
68228,0.9981311
73945,0.99983644
103841,0.99660987
35701,0.99772936
791,0.999652
109656,0.9996234
31009,0.083925225
76242,0.9992124
120996,0.9876721
89091,0.99984014
76282,0.9985178
38835,0.99711335
8617,0.027566504
86581,0.41420114
44235,0.9986027
23651,0.93527824
119740,0.99901116
28275,0.99556136
55318,0.9997979
33945,0.01183887
20770,0.017740887
23754,0.8966507
39796,0.053926367
66884,0.9987424
89044,0.29072812
83029,0.9998996
13383,0.9996282
112970,0.9998361
49674,0.9995353
88938,0.9998449
68291,0.9970356
80725,0.99988186
34923,0.99928135
45875,0.4709963
61418,0.99871314
113007,0.9998859
44438,0.99922717
28388,0.9982912
49899,0.99900997
87715,0.9996865
111825,0.99980813
113099,0.9998702
5736,0.999479
74102,0.9998312
10653,0.077141725
115461,0.99912006
85515,0.99984777
35318,0.19743347
60064,0.99854964
41313,0.9963297
67051,0.9984982
4584,0.9985815
120508,0.999065
16659,0.9998776
44342,0.11042095
20248,0.7282574
126901,0.70152634
101503,0.99983025
68330,0.999498
75446,0.0394255
101405,0.9998807
6608,0.043479826
88252,0.9993931
114316,0.9997936
128117,0.9957775
18500,0.9992766
32381,0.011837921
89993,0.99984336
112097,0.9989466
72840,0.9980191
65915,0.7107448
5865,0.99785006
107368,0.68942094
41104,0.99657816
19002,0.99971694
92482,0.9998716
53014,0.9986085
39534,0.9915742
89061,0.9998516
72663,0.9998012
43759,0.99615675
102482,0.99929404
104654,0.07759746
73759,0.9993631
31815,0.99693954
109526,0.9988728
30582,0.9998803
81005,0.99990606
117783,0.9998418
20255,0.7291184
87621,0.9997912
119378,0.9993266
69190,0.9972716
111314,0.99877745
129508,0.8967473
86416,0.9998097
118790,0.9998442
68045,0.9998417
89089,0.999821
10553,0.99861014
97000,0.999889
39478,0.99930906
123491,0.99984837
121128,0.996197
5729,0.99901795
2101,0.2704676
98237,0.9944465
54173,0.999866
106098,0.9998017
111895,0.99971765
76214,0.6651337
21457,0.99703336
118825,0.999798
112929,0.99986506
72831,0.99982977
41324,0.9953642
42625,0.6479431
115381,0.31751186
76126,0.9998141
18948,0.999887
44555,0.99824417
114077,0.99906284
29665,0.999866
41188,0.9969283
106298,0.23368637
21162,0.034262937
113237,0.99855536
71688,0.69712114
72886,0.99967885
94820,0.99981457
109486,0.9997539
108419,0.99986017
72762,0.9977962
109457,0.9996923
101492,0.9998741
84213,0.9998652
99249,0.9997323
13243,0.99972135
63381,0.9993326
66007,0.7186138
116387,0.9998834
18552,0.077191286
8103,0.9920419
16748,0.9997011
107271,0.9998777
95837,0.9994678
61083,0.9953166
34967,0.99758625
118913,0.9998091
91152,0.99983954
126980,0.9981527
2869,0.21740107
65882,0.70277137
44333,0.99498725
10657,0.9949838
82981,0.999608
60231,0.9975908
51927,0.9996799
85281,0.9998647
50848,0.9993087
23664,0.99387264
97076,0.9997203
63157,0.036410622
16692,0.9996722
65902,0.64112455
29687,0.9998697
42725,0.70420676
42974,0.99703646
44256,0.9970216
2267,0.9977514
79111,0.024138447
23878,0.044246506
69351,0.99787426
18117,0.9998368
13493,0.9998388
56660,0.99954045
49690,0.9999039
53202,0.998524
19287,0.99985266
113059,0.9993113
91072,0.99988997
91144,0.99984384
84183,0.99985945
28346,0.99906415
88893,0.99974614
68032,0.9993598
47541,0.99846846
41298,0.9972537
75047,0.99979335
5599,0.9997727
83315,0.999871
3253,0.015435542
14638,0.9991943
66853,0.9987525
72865,0.9997539
47399,0.9971204
28230,0.9968136
118226,0.9995098
69259,0.9985055
50952,0.99945897
21385,0.99673283
44479,0.99761677
63591,0.9962296
31264,0.9924166
125607,0.9998851
13262,0.9998536
117529,0.9994931
30791,0.99985135
19235,0.9997067
63441,0.99975127
23765,0.99336797
84226,0.9999013
29733,0.9999013
20404,0.78084654
89944,0.9998672
92247,0.9998172
53313,0.9962286
52789,0.03214817
49898,0.9992835
99434,0.999699
80710,0.9998549
44406,0.9949708
67173,0.99970955
93681,0.9969607
43955,0.9979201
47320,0.99075353
45898,0.99872524
91351,0.9998392
114080,0.99851817
101732,0.9987847
128254,0.99476284
61178,0.99604225
29449,0.99984825
128116,0.99242365
19494,0.064738244
6732,0.9963863
127144,0.3644232
83221,0.99985635
107352,0.99975806
23857,0.99662614
36585,0.9972704
4339,0.9996101
14400,0.999418
40329,0.8375861
28260,0.99681795
8265,0.9976095
76218,0.9998274
121025,0.99985266
2291,0.99830353
57148,0.99881834
77346,0.99990153
9086,0.99726033
5553,0.9989899
28447,0.99965334
5305,0.20413952
41221,0.9967529
63949,0.023104481
73910,0.30188018
53127,0.99630713
65850,0.6978814
102743,0.99986017
13868,0.99937004
49655,0.9997421
90246,0.9996861
52538,0.9631511
32524,0.9990085
117581,0.9998616
19273,0.9996587
99098,0.99971575
32443,0.0100430725
41165,0.9960984
55810,0.2181206
129603,0.9972568
90209,0.9998789
39589,0.99572694
56578,0.9984451
13531,0.999838
84456,0.99984765
67033,0.99976534
67120,0.9997856
82001,0.9997476
29668,0.99985194
36542,0.9962787
91111,0.9998597
19107,0.9997414
23646,0.9969426
117621,0.9998834
67016,0.99884135
97158,0.9998733
19291,0.9998548
44443,0.9970642
49741,0.23536547
2042,0.99822205
25976,0.9988539
26262,0.99897504
42710,0.43647614
126517,0.0703072
90242,0.9998293
117302,0.06260352
80992,0.9998851
113063,0.9996767
111904,0.99964845
25971,0.9998235
36301,0.01210652
68196,0.9984999
5893,0.99831736
92189,0.99989045
37310,0.9965603
32519,0.99717844
74912,0.9998325
18991,0.9997814
121040,0.9975885
87628,0.9994498
45867,0.71168905
125939,0.999782
89426,0.9990594
23641,0.99648094
108657,0.9998791
34060,0.9959085
72805,0.99973625
99184,0.99881977
44410,0.99754506
113117,0.99983704
56719,0.9996853
127190,0.99780303
43877,0.17688994
6729,0.997216
2014,0.99629265
76401,0.9997285
127026,0.9998311
54415,0.9998628
89080,0.99986684
73752,0.9998665
56788,0.6032114
5786,0.9975961
85483,0.9998783
67182,0.99853253
42273,0.036568675
7409,0.9969863
26137,0.9991942
15020,0.99845207
122230,0.9993569
42629,0.95436543
127125,0.99680185
72717,0.9974126
111921,0.99966323
66843,0.99892896
37550,0.99884355
2169,0.99460995
102695,0.9998759
61262,0.6980026
99203,0.9998282
65906,0.69777566
64722,0.9266097
14379,0.99980646
28602,0.99948066
29755,0.99979705
72912,0.99181706
85329,0.99984276
28506,0.9993594
14368,0.9997987
128077,0.9973621
19094,0.9997008
107247,0.9998274
96820,0.9987135
23949,0.99729615
54414,0.99957615
37401,0.9975635
102650,0.99984396
13328,0.9998615
90203,0.9997892
79549,0.9998709
98135,0.9992286
109748,0.9986388
8200,0.9966613
20256,0.914763
69258,0.9991509
8128,0.9977416
55431,0.9998369
72965,0.99988306
41312,0.99731547
80802,0.99988294
116391,0.9998753
126936,0.99017197
85531,0.99977714
3105,0.022206353
44336,0.9975586
92882,0.99679995
56758,0.99951124
60085,0.2766017
108408,0.9996445
76371,0.9996201
44287,0.99746466
108458,0.9998154
108318,0.9998826
13297,0.9998423
111973,0.999153
16935,0.99983335
65934,0.7215071
14383,0.99957424
84371,0.99987113
94646,0.35798305
983,0.9991542
85288,0.6829338
23903,0.9972078
114772,0.9987827
13478,0.9998375
66900,0.99986124
124791,0.999889
96983,0.9995877
14344,0.9997296
123633,0.99968004
108596,0.99847466
41454,0.99720335
72619,0.9997359
109733,0.9998599
85609,0.99985576
30787,0.9998752
128172,0.99512637
92144,0.027181443
32672,0.99778074
7515,0.044638686
54278,0.9998592
102893,0.99988353
99425,0.99603903
20195,0.96524715
88721,0.9998524
41621,0.023935162
9397,0.03301697
63388,0.9785983
86759,0.9998826
72782,0.22753522
66979,0.93655217
97067,0.9937151
61121,0.99844766
65732,0.71292937
85501,0.99857605
13221,0.99973625
30942,0.99785656
21011,0.16236839
8204,0.9978157
64060,0.9988405
123351,0.99988484
36452,0.9967235
67062,0.99889284
91129,0.9998851
23851,0.98665375
92287,0.9998826
34890,0.9988153
27130,0.99368954
37543,0.99903464
52948,0.9988937
63541,0.3599498
109604,0.9998982
23997,0.9965946
9802,0.9973316
85511,0.9998499
55558,0.99985516
85393,0.9998816
114177,0.99809366
79562,0.9998754
89101,0.9998642
40577,0.026428843
62932,0.9988856
14552,0.999585
66875,0.99966097
128132,0.99736315
97125,0.99990165
72506,0.99898916
69406,0.9982331
31728,0.9991128
101457,0.9998599
98036,0.9998449
128024,0.9969863
54277,0.99936134
84112,0.99990106
69347,0.9989247
44355,0.9968387
58887,0.9987857
56577,0.9994485
7422,0.99825996
4500,0.99944884
8163,0.99790645
97154,0.9761856
34224,0.9982369
90189,0.99834025
118876,0.9998423
9728,0.9969529
106208,0.9985488
85549,0.9998385
58772,0.9987332
98242,0.9881153
80679,0.9998658
67047,0.9953561
69181,0.9988367
91026,0.9998665
56765,0.9991893
49743,0.99968195
123580,0.2665977
49593,0.99960846
95987,0.99979156
15743,0.39459732
20205,0.9609917
4244,0.9998178
28426,0.99934846
43460,0.9960609
17905,0.99987555
53716,0.99940455
53251,0.9960807
128212,0.30139348
107387,0.99985147
82115,0.99986625
98240,0.9990677
107226,0.9998585
54374,0.9997061
80682,0.9998191
5612,0.9995202
128121,0.99667126
115514,0.6804208
14624,0.99889684
28487,0.9991111
107257,0.99985147
102648,0.99983335
116611,0.99986494
20114,0.9321417
85386,0.9996649
126807,0.6887186
7711,0.9947019
129619,0.9768772
124578,0.9998097
54272,0.99983823
107505,0.9998877
79606,0.99989426
5731,0.9985721
72598,0.9996582
72917,0.9998473
114415,0.9984675
73142,0.40790862
105040,0.9998702
115563,0.9989949
10637,0.9939282
53114,0.99860626
1986,0.9971558
22146,0.9981232
32526,0.99963295
72658,0.9980636
85280,0.9998443
69515,0.99798006
87907,0.99984574
47629,0.99797744
100593,0.9965927
85297,0.99974734
36516,0.9968194
117627,0.999833
128170,0.9978948
54457,0.9997918
44536,0.9970163
125634,0.99983525
114213,0.9997496
71793,0.9971712
88778,0.9998485
116624,0.9997898
103987,0.9958192
87677,0.99987364
108315,0.9998017
19307,0.99959975
13198,0.9998907
53298,0.9968714
49835,0.99364156
88901,0.99989927
60031,0.9983701
37294,0.9976928
33357,0.0567441
36522,0.99584407
81860,0.9998386
80928,0.99989367
14436,0.99956816
25357,0.5420264
12050,0.9996934
52405,0.3261103
1062,0.9996437
99410,0.7217909
27852,0.025876625
49709,0.9996222
103610,0.9978726
117052,0.99955505
54267,0.99896586
27327,0.97860444
21945,0.040651936
25942,0.9995616
122420,0.9979925
49664,0.99957997
116726,0.99982786
45731,0.99750525
52564,0.9613214
38737,0.9956104
76430,0.99971396
6581,0.99729985
34214,0.99811906
89040,0.9998603
21298,0.99672925
18936,0.028297715
99155,0.99987435
85343,0.99966073
92530,0.99990284
68236,0.9977203
13191,0.9999083
125594,0.999843
37533,0.99890053
105170,0.6873069
79862,0.99982244
67028,0.99952054
73888,0.9998771
27237,0.27435547
8220,0.99790984
78421,0.973313
36535,0.9969078
17822,0.999819
119356,0.9990152
118928,0.9997147
41295,0.99742895
124449,0.9997987
121139,0.99761873
47303,0.23986082
114070,0.9980792
129529,0.99845123
8213,0.9969975
58789,0.999869
92182,0.9998012
54507,0.9998246
41138,0.99760383
49846,0.9995492
76157,0.99894303
28371,0.9993981
58974,0.99643505
44485,0.999765
72825,0.9989042
44073,0.030811246
61332,0.99893624
5502,0.9997814
76350,0.999759
69394,0.99785596
18121,0.9997708
31101,0.9983474
67053,0.99832505
90194,0.6767124
54468,0.9998448
117827,0.9998934
81869,0.99721944
125693,0.99981743
115512,0.9999076
63543,0.9987758
44517,0.99820113
18999,0.999648
81037,0.9998493
78496,0.9974298
70630,0.99168724
113080,0.99979466
58898,0.9990386
15788,0.29173338
13435,0.99970216
66637,0.022681478
49891,0.9989767
87686,0.9993986
62798,0.020718748
115418,0.99993753
91318,0.99985135
77522,0.7190847
8138,0.99654925
123480,0.9998349
41889,0.13425604
4437,0.99936634
19192,0.9998566
29718,0.9998766
92244,0.9998049
64789,0.99431556
55661,0.9998448
107152,0.9998485
54209,0.9995173
41143,0.99810153
47500,0.99749845
79526,0.99986434
74004,0.99981624
129522,0.87218106
10769,0.072582446
31597,0.020886034
116631,0.9998778
2316,0.99696356
63486,0.99981254
109689,0.9995956
44191,0.9963552
45946,0.99732554
129544,0.9300343
76066,0.9998228
111831,0.99983597
61367,0.99160284
30977,0.9944338
64717,0.31781992
128390,0.033098895
54372,0.9996444
37494,0.9970511
28345,0.99975175
124770,0.9997441
112973,0.99947757
51002,0.5145738
61073,0.9889354
44354,0.99620795
28314,0.9996383
90087,0.9999088
40453,0.98697925
36986,0.10551726
93543,0.99965596
22198,0.9964288
16943,0.9997781
63524,0.9983981
13207,0.9987219
85543,0.9998473
19313,0.99989927
37246,0.9973061
76104,0.9984586
35983,0.99760854
41193,0.99721473
119025,0.99987197
60626,0.9994529
49768,0.999488
69396,0.99860746
78268,0.9978313
70436,0.99866116
44278,0.9979785
13477,0.99922
99441,0.9997093
77749,0.050409853
41365,0.997658
13206,0.99983263
20158,0.9833921
34210,0.9967655
107412,0.99988735
66881,0.99660397
12222,0.25351158
128185,0.99432737
36485,0.99705756
32608,0.99898773
96913,0.99985766
4486,0.9995641
66891,0.9988865
13538,0.9996581
130198,0.9975605
121028,0.999811
21388,0.9970017
72878,0.9996691
115789,0.068854414
67164,0.9954945
69200,0.99970347
34807,0.99870586
37348,0.99740475
76399,0.9997497
121276,0.705221
37467,0.9977297
77884,0.9917139
52178,0.2906069
39547,0.9518769
110656,0.9989484
113101,0.46777764
76223,0.99936885
99156,0.9998878
85528,0.9991326
76141,0.9998055
129493,0.99479735
49608,0.999655
67153,0.9997658
979,0.9991691
84338,0.9998362
121225,0.99965596
45765,0.99764615
108648,0.9992367
107176,0.9998766
76267,0.9996793
2315,0.99741995
108545,0.99987483
108320,0.99815863
25991,0.99836427
68174,0.25198737
14623,0.99906224
85644,0.99980205
91024,0.99987185
74088,0.99904686
66885,0.99757034
75470,0.03278844
81814,0.99989295
17793,0.99978703
47348,0.9437137
68241,0.99971074
56529,0.9995017
100305,0.9998752
5802,0.9976407
18014,0.99981326
34832,0.9977749
107520,0.9998621
40969,0.014863691
111926,0.23071744
37248,0.21018445
66878,0.99866676
23694,0.9964838
97046,0.9997341
49778,0.9996456
70296,0.99911445
49653,0.9995425
63395,0.9750464
19279,0.99983513
59056,0.99576616
129505,0.9961222
37366,0.9983406
13273,0.999853
86521,0.99986696
7024,0.10586916
32557,0.99752706
67200,0.99957687
69316,0.9982668
104431,0.04848643
96808,0.99877244
88863,0.99987936
113591,0.15774907
14910,0.046081938
112032,0.9983613
5854,0.9963799
107207,0.99987364
58550,0.04583483
13386,0.99718386
50642,0.99646384
49617,0.99990165
62570,0.9877823
10563,0.9975764
59027,0.9977088
87822,0.9986626
40360,0.9976172
31205,0.056873944
109605,0.99986637
5420,0.9996737
82153,0.9998789
54421,0.9998086
23772,0.99819046
10589,0.99403363
71507,0.99991477
14545,0.999587
15678,0.38822547
39600,0.06840787
29465,0.9998889
110900,0.7041303
97070,0.9986443
33162,0.0156141445
35735,0.9974573
113217,0.9993175
113248,0.99922276
15505,0.999524
36528,0.9969054
69335,0.9994899
37223,0.99739885
85946,0.9994142
1217,0.9956815
111853,0.9992537
102550,0.9998547
26091,0.99848515
88743,0.99987876
73754,0.99970967
126842,0.98896176
115238,0.99971443
72643,0.99924314
47077,0.15771246
89886,0.9998492
29531,0.99986887
81824,0.9998493
92525,0.96114355
72646,0.9988079
117586,0.99983525
103697,0.99859756
114262,0.9998486
33949,0.009931902
41087,0.99656576
128079,0.9962238
50967,0.9995927
90043,0.9998872
19310,0.9998209
42753,0.39325547
12151,0.99968576
41170,0.9960913
53299,0.9977945
29607,0.9998665
115276,0.9997447
87722,0.9998074
65758,0.6974545
68144,0.9987796
120997,0.99910116
44289,0.9997925
69226,0.998847
67040,0.99271226
74007,0.9998671
65685,0.69962907
72765,0.9989342
28538,0.99970067
69257,0.9980233
21372,0.9967044
116567,0.99988985
84277,0.16001391
42751,0.45561358
94739,0.9997235
72638,0.9995832
68246,0.9978016
32633,0.99886286
127929,0.9982455
63528,0.9982944
19106,0.9997818
33381,0.9988527
90236,0.9998833
19126,0.9997323
45737,0.99664646
72752,0.99954236
18749,0.023950959
109820,0.99989593
99290,0.99480104
35714,0.9873525
116616,0.99981993
106293,0.99976283
34117,0.99724245
47256,0.24031301
82071,0.999757
79719,0.99984884
89074,0.9998596
83056,0.99981374
34942,0.99902606
68289,0.99873096
37453,0.99799687
58650,0.030325834
66020,0.71782565
61223,0.9921131
37231,0.99725854
7389,0.029728951
45795,0.9914141
66965,0.9984598
23856,0.9974821
2243,0.9970456
128014,0.99793303
128284,0.99743325
68140,0.999236
36548,0.9958418
912,0.99901927
116389,0.99987733
123437,0.99968517
34078,0.9965172
123533,0.99539465
23882,0.99672526
41074,0.9971163
41290,0.9965487
95054,0.03904311
22022,0.9984975
46034,0.5477603
55665,0.99953794
56402,0.99832684
53108,0.99747074
84121,0.999841
86626,0.9963252
116725,0.9998387
18882,0.9979809
129468,0.88078225
115367,0.99980205
128001,0.99786395
26107,0.99915946
44418,0.9993375
130003,0.9982363
76179,0.99955624
41397,0.9972747
67031,0.9998611
72749,0.99903286
90967,0.07190232
80913,0.99983823
107414,0.9998203
117622,0.99982774
127682,0.99898285
114309,0.9989183
81013,0.99986124
74086,0.99972016
70386,0.9975304
96978,0.999882
97997,0.99981385
22102,0.9977076
113175,0.99981624
111924,0.9991972
104033,0.99895465
13331,0.99966514
829,0.9997813
117523,0.99987376
5460,0.99962604
67181,0.9970107
12322,0.9971366
123522,0.11606192
108411,0.9980568
65765,0.7102361
78452,0.99982697
9278,0.99663204
127918,0.9945913
112916,0.99979
45720,0.995899
19097,0.9998876
15640,0.9973986
37416,0.99685764
127960,0.9938314
129517,0.9925563
72723,0.99890983
121086,0.99907196
88255,0.2603797
37411,0.99691486
68198,0.9976845
72944,0.9990927
90234,0.9998795
117820,0.48389587
34174,0.9967976
107450,0.2883858
103793,0.9986327
14646,0.9994641
49659,0.9995454
117715,0.9998123
101607,0.9995913
125891,0.99974924
69146,0.9988483
68130,0.9986181
33388,0.9996865
71640,0.99988174
10526,0.9975109
128076,0.9911923
116420,0.99842036
44294,0.99879897
109517,0.99985385
28226,0.9901164
10633,0.9752226
39639,0.7490317
69303,0.99802715
86526,0.9998043
29514,0.701168
54175,0.99976856
128280,0.9966648
19152,0.9994487
10517,0.996332
78548,0.99983895
92372,0.999884
55562,0.9966697
73909,0.21849726
52067,0.99897027
121324,0.9988286
78563,0.99950373
103992,0.99627715
107358,0.9997197
58838,0.99854565
13190,0.9998635
113084,0.99902844
78517,0.2894972
4445,0.9998412
69371,0.99877006
44480,0.9972921
112919,0.9998789
110871,0.99948967
76146,0.99957365
43549,0.27838406
118960,0.9998306
37362,0.9985759
88276,0.9996125
115269,0.9996977
14546,0.9997757
76196,0.998123
85440,0.9997416
97986,0.9997278
29419,0.99981195
6749,0.99331206
23617,0.99052083
47186,0.9973635
69439,0.99868864
63540,0.9984761
85557,0.99986327
21630,0.99816835
118693,0.9999094
116487,0.99986696
96914,0.99782336
64831,0.9985488
72803,0.9988456
69271,0.99896884
86429,0.99982303
19196,0.9997875
40919,0.028246498
2098,0.9949515
121277,0.97418606
61374,0.9803836
95548,0.9987669
90023,0.99984145
69221,0.99982977
16657,0.99986625
92436,0.9998995
7220,0.013449332
107488,0.9998597
32605,0.9985507
66967,0.9972076
27266,0.9918133
9476,0.09868114
29504,0.99988127
72834,0.998161
26265,0.99947995
77367,0.9998431
41127,0.996338
14252,0.9986438
113112,0.99986327
41237,0.34013212
130002,0.9983033
98055,0.9997118
79717,0.9999089
88820,0.9998764
117869,0.99976176
91301,0.999821
22156,0.9953185
83271,0.99988806
76101,0.99971896
30922,0.9976922
102594,0.9998902
8199,0.9956928
4343,0.99970406
104865,0.9998703
20310,0.9900742
41403,0.99726105
103758,0.9986179
97008,0.99943465
88911,0.99985075
81968,0.9998703
28392,0.99951315
14684,0.9990735
82006,0.9998548
18073,0.9996892
73525,0.062181722
9593,0.017754676
20405,0.72824246
5895,0.9966558
37329,0.9977441
111855,0.99972755
66842,0.9989675
111762,0.9998704
54275,0.9998753
129523,0.9978034
85305,0.9998288
26144,0.9990312
17891,0.9998847
109641,0.99989045
56608,0.99982184
23640,0.9879155
99284,0.9997987
22180,0.9973647
109606,0.9998685
10624,0.054018512
97081,0.99988437
111776,0.99967027
79724,0.9998857
118683,0.99981123
36790,0.043482214
23725,0.9959521
84450,0.99988544
28773,0.12955987
21318,0.99775946
49745,0.99881953
78413,0.9682855
23864,0.9966934
112962,0.99975127
126897,0.99876416
63625,0.99660033
112130,0.998596
30634,0.9998878
61081,0.9964675
5507,0.999501
20619,0.9977858
91362,0.99369967
22611,0.99830174
72863,0.99989676
29404,0.99985266
97944,0.9989548
66915,0.9975795
91269,0.9998629
80695,0.99843293
64824,0.6317895
84119,0.999861
89010,0.9998852
116438,0.9997801
98276,0.999764
10048,0.9989869
93397,0.9995394
87570,0.99920005
54224,0.9998405
41428,0.99733657
73765,0.9998658
10601,0.99421954
45954,0.6147386
123432,0.999859
66887,0.9998362
87626,0.99973625
124783,0.72193813
112026,0.9990119
54844,0.9988971
128193,0.99122626
109569,0.9992248
129571,0.95532954
74913,0.99911577
47344,0.94366914
14514,0.9995839
17910,0.9998704
4289,0.9998023
117716,0.99991465
118883,0.99988675
96827,0.9948673
98185,0.9981046
80793,0.9998617
67900,0.99869746
36422,0.9967372
85267,0.9997428
78674,0.34652674
58773,0.9976018
24831,0.02572706
88813,0.99858546
66953,0.99981374
97018,0.99987185
95893,0.99972206
88976,0.99984264
5551,0.99984133
86528,0.99975675
91061,0.999889
28418,0.9997743
112110,0.9996648
69417,0.99832505
44213,0.9971603
52015,0.9997274
87637,0.99977535
72910,0.9995782
70069,0.044599306
10612,0.99747604
91040,0.99986005
67406,0.85538626
36558,0.022455467
44864,0.076570965
37541,0.9983486
2099,0.9964418
13189,0.9997811
887,0.99963033
118829,0.99989974
129449,0.98770547
79861,0.999908
67985,0.9979001
44324,0.99776435
9787,0.9974831
58917,0.9988747
31084,0.9980685
85970,0.99954396
82052,0.99951077
93330,0.9998666
54309,0.9983822
61222,0.97275376
56466,0.9998258
19268,0.2576606
20106,0.966223
106102,0.99973553
111781,0.99986434
93568,0.99966896
75013,0.99986815
67119,0.99986553
67102,0.99956685
29758,0.9998758
74097,0.9990144
91314,0.9903274
41047,0.9947286
56018,0.99926597
63494,0.9946287
65796,0.71819586
4497,0.9996278
18146,0.9998691
115380,0.9997484
27425,0.99852365
91512,0.1326465
120976,0.99985385
108409,0.99985933
47553,0.9437821
24656,0.9328864
88881,0.99989307
119026,0.99986696
127245,0.9968347
19297,0.9998702
32597,0.9979272
69334,0.9995796
97075,0.9996917
13241,0.9998771
65886,0.7224792
8241,0.99787176
72881,0.99854493
127130,0.99655485
41405,0.99661595
108557,0.9996068
108494,0.20538688
73749,0.9998729
44439,0.9997693
124732,0.2970499
95438,0.030039845
7350,0.99921596
65978,0.28905684
72703,0.9988771
69292,0.71221656
37365,0.998168
102806,0.99958414
44454,0.9976538
45244,0.9777574
47491,0.997872
41361,0.9963624
69427,0.41667998
23951,0.99474406
34055,0.9981604
75190,0.9994591
49787,0.9996326
53219,0.99812347
93683,0.9954987
110752,0.99986434
97021,0.99944514
2064,0.9972888
18050,0.999775
110760,0.99982184
84472,0.99984515
38720,0.9891902
5952,0.9982736
18147,0.99988544
66057,0.6986069
6625,0.99255145
6675,0.99334633
68003,0.99949634
18139,0.99969363
111794,0.999742
101655,0.9941968
16846,0.99975795
61270,0.9982906
41339,0.9977816
14528,0.6863002
51042,0.9998035
79741,0.9998553
4529,0.9988642
82113,0.9996847
21030,0.99911386
53116,0.9977763
108354,0.9993573
60119,0.9937581
108415,0.9996861
14587,0.9989556
72373,0.092197254
60077,0.99515486
70578,0.9939446
22126,0.9974255
128188,0.9980414
23994,0.94472617
28320,0.9997913
86609,0.9999459
100307,0.99986005
109659,0.9988943
108366,0.99946374
88853,0.999866
85269,0.99761343
90118,0.9998841
46044,0.9974158
32603,0.9968548
88836,0.99989045
44367,0.99078876
107204,0.99975806
26276,0.99904186
51253,0.048416745
48652,0.03166525
54100,0.99847144
105048,0.9998405
45772,0.29655161
33407,0.9989531
13310,0.9997664
108375,0.999762
76328,0.9975811
28330,0.99619883
125588,0.999856
75101,0.9998524
18141,0.99919814
88883,0.9998752
44205,0.9962753
54160,0.99984884
79700,0.9998566
90049,0.9998995
37454,0.99820805
106061,0.99990463
94770,0.9994703
92274,0.99891806
29438,0.9998729
81904,0.9998031
5919,0.9975018
56708,0.99914515
44509,0.99614596
93533,0.9995204
89955,0.99986756
5655,0.9997912
87864,0.99989665
109746,0.99989676
117814,0.99977285
97093,0.9993518
20407,0.9692327
109505,0.9997148
31824,0.9951362
84426,0.9998419
107208,0.9997125
65795,0.7207944
116418,0.99597543
14678,0.99746966
28467,0.9996233
36955,0.2522548
55335,0.9931518
91246,0.9998473
2100,0.9972771
86576,0.99981576
84432,0.9998702
113169,0.9994679
12368,0.99881256
38724,0.99623907
74945,0.9998549
44319,0.9971131
49599,0.99968886
58990,0.9996538
110965,0.66541326
103634,0.99536175
21353,0.99715924
114278,0.9987747
14483,0.9996867
112444,0.9990037
84686,0.088974304
55656,0.9997888
13199,0.999928
92528,0.9998234
60131,0.9979388
89648,0.04404718
35787,0.04735444
27235,0.99723285
22806,0.9974674
127908,0.9975551
11946,0.9976019
98149,0.9994647
91317,0.99986005
11814,0.063536234
59034,0.9965724
28228,0.9942973
96566,0.07061735
40386,0.9969531
77540,0.99897134
72893,0.99936956
60212,0.99473816
22610,0.9979359
79699,0.99988246
49357,0.021172909
128191,0.9959461
19115,0.9998796
44476,0.2640411
125893,0.99982774
96785,0.99951386
85618,0.99985445
19652,0.99900997
97136,0.99916923
129515,0.99641836
15747,0.9987722
118543,0.08985915
126746,0.99582773
44201,0.9974075
84028,0.9984243
23901,0.1482744
61082,0.9992442
15830,0.99877924
28525,0.999803
26209,0.9995347
69186,0.99897337
16982,0.99981683
59920,0.9978758
118740,0.999841
52814,0.02504975
90113,0.99986863
13494,0.9996679
107494,0.9999018
107402,0.99911445
28269,0.99792445
116173,0.035934623
82765,0.066404164
54471,0.99982196
90106,0.99985707
63531,0.99962616
68284,0.62011343
81029,0.9988367
43170,0.99828714
88876,0.999866
5954,0.9149318
12084,0.99977225
15490,0.99922264
37372,0.9961398
89264,0.46183285
84393,0.9998367
112116,0.9998565
86430,0.9998722
90089,0.99790335
54220,0.9997899
115540,0.6869209
107372,0.9998909
124486,0.99926263
67097,0.99709725
2208,0.99717474
128150,0.9975153
109568,0.99982506
128113,0.9933042
20445,0.98281384
72743,0.9998222
121933,0.08309264
45807,0.9619866
12339,0.99879575
97134,0.9996692
23959,0.9978818
44288,0.9979672
8304,0.9963025
44469,0.99940455
117536,0.99985206
18949,0.9998642
5644,0.99863833
106343,0.9998919
129585,0.9741488
11454,0.02032253
4922,0.84924054
26076,0.99987483
81914,0.99981576
89885,0.9998622
113008,0.99989414
37206,0.99759185
18167,0.99963987
76085,0.9996985
32537,0.9986242
37346,0.9986388
26470,0.020121055
26117,0.99936384
70503,0.9997358
2337,0.05556255
35668,0.99115235
59837,0.023668962
31889,0.9984352
120985,0.9793912
19257,0.9992094
91154,0.99987006
57532,0.9971603
44330,0.99785125
115130,0.99829596
39597,0.4155758
127970,0.99876285
37461,0.9952494
32051,0.0814003
47463,0.89949554
117761,0.99987817
26126,0.9995758
41316,0.96202755
87712,0.99962366
92472,0.9998715
66044,0.7178798
32510,0.99556714
45722,0.9976261
89062,0.9998772
16784,0.99988365
129487,0.8616155
26197,0.9987753
85601,0.99986076
39205,0.10042327
41282,0.9979767
85637,0.99952495
76403,0.9973673
5791,0.9974788
970,0.9997273
3662,0.053237636
91708,0.9995047
20300,0.99487126
118159,0.25557074
78461,0.9947725
16801,0.9998845
37407,0.99722666
51000,0.99962854
114418,0.99868816
2028,0.46402505
10506,0.9956405
69685,0.024506297
76263,0.9990414
72973,0.9998615
34109,0.9978828
74952,0.9998623
41215,0.99811566
63682,0.9975268
91213,0.3409634
72798,0.99979156
93517,0.4357403
16640,0.9997826
112008,0.9996989
90105,0.9998374
41392,0.99794847
17903,0.99974304
92199,0.9999101
29756,0.99990165
2281,0.9970805
69424,0.9998267
111158,0.04003395
127224,0.99592835
117821,0.9995689
90207,0.9998524
33287,0.99933916
67113,0.9998248
87582,0.9998247
13544,0.9997602
73811,0.9998616
84253,0.9998944
18021,0.99974567
28579,0.99923635
80924,0.9999083
49084,0.9991134
102608,0.999843
38814,0.10403091
35122,0.041017883
103955,0.99856526
10576,0.09024064
34823,0.036243983
58868,0.99939024
49837,0.99964476
1025,0.9989322
76426,0.99853325
16753,0.9998785
69269,0.99267584
126794,0.9979519
13251,0.99984276
2240,0.9974596
97148,0.9974923
76409,0.9986981
84135,0.99963176
25932,0.99925023
5823,0.9965481
118776,0.99989164
935,0.99983835
127989,0.99811625
69389,0.9997304
47365,0.9950282
72823,0.9990213
49842,0.9997409
99281,0.99979717
97160,0.9989753
39608,0.99407035
127140,0.998447
16834,0.9995185
29385,0.9998598
120986,0.9990067
35909,0.05850209
102653,0.99970514
30785,0.9998976
10546,0.9935098
43411,0.9925438
106062,0.99986136
41268,0.99591076
83079,0.9997942
34900,0.9992095
29501,0.9998703
90180,0.9998141
12330,0.3789573
128209,0.99576133
69191,0.6779901
98620,0.9991849
36448,0.99674726
84321,0.9997795
129457,0.9895794
28261,0.9953512
127977,0.99714917
56194,0.11726328
67382,0.8567317
10646,0.9925256
76234,0.999529
77319,0.9997998
46309,0.03578856
14366,0.99975055
39283,0.9989911
42706,0.25495493
68128,0.9996259
114257,0.99906236
21946,0.03499928
70438,0.99953365
48973,0.02785247
112003,0.99969757
59038,0.99826604
123964,0.99952185
26286,0.998887
92384,0.9998472
32632,0.99912995
20036,0.9986041
89966,0.9997236
112936,0.999711
8154,0.99895155
27396,0.35516655
121615,0.02307777
47271,0.48190928
96787,0.9996712
67992,0.99946827
79811,0.9998684
109812,0.99983966
45650,0.8387863
65794,0.7047262
79818,0.99987924
41164,0.9942431
59117,0.9949517
84230,0.9998623
30543,0.99988484
37292,0.9969169
59939,0.9945015
44502,0.99680907
86711,0.99990475
84460,0.9998796
127260,0.9975751
60122,0.99777716
99192,0.9998317
99446,0.9996424
87914,0.99978846
26092,0.99884087
49839,0.999629
93133,0.06638517
16787,0.9999057
61333,0.9858743
53061,0.99832135
42778,0.23851557
76209,0.9981481
32667,0.99675804
113209,0.9998927
122176,0.9998429
8143,0.9949233
19044,0.99984443
44315,0.99750984
44318,0.9973544
89015,0.99987507
61268,0.9698197
10629,0.99889475
99298,0.9998609
50712,0.99955934
18967,0.99986327
45628,0.9066014
124432,0.9998553
26853,0.026292855
56715,0.99970776
63670,0.9985268
72761,0.992496
10550,0.93905485
15680,0.9858823
67175,0.99985707
79770,0.9998265
32637,0.9990067
66951,0.999584
54408,0.9997639
2306,0.99569654
47313,0.96363664
26242,0.71901375
44460,0.99747616
129609,0.9486533
98033,0.99554574
104018,0.7210664
17844,0.99987113
56020,0.9990871
80985,0.99984527
34937,0.99917173
127129,0.9975526
107265,0.99983394
69454,0.9988226
96907,0.9994942
111788,0.99958855
90102,0.9998803
80961,0.9998541
39401,0.9433739
44496,0.9960049
64689,0.98212266
1702,0.99632674
18099,0.9998679
78450,0.9997813
49705,0.9997913
34973,0.99867576
126840,0.9997863
69223,0.99915016
121217,0.9989267
115360,0.99912375
116486,0.9998388
40773,0.06877173
76363,0.9996511
18129,0.9998692
69291,0.99802446
27379,0.99406505
40185,0.12864125
29596,0.9998741
40527,0.023046978
103892,0.9912117
34843,0.9988134
117436,0.9983992
83104,0.9998216
110708,0.9996215
18977,0.99983966
20966,0.09746749
73794,0.9998342
12082,0.9990693
4241,0.9998087
5688,0.9997348
117722,0.9997439
34976,0.9994086
42138,0.9984137
36513,0.99678206
43423,0.9927901
123288,0.9997309
72721,0.9978884
58963,0.99549085
117666,0.9998826
46071,0.94571835
23833,0.99737453
26280,0.99878794
26192,0.99866915
14644,0.9986656
65865,0.47876412
77549,0.99981445
88117,0.21077006
116430,0.24826188
33749,0.058419883
87856,0.9997441
72957,0.99936444
122474,0.99906975
79512,0.9996942
91896,0.07358634
90445,0.0111618405
13122,0.9983386
115561,0.9992341
23839,0.9965611
28340,0.98881185
13323,0.99979335
41435,0.9969326
35685,0.9943428
68324,0.7028058
92433,0.99948704
96839,0.99984145
4549,0.9988431
69205,0.9981949
117729,0.9998727
84303,0.9998155
20401,0.9917441
4254,0.99983835
109582,0.99985456
92478,0.9992643
84359,0.9998553
80054,0.34566197
89103,0.99989927
111862,0.99832577
122141,0.9998116
62464,0.9957989
75854,0.021765826
103950,0.72293454
27137,0.99428844
98241,0.99988365
26275,0.99920887
37477,0.9966318
80948,0.9998882
18100,0.9998171
33361,0.075576544
111955,0.99856985
34127,0.99690694
115264,0.9991098
80656,0.9998704
85317,0.9997733
25947,0.9619621
108493,0.33476743
84441,0.99989736
121269,0.9996985
42522,0.9708434
46018,0.5906273
56760,0.99932086
35125,0.035436384
80791,0.9998864
34090,0.9973654
76089,0.99988985
49716,0.99939895
88818,0.99977547
78506,0.9997671
59053,0.9942021
43537,0.9976768
107200,0.99984276
76377,0.7143089
87735,0.9997546
122335,0.9997769
76064,0.99831307
61285,0.997433
25702,0.061835974
81975,0.99979216
87636,0.9998981
89890,0.9997514
63379,0.9817515
66364,0.9987582
86332,0.9984648
68245,0.99820364
63439,0.9996525
37241,0.9973654
38739,0.9973117
34169,0.9961611
44304,0.99761707
55425,0.99985147
67170,0.99851054
51637,0.09625511
54466,0.9995555
27261,0.31877488
870,0.9990276
118787,0.99916625
63487,0.99979275
61075,0.9947924
58872,0.99929464
19206,0.99985695
79668,0.99987864
15791,0.9985594
128092,0.99771225
85375,0.99939907
112961,0.9997502
29463,0.9998697
66000,0.71759385
29719,0.99983025
44542,0.8040572
41415,0.9983437
22135,0.9976024
59101,0.9902755
118867,0.99989986
83509,0.0471484
112333,0.029492486
128276,0.9976285
15795,0.99943143
109759,0.95248353
89075,0.9998301
76147,0.99987316
37496,0.9985238
4494,0.9998141
17993,0.99977213
118920,0.999889
63537,0.99743193
123520,0.99986374
66941,0.99742645
60039,0.96921265
37227,0.9965836
128217,0.99680907
92192,0.99980944
26293,0.99883
110869,0.44343412
73987,0.99976665
920,0.998833
41447,0.99763405
26270,0.99912196
85544,0.9998093
114113,0.9941796
67110,0.99941933
9672,0.015702656
65744,0.6423087
26174,0.9991192
91277,0.9998204
90035,0.9999114
115273,0.9995983
29568,0.9998883
28336,0.99935263
89054,0.9993349
34947,0.9990287
113060,0.9998293
36474,0.99713624
72867,0.9992231
113220,0.99690324
91127,0.99823904
36948,0.99710006
79556,0.999845
31793,0.029380735
69268,0.99785954
49597,0.99967027
54161,0.9997969
103863,0.9988612
50961,0.9987508
88873,0.9999021
4531,0.99977404
4246,0.9996482
126928,0.9770497
8931,0.99704164
1942,0.9973355
92280,0.9998221
34431,0.027058097
103851,0.9938267
44543,0.9973092
61645,0.022383753
26297,0.9981675
20148,0.9776277
44546,0.9965789
111866,0.9998752
107446,0.9998599
58934,0.31978497
118094,0.07294371
8710,0.20861919
44463,0.9956078
97995,0.9997193
112101,0.9986994
5495,0.999747
73854,0.9998908
89003,0.9998405
51005,0.9995382
98128,0.9833107
67789,0.03048007
4790,0.2928285
9750,0.99813664
59143,0.9786008
92176,0.9998286
45955,0.21125035
85345,0.9951609
30442,0.9988299
85289,0.999798
118878,0.9980654
13279,0.9994863
76357,0.99795496
127916,0.9964489
2171,0.9959927
23691,0.9975696
124674,0.99984944
41266,0.99600667
129610,0.5613086
5591,0.99864167
35764,0.9939183
76194,0.9995004
30872,0.9998907
110658,0.9997317
111817,0.9998815
36456,0.9968432
21226,0.997303
95795,0.99935347
66993,0.99811965
117675,0.99986565
109524,0.9998746
20240,0.98304754
27622,0.057649244
92330,0.99985075
111811,0.9998287
45879,0.54120827
19878,0.024939848
29647,0.999882
8165,0.99613804
28483,0.99764866
117535,0.9998535
44262,0.9963915
49543,0.067749485
43366,0.99173886
26075,0.9991435
87918,0.9998319
85283,0.99984527
19116,0.9997583
50915,0.99958724
19217,0.99988496
97106,0.30836084
59928,0.99864954
99189,0.99983275
55569,0.9998373
10507,0.99823534
115363,0.998632
109717,0.99891603
85405,0.9998516
94262,0.093424045
99346,0.99982893
74037,0.9996891
126949,0.9998702
35807,0.9954626
70447,0.9940665
85439,0.99977463
20497,0.99784064
128118,0.9973998
72773,0.99804664
34929,0.74881244
93628,0.26344028
44331,0.9992902
82157,0.9998832
82015,0.99987185
21554,0.016629422
34193,0.9971967
14492,0.9996884
30628,0.9998977
19191,0.9997018
19493,0.107041284
44398,0.997083
38874,0.9125424
40655,0.99478674
23720,0.9957445
64822,0.9732746
65752,0.7170306
127937,0.9964516
14512,0.9995813
85350,0.999848
19055,0.99976
9852,0.12918006
86426,0.9998741
118927,0.9998896
58981,0.9986993
126805,0.99434537
26095,0.9977139
116371,0.9998561
77311,0.9996959
113147,0.9985959
104004,0.9984353
14401,0.99957424
28463,0.9992623
1298,0.8665021
13540,0.99972016
12341,0.9993069
44212,0.9971378
15834,0.99777764
98292,0.99969184
34998,0.9990885
91332,0.99983776
70647,0.9987306
123196,0.9987224
13443,0.9998735
14599,0.9993949
66904,0.9996369
34191,0.9959906
27711,0.074795395
88851,0.9998172
59127,0.9947536
72701,0.99923587
115334,0.99967194
69295,0.9986475
65936,0.6829387
92180,0.99984074
60070,0.9977818
4587,0.99891126
27381,0.99002075
9055,0.9962341
8274,0.99781173
41233,0.9978835
28288,0.99920624
77546,0.9998503
29623,0.9998559
107221,0.99990463
51410,0.9994393
16838,0.99987257
824,0.9994783
4538,0.47874892
18726,0.01710547
66975,0.9998332
128131,0.99595547
112873,0.016297944
66882,0.9991906
44151,0.9927938
38855,0.99666
34415,0.9980312
5682,0.99978715
89034,0.99988365
90241,0.99985933
32631,0.99845207
53204,0.9990626
23662,0.9988423
76183,0.9998499
88720,0.99985075
32670,0.998676
26090,0.999022
29496,0.999882
128039,0.997619
70551,0.990747
58821,0.9998833
106105,0.99988556
41131,0.9982539
87769,0.9998822
74909,0.9998385
79879,0.9996076
72853,0.99958676
92380,0.99984
80863,0.99989116
32619,0.99756503
91265,0.9992687
75147,0.999796
49619,0.9997631
20638,0.33269218
13461,0.99984133
99429,0.9998666
128145,0.9949458
62245,0.9931947
69266,0.9965119
129807,0.99845374
84323,0.99982977
61128,0.9977349
69517,0.99964404
44384,0.9979905
81230,0.16729519
60272,0.9963438
8273,0.99595237
108511,0.99937445
91090,0.99986196
46007,0.3671195
31855,0.9987679
87810,0.9996712
41213,0.99824536
2165,0.9978707
47602,0.99589765
69414,0.99681634
121131,0.9987727
19045,0.99983346
66845,0.99946755
65833,0.6929314
99396,0.9996207
110631,0.999853
64444,0.9974644
107189,0.99984324
5826,0.995342
95413,0.0389089
69330,0.9989467
80830,0.99989676
83918,0.0542615
127186,0.9983381
114118,0.99869424
126292,0.99974066
41224,0.9978667
100406,0.3753948
41121,0.9973725
65932,0.7183696
27135,0.99453026
41308,0.99687374
65819,0.705795
127992,0.9961119
16663,0.9991942
19098,0.99980885
10585,0.99622846
107224,0.99984694
28095,0.019907657
69336,0.99816656
21358,0.22471583
2274,0.9978586
76115,0.9998791
10244,0.9964426
62481,0.982333
80822,0.33135772
112717,0.06631779
123297,0.9998118
113028,0.99950886
64624,0.976711
98053,0.9998596
23713,0.9968137
76296,0.9997968
108244,0.9987361
81816,0.023060946
92517,0.99978393
113230,0.99856573
10592,0.9958729
116676,0.9998599
61218,0.99539775
84155,0.9998474
5451,0.99985945
41256,0.9983438
96804,0.9996748
72937,0.9991179
83644,0.9996171
110963,0.99983597
1959,0.9976681
110909,0.9996282
112018,0.99975246
58800,0.99788505
29537,0.99989855
8514,0.07411279
75003,0.9998141
90069,0.99989164
124493,0.99951065
54502,0.9998393
72674,0.998271
69315,0.9988349
110850,0.9990606
89873,0.99988616
84267,0.9998091
90151,0.9998572
44362,0.9964981
49853,0.9995377
70340,0.9985441
23945,0.9959513
80810,0.9998505
85417,0.9999114
95688,0.998638
39992,0.028057443
115375,0.8439942
96830,0.9998493
90032,0.99983513
99439,0.99961346
64534,0.9987808
32554,0.99887043
19308,0.9998679
72737,0.99991167
10673,0.9808352
129567,0.9873083
34926,0.13037874
14438,0.9979569
23707,0.995263
70397,0.99989665
78613,0.999877
41243,0.9977737
46000,0.9958282
82117,0.9998229
23859,0.99661034
43574,0.99510515
88841,0.997677
6828,0.0291177
64737,0.99400723
117588,0.9998135
14562,0.9996878
121137,0.9987092
89063,0.99988544
90073,0.9998635
27285,0.9962388
29683,0.99987316
71701,0.9998147
115266,0.9981913
43497,0.48712113
16938,0.22504784
77363,0.99975127
14443,0.99957246
34154,0.99724615
118769,0.99987984
90024,0.9999026
73757,0.9998596
114357,0.99974626
50775,0.9995577
81919,0.9997186
47405,0.966046
44547,0.99700385
90138,0.9998772
84409,0.04152796
109575,0.9997719
21268,0.9975128
36467,0.9968863
118879,0.9998617
84437,0.99985874
66966,0.9992441
90229,0.99979216
91361,0.9998708
86439,0.99978393
125682,0.99983966
58869,0.9970771
43540,0.9946791
123576,0.99980694
2188,0.9971956
55366,0.99953437
102612,0.99986887
101330,0.9984981
12198,0.33812556
59943,0.99634725
80874,0.999897
39508,0.98811615
21370,0.9973174
28459,0.9991972
123572,0.99987483
76335,0.99954164
84208,0.9998516
16752,0.999803
34075,0.99663514
46070,0.9478564
26130,0.99977046
117591,0.99988544
44554,0.99743927
68327,0.9988642
87671,0.9997887
102098,0.9995596
29677,0.999848
28449,0.999713
4579,0.99973863
23785,0.99665725
85481,0.9995981
64768,0.99427754
49770,0.9996691
122812,0.999559
21351,0.9974911
49888,0.9993001
95830,0.99948347
105148,0.24492933
64597,0.9990306
76327,0.99884003
32569,0.99905056
4250,0.99960726
110666,0.99973756
41252,0.9982674
99436,0.9997042
10537,0.9959443
115270,0.9987305
39558,0.99511176
88984,0.9998634
22219,0.04341134
69459,0.9980956
96679,0.01968605
2038,0.99632025
38768,0.9957742
95924,0.999466
28402,0.99928063
26180,0.9989472
67116,0.9968657
46056,0.99773455
72636,0.9997451
113207,0.9997044
98100,0.9988458
34177,0.997106
61239,0.97439086
72826,0.99986196
53121,0.9971154
49761,0.9998951
37485,0.99885
112111,0.9820254
2280,0.9977315
47542,0.8992472
47538,0.8488774
19189,0.9998758
125730,0.9997843
2131,0.9963967
127962,0.993768
81911,0.99990916
97938,0.999866
123384,0.99981934
85070,0.014564465
41171,0.996829
84343,0.9997919
8400,0.057747964
23679,0.9958566
59075,0.9963677
2217,0.9969036
34048,0.9973896
54501,0.9998016
86663,0.9998801
22415,0.9980804
34128,0.9974146
127175,0.99619424
29435,0.999851
99385,0.9998554
69403,0.9976433
38772,0.9984692
115417,0.9982309
41305,0.9969279
23780,0.99511045
116437,0.99984753
49866,0.9995515
15749,0.9989214
62860,0.03380949
64630,0.9949827
118772,0.99983776
80957,0.9997205
69285,0.70251054
31033,0.99812
29551,0.999856
94733,0.99977964
16976,0.9998325
90174,0.99988604
122370,0.99975604
128222,0.99640334
3794,0.9986993
128186,0.9965155
65852,0.50507486
89038,0.9998361
91344,0.99987066
89968,0.99938405
80762,0.9998677
85606,0.9998541
87731,0.9998609
36442,0.9966293
116522,0.99985063
37342,0.99855834
110808,0.9999101
17999,0.9992884
10655,0.9894037
82155,0.9998246
88807,0.99984396
23755,0.99700147
27120,0.99820244
58883,0.9972269
73948,0.9998266
127300,0.99342644
58892,0.99886656
66978,0.99896073
9084,0.99664235
17814,0.9998895
116436,0.9998468
96989,0.9998853
31016,0.998708
36408,0.9889339
684,0.9965348
12149,0.9997681
75243,0.99859136
113486,0.09421732
36592,0.9968746
70541,0.9978789
5739,0.99935216
2295,0.99759275
50871,0.99953544
129491,0.8257823
105421,0.026291903
127906,0.99482626
109477,0.99988616
76337,0.9998215
116468,0.9998184
66253,0.12389515
105013,0.65282863
1029,0.9995541
115426,0.9989536
34205,0.9967668
62280,0.988372
117777,0.9998609
107302,0.9998746
97042,0.9998117
31058,0.9988269
61181,0.98462766
34882,0.9987696
87771,0.9998467
2081,0.9975992
30647,0.9999052
83269,0.99986064
127283,0.6479498
73986,0.9998902
102789,0.99981886
8162,0.99642915
4430,0.1972849
29926,0.4214299
85496,0.9998281
60226,0.99914896
122317,0.51717806
67023,0.9997428
8300,0.99501085
74083,0.999653
93266,0.9894309
26157,0.99877745
54127,0.017871238
109800,0.9999064
44237,0.9972927
70440,0.6522043
83149,0.37686983
74963,0.99986327
76068,0.9987538
98097,0.99959105
81868,0.9998363
118686,0.9998826
34627,0.4613388
92725,0.4729264
110664,0.5963875
79601,0.99983525
78652,0.40757453
9724,0.99757606
49763,0.99948055
68197,0.9983138
124484,0.99986553
79765,0.99989533
83106,0.999814
124348,0.99874085
