Well,Well Position,Cycle Number,ATTO 647,VIC,FAM
1,A1,1,15502.663,352175.44,113397.83
1,A1,2,15452.754,352523.4,113869.57
1,A1,3,15458.615,352839.94,115414.414
1,A1,4,15620.698,352934.8,116666.82
1,A1,5,15775.453,352896.4,117081.234
1,A1,6,15789.581,352846.38,117139.766
1,A1,7,15746.326,352874.66,117761.53
1,A1,8,15756.955,353308.88,117841.42
1,A1,9,15787.42,353291.4,118093.91
1,A1,10,15883.658,353230.78,118137.56
1,A1,11,16022.436,353588.7,118519.516
1,A1,12,15908.726,354151.62,118736.65
1,A1,13,15873.593,354608.6,119538.336
1,A1,14,16057.204,355026.22,120215.3
1,A1,15,16088.994,356240.47,122390.85
1,A1,16,16220.852,358120.62,125440.34
1,A1,17,16294.267,361754.56,131564.64
1,A1,18,16414.664,367876.8,144124.3
1,A1,19,16376.974,379461.12,167590.75
1,A1,20,16427.709,402874.62,207761.4
1,A1,21,16635.172,441216.94,271833.6
1,A1,22,16922.889,489341.3,356069.2
1,A1,23,17082.941,537948.2,445247.38
1,A1,24,17397.697,575439.75,537498.6
1,A1,25,17728.559,602631.44,620686.25
1,A1,26,18085.898,623933.44,690993.9
1,A1,27,18454.455,640909.4,749366.5
1,A1,28,18486.025,654324.4,801441.06
1,A1,29,18782.943,665444.4,839943.7
1,A1,30,18794.527,674011.2,869520.5
1,A1,31,19013.209,681744.8,896902.75
1,A1,32,19331.525,688414.44,916313.25
1,A1,33,19517.668,693947.94,934570.94
1,A1,34,19769.879,697968.56,948002.25
1,A1,35,19874.742,701141.6,958224.6
1,A1,36,20106.273,703335.3,965734.75
1,A1,37,20176.78,705024.9,972460.06
1,A1,38,20242.395,708524.6,980593.75
1,A1,39,20324.408,711299.06,986965.44
1,A1,40,20577.438,713229.6,990313.7
1,A1,41,20826.455,714466.56,994101.94
1,A1,42,21031.24,715305.06,1000006.5
1,A1,43,21218.469,716046.6,1001831.75
1,A1,44,21464.932,719021.94,1003405.1
1,A1,45,21506.742,720201.2,1005851.8
2,A2,1,15352.09,333548.6,57881.94
2,A2,2,15355.046,333079.12,57958.047
2,A2,3,15395.688,332607.38,58449.56
2,A2,4,15429.041,332283.84,58972.008
2,A2,5,15575.032,332343.12,59363.1
2,A2,6,15558.189,332781.1,59627.043
2,A2,7,15475.4,332538.88,59578.766
2,A2,8,15495.281,332445.8,59629.484
2,A2,9,15723.754,332562.16,59418.938
2,A2,10,15771.151,332703.28,59692.074
2,A2,11,15927.803,333271.7,60026.42
2,A2,12,16022.17,333212.1,60596.953
2,A2,13,16006.147,333087.38,60376.934
2,A2,14,15958.403,333168.06,60398.816
2,A2,15,15985.678,333566.78,60696.324
2,A2,16,16025.827,333707.16,60665.31
2,A2,17,16367.33,333521.3,60759.1
2,A2,18,16468.035,333498.16,60698.645
2,A2,19,16645.213,333963,60733.02
2,A2,20,16850.475,334202.34,61305.91
2,A2,21,17407.445,334263.3,61683.094
2,A2,22,18561.238,334303.78,61539.492
2,A2,23,20706.287,334852.56,61025.406
2,A2,24,24562.227,334997.12,60399.266
2,A2,25,31947.996,334931.5,58561.42
2,A2,26,45236.742,334744.5,55238.605
2,A2,27,67093.67,334505.66,50113.145
2,A2,28,99193.98,334218.44,43844.496
2,A2,29,140157.1,333674.5,38328.26
2,A2,30,187866.05,333484.4,34190.08
2,A2,31,237942.12,333538.75,33600.438
2,A2,32,282226.53,333498.22,35849.18
2,A2,33,312720.3,333553.22,43874.008
2,A2,34,329815.88,333409.44,56875.676
2,A2,35,339393.6,333414.6,71700.555
2,A2,36,345595,334036.78,85852.27
2,A2,37,349644.56,334657.03,98783.05
2,A2,38,353146.62,334755.5,110680.09
2,A2,39,355778.3,334730.5,121658.55
2,A2,40,358029.1,335093,132549.23
2,A2,41,359931.75,335256.38,143409.53
2,A2,42,361442.5,335916.22,153322.69
2,A2,43,363099.06,336453.8,163231.28
2,A2,44,364244.47,337032.3,173571.58
2,A2,45,365562.88,337458.22,182204.58
3,A3,1,12254.121,318939.03,102687.16
3,A3,2,12388.447,319001.78,102927.4
3,A3,3,12435.196,318903.22,103204
3,A3,4,12551.319,318274.66,103876.984
3,A3,5,12628.856,318207.62,104043.24
3,A3,6,12591.589,318560.94,104406.88
3,A3,7,12497.054,318556.47,104514.37
3,A3,8,12456.592,318575.9,104698.125
3,A3,9,12557.613,318950.66,104685.055
3,A3,10,12602.39,319102.6,104442.516
3,A3,11,12693.664,319049.8,104350.52
3,A3,12,12727.492,318998.7,104704.54
3,A3,13,12704.755,319038.16,105122.03
3,A3,14,12790.657,319468.12,105528.54
3,A3,15,12893.214,319440.5,106127
3,A3,16,13010.259,319480.3,106562.98
3,A3,17,13042.028,320217.97,107067.055
3,A3,18,13022.393,320921.3,108505.78
3,A3,19,13069.66,321818.88,111116.53
3,A3,20,13248.44,323726.88,115720.1
3,A3,21,13347.802,327481,123897.86
3,A3,22,13343.89,335348.3,140610.5
3,A3,23,13276.791,351064.16,171680.47
3,A3,24,13361.888,378610.9,222980.27
3,A3,25,13472.401,417236.28,296528
3,A3,26,13658.426,459986.75,381719.94
3,A3,27,13793.564,497099.72,468298.28
3,A3,28,13850.684,524979.25,550617
3,A3,29,14309.234,545532.44,625831
3,A3,30,14410.188,560089.25,689729
3,A3,31,14665.902,572499.94,740204.2
3,A3,32,14960.277,582994.75,785391.75
3,A3,33,15119.071,591237.3,819729.5
3,A3,34,15332.966,598146.6,845815.3
3,A3,35,15343.517,602744.5,867850.5
3,A3,36,15448.132,607772,885988.06
3,A3,37,15690.221,611131.44,898788.9
3,A3,38,15743.765,615162.7,910132.1
3,A3,39,15757.448,617748.4,919739.4
3,A3,40,16010.009,620227.2,928640.7
3,A3,41,16096.732,622890.94,934352.1
3,A3,42,16274.823,624671.75,938450
3,A3,43,16481.354,626539.44,942540.5
3,A3,44,16527.213,627897.9,946948.5
3,A3,45,16634.295,629357.1,951226.8
4,A4,1,18262.836,342331.84,122365.375
4,A4,2,18206.518,342620.38,122681.66
4,A4,3,18206.648,342040.6,122677.65
4,A4,4,18319.96,341951.72,122559.53
4,A4,5,18349.309,342313.06,122474.305
4,A4,6,18484.969,342220.72,122459.26
4,A4,7,18606.627,342104.4,122722.59
4,A4,8,18653.006,342034.56,122999.7
4,A4,9,18594.52,341951.6,123161.21
4,A4,10,18559.062,341950.62,123170.81
4,A4,11,18622.787,342083.7,123178.664
4,A4,12,18489.355,342200.9,123471.81
4,A4,13,18445.586,342658.6,123720.914
4,A4,14,18628.223,342706.78,123663.01
4,A4,15,18872.46,342690.1,123697.73
4,A4,16,18868.537,342614.25,123944.76
4,A4,17,18838.031,342542.6,124037.96
4,A4,18,18873.883,342426.72,124148.55
4,A4,19,18801.062,342425.97,124202.836
4,A4,20,18816.912,342756.6,124131.45
4,A4,21,19191.457,342887,124248.71
4,A4,22,19367.186,342937.12,124414.3
4,A4,23,19708.816,343414.16,124979.24
4,A4,24,20227.84,343629.97,125179.016
4,A4,25,21353.61,343563.8,125875.34
4,A4,26,23459.94,343645.12,127389.87
4,A4,27,27165.342,344107.47,129306.13
4,A4,28,34485.96,344205.47,133711.08
4,A4,29,46032.492,344464.3,142103.86
4,A4,30,63770.477,344676.75,157554.69
4,A4,31,87209.19,345837.16,180515.53
4,A4,32,111114.68,346739.2,208088.7
4,A4,33,130836.7,347756.3,238759.66
4,A4,34,146607.06,348553.2,270004.38
4,A4,35,160131.55,349396.62,298054.28
4,A4,36,172328.11,350334,324988.78
4,A4,37,183606.62,351093.5,350303.78
4,A4,38,193474.61,351271.2,374904.03
4,A4,39,202789.31,351913.12,397299.34
4,A4,40,211786.9,352630.22,418597.2
4,A4,41,219611.44,353073.22,439687.66
4,A4,42,227266.95,353921.9,460152.12
4,A4,43,234346.34,354397.25,479570.62
4,A4,44,240591.42,354993.66,498762.53
4,A4,45,245599.03,355622.47,513475.5
5,A5,1,17150.957,339643.7,119351.73
5,A5,2,17168.883,339553.06,119560.2
5,A5,3,17160.951,339073.1,119862.445
5,A5,4,17164.166,338992.06,119868.81
5,A5,5,17212.465,339123.88,119955.06
5,A5,6,17220.83,339150.47,120018.41
5,A5,7,17282.457,339211.38,120127.99
5,A5,8,17301.666,339156.2,120354.49
5,A5,9,17355.682,339151.1,120508.95
5,A5,10,17327.398,339308.53,120605.945
5,A5,11,17316.7,339371.28,120381.305
5,A5,12,17407.363,339608.97,120295.28
5,A5,13,17433.613,339561.22,120574.77
5,A5,14,17580.598,339520.72,120859.84
5,A5,15,17557.55,339669.06,121111.31
5,A5,16,17553.42,339734.38,121347.05
5,A5,17,17752.443,340075.38,121532.78
5,A5,18,17858.404,340181.38,121668.234
5,A5,19,17966.57,340438.25,121909.016
5,A5,20,18002.65,340879.28,122568.1
5,A5,21,18025.121,341120.78,123840.336
5,A5,22,17982.57,341843.4,125495.15
5,A5,23,17897.213,343669.97,129511.484
5,A5,24,17829.25,347168.47,136689.94
5,A5,25,17904.38,353369.97,150221.16
5,A5,26,18059.564,365687.78,175823.95
5,A5,27,18209.17,389054.25,220003.17
5,A5,28,18276.252,424972.75,287449.9
5,A5,29,18437.008,470428.94,371567.28
5,A5,30,18790.496,513654.28,459591.8
5,A5,31,19184.012,545029.25,547333.6
5,A5,32,19277.223,567807.06,628656.44
5,A5,33,19207.27,586080.44,697290.56
5,A5,34,19349.588,599626.8,755156.5
5,A5,35,19457.56,610294.3,803118.94
5,A5,36,19595.117,619448.6,841327.1
5,A5,37,19805.88,628107.75,870567.25
5,A5,38,19728.844,634491,892759.06
5,A5,39,19761.656,639309.4,914400.44
5,A5,40,19992.172,642876,929585.9
5,A5,41,20031.088,647479.6,942686.94
5,A5,42,20021.65,649831.06,954798.1
5,A5,43,20156.01,651875.4,962557.1
5,A5,44,20105.072,654593.06,968472.44
5,A5,45,20267.615,656690.4,975391.7
6,A6,1,19136.166,353971.44,123782.55
6,A6,2,19269.55,353674.1,124083.56
6,A6,3,19319.395,353455.6,124224.234
6,A6,4,19295.69,353333.1,124323.625
6,A6,5,19378.354,353254.53,124292.52
6,A6,6,19383.54,353163.5,124051.586
6,A6,7,19397.408,353128.34,124028.28
6,A6,8,19388.46,353112.88,124387.24
6,A6,9,19348.102,353205.44,124412.42
6,A6,10,19391.812,353557.12,124326.12
6,A6,11,19466.965,353464.75,124285.01
6,A6,12,19592.383,353397.62,124545.67
6,A6,13,19571.75,353517.53,124872.836
6,A6,14,19587.197,353713.28,124828.41
6,A6,15,19530.65,353727.97,124713.93
6,A6,16,19561.248,353857.2,124711.05
6,A6,17,19796.799,353949.47,125094.98
6,A6,18,19797.824,353931.75,125080.01
6,A6,19,19797.941,354008.38,125116.19
6,A6,20,19948.584,354271.72,125518.93
6,A6,21,20005.219,354036.66,125552.414
6,A6,22,20026.705,354051.03,125700.84
6,A6,23,20083.652,354712.6,125671.41
6,A6,24,20666.59,354942.75,125569.89
6,A6,25,21287.674,354845.22,125711.02
6,A6,26,22540.697,354806.94,125849.13
6,A6,27,25085.824,355144.12,125768.35
6,A6,28,29909.52,355185.44,125813.99
6,A6,29,38699.094,355073.16,125942.266
6,A6,30,54350.3,355130.03,126173
6,A6,31,79056.516,355289.84,126462.99
6,A6,32,112468.51,355251.4,128223.04
6,A6,33,154613.88,355401.03,131673.02
6,A6,34,200452.27,355515,138440.38
6,A6,35,236106.73,355318.8,148058.89
6,A6,36,259256.8,355246.62,159714.56
6,A6,37,275231.8,355647.3,171040.45
6,A6,38,287603.3,355984.3,181662.81
6,A6,39,297694.72,356319.78,190859.5
6,A6,40,306466.47,356339.4,199394.27
6,A6,41,314518.1,356613.72,207731.86
6,A6,42,321891.3,356572.9,215699.36
6,A6,43,328678.22,356733.12,224104.86
6,A6,44,334662.7,357179.72,232722.42
6,A6,45,339807.1,357615.28,239582
7,A7,1,17637.107,350519.38,118327.76
7,A7,2,17604.34,350592.8,118309.195
7,A7,3,17632.195,350263.97,118303.375
7,A7,4,17805.578,350275.12,118242.56
7,A7,5,17789.578,350696.4,118118.33
7,A7,6,17749.111,350743.78,118172.61
7,A7,7,17756.729,350762.84,118485.945
7,A7,8,17776.646,350898.6,118434.56
7,A7,9,17963.293,351042,118452.32
7,A7,10,18035.572,350962,118842.29
7,A7,11,18007.68,350852.47,119051.13
7,A7,12,18043.688,350758.84,119119.25
7,A7,13,18036.695,350713.44,119213.375
7,A7,14,18136.143,350883.53,119334.73
7,A7,15,18123.883,351209.6,119290.95
7,A7,16,18201.111,351530.88,119290.93
7,A7,17,18303.479,352001.88,119429.14
7,A7,18,18279.959,351984.22,119456.86
7,A7,19,18325.363,351851.1,119735.12
7,A7,20,18258.6,351889.75,120168.68
7,A7,21,18235.605,352195.3,120334.664
7,A7,22,18439.79,352587.4,120242.21
7,A7,23,18463.732,352919.56,120449.16
7,A7,24,18595.316,353219.4,121511.305
7,A7,25,18653.768,354184.28,122792.72
7,A7,26,18664.895,355528.2,125297.305
7,A7,27,18618.344,357731.7,130216.25
7,A7,28,18775.99,363149.8,140067.1
7,A7,29,19163.348,372457.34,157998.98
7,A7,30,19408.434,390667.3,190280.22
7,A7,31,20017.139,420119.25,242287.1
7,A7,32,20904.586,457841.9,310188.53
7,A7,33,22016.242,495447.9,384872.72
7,A7,34,23083.055,523537.6,460514.25
7,A7,35,24247.994,544035.8,530734.9
7,A7,36,25506.287,560219.6,593355.56
7,A7,37,26557.992,573618.2,646989.56
7,A7,38,27332.34,584354.94,693876.1
7,A7,39,28209.924,592817.1,734922.3
7,A7,40,29141.928,600856.8,768248.1
7,A7,41,30077.928,607192.5,797834.25
7,A7,42,30794.338,612883.7,822579.9
7,A7,43,31466.795,618747.25,844321.8
7,A7,44,32345.916,623497.75,863561.7
7,A7,45,33010.03,626983,878769.7
8,A8,1,-2833.0542,1072.4218,-15503.485
8,A8,2,-2814.436,1120.7458,-15452.496
8,A8,3,-2548.1318,885.074,-14947.196
8,A8,4,-2285.5051,836.77563,-14568.231
8,A8,5,-2305.3967,947.6374,-14329.687
8,A8,6,-2374.5757,1060.3,-14276.232
8,A8,7,-2359.9373,1060.1113,-14164.865
8,A8,8,-2299.7378,1099.1632,-14318.839
8,A8,9,-2259.6152,1079.2926,-14356.759
8,A8,10,-2269.1787,1117.2339,-14024.955
8,A8,11,-2258.248,1212.6995,-13976.745
8,A8,12,-2312.827,1298.9215,-13736.591
8,A8,13,-2305.7883,1294.3475,-13592.332
8,A8,14,-2221.7156,1153.0854,-13676.572
8,A8,15,-2268.2605,1110.3684,-13698.854
8,A8,16,-2323.259,1220.2668,-13642.535
8,A8,17,-2265.3625,1195.8809,-13313.394
8,A8,18,-2239.7388,1114.1694,-13256.093
8,A8,19,-2173.8599,916.2783,-13320.769
8,A8,20,-2323.1887,914.34534,-13285.39
8,A8,21,-2400.8516,1123.5665,-13203.793
8,A8,22,-2327.2976,1045.3588,-13198.031
8,A8,23,-2273.2446,986.4194,-12830.13
8,A8,24,-2300.6296,998.06744,-12868.0625
8,A8,25,-2195.1243,969.79004,-12992.726
8,A8,26,-2067.3672,968.14325,-13055.541
8,A8,27,-2160.7542,1010.56635,-12929.079
8,A8,28,-2249.2812,937.74506,-12604.838
8,A8,29,-2227.2256,945.3021,-12625.119
8,A8,30,-2103.1882,1135.5956,-12719.973
8,A8,31,-1970.9583,1168.4373,-12806.211
8,A8,32,-2058.308,1275.3848,-12575.623
8,A8,33,-2142.1448,1320.1722,-12339.411
8,A8,34,-2118.3433,1268.2573,-11892.814
8,A8,35,-2094.7307,1228.6235,-11851.17
8,A8,36,-1950.8608,1246.6344,-11761.714
8,A8,37,-2077.9607,1499.0526,-11578.848
8,A8,38,-2134.101,1457.0143,-11548.59
8,A8,39,-1993.9465,1347.4336,-11486.686
8,A8,40,-2169.6313,1343.303,-11561.187
8,A8,41,-2254.1562,1600.8324,-11374.308
8,A8,42,-2118.3596,1585.9644,-11399.9795
8,A8,43,-1966.038,1414.9825,-11237.071
8,A8,44,-1865.2444,1308.5463,-11220.455
8,A8,45,-1924.6932,1246.3696,-11394.424
9,A9,1,14607.787,330681.7,105600.11
9,A9,2,14572.381,330546.7,105741.56
9,A9,3,14515.154,330446.47,106496.625
9,A9,4,14530.977,330565.72,106620.44
9,A9,5,14667.395,330442.4,106784.36
9,A9,6,14770.956,330186.16,107029.68
9,A9,7,14791.929,329594.4,107051.81
9,A9,8,14928.018,329474.72,107189.74
9,A9,9,14873.353,329623.1,107287.055
9,A9,10,14829.365,329946.16,107247.54
9,A9,11,14920.305,330356,107408.87
9,A9,12,14980.849,330365.62,107466.38
9,A9,13,14988.55,330315.66,107703.9
9,A9,14,14994.929,330358.2,107709.07
9,A9,15,14993.727,330825.25,107893.24
9,A9,16,15169.052,331110.1,107842.94
9,A9,17,15175.776,331071.3,108016.49
9,A9,18,15155.999,331175.5,108581.086
9,A9,19,15236.879,331435.6,108829.04
9,A9,20,15326.42,331522.97,108828.82
9,A9,21,15356.85,331725.75,108940.805
9,A9,22,15341.721,331825.75,109003.4
9,A9,23,15317.785,331863,109324.16
9,A9,24,15479.41,332064.7,109998.02
9,A9,25,15455.582,333055.88,111168.6
9,A9,26,15505.871,334192.62,113481.83
9,A9,27,15662.16,336291.5,118574.96
9,A9,28,15666.144,340688.03,127573.72
9,A9,29,15549.707,350008.53,144719.36
9,A9,30,15542.049,368063.97,175642.55
9,A9,31,15900.729,398264.62,226870.17
9,A9,32,15988.75,438302.5,296329.47
9,A9,33,16173.294,480699.7,372987.88
9,A9,34,16276.855,513599.56,451446.8
9,A9,35,16262.444,536037.2,525497.6
9,A9,36,16375.453,552955.2,589586.75
9,A9,37,16326.994,567288.2,643249.2
9,A9,38,16374.386,576967.5,686468.56
9,A9,39,16614.39,584052.7,722569.44
9,A9,40,16774.682,591572.75,753153.06
9,A9,41,16811.184,598316.6,778244.8
9,A9,42,16749.52,602581.06,800236.56
9,A9,43,16827.816,606623.6,816850.6
9,A9,44,16959.799,610303.56,831356.1
9,A9,45,16952.04,613430.94,843920.06
10,A10,1,-933.6333,170.51784,-12746.304
10,A10,2,-1028.9968,162.28926,-12683.134
10,A10,3,-1057.6305,116.138565,-12549.462
10,A10,4,-919.5717,102.568924,-12332.716
10,A10,5,-881.48535,197.63844,-12343.264
10,A10,6,-893.5028,141.16653,-12410.401
10,A10,7,-879.542,-38.76211,-12416.932
10,A10,8,-991.67676,-78.053406,-12168.3
10,A10,9,-1034.0149,-3.7494252,-11933.161
10,A10,10,-1004.9198,209.94122,-11865.242
10,A10,11,-1050.8502,221.31912,-11897.677
10,A10,12,-1041.8689,220.73117,-11774.914
10,A10,13,-885.1979,190.52676,-11767.673
10,A10,14,-869.43555,56.740814,-11773.866
10,A10,15,-872.4158,49.82347,-11549.215
10,A10,16,-799.7909,230.4673,-11583.448
10,A10,17,-679.6601,251.35564,-11705.211
10,A10,18,-839.95795,253.22417,-11748.372
10,A10,19,-904.9253,106.523865,-11654.352
10,A10,20,-819.96106,95.40474,-11678.674
10,A10,21,-762.59015,248.80515,-11583.099
10,A10,22,-810.05597,42.985455,-11576.112
10,A10,23,-876.2045,-14.445313,-11425.211
10,A10,24,-890.8742,72.097206,-11313.215
10,A10,25,-763.98145,76.49669,-11392.928
10,A10,26,-808.9679,59.340527,-11435.5625
10,A10,27,-1071.7582,53.44347,-11435.801
10,A10,28,-1085.6315,131.88873,-11411.679
10,A10,29,-859.4056,147.59279,-11440.418
10,A10,30,-747.88855,239.09798,-11349.027
10,A10,31,-760.50366,182.99367,-11389.014
10,A10,32,-918.97235,136.34586,-11309.068
10,A10,33,-1016.21326,187.83975,-11274.962
10,A10,34,-1049.6686,265.64148,-11170.258
10,A10,35,-1035.1075,253.37524,-11055.125
10,A10,36,-1016.35175,328.3463,-10860.811
10,A10,37,-1023.6636,433.3605,-10872.012
10,A10,38,-1000.3059,407.0555,-10658.416
10,A10,39,-792.2185,339.29095,-10360.937
10,A10,40,-712.98096,290.74487,-10437.316
10,A10,41,-833.842,335.98578,-10580.117
10,A10,42,-897.6651,359.23798,-10649.884
10,A10,43,-863.0626,338.34103,-10408.324
10,A10,44,-809.1643,415.5307,-10367.248
10,A10,45,-841.47955,382.8218,-10497.5625
11,A11,1,17590.633,339735.06,133423.28
11,A11,2,17597.781,339604.2,133499.23
11,A11,3,17705.951,339496.4,133575.5
11,A11,4,17805.518,339568.7,133857.08
11,A11,5,17819.322,339516.72,133913.8
11,A11,6,17799.898,339081.75,133954.72
11,A11,7,17850.229,338861.94,133945.62
11,A11,8,17816.566,338838.6,134038.02
11,A11,9,17760.674,338964.34,134657.08
11,A11,10,17775.115,339288.5,134791.88
11,A11,11,18007.57,339128.88,134737.4
11,A11,12,18123.633,339103.28,134848.77
11,A11,13,18123.146,339457.72,134705.72
11,A11,14,18168.404,339804.78,134656.9
11,A11,15,18211.924,339857.12,135005.38
11,A11,16,18254.38,340129.56,135198.4
11,A11,17,18300.137,340351.47,135265.67
11,A11,18,18275.758,340341.06,135332.89
11,A11,19,18388,340410.47,135331.73
11,A11,20,18459.87,340595.94,135602.7
11,A11,21,18509.469,340544.28,135581.66
11,A11,22,18556.152,340539.88,135508.89
11,A11,23,18615.023,340571.9,135820.9
11,A11,24,18610.787,340815,136155.64
11,A11,25,18810.514,340976.9,136193.12
11,A11,26,18782.049,341189.5,136691.56
11,A11,27,18767.719,341626.47,137919.64
11,A11,28,18777.84,342194.2,139311.03
11,A11,29,18933.139,343143.7,142219
11,A11,30,19108.193,345049.38,147962.66
11,A11,31,19030.877,348912.47,158917.31
11,A11,32,18941.902,356035.9,179583.06
11,A11,33,18997.64,369990.12,215657.75
11,A11,34,19166.32,392754.56,270653.44
11,A11,35,19218.697,421952.1,337272.4
11,A11,36,19396.33,451246.12,408613.8
11,A11,37,19425.703,473808.53,476972.2
11,A11,38,19491.855,489934.16,537594.06
11,A11,39,19506.836,502886.34,590668.25
11,A11,40,19625.604,514640.47,636114.8
11,A11,41,19710.883,523513.38,676653.2
11,A11,42,19660.105,530491.2,711616.1
11,A11,43,19865.408,537197.7,742469.1
11,A11,44,20065.47,542855.25,770242.44
11,A11,45,20002.178,548956.2,790955.2
12,A12,1,-451.54034,-1131.9958,-9422.464
12,A12,2,-507.36536,-1230.6926,-9403.127
12,A12,3,-562.7316,-1275.6168,-9160.51
12,A12,4,-494.58878,-1176.986,-9018.325
12,A12,5,-265.23444,-1064.7493,-9067.967
12,A12,6,-432.09695,-943.7087,-9208.123
12,A12,7,-513.69055,-983.4019,-9180.017
12,A12,8,-464.94214,-1075.1156,-8822.772
12,A12,9,-397.3187,-1133.0706,-8753.98
12,A12,10,-428.19638,-1164.5183,-8667.18
12,A12,11,-512.441,-1233.6409,-8622.652
12,A12,12,-665.89606,-1225.134,-8625.001
12,A12,13,-669.8121,-1039.2743,-8679.953
12,A12,14,-532.48444,-994.5834,-8632.799
12,A12,15,-491.39676,-1012.91736,-8573.48
12,A12,16,-468.01407,-1046.886,-8463.253
12,A12,17,-467.86316,-1091.4395,-8504.995
12,A12,18,-404.21182,-1120.4972,-8470.29
12,A12,19,-333.41803,-1069.444,-8364.853
12,A12,20,-372.74945,-1092.7489,-8288.765
12,A12,21,-458.77258,-1136.8873,-8238.222
12,A12,22,-599.6601,-1106.1707,-8322.543
12,A12,23,-620.4713,-1001.1425,-8429.479
12,A12,24,-515.4248,-1086.7642,-8501.624
12,A12,25,-480.30008,-1119.3729,-8383.405
12,A12,26,-339.83047,-1016.95135,-8230.055
12,A12,27,-412.9647,-1061.6,-8315.451
12,A12,28,-609.61426,-1100.4293,-8519.785
12,A12,29,-646.9458,-1048.6284,-8538.979
12,A12,30,-571.1933,-1091.7535,-8162.048
12,A12,31,-545.70325,-1198.5447,-8040.98
12,A12,32,-428.99622,-1325.009,-7956.6416
12,A12,33,-424.49658,-1312.4921,-7942.5625
12,A12,34,-373.93552,-1152.3112,-8011.08
12,A12,35,-350.98608,-1108.1316,-7927.667
12,A12,36,-376.1522,-950.0961,-7862.2476
12,A12,37,-349.1043,-902.1065,-7703.7886
12,A12,38,-282.54614,-976.4264,-7602.1206
12,A12,39,-371.71088,-983.12585,-7409.1997
12,A12,40,-440.0424,-789.67004,-7330.6157
12,A12,41,-462.78018,-850.2566,-7255.799
12,A12,42,-513.8042,-904.0365,-7160.6274
12,A12,43,-581.1602,-828.00226,-7047.8506
12,A12,44,-598.2833,-883.67883,-7126.0513
12,A12,45,-521.71387,-954.8644,-7272.489
13,A13,1,18102.395,341931.94,127641.12
13,A13,2,18044.94,341963.47,127685.84
13,A13,3,18065.828,342296.62,128169.54
13,A13,4,18262.627,342395.75,128261.78
13,A13,5,18306.81,342582.75,128229.83
13,A13,6,18425.002,342321.72,128367.97
13,A13,7,18368.852,342192.4,128407.6
13,A13,8,18190.752,342156.9,128396.766
13,A13,9,18203.559,342142.72,128599.16
13,A13,10,18510.232,342272.28,128869.195
13,A13,11,18580.527,342380.7,128953.19
13,A13,12,18643.18,342372.47,128935.6
13,A13,13,18575.59,342446.16,129173.35
13,A13,14,18461.04,342962.3,129209.16
13,A13,15,18448.725,343097.9,129132.76
13,A13,16,18695.574,343255.44,129283.95
13,A13,17,18809.459,343572.25,129583.69
13,A13,18,18743.74,343847.53,129732.23
13,A13,19,18663.889,343758.62,129960.49
13,A13,20,18622.09,343475.1,130013.15
13,A13,21,18798.691,343462.16,130083.336
13,A13,22,19064.344,344071.97,130153.71
13,A13,23,19117.855,344442.1,130218.92
13,A13,24,19147.01,344708.56,130249.26
13,A13,25,19071.115,344884.38,130547
13,A13,26,19050.457,345016.84,131029.91
13,A13,27,19100.22,345441.12,131711.05
13,A13,28,19083.805,346164.25,133020.06
13,A13,29,19069.432,347330.53,135342.16
13,A13,30,19324.63,349178.72,139997.31
13,A13,31,19331.135,353327.12,148875.9
13,A13,32,19293.506,361240.4,166229.67
13,A13,33,19428.332,376807.56,196916.53
13,A13,34,19417.023,401083.38,244274.47
13,A13,35,19484.387,432222.8,301143.84
13,A13,36,19654.072,460727.75,363638.28
13,A13,37,19743.91,482567.72,424472.75
13,A13,38,19660.447,497741.62,478336.22
13,A13,39,19620.953,508853.25,526025.9
13,A13,40,19756.297,518302.2,569890.75
13,A13,41,19876.828,526926.5,609814.75
13,A13,42,19833.303,534702.56,643707.25
13,A13,43,19935.318,541366.06,674398.06
13,A13,44,19854.006,546361.75,702862.2
13,A13,45,19800.01,552246.44,724693.94
14,A14,1,-341.89163,737.6488,-2323.8914
14,A14,2,-363.97983,743.65375,-2316.0298
14,A14,3,-391.3399,817.55005,-2135.9915
14,A14,4,-400.68222,838.50195,-1785.3466
14,A14,5,-314.77194,888.0761,-1701.9191
14,A14,6,-379.0027,890.5101,-1565.1129
14,A14,7,-398.8935,924.6843,-1606.3458
14,A14,8,-287.83655,797.118,-1608.4846
14,A14,9,-368.6921,749.2706,-1388.8447
14,A14,10,-416.16013,782.44055,-1329.1493
14,A14,11,-329.33,910.62177,-1354.9034
14,A14,12,-184.97668,878.8591,-1173.5521
14,A14,13,-190.25822,786.6307,-1137.2769
14,A14,14,-186.39392,769.97644,-1240.2563
14,A14,15,-228.31892,826.6453,-1348.8081
14,A14,16,-241.4356,847.7313,-1362.5812
14,A14,17,-267.06403,952.79144,-1045.2905
14,A14,18,-199.16254,951.274,-953.40497
14,A14,19,-187.20613,984.6806,-998.16077
14,A14,20,-244.98386,1024.5095,-1035.1116
14,A14,21,-299.73315,938.1312,-1000.1726
14,A14,22,-360.66867,825.5907,-948.3066
14,A14,23,-373.71445,790.9093,-967.1738
14,A14,24,-240.47366,808.85596,-917.63434
14,A14,25,-222.73694,786.4554,-722.4293
14,A14,26,-250.83537,770.16547,-777.1592
14,A14,27,-186.23341,787.1784,-815.94086
14,A14,28,-207.46094,797.5282,-774.5858
14,A14,29,-188.09317,876.2141,-664.5093
14,A14,30,-212.5106,873.6734,-667.9708
14,A14,31,-267.8691,897.07776,-693.33514
14,A14,32,-293.93857,920.7618,-775.7095
14,A14,33,-318.6862,901.8049,-665.1582
14,A14,34,-312.66043,936.5423,-444.233
14,A14,35,-550.403,1097.7916,-449.00775
14,A14,36,-567.1345,1091.8767,-300.13773
14,A14,37,-336.87198,1053.5946,-231.0243
14,A14,38,-167.41898,919.8872,-16.303122
14,A14,39,-181.00587,847.37494,-71.96052
14,A14,40,-300.5205,792.5707,-53.555935
14,A14,41,-352.39282,809.0392,1.2081693
14,A14,42,-308.85312,971.58875,-22.601358
14,A14,43,-352.2689,997.6394,259.96167
14,A14,44,-461.35373,1087.2013,264.28238
14,A14,45,-511.97516,1125.3568,255.63304
15,A15,1,17805.127,345392.84,129110.77
15,A15,2,17804.166,345088.44,128962.87
15,A15,3,17860.531,344762.94,128832.01
15,A15,4,17873.588,344530.9,128871.17
15,A15,5,17920.33,344161.22,129089.62
15,A15,6,17796.387,343863,129114.11
15,A15,7,17815.582,343811.84,129141.25
15,A15,8,18038.93,343906.38,129118.62
15,A15,9,18047.408,344157.47,129154.3
15,A15,10,18002.545,344216.88,129216.16
15,A15,11,18005.275,344377.38,129335.22
15,A15,12,18007.53,344407.4,129318
15,A15,13,18128.129,344559.56,129388.125
15,A15,14,18142.037,344568.75,129919.58
15,A15,15,18287.535,344672.4,130083.67
15,A15,16,18472.207,344609.78,130162.46
15,A15,17,18475.783,344625.88,130231.97
15,A15,18,18598.71,345060,130204.54
15,A15,19,18688.016,345224.53,130258.34
15,A15,20,18626.836,345232.25,130459.06
15,A15,21,18554.816,345566.44,130457.39
15,A15,22,18597.527,345681.8,130637.99
15,A15,23,18613.516,345535.88,130696.81
15,A15,24,18722.809,345504.88,130580.24
15,A15,25,18722.541,345887.75,130648.75
15,A15,26,18763.062,345940.97,131236
15,A15,27,18829.342,346165.5,131357.61
15,A15,28,18815.375,346201.06,131505.2
15,A15,29,18841.416,346320.97,131904.38
15,A15,30,19021.494,346702.7,132818.67
15,A15,31,18998.338,347203,134654.36
15,A15,32,19044.617,348386.97,137777.53
15,A15,33,19022.29,350527.84,143619.64
15,A15,34,18979.854,354348.25,154841.33
15,A15,35,19182.393,360645.22,173735.88
15,A15,36,19308.682,371083.4,199990.44
15,A15,37,19419.42,382155.34,232082.84
15,A15,38,19392.494,391651.4,266890.3
15,A15,39,19316.684,398669.97,301745.62
15,A15,40,19402.023,404459.03,334940.72
15,A15,41,19534.54,409462.94,367186.94
15,A15,42,19665.426,413044.72,397534.6
15,A15,43,19613.787,416842.66,426208.25
15,A15,44,19711.086,420576.25,454852.06
15,A15,45,19800.412,423128.66,479021.25
16,A16,1,-384.58206,322.9921,-1716.0925
16,A16,2,-391.1805,303.1574,-1623.8392
16,A16,3,-492.89462,274.73438,-1533.4983
16,A16,4,-510.36386,260.63272,-1581.1425
16,A16,5,-390.86725,320.7903,-1580.4656
16,A16,6,-414.3142,300.70874,-1401.349
16,A16,7,-547.3161,278.28226,-1620.8538
16,A16,8,-562.5194,255.2678,-1724.6163
16,A16,9,-441.80652,254.1299,-1722.4381
16,A16,10,-421.59302,372.91757,-1803.0004
16,A16,11,-388.455,406.78607,-1842.0126
16,A16,12,-587.46027,377.1392,-1801.3794
16,A16,13,-610.6553,396.09183,-1811.1941
16,A16,14,-480.23276,406.4224,-1771.4637
16,A16,15,-471.2463,493.73154,-1775.9811
16,A16,16,-449.34082,373.7186,-1782.4148
16,A16,17,-455.90637,316.0297,-1670.2272
16,A16,18,-480.45544,348.13345,-1738.091
16,A16,19,-538.6946,289.40768,-1963.7821
16,A16,20,-580.39496,274.5101,-1981.1488
16,A16,21,-616.8739,384.02875,-1822.4634
16,A16,22,-600.50214,331.5413,-1771.2084
16,A16,23,-477.42398,153.23067,-1785.3964
16,A16,24,-477.9395,166.55728,-1693.2255
16,A16,25,-490.98557,402.3243,-1568.1603
16,A16,26,-419.99084,470.7568,-1558.6158
16,A16,27,-467.26718,444.3838,-1652.1559
16,A16,28,-507.30392,428.72565,-1672.4075
16,A16,29,-490.28284,380.57425,-1545.8116
16,A16,30,-485.54144,272.92807,-1704.2833
16,A16,31,-519.13025,164.9777,-1748.4465
16,A16,32,-549.8622,155.11644,-1598.1577
16,A16,33,-549.733,239.83118,-1631.6827
16,A16,34,-501.40118,233.87541,-1637.6067
16,A16,35,-517.24854,237.92546,-1431.9277
16,A16,36,-499.92358,292.82425,-1426.6421
16,A16,37,-392.65067,339.13892,-1398.2886
16,A16,38,-374.31253,395.3757,-1367.0519
16,A16,39,-414.2205,467.21152,-1252.2283
16,A16,40,-470.75064,527.9977,-1205.26
16,A16,41,-511.09918,424.55804,-1240.4851
16,A16,42,-523.85095,300.2332,-1240.9338
16,A16,43,-531.3695,267.04095,-964.9672
16,A16,44,-473.83844,349.48138,-961.21106
16,A16,45,-489.62064,402.44037,-1058.2446
17,A17,1,16953.838,334365.84,131010.88
17,A17,2,17001.309,334332.16,131054.71
17,A17,3,17114.273,334319.22,131113.16
17,A17,4,17128.541,334293.78,131385.47
17,A17,5,17095.178,334285.6,131540.3
17,A17,6,17071.8,333764.62,131542.19
17,A17,7,17139.004,333742.34,131662.75
17,A17,8,17183.695,334244.72,131620.25
17,A17,9,17222.5,334509.44,131558.5
17,A17,10,17384.473,334700.56,131601.08
17,A17,11,17407.445,334691.5,131639.25
17,A17,12,17363.871,334636.97,131965.31
17,A17,13,17323.043,334758.94,132136.44
17,A17,14,17376.443,334872.66,132473.02
17,A17,15,17327.684,335213.75,132469.05
17,A17,16,17310.877,335197.03,132457.16
17,A17,17,17473.033,335194.9,132418.12
17,A17,18,17491.305,335310.6,132611.98
17,A17,19,17598.223,335308.3,132699.7
17,A17,20,17588.648,335574,132660.48
17,A17,21,17666.797,335683.28,132591.58
17,A17,22,17691.947,335664.72,132793.7
17,A17,23,17773.42,335758.4,133081.45
17,A17,24,17809.404,335802.78,133246.88
17,A17,25,17890.045,336265.1,133325.88
17,A17,26,17856.09,336252.16,133518.81
17,A17,27,17960.98,336279.47,133738.11
17,A17,28,18105.643,336618.03,133875.84
17,A17,29,18057.414,336773.66,134661.17
17,A17,30,18039.893,337188.7,135607.06
17,A17,31,18021.11,337501.5,137013.27
17,A17,32,18241.338,338193.44,139796
17,A17,33,18258.117,340003,145457
17,A17,34,18202.938,343121.62,156151.17
17,A17,35,18208.945,347686,174071.94
17,A17,36,18203.03,355507.5,199009.95
17,A17,37,18419.557,363552.22,228970.5
17,A17,38,18384.021,370679.4,261040.17
17,A17,39,18403.06,376390.97,292272.53
17,A17,40,18576.107,380487.66,321956.03
17,A17,41,18713.695,383533.22,351012.66
17,A17,42,18635.793,386489.22,378718.88
17,A17,43,18603.139,389385.4,404846.6
17,A17,44,18850.19,391756.3,431023.28
17,A17,45,18955.422,393694.8,452506.1
18,A18,1,-295.6553,849.88654,-6771.6123
18,A18,2,-332.15118,831.80774,-6590.063
18,A18,3,-348.65475,827.4341,-6388.2754
18,A18,4,-222.98058,885.63354,-6416.108
18,A18,5,-196.32384,870.7792,-6429.359
18,A18,6,-258.403,874.72986,-6426.164
18,A18,7,-349.23752,862.9277,-6513.0483
18,A18,8,-369.5811,831.2171,-6511.0845
18,A18,9,-311.80136,764.2026,-6196.2637
18,A18,10,-487.36652,759.04095,-6074.3813
18,A18,11,-496.69446,861.0118,-6117.8584
18,A18,12,-301.52927,876.5318,-6077.496
18,A18,13,-220.87418,958.7755,-6116.0093
18,A18,14,-372.3187,936.9161,-6129.7944
18,A18,15,-418.14963,730.2805,-5885.4517
18,A18,16,-348.27066,712.4697,-5943.5273
18,A18,17,-340.13626,862.59656,-6045.7905
18,A18,18,-258.31204,906.5524,-6051.1406
18,A18,19,-242.42683,890.0725,-6081.0835
18,A18,20,-253.88719,950.21136,-5967.3545
18,A18,21,-139.25269,977.82275,-5892.462
18,A18,22,-101.76801,960.00745,-5847.058
18,A18,23,-149.96208,916.4656,-5778.9707
18,A18,24,-169.28313,897.49915,-5822.8745
18,A18,25,-195.16585,876.3418,-5705.302
18,A18,26,-276.25006,941.992,-5561.2314
18,A18,27,-312.3791,1010.90985,-5601.107
18,A18,28,-255.0411,982.87476,-5526.9854
18,A18,29,-287.32462,968.66797,-5528.9624
18,A18,30,-295.74826,1091.9263,-5619.24
18,A18,31,-164.05316,1072.6782,-5628.119
18,A18,32,-194.7549,1044.7147,-5667.0894
18,A18,33,-293.73975,1083.7395,-5497.916
18,A18,34,-330.5671,1121.2089,-5424.066
18,A18,35,-270.8773,1011.82947,-5294.3794
18,A18,36,-266.88605,981.8928,-5151.016
18,A18,37,-230.05486,1132.6057,-5058.916
18,A18,38,-258.75452,1155.4346,-5091.6807
18,A18,39,-277.58176,1153.2991,-5098.0835
18,A18,40,-345.20438,1180.7275,-5066.7085
18,A18,41,-381.85226,1119.0438,-5002.883
18,A18,42,-355.7342,1062.8125,-4904.7065
18,A18,43,-332.58423,1084.8345,-4955.937
18,A18,44,-167.02959,1062.6327,-4882.7163
18,A18,45,-172.35011,1008.3618,-4867.2505
19,A19,1,17625.5,341030.38,128343.87
19,A19,2,17616.518,341188.6,128590.31
19,A19,3,17644.764,341754.78,128937.13
19,A19,4,17653.104,341792.8,129113.84
19,A19,5,17715.701,341684.7,128946.5
19,A19,6,17591.658,341687.47,128947.29
19,A19,7,17575.297,341935.75,129414.56
19,A19,8,17671.654,342043.56,129473.25
19,A19,9,17552.049,342275.6,129525.195
19,A19,10,17562.812,342496.03,129681.94
19,A19,11,17791.736,342707.1,129890.51
19,A19,12,17920.254,342720.72,130008.82
19,A19,13,17917.713,342947.84,130475.15
19,A19,14,17998.51,343281.25,130906.51
19,A19,15,17955.533,343668.56,131620.39
19,A19,16,17949.535,344774.97,133073.92
19,A19,17,18199.271,346620.03,135630.1
19,A19,18,18335.07,349493.16,141126.38
19,A19,19,18288.256,354809.22,151293.2
19,A19,20,18248.219,365531.88,170350.95
19,A19,21,18355.938,385916.84,205279.36
19,A19,22,18440.955,419186.1,261051.2
19,A19,23,18647.477,461391.1,333112.72
19,A19,24,18957.377,504091.6,404722.62
19,A19,25,19049.428,535593.9,474298.56
19,A19,26,19086.809,558796.25,538822.2
19,A19,27,19247.871,577507.06,595014
19,A19,28,19406.93,591130.94,642091.25
19,A19,29,19618.277,601832.8,683522
19,A19,30,19570.314,612405.2,719322.2
19,A19,31,19455.018,620308.25,747608.6
19,A19,32,19557.05,627657.06,775227.6
19,A19,33,19792.723,634268.56,799927
19,A19,34,19845.504,639911.44,819484.06
19,A19,35,19868.135,644139.25,835769.3
19,A19,36,19854.043,648510.6,852177.6
19,A19,37,19953.09,651692.94,865587.25
19,A19,38,19998.568,655051.4,877573.75
19,A19,39,20222.143,657547.7,887630.5
19,A19,40,20145.582,659422.9,896299.8
19,A19,41,20069.475,660945.8,904604.75
19,A19,42,20067.43,663045,911372.7
19,A19,43,20284.963,664383.1,919173.5
19,A19,44,20241.404,665621.8,923062.6
19,A19,45,20326.164,667505.25,926444.25
20,A20,1,-350.83548,719.21423,-2329.819
20,A20,2,-352.06415,715.5225,-2211.18
20,A20,3,-303.0475,590.20447,-2134.1409
20,A20,4,-359.34998,540.66504,-2151.305
20,A20,5,-362.7516,524.78796,-2044.6515
20,A20,6,-241.68376,521.4324,-1907.4762
20,A20,7,-203.0391,545.0301,-1852.7004
20,A20,8,-289.03592,543.081,-1785.3586
20,A20,9,-332.2283,562.3178,-1650.5746
20,A20,10,-330.90363,581.2678,-1424.8472
20,A20,11,-326.4993,643.1236,-1418.8984
20,A20,12,-244.44746,656.772,-1478.8733
20,A20,13,-241.13542,538.2762,-1385.2605
20,A20,14,-192.44102,524.25323,-1395.5262
20,A20,15,-190.91447,597.2341,-1452.4128
20,A20,16,-268.9986,609.52454,-1446.507
20,A20,17,-313.20645,664.5993,-1251.5013
20,A20,18,-332.7579,644.63806,-1284.7522
20,A20,19,-404.7418,609.29425,-1356.4993
20,A20,20,-404.78427,578.6695,-1232.5172
20,A20,21,-315.67993,559.999,-1162.5927
20,A20,22,-266.3468,541.3679,-1210.229
20,A20,23,-257.61716,539.75494,-1247.4456
20,A20,24,-275.68097,593.35706,-1166.2656
20,A20,25,-229.76596,607.9071,-981.18475
20,A20,26,-182.38087,587.87573,-894.8933
20,A20,27,-217.78958,604.54846,-580.06104
20,A20,28,-268.05307,768.8216,-536.2378
20,A20,29,-288.7381,829.4701,-607.6052
20,A20,30,-234.5308,839.0012,-507.5258
20,A20,31,-244.92923,834.40497,-424.30258
20,A20,32,-275.9981,839.67554,-488.2183
20,A20,33,-265.2957,885.02057,-512.02057
20,A20,34,-258.73154,950.78564,-328.47144
20,A20,35,-221.95053,954.3748,-190.88127
20,A20,36,-236.37808,883.3707,-64.57839
20,A20,37,-330.46387,848.4548,-158.42036
20,A20,38,-348.617,908.46204,-188.32355
20,A20,39,-268.64478,775.2142,-134.77281
20,A20,40,-281.91528,756.5044,2.0413473
20,A20,41,-313.15558,964.0935,10.062388
20,A20,42,-326.37863,993.7279,57.91369
20,A20,43,-259.79333,1011.66876,129.75523
20,A20,44,-205.90106,1027.4943,68.49829
20,A20,45,-231.57707,974.9601,211.40085
21,A21,1,16987.234,350137.06,130611.72
21,A21,2,17084.467,350185.62,130882.54
21,A21,3,17269.635,350562.1,131395.75
21,A21,4,17245.299,351033.25,131704.33
21,A21,5,17198.266,351251.3,131375.19
21,A21,6,17245.799,351227.75,131356.86
21,A21,7,17376.664,351385.2,131968.98
21,A21,8,17415.662,351650.8,132027.8
21,A21,9,17440.27,351615.9,131996.92
21,A21,10,17399.807,351552.1,132390.78
21,A21,11,17462.664,351778.22,132584.58
21,A21,12,17588.514,352002,132565.16
21,A21,13,17578.629,352336.47,132719.08
21,A21,14,17661.719,352799.78,132881.62
21,A21,15,17623.562,352925,133061.08
21,A21,16,17559.393,353221.28,133140.67
21,A21,17,17650.938,353491.88,133372.33
21,A21,18,17821.496,353456.03,133583.64
21,A21,19,17875.797,353482.6,133907.64
21,A21,20,17892.871,353890.94,134191.22
21,A21,21,17906.332,354363.78,134696.9
21,A21,22,18001.787,354926.38,135607.55
21,A21,23,18051.854,355848.2,137215.4
21,A21,24,18033.158,357677.2,140507.81
21,A21,25,18106.8,361082.47,147051.05
21,A21,26,18179.762,367732.4,159208.19
21,A21,27,18181.393,381136.06,182163.03
21,A21,28,18211.266,405185,222778.7
21,A21,29,18317.488,442169.12,285398.22
21,A21,30,18371.934,485582.53,359003.4
21,A21,31,18338.557,525872.94,430834.38
21,A21,32,18473.873,554610.9,500543.1
21,A21,33,18628.104,576689.4,562493.94
21,A21,34,18568.594,593192.6,616450.9
21,A21,35,18499.867,606354.1,662742.44
21,A21,36,18621.158,617107.25,701979.56
21,A21,37,18783.777,626522.9,735416.9
21,A21,38,18821.113,634778.3,764205
21,A21,39,18871.346,641490.2,789988.5
21,A21,40,18887.678,647208.75,810986.75
21,A21,41,18863.916,652182.9,828793.9
21,A21,42,18845.268,656277.75,845885.8
21,A21,43,18848.213,660843.75,860394.7
21,A21,44,19051.05,664409.75,872505
21,A21,45,19099.697,666542.3,880658.25
22,A22,1,5.357539,1008.23364,1991.4158
22,A22,2,82.28444,995.6366,2077.881
22,A22,3,85.02586,1033.8077,2169.6865
22,A22,4,67.78201,1036.1758,2169.8862
22,A22,5,54.80155,1035.2668,2300.3176
22,A22,6,121.63328,1059.673,2435.643
22,A22,7,142.83092,1058.2246,2486.341
22,A22,8,139.67566,1040.2406,2628.6116
22,A22,9,126.67433,1070.8713,2729.8567
22,A22,10,201.22987,933.3684,2767.9805
22,A22,11,175.48048,889.22473,2694.7676
22,A22,12,145.45204,948.05457,2625.9666
22,A22,13,132.0985,987.59045,2518.2788
22,A22,14,100.75546,936.8633,2479.3474
22,A22,15,118.325226,916.06915,2644.8425
22,A22,16,130.0084,988.849,2713.41
22,A22,17,118.120605,1058.0896,2810.3079
22,A22,18,169.04893,1075.1666,2759.7935
22,A22,19,72.71205,1004.89404,2720.2273
22,A22,20,27.417751,854.2981,2658.5698
22,A22,21,72.14205,832.9215,2673.8396
22,A22,22,121.7708,908.69824,2643.9868
22,A22,23,163.40991,965.106,2772.4492
22,A22,24,160.65399,949.7702,2885.6091
22,A22,25,119.58129,974.05804,2824.0156
22,A22,26,117.54529,1032.9277,2818.759
22,A22,27,170.61012,935.7446,2956.172
22,A22,28,187.83737,907.5201,2971.937
22,A22,29,140.4485,1035.3123,2968.47
22,A22,30,125.49859,1245.0134,3283.243
22,A22,31,242.6437,1236.9598,3378.1233
22,A22,32,253.96918,1034.507,3280.217
22,A22,33,228.47786,1004.713,3221.3938
22,A22,34,192.99074,1182.6967,3385.455
22,A22,35,243.19102,1191.8013,3379.1487
22,A22,36,301.13147,1200.5345,3502.562
22,A22,37,261.75406,1174.4136,3486.026
22,A22,38,232.04771,1208.0087,3658.339
22,A22,39,201.49461,1263.0673,3758.512
22,A22,40,156.57835,1334.2722,3763.9705
22,A22,41,157.39612,1302.7339,3780.0671
22,A22,42,192.38281,1230.3301,3906.3105
22,A22,43,244.79295,1168.5255,3878.4207
22,A22,44,195.65181,1114.6322,3844.1099
22,A22,45,139.98016,1106.2068,3882.6128
23,A23,1,16590.904,348201.22,117492.16
23,A23,2,16691.324,348710.94,117911.4
23,A23,3,16744.137,349502.1,118647.71
23,A23,4,16778.395,349825.75,118846.28
23,A23,5,16796.75,350162.53,119336.49
23,A23,6,16971.857,350164,119515.13
23,A23,7,16912.174,350306.84,119589.836
23,A23,8,16881.865,350449.34,119639.86
23,A23,9,17042.71,350623.2,119878.76
23,A23,10,17031.357,350969,120072.45
23,A23,11,17023.453,351189.9,120034.57
23,A23,12,17132.336,351258.03,120333.55
23,A23,13,17264.357,351591.03,120647.57
23,A23,14,17286.873,352183.3,120613.42
23,A23,15,17378.797,352578.7,120769.19
23,A23,16,17476.924,352714.4,120660.37
23,A23,17,17428.154,352932.7,120588.57
23,A23,18,17439.65,352962.94,121096.52
23,A23,19,17449.158,353519.7,121503.89
23,A23,20,17503.654,353541.97,121618.94
23,A23,21,17471.525,353688.16,121607.38
23,A23,22,17590.822,354102.03,121869.26
23,A23,23,17659.684,354255.6,121867.914
23,A23,24,17638.412,354346.66,121893.97
23,A23,25,17669.416,354315.34,121920.42
23,A23,26,17680.537,354555.97,121975.88
23,A23,27,17691.908,354440.12,122454.02
23,A23,28,17809.465,354590.66,122499.484
23,A23,29,17940.781,355095.53,122491.71
23,A23,30,18006.07,355464.88,122345.97
23,A23,31,17986.701,355717.8,122480.76
23,A23,32,18019.398,355850.28,122711.48
23,A23,33,17969.42,355985.47,122834.85
23,A23,34,17962.994,356018.9,122914.42
23,A23,35,18035.604,356453.34,123104.5
23,A23,36,18078.623,356595.8,123023.81
23,A23,37,18099.902,356695.94,123103.25
23,A23,38,18125.14,356691.75,123437.42
23,A23,39,18246.016,356901.6,123730.66
23,A23,40,18328.203,357316.16,123888.56
23,A23,41,18273.412,357668.2,124062.836
23,A23,42,18365.484,358017.78,124175.13
23,A23,43,18289.598,357694.9,124281.05
23,A23,44,18298.682,357496.8,124416.24
23,A23,45,18428.793,358073.47,124728.07
24,A24,1,-450.64136,-6226.548,-8749.437
24,A24,2,-445.91867,-6263.247,-8748.33
24,A24,3,-362.39243,-6453.932,-8695.857
24,A24,4,-250.42786,-6532.381,-8478.177
24,A24,5,-203.95934,-6540.924,-8442.337
24,A24,6,-341.49246,-6525.6445,-8431.171
24,A24,7,-382.50638,-6384.5015,-8113.426
24,A24,8,-329.1633,-6400.657,-7665.145
24,A24,9,-348.2708,-6447.376,-7644.674
24,A24,10,-363.26495,-6496.2266,-7633.3984
24,A24,11,-303.98782,-6548.0596,-7595.5063
24,A24,12,-302.1282,-6596.4556,-7535.8325
24,A24,13,-371.05875,-6596.9556,-7329.6567
24,A24,14,-388.52078,-6472.533,-7509.312
24,A24,15,-329.27237,-6475.516,-7576.2095
24,A24,16,-350.42108,-6465.772,-7236.8813
24,A24,17,-363.17157,-6463.762,-6963.507
24,A24,18,-289.7072,-6497.578,-6964.8784
24,A24,19,-265.86154,-6492.272,-6960.384
24,A24,20,-290.36197,-6514.717,-7044.123
24,A24,21,-262.863,-6535.7686,-7042.099
24,A24,22,-218.3054,-6493.458,-7089.817
24,A24,23,-248.08261,-6514.5635,-6947.621
24,A24,24,-259.9114,-6491.85,-6941.883
24,A24,25,-227.63455,-6425.0327,-6835.255
24,A24,26,-246.22842,-6443.8413,-6666.1206
24,A24,27,-275.68246,-6416.158,-6733.717
24,A24,28,-264.41763,-6384.706,-6756.631
24,A24,29,-347.07648,-6415.9766,-6320.703
24,A24,30,-365.57495,-6439.5605,-6200.3633
24,A24,31,-278.05145,-6395.1772,-6352.4873
24,A24,32,-275.37912,-6395.8896,-6470.888
24,A24,33,-227.4283,-6328.4146,-6344.931
24,A24,34,-175.22446,-6328.9097,-6329.168
24,A24,35,-142.4925,-6397.946,-6317.3745
24,A24,36,-214.8993,-6443.583,-6161.4297
24,A24,37,-256.81406,-6416.9414,-6171.662
24,A24,38,-223.38695,-6505.5103,-5891.123
24,A24,39,-251.63808,-6696.024,-5779.2007
24,A24,40,-250.49237,-6734.478,-5777.337
24,A24,41,-175.81752,-6710.447,-5595.705
24,A24,42,-195.10501,-6728.757,-5682.0083
24,A24,43,-207.4357,-6683.4956,-5699.976
24,A24,44,-234.75865,-6461.2393,-5604.075
24,A24,45,-215.07597,-6418.852,-5661.0913
25,B1,1,-680.03143,614.7483,-25339.678
25,B1,2,-673.8113,611.88525,-25338.568
25,B1,3,-574.3717,521.0788,-25160.402
25,B1,4,-480.02768,479.02148,-24340.719
25,B1,5,-477.94153,512.1816,-23705.898
25,B1,6,-447.20306,506.2058,-23234.59
25,B1,7,-413.81345,474.10785,-22959.781
25,B1,8,-429.10205,516.9093,-22778.508
25,B1,9,-456.45352,673.60254,-22573.67
25,B1,10,-415.83878,635.0953,-22377.432
25,B1,11,-423.32596,531.79675,-22381.127
25,B1,12,-363.76465,364.13837,-21986.191
25,B1,13,-384.38916,367.45517,-21659.54
25,B1,14,-436.35355,536.5853,-21708.03
25,B1,15,-494.59406,548.7482,-21592.873
25,B1,16,-531.21277,540.0814,-21571.717
25,B1,17,-502.88196,433.73666,-21388.01
25,B1,18,-450.9211,373.3411,-21330.412
25,B1,19,-433.41296,411.403,-21215.688
25,B1,20,-437.8444,651.0634,-20991.826
25,B1,21,-367.29736,681.99335,-20947.922
25,B1,22,-364.17487,526.3765,-20713.654
25,B1,23,-343.2071,506.73706,-20510.94
25,B1,24,-434.7751,689.486,-20109.334
25,B1,25,-458.3239,740.8172,-20150.02
25,B1,26,-329.83804,779.68475,-20150.62
25,B1,27,-352.2789,656.6944,-19995.932
25,B1,28,-385.6473,618.1605,-20006.424
25,B1,29,-298.53687,741.0287,-19849.525
25,B1,30,-268.33398,739.8532,-19665.135
25,B1,31,-294.15424,781.00836,-19645.094
25,B1,32,-205.59254,777.88196,-19604.805
25,B1,33,-127.37672,816.70435,-19746.645
25,B1,34,-172.19647,768.6784,-19602.781
25,B1,35,-201.03827,733.7159,-19325.182
25,B1,36,-234.99715,761.05255,-19336.076
25,B1,37,-287.55835,800.22754,-19404.559
25,B1,38,-257.85013,835.09686,-19148.553
25,B1,39,-161.92206,801.2552,-19014.42
25,B1,40,-136.75226,740.6729,-19001.254
25,B1,41,-109.83966,717.6617,-19124.162
25,B1,42,-167.59398,689.8541,-19130.4
25,B1,43,-214.5292,778.6721,-19102.984
25,B1,44,-207.33588,855.7413,-19080.746
25,B1,45,-130.78041,813.26855,-18859.102
26,B2,1,-735.9166,733.3882,-22951.46
26,B2,2,-724.3784,686.7671,-22774.617
26,B2,3,-687.21893,621.4158,-22147.396
26,B2,4,-657.8721,627.4885,-21489.164
26,B2,5,-687.1269,737.6076,-20963.758
26,B2,6,-936.492,718.53796,-20548.746
26,B2,7,-965.0297,637.6081,-20147.133
26,B2,8,-817.5142,581.2111,-20033.004
26,B2,9,-785.75836,569.15906,-19845.057
26,B2,10,-760.2039,603.1329,-19883.34
26,B2,11,-774.9211,726.2261,-19956.375
26,B2,12,-772.05347,720.532,-19737.248
26,B2,13,-711.0369,700.87317,-19641.424
26,B2,14,-812.01776,743.8999,-19674.201
26,B2,15,-824.55225,786.2388,-19568.025
26,B2,16,-677.3896,749.49304,-19434.002
26,B2,17,-772.2945,723.8789,-19463.941
26,B2,18,-817.0124,743.2388,-19192.957
26,B2,19,-746.7688,617.5081,-19121.666
26,B2,20,-758.74554,615.7882,-18801.479
26,B2,21,-738.61816,786.3401,-18842.262
26,B2,22,-691.6332,860.49146,-19004.559
26,B2,23,-741.1245,835.73456,-18826.8
26,B2,24,-771.2372,807.0634,-18416.932
26,B2,25,-710.0619,629.86395,-18260.195
26,B2,26,-760.8322,631.45074,-18144.902
26,B2,27,-780.4543,892.0509,-18151.059
26,B2,28,-670.9352,1105.1187,-18005.373
26,B2,29,-646.3633,1119.4941,-18013.275
26,B2,30,-482.31287,1207.8154,-17917.158
26,B2,31,-390.95282,1125.2026,-17770.348
26,B2,32,-419.6656,1039.1794,-17778.197
26,B2,33,-387.8823,1019.3295,-17862.422
26,B2,34,-477.82642,1100.6666,-17525.89
26,B2,35,-522.2058,1279.8279,-17570.13
26,B2,36,-380.1323,1241.1138,-17432.656
26,B2,37,-283.9404,1146.7169,-17241.088
26,B2,38,-301.739,1108.3315,-17146.879
26,B2,39,-359.19128,1225.0713,-17035.406
26,B2,40,-307.4386,1210.343,-16910.188
26,B2,41,-253.4551,1243.9797,-17052.924
26,B2,42,-309.9952,1255.7064,-16998.855
26,B2,43,-347.80472,1234.7853,-16885.443
26,B2,44,-365.3638,1155.1323,-16977.111
26,B2,45,-183.19398,1082.7112,-16923.291
27,B3,1,-914.54614,1227.7023,-18790.457
27,B3,2,-854.82214,1198.4001,-18566.865
27,B3,3,-828.1785,1145.738,-18433.383
27,B3,4,-855.88794,1119.2585,-18293.232
27,B3,5,-830.8427,1023.1031,-18233.83
27,B3,6,-671.982,978.7816,-18200.924
27,B3,7,-609.53784,978.1074,-18204.986
27,B3,8,-656.0969,966.3208,-17959.88
27,B3,9,-690.6135,986.55664,-17851.406
27,B3,10,-734.52563,964.8961,-17908.195
27,B3,11,-779.41565,905.7622,-17788.21
27,B3,12,-1008.02344,891.5841,-17504.367
27,B3,13,-1039.6997,923.07904,-17558.162
27,B3,14,-907.98004,1046.7655,-17679.371
27,B3,15,-825.717,1159.8192,-17759.04
27,B3,16,-854.9765,1135.1875,-17748.988
27,B3,17,-896.0637,1086.8918,-17485.523
27,B3,18,-902.1877,1025.6287,-17429.264
27,B3,19,-786.9298,930.2797,-17289.16
27,B3,20,-766.38257,949.85345,-17226.203
27,B3,21,-797.95087,1119.3497,-17199.39
27,B3,22,-770.1766,1050.0435,-17053.06
27,B3,23,-770.91,1034.8995,-17050.04
27,B3,24,-752.9224,1207.9053,-17081.762
27,B3,25,-776.6474,1282.2986,-16750.932
27,B3,26,-737.30634,1105.625,-16615.803
27,B3,27,-707.99225,1079.6053,-16511.291
27,B3,28,-672.5101,1267.9304,-16333.681
27,B3,29,-699.72833,1277.2418,-16224.528
27,B3,30,-722.0541,1288.7495,-16063.575
27,B3,31,-590.29517,1263.6127,-15809.102
27,B3,32,-455.38403,1302.2181,-15693.529
27,B3,33,-318.99173,1326.2007,-15632.617
27,B3,34,-264.11563,1531.722,-15531.277
27,B3,35,-219.23851,1486.2078,-15382.7
27,B3,36,-219.12773,1405.5247,-15237.486
27,B3,37,-274.14682,1383.2195,-15176.577
27,B3,38,-231.75134,1349.3398,-15179.09
27,B3,39,-249.03632,1411.4581,-14935.876
27,B3,40,-301.34814,1420.7816,-14878.262
27,B3,41,-333.7806,1437.6218,-14869.779
27,B3,42,-217.14311,1376.9387,-14949.09
27,B3,43,-318.78278,1324.136,-14914.711
27,B3,44,-362.0165,1333.7806,-14900.251
27,B3,45,-149.53906,1338.6276,-15058.472
28,B4,1,-154.46492,1281.334,-15997.585
28,B4,2,-149.27841,1170.3247,-15750.796
28,B4,3,-148.232,1166.7776,-15373.158
28,B4,4,-195.9869,1393.8103,-15316.554
28,B4,5,-283.11316,1494.9169,-15155.993
28,B4,6,-249.7584,1475.178,-14898.348
28,B4,7,-11.3803005,1460.1549,-14873.078
28,B4,8,104.665504,1583.0233,-14918.659
28,B4,9,109.214386,1554.9537,-14856.55
28,B4,10,14.126806,1492.4318,-14872.337
28,B4,11,-40.965694,1419.1141,-14838.168
28,B4,12,-26.604548,1348.6604,-14825.942
28,B4,13,-31.211636,1269.1888,-14630.397
28,B4,14,59.732765,1254.4692,-14637.491
28,B4,15,22.721008,1369.44,-14518.346
28,B4,16,-69.368355,1380.4355,-14526.459
28,B4,17,-152.21193,1199.5308,-14327.828
28,B4,18,-172.85739,1187.7024,-14327.056
28,B4,19,-71.551544,1394.3607,-14298.788
28,B4,20,21.400053,1475.0546,-14398.239
28,B4,21,6.0982285,1311.194,-14361.995
28,B4,22,24.350441,1263.9861,-14117.13
28,B4,23,-12.509056,1340.3112,-14152.101
28,B4,24,-44.636837,1280.3599,-14031.471
28,B4,25,-62.47193,1274.5968,-13733.918
28,B4,26,58.39419,1426.4001,-13631.969
28,B4,27,176.14816,1457.422,-13593.783
28,B4,28,27.221632,1607.0413,-13448.639
28,B4,29,-51.704716,1727.9451,-13159.665
28,B4,30,-15.012089,1769.5387,-12986.281
28,B4,31,81.49315,1728.6836,-12861.158
28,B4,32,39.72331,1771.2023,-12764
28,B4,33,15.407261,1785.4731,-12707.521
28,B4,34,131.48895,1770.1945,-12448.214
28,B4,35,142.57663,1765.4985,-12449.67
28,B4,36,251.24677,1866.5018,-12146.573
28,B4,37,360.68872,1864.2524,-12062.745
28,B4,38,307.70547,1742.1515,-11998.113
28,B4,39,250.77809,1702.0192,-12043.096
28,B4,40,329.7738,1872.6223,-12110.099
28,B4,41,409.24423,1876.4209,-12132.95
28,B4,42,419.88217,1820.4138,-12004.511
28,B4,43,343.97845,1866.4744,-11833.498
28,B4,44,284.42722,1807.9048,-11734.381
28,B4,45,284.69302,1755.9678,-11873.881
29,B5,1,-1824.2797,124.77524,-24379.783
29,B5,2,-1815.5721,238.82803,-24097.102
29,B5,3,-1701.1116,230.2512,-23484.959
29,B5,4,-1648.0374,-5.956606,-23266.896
29,B5,5,-1679.8024,-6.883253,-23313.873
29,B5,6,-1720.3312,222.1336,-23183.607
29,B5,7,-1704.4004,250.84705,-22875.883
29,B5,8,-1578.7793,296.44287,-22666.008
29,B5,9,-1771.5015,276.57016,-22545.402
29,B5,10,-1792.8538,178.8852,-22580.508
29,B5,11,-1626.937,141.13107,-22382.477
29,B5,12,-1624.8748,206.1686,-22344.637
29,B5,13,-1640.2908,198.1099,-22235.617
29,B5,14,-1602.808,158.44458,-21877.312
29,B5,15,-1539.016,168.23172,-21875.314
29,B5,16,-1592.5682,179.09354,-22017.219
29,B5,17,-1592.8447,162.65985,-22019.943
29,B5,18,-1404.9667,214.9838,-21959.432
29,B5,19,-1426.2909,174.08473,-21563.127
29,B5,20,-1524.7697,80.0761,-21556.418
29,B5,21,-1583.7827,50.803535,-21706.39
29,B5,22,-1597.3744,151.59132,-21798.33
29,B5,23,-1598.1311,315.30557,-21508.986
29,B5,24,-1467.1337,261.02106,-21393.174
29,B5,25,-1441.7686,195.4608,-21458.496
29,B5,26,-1436.8488,202.54901,-21261.188
29,B5,27,-1480.5978,288.47906,-21283.434
29,B5,28,-1535.9039,264.8149,-21048.354
29,B5,29,-1495.4614,302.81818,-20928.775
29,B5,30,-1287.6013,498.7162,-20704.023
29,B5,31,-1266.4796,493.7996,-20327.32
29,B5,32,-1308.2106,457.93002,-20274.734
29,B5,33,-1185.8984,601.29956,-20142.29
29,B5,34,-985.84155,721.15204,-20045.396
29,B5,35,-1009.0791,677.6461,-19839.328
29,B5,36,-1067.4238,598.4755,-19738.992
29,B5,37,-1045.4036,598.4955,-19774.201
29,B5,38,-943.58124,624.9484,-19726.08
29,B5,39,-975.1891,644.1083,-19573.816
29,B5,40,-1055.3743,911.8348,-19515.172
29,B5,41,-1075.1464,881.333,-19504.95
29,B5,42,-1098.6532,768.77545,-19421.986
29,B5,43,-937.5136,713.9231,-19266.977
29,B5,44,-888.7537,798.12555,-19226.236
29,B5,45,-959.82776,885.07715,-19250.271
30,B6,1,-1253.8116,-200.6306,-17686.012
30,B6,2,-1271.7029,-233.31581,-17505.248
30,B6,3,-1226.4503,-243.43047,-17452.988
30,B6,4,-1270.1898,-91.69151,-17547.824
30,B6,5,-1463.9167,38.058037,-17489.41
30,B6,6,-1512.4886,32.801804,-17016.717
30,B6,7,-1421.669,11.041526,-17009.861
30,B6,8,-1335.3877,-9.710091,-17100.191
30,B6,9,-1403.6561,68.001526,-17032.418
30,B6,10,-1444.793,-30.377907,-16856.076
30,B6,11,-1387.3241,-93.57843,-16853.338
30,B6,12,-1286.4048,-81.55249,-16901.943
30,B6,13,-1285.9082,-157.84843,-16771.166
30,B6,14,-1341.8451,-177.90346,-16741.877
30,B6,15,-1446.1107,-100.638176,-16647.887
30,B6,16,-1568.029,-287.95407,-16667.584
30,B6,17,-1576.8855,-318.67572,-16569.342
30,B6,18,-1504.5732,-161.53424,-16683.064
30,B6,19,-1494.0945,-117.40629,-16709.818
30,B6,20,-1463.3417,-176.25166,-16374.321
30,B6,21,-1551.4446,-290.5023,-16377.414
30,B6,22,-1544.1598,-375.91113,-16363.0205
30,B6,23,-1360.7859,-334.0713,-16333.568
30,B6,24,-1266.4791,-106.495186,-16378.557
30,B6,25,-1358.7102,-128.5552,-16234.717
30,B6,26,-1429.2118,-242.81064,-16292.879
30,B6,27,-1484.366,-286.57028,-16386.234
30,B6,28,-1512.2645,-276.6694,-16264.235
30,B6,29,-1458.0989,-253.07585,-16105.342
30,B6,30,-1308.688,-57.895256,-15916.135
30,B6,31,-1296.8456,85.18928,-15631.076
30,B6,32,-1227.6879,94.253105,-15542.899
30,B6,33,-1187.9312,30.341816,-15419.534
30,B6,34,-1182.3501,4.5165377,-15102.584
30,B6,35,-1004.06244,152.52599,-14820.842
30,B6,36,-955.9834,229.34451,-14780.191
30,B6,37,-957.25256,220.71503,-14703.377
30,B6,38,-921.09326,224.63078,-14643.691
30,B6,39,-863.5422,224.31616,-14643.801
30,B6,40,-832.87036,298.22128,-14688.895
30,B6,41,-840.77954,322.1138,-14512.599
30,B6,42,-800.0973,245.93405,-14465.023
30,B6,43,-776.73834,158.07912,-14475.346
30,B6,44,-740.88824,144.05974,-14462.76
30,B6,45,-803.8187,369.7055,-14319.467
31,B7,1,-1962.9546,1107.6005,-11766.698
31,B7,2,-1880.0293,1141.3873,-11528.347
31,B7,3,-1799.3175,1121.8224,-11312.255
31,B7,4,-1757.8973,1147.5786,-11328.446
31,B7,5,-1772.32,1105.7356,-11242.998
31,B7,6,-1716.1104,1081.4613,-11215.796
31,B7,7,-1741.1521,1086.8867,-11165.257
31,B7,8,-1751.4391,1074.595,-11081.877
31,B7,9,-1771.6627,1001.8117,-10964.43
31,B7,10,-1820.614,876.03644,-11001.019
31,B7,11,-1859.2902,853.51215,-10910.232
31,B7,12,-1926.9987,931.5338,-10720.27
31,B7,13,-1949.8561,823.7539,-10580.519
31,B7,14,-1852.6409,792.6913,-10604.759
31,B7,15,-1716.3921,854.43317,-10561.714
31,B7,16,-1659.2789,839.1853,-10573.583
31,B7,17,-1716.3478,824.7133,-10560.1045
31,B7,18,-1735.771,893.98444,-10607.358
31,B7,19,-1613.2831,960.07166,-10470.2
31,B7,20,-1708.7828,917.7453,-10410.912
31,B7,21,-1791.5759,817.5095,-10222.232
31,B7,22,-1828.4822,754.84814,-10246.909
31,B7,23,-1852.9424,794.9746,-10306.67
31,B7,24,-1936.3184,1007.7776,-10159.386
31,B7,25,-1943.3441,1020.13324,-10194.371
31,B7,26,-1824.6932,1022.2666,-10143.669
31,B7,27,-1914.6516,1039.9789,-10056.811
31,B7,28,-1949.263,960.6625,-10100.658
31,B7,29,-1872.2003,880.3168,-10035.244
31,B7,30,-1848.4592,764.74805,-10072.569
31,B7,31,-1687.1334,833.9704,-9878.397
31,B7,32,-1589.4692,1222.5591,-9726.688
31,B7,33,-1619.8615,1284.968,-9520.655
31,B7,34,-1592.9634,1296.9827,-9392.794
31,B7,35,-1560.0297,1437.7823,-9255.135
31,B7,36,-1595.2252,1489.5764,-9114.853
31,B7,37,-1563.703,1509.324,-8953.818
31,B7,38,-1572.0543,1509.2737,-8898.52
31,B7,39,-1588.1903,1495.2296,-8988.493
31,B7,40,-1651.6115,1445.0283,-8859.319
31,B7,41,-1653.2285,1344.2112,-8834.479
31,B7,42,-1432.8479,1208.949,-8804.759
31,B7,43,-1423.4382,1185.9474,-8794.489
31,B7,44,-1384.496,1427.7733,-8625.823
31,B7,45,-1388.9844,1607.9448,-8370.452
32,B8,1,-317.58002,242.32237,-7828.0996
32,B8,2,-356.1943,222.35083,-7686.5938
32,B8,3,-406.03378,256.8099,-7461.2954
32,B8,4,-430.46564,360.728,-7306.487
32,B8,5,-598.0428,267.27847,-7197.146
32,B8,6,-572.7527,193.17816,-7191.461
32,B8,7,-298.8317,242.09941,-7154.7188
32,B8,8,-326.15927,262.76895,-7124.5283
32,B8,9,-536.53015,91.96609,-6801.1323
32,B8,10,-591.3607,12.171183,-6820.7256
32,B8,11,-527.33826,25.891397,-6917.2207
32,B8,12,-404.8155,-39.09902,-6976.9507
32,B8,13,-387.00986,-33.97607,-6982.7905
32,B8,14,-432.7061,197.93654,-6694.328
32,B8,15,-477.1913,183.88348,-6665.174
32,B8,16,-481.55054,-70.875916,-6507.4546
32,B8,17,-368.1563,-283.6312,-6466.4985
32,B8,18,-354.92,-264.82425,-6530.9663
32,B8,19,-337.79282,-18.645805,-6452.9976
32,B8,20,-545.10406,10.358015,-6522.6436
32,B8,21,-607.5274,-121.51425,-6527.353
32,B8,22,-526.69763,-154.8119,-6447.7314
32,B8,23,-352.40192,-34.946148,-6369.303
32,B8,24,-537.77954,43.95243,-6425.8213
32,B8,25,-552.953,73.74677,-6343.928
32,B8,26,-332.32974,78.7227,-6247.147
32,B8,27,-329.962,-89.39673,-6175.702
32,B8,28,-386.18393,-180.48747,-6227.1025
32,B8,29,-398.3045,-212.52776,-6091.1113
32,B8,30,-280.24445,-177.63327,-6013.6216
32,B8,31,-308.13818,-89.071526,-5893.4194
32,B8,32,-355.52496,-21.275862,-5660.8296
32,B8,33,-326.73242,85.99225,-5539.82
32,B8,34,-320.80893,189.19803,-5325.281
32,B8,35,-335.90787,286.81653,-5328.645
32,B8,36,-235.9067,267.99533,-5292.726
32,B8,37,-254.44684,210.9959,-5370.9355
32,B8,38,-463.0711,225.81093,-5376.984
32,B8,39,-491.8804,204.7162,-5187.931
32,B8,40,-293.4391,230.34079,-4923.925
32,B8,41,-210.11478,196.39423,-4923.837
32,B8,42,-244.2408,219.67715,-4994.298
32,B8,43,-273.81253,186.1891,-4733.9346
32,B8,44,-188.89673,227.87645,-4738.6606
32,B8,45,-217.49934,263.51385,-4664.078
33,B9,1,-600.9593,-139.06091,-10499.607
33,B9,2,-608.1945,-118.44533,-10468.783
33,B9,3,-420.92633,-156.00688,-10136.685
33,B9,4,-323.9368,-181.92645,-10095.769
33,B9,5,-388.0518,-246.01276,-10134.737
33,B9,6,-454.83594,-294.0063,-10047.416
33,B9,7,-443.9944,-250.10849,-9980.268
33,B9,8,-509.9166,-129.76263,-10033.296
33,B9,9,-605.3327,-236.51369,-10026.635
33,B9,10,-647.9502,-300.4756,-9794.199
33,B9,11,-567.72504,-290.55423,-9611.13
33,B9,12,-523.321,-304.354,-9549.336
33,B9,13,-498.62762,-253.72028,-9583.055
33,B9,14,-480.9833,-263.4643,-9612.953
33,B9,15,-526.15204,-292.7699,-9424.219
33,B9,16,-532.37463,-276.52927,-9443.353
33,B9,17,-578.6367,-372.4763,-9486.805
33,B9,18,-605.6753,-403.28204,-9298.712
33,B9,19,-501.0516,-339.13498,-9268.8
33,B9,20,-512.0564,-352.53802,-9244.998
33,B9,21,-519.4901,-355.39835,-9318.682
33,B9,22,-575.19995,-336.68234,-9303.124
33,B9,23,-597.2625,-339.96304,-9232.8545
33,B9,24,-577.3771,-426.50653,-9248.696
33,B9,25,-724.23315,-472.36246,-9292.566
33,B9,26,-774.96136,-504.45358,-9142.903
33,B9,27,-741.948,-472.99072,-9247.619
33,B9,28,-932.35223,-333.87955,-9327.532
33,B9,29,-954.9123,-400.4795,-9121.029
33,B9,30,-815.5886,-414.2444,-8876.664
33,B9,31,-762.5419,-296.4426,-8824.475
33,B9,32,-762.8971,-273.91803,-8742.214
33,B9,33,-665.58057,-181.71002,-8591.623
33,B9,34,-641.7197,-185.50175,-8201.04
33,B9,35,-507.08972,-113.98165,-8086.6704
33,B9,36,-554.7125,-20.11891,-8175.718
33,B9,37,-606.8051,-84.54641,-8265.256
33,B9,38,-565.6564,-232.56206,-8098.5483
33,B9,39,-621.06244,-253.27023,-7962.6797
33,B9,40,-647.8667,-72.481186,-7674.3438
33,B9,41,-537.66797,-43.708958,-7718.631
33,B9,42,-584.8111,-21.536713,-7740.414
33,B9,43,-627.2689,63.958538,-7516.5615
33,B9,44,-558.7557,77.241455,-7427.6436
33,B9,45,-589.6532,16.797367,-7428.5186
34,B10,1,-708.064,-988.4362,-12645.974
34,B10,2,-694.81506,-987.3297,-12620.6045
34,B10,3,-446.78473,-930.7306,-12332.79
34,B10,4,-415.22202,-689.3547,-12244.6
34,B10,5,-372.1911,-612.2162,-12229.539
34,B10,6,-446.51312,-593.1264,-12053.467
34,B10,7,-482.5889,-536.7778,-11827.54
34,B10,8,-449.4244,-635.7116,-11854.382
34,B10,9,-756.7617,-671.1395,-11841.967
34,B10,10,-788.801,-550.82184,-11650.525
34,B10,11,-577.0168,-583.33923,-11509.293
34,B10,12,-562.15875,-664.73926,-11430.542
34,B10,13,-584.656,-723.1959,-11397.58
34,B10,14,-505.164,-733.9176,-11512.8125
34,B10,15,-527.0536,-705.32,-11606.02
34,B10,16,-547.18884,-671.51025,-11518.58
34,B10,17,-560.00354,-715.4303,-11359.598
34,B10,18,-458.27893,-753.157,-11256.176
34,B10,19,-326.9128,-726.1297,-11260.546
34,B10,20,-267.54745,-717.864,-11408.087
34,B10,21,-353.5429,-590.843,-11490.339
34,B10,22,-531.0933,-602.4786,-11329.097
34,B10,23,-599.87555,-621.0532,-11206.568
34,B10,24,-551.89514,-721.0246,-11252.013
34,B10,25,-439.78934,-867.23346,-11310.822
34,B10,26,-409.95523,-910.5267,-11170.591
34,B10,27,-666.2002,-886.08136,-11283.405
34,B10,28,-712.2119,-850.2587,-11376.414
34,B10,29,-521.4956,-660.3879,-11220.975
34,B10,30,-417.21878,-652.9953,-11024.366
34,B10,31,-449.331,-644.47833,-10839.216
34,B10,32,-579.65753,-620.5742,-10638.092
34,B10,33,-628.3763,-614.2371,-10587.952
34,B10,34,-569.2883,-645.38635,-10551.015
34,B10,35,-564.3918,-584.5616,-10457.857
34,B10,36,-590.614,-496.50305,-10410.051
34,B10,37,-551.2645,-499.5927,-10110.429
34,B10,38,-565.9357,-542.9076,-10041.833
34,B10,39,-527.2313,-514.68024,-9982.066
34,B10,40,-541.7715,-547.1008,-9981.911
34,B10,41,-574.4383,-472.0165,-9604.196
34,B10,42,-542.55194,-266.36575,-9629.637
34,B10,43,-590.2954,-300.24893,-9671.916
34,B10,44,-635.54034,-399.37924,-9766.186
34,B10,45,-623.9685,-477.28256,-9629.256
35,B11,1,232.02904,660.37415,-9710.823
35,B11,2,213.90685,638.8044,-9426.455
35,B11,3,236.69167,655.72327,-9241.865
35,B11,4,269.12973,610.2575,-9224.341
35,B11,5,399.01648,427.15695,-9236.123
35,B11,6,353.97415,391.19846,-9131.928
35,B11,7,224.8008,520.75055,-9137.131
35,B11,8,178.05363,613.49493,-8980.306
35,B11,9,244.43307,578.3235,-8868.665
35,B11,10,253.93977,510.3589,-8695.417
35,B11,11,165.87796,409.78888,-8741.954
35,B11,12,134.25919,400.04636,-8732.848
35,B11,13,239.44832,521.6328,-8631.762
35,B11,14,340.39026,534.46075,-8503.029
35,B11,15,295.41226,581.787,-8559.279
35,B11,16,164.46931,599.8616,-8554.501
35,B11,17,109.59932,658.8561,-8536.549
35,B11,18,151.3527,632.5295,-8349.824
35,B11,19,216.4411,628.3221,-8385.238
35,B11,20,66.829796,597.3807,-8267.377
35,B11,21,32.079445,539.9126,-8002.045
35,B11,22,178.05084,513.64484,-8087.758
35,B11,23,392.4858,584.3153,-8222.155
35,B11,24,483.01562,589.4432,-8229.092
35,B11,25,301.29153,599.4868,-8297.528
35,B11,26,216.05931,534.75104,-8224.384
35,B11,27,182.06601,396.35422,-8236.652
35,B11,28,-5.328575,311.76035,-7992.975
35,B11,29,-13.319655,364.8782,-7976.038
35,B11,30,152.77269,642.4846,-8039.2812
35,B11,31,168.17253,687.45636,-7969.6577
35,B11,32,161.07285,603.81445,-7983.7334
35,B11,33,293.21146,456.21927,-7899.8706
35,B11,34,345.89764,469.81128,-7834.818
35,B11,35,291.32663,710.14716,-7582.752
35,B11,36,202.45181,594.24744,-7462.3276
35,B11,37,164.97699,526.22473,-7288.9297
35,B11,38,262.47714,565.9469,-7180.4653
35,B11,39,407.32053,556.5317,-6969.319
35,B11,40,324.52054,639.027,-6836.108
35,B11,41,249.27216,745.1995,-6774.598
35,B11,42,199.03738,743.6094,-6788.6987
35,B11,43,66.984406,746.98804,-6812.9854
35,B11,44,82.57451,710.5222,-6627.0195
35,B11,45,359.8666,741.2863,-6346.5356
36,B12,1,-491.74884,292.2361,-3277.7437
36,B12,2,-400.587,282.183,-3064.649
36,B12,3,-397.43677,432.53973,-2746.9045
36,B12,4,-357.43045,601.03394,-2587.3804
36,B12,5,-266.5847,573.3334,-2657.1248
36,B12,6,-223.98698,482.7017,-2694.3503
36,B12,7,-281.6371,200.19228,-2520.0422
36,B12,8,-375.81723,121.56882,-2678.9875
36,B12,9,-501.28784,175.67514,-2763.4067
36,B12,10,-553.5222,167.89261,-2553.4556
36,B12,11,-525.5981,188.11993,-2259.9714
36,B12,12,-580.27057,162.56183,-2331.8406
36,B12,13,-630.4294,203.50638,-2556.2505
36,B12,14,-651.4266,393.3025,-2601.4246
36,B12,15,-669.2555,396.36453,-2323.0422
36,B12,16,-608.017,403.2677,-2234.2173
36,B12,17,-524.8372,399.15152,-1827.7097
36,B12,18,-484.08008,445.65344,-1700.7969
36,B12,19,-257.5163,504.92233,-1789.8251
36,B12,20,-249.3231,156.81674,-1829.1367
36,B12,21,-254.02266,73.2476,-1933.5653
36,B12,22,-337.5879,151.33292,-1976.798
36,B12,23,-377.60144,28.954119,-1755.6604
36,B12,24,-268.8611,15.308065,-1744.8258
36,B12,25,-248.90634,114.56894,-1729.829
36,B12,26,-233.83809,134.21568,-1759.6493
36,B12,27,-312.36667,207.53268,-1800.2222
36,B12,28,-374.34625,216.99393,-1866.8937
36,B12,29,-341.14297,311.5764,-1746.7723
36,B12,30,-299.24713,341.1524,-1782.6704
36,B12,31,-264.76328,336.15994,-1668.185
36,B12,32,-333.87103,396.17792,-1533.4579
36,B12,33,-446.91174,142.11725,-1297.3633
36,B12,34,-506.29865,89.16641,-1335.6096
36,B12,35,-490.93753,308.05917,-1302.4225
36,B12,36,-498.64496,605.4075,-1323.7654
36,B12,37,-528.4143,549.671,-1042.4305
36,B12,38,-495.45874,439.65366,-729.98553
36,B12,39,-501.36826,315.4363,-751.54956
36,B12,40,-426.44492,271.06525,-670.92035
36,B12,41,-486.902,377.23657,-659.7097
36,B12,42,-648.83923,492.6636,-582.00104
36,B12,43,-722.32153,508.42142,-526.9538
36,B12,44,-782.7038,593.5094,-620.0092
36,B12,45,-798.70404,556.03925,-519.39124
37,B13,1,-365.72162,-865.0276,-9613.824
37,B13,2,-386.75436,-832.42834,-9592.165
37,B13,3,-325.53052,-730.82446,-9313.695
37,B13,4,-315.91037,-759.6014,-9091.232
37,B13,5,-330.88004,-762.75916,-8944.87
37,B13,6,-385.9768,-715.5297,-8770.84
37,B13,7,-427.59042,-711.5859,-8761.348
37,B13,8,-580.63306,-766.3877,-8827.615
37,B13,9,-696.8833,-836.1384,-8747.825
37,B13,10,-728.73773,-1033.603,-8525.098
37,B13,11,-685.46454,-1058.0199,-8461.584
37,B13,12,-592.67145,-922.9026,-8502.921
37,B13,13,-238.90901,-1055.4464,-8378.822
37,B13,14,-483.55624,-1081.3079,-8345.369
37,B13,15,-563.73206,-933.0097,-8208.519
37,B13,16,-386.00778,-891.9756,-8123.784
37,B13,17,-361.3268,-886.0229,-8194.853
37,B13,18,-477.80557,-810.5483,-8158.533
37,B13,19,-559.0052,-882.6831,-8096.1255
37,B13,20,-563.8638,-1089.3367,-8146.267
37,B13,21,-412.24258,-1169.9717,-8081.348
37,B13,22,-427.3063,-1168.9268,-8152.7817
37,B13,23,-461.1117,-1060.67,-8149.127
37,B13,24,-466.48624,-867.05115,-8088.9644
37,B13,25,-371.92346,-1057.5431,-8076.2095
37,B13,26,-349.77985,-1136.2826,-7946.071
37,B13,27,-449.0104,-1124.2445,-8033.175
37,B13,28,-521.4472,-1070.6827,-8091.8325
37,B13,29,-530.9949,-1132.7222,-7830.027
37,B13,30,-510.8743,-1134.1132,-7761.135
37,B13,31,-534.23566,-1028.3054,-7840.537
37,B13,32,-498.8327,-1016.6148,-7790.3926
37,B13,33,-540.05005,-971.7566,-7761.6943
37,B13,34,-577.56757,-953.96765,-7323.2686
37,B13,35,-584.1401,-804.0347,-7218.11
37,B13,36,-709.36,-668.46985,-7308.571
37,B13,37,-718.691,-592.34344,-7274.5137
37,B13,38,-520.27203,-612.92175,-6902.3154
37,B13,39,-422.38885,-798.66064,-6753.2817
37,B13,40,-463.02457,-879.84766,-6867.7256
37,B13,41,-500.2832,-870.5275,-6971.038
37,B13,42,-585.9581,-857.8631,-6715.669
37,B13,43,-799.7221,-686.7104,-6475.5093
37,B13,44,-799.8616,-636.0796,-6513.9067
37,B13,45,-579.4246,-400.8589,-6321.224
38,B14,1,-17.713943,-70.051445,-7945.483
38,B14,2,20.13101,-198.26428,-7865.4854
38,B14,3,-58.704384,-292.19308,-7778.7207
38,B14,4,-256.18365,-279.62738,-8059.691
38,B14,5,-326.96255,-315.99023,-8071.772
38,B14,6,-288.38303,-350.18283,-7823.7217
38,B14,7,-331.34155,-412.5155,-7870.2715
38,B14,8,-350.3816,-522.4509,-7917.16
38,B14,9,-246.25241,-508.61115,-7848.022
38,B14,10,-297.13754,-355.99603,-7792.1694
38,B14,11,-360.39166,-380.48474,-7807.3813
38,B14,12,-373.0989,-355.2678,-7860.512
38,B14,13,-353.42648,-88.66951,-7839.613
38,B14,14,-430.5655,-82.18784,-7630.946
38,B14,15,-439.46777,-260.39325,-7538.679
38,B14,16,-292.7849,-306.06454,-7419.33
38,B14,17,-308.2563,-192.56693,-7434.143
38,B14,18,-363.82278,-233.22096,-7358.128
38,B14,19,-399.9931,-383.72983,-7316.9175
38,B14,20,-427.9172,-433.51917,-7355.177
38,B14,21,-382.6773,-405.96317,-7374.031
38,B14,22,-354.64456,-406.75433,-7433.586
38,B14,23,-436.489,-339.89847,-7444.666
38,B14,24,-447.6003,-324.82965,-7459.6675
38,B14,25,-312.04248,-345.52545,-7308.82
38,B14,26,-341.991,-365.27713,-7357.7686
38,B14,27,-400.58746,-401.50055,-7434.078
38,B14,28,-439.00964,-425.14413,-7417.228
38,B14,29,-447.6532,-459.75998,-7428.274
38,B14,30,-355.12332,-496.46338,-7267.758
38,B14,31,-362.1672,-517.3728,-7200.534
38,B14,32,-354.64517,-508.0079,-7044.1265
38,B14,33,-394.43454,-425.82217,-6948.344
38,B14,34,-430.424,-278.80118,-6943.208
38,B14,35,-380.53833,-228.82596,-6950.293
38,B14,36,-327.182,-14.259216,-6996.9307
38,B14,37,-548.226,15.338867,-6857.5537
38,B14,38,-580.9941,-41.07316,-6731.6387
38,B14,39,-464.49017,-64.00005,-6514.9897
38,B14,40,-418.1081,-33.92529,-6351.9707
38,B14,41,-243.04547,3.2454438,-6364.0747
38,B14,42,-245.06584,-41.01969,-6221.7744
38,B14,43,-332.27435,-16.54665,-6351.2227
38,B14,44,-353.26602,71.93569,-6429.8164
38,B14,45,-215.98218,41.322247,-6178.782
39,B15,1,1917.7731,442.37177,-10218.704
39,B15,2,1910.4731,388.48553,-10150.413
39,B15,3,1924.0928,354.3361,-9826.167
39,B15,4,1946.9894,451.00748,-9746.599
39,B15,5,1969.5063,481.61588,-9774.303
39,B15,6,2006.3536,462.91025,-9664.016
39,B15,7,2083.7654,447.92276,-9553.87
39,B15,8,1963.0187,398.20837,-9423.803
39,B15,9,1935.6168,351.24277,-9357.181
39,B15,10,2037.88,340.36102,-9328.454
39,B15,11,2064.7576,392.55807,-9277.395
39,B15,12,2036.8203,391.02643,-9186.397
39,B15,13,2013.9205,393.6409,-9090.238
39,B15,14,1896.5875,350.5178,-9073.663
39,B15,15,1889.4869,296.1324,-8993.59
39,B15,16,1984.3899,286.97403,-8972.832
39,B15,17,1993.347,381.6613,-8827.943
39,B15,18,2026.7734,373.5084,-8748.404
39,B15,19,2030.0956,379.27167,-8852.656
39,B15,20,2109.187,363.2012,-8918.477
39,B15,21,2101.9932,245.99855,-8809.239
39,B15,22,2058.5288,254.9173,-8868.787
39,B15,23,2035.5066,412.27927,-8825.242
39,B15,24,1999.0824,216.32721,-8628.968
39,B15,25,1969.563,171.76067,-8686.635
39,B15,26,1955.832,246.20686,-8715.358
39,B15,27,1985.6248,243.51456,-8664.963
39,B15,28,1921.074,243.2006,-8707.035
39,B15,29,1889.8562,254.80841,-8772.757
39,B15,30,1906.7349,329.01993,-8600.298
39,B15,31,2007.3805,349.64203,-8520.826
39,B15,32,2113.936,326.6006,-8567.927
39,B15,33,2099.8965,358.22208,-8413.756
39,B15,34,2089.088,422.11694,-8416.116
39,B15,35,2108.9207,527.445,-8429.335
39,B15,36,2268.5518,482.26688,-8359.342
39,B15,37,2111.739,368.95807,-8386.276
39,B15,38,2024.4056,334.19104,-8168.2114
39,B15,39,1992.3132,402.81247,-8105.3267
39,B15,40,1947.6492,417.82867,-8068.4604
39,B15,41,1938.2124,531.54004,-8129.673
39,B15,42,2008.8021,530.6307,-7945.9185
39,B15,43,2026.7883,583.7135,-7738.142
39,B15,44,2030.5383,628.70825,-7624.933
39,B15,45,2010.1207,718.1253,-7645.5728
40,B16,1,-1419.692,533.15405,-5781.4644
40,B16,2,-1416.27,515.26465,-5690.6304
40,B16,3,-1256.5582,541.643,-5407.2803
40,B16,4,-1259.4648,540.99963,-5337.4272
40,B16,5,-1269.2573,633.76196,-5191.3774
40,B16,6,-1216.4857,626.7592,-5155.2637
40,B16,7,-1117.5325,586.7335,-5184.535
40,B16,8,-1238.4565,642.0537,-5092.779
40,B16,9,-1313.5355,686.2766,-4994.976
40,B16,10,-1326.9255,653.1402,-4964.7046
40,B16,11,-1393.4121,609.17505,-4872.6416
40,B16,12,-1528.2147,602.30524,-4790.6006
40,B16,13,-1504.9762,401.9277,-4895.666
40,B16,14,-1276.565,333.73584,-4976.6465
40,B16,15,-1238.5841,358.00333,-4911.423
40,B16,16,-1313.0902,366.9454,-4950.9595
40,B16,17,-1324.6627,461.8917,-4883.0767
40,B16,18,-1160.5371,447.232,-4718.5728
40,B16,19,-1084.9918,441.03024,-4637.4336
40,B16,20,-1062.5251,488.8135,-4571.8374
40,B16,21,-1118.1191,458.40204,-4630.995
40,B16,22,-1165.9135,443.344,-4616.922
40,B16,23,-1228.1039,509.20538,-4658.992
40,B16,24,-1365.8175,569.67645,-4547.234
40,B16,25,-1435.8542,514.44293,-4544.021
40,B16,26,-1484.1038,283.8157,-4486.879
40,B16,27,-1453.4617,263.0312,-4352.881
40,B16,28,-1262.9873,400.67856,-4412.068
40,B16,29,-1372.1868,368.81296,-4417.236
40,B16,30,-1398.3649,327.96835,-4404.1006
40,B16,31,-1253.3954,320.72287,-4303.1475
40,B16,32,-1295.7773,314.71793,-4239.6694
40,B16,33,-1366.7948,363.74332,-4257.2007
40,B16,34,-1440.373,396.0729,-4255.232
40,B16,35,-1393.7834,564.0154,-4247.8364
40,B16,36,-1071.5906,598.0469,-4282.1597
40,B16,37,-1045.6719,720.3943,-3996.983
40,B16,38,-1052.0145,724.41754,-3732.3513
40,B16,39,-1041.475,776.51105,-3792.3623
40,B16,40,-1079.6478,796.733,-3800.4678
40,B16,41,-1139.0339,765.99005,-3742.0466
40,B16,42,-1156.6619,605.43396,-3525.5068
40,B16,43,-1195.9321,508.99243,-3398.0493
40,B16,44,-1180.2977,433.98035,-3587.3496
40,B16,45,-1175.8187,386.06604,-3761.0994
41,B17,1,-1282.4911,-1509.0691,-31042.996
41,B17,2,-1283.7196,-1505.7426,-30983.867
41,B17,3,-1266.6147,-1573.6708,-30925.89
41,B17,4,-1204.2968,-1707.7938,-30918.68
41,B17,5,-1216.1514,-1702.6774,-30740.371
41,B17,6,-1177.4706,-1528.5283,-30497.621
41,B17,7,-1141.8718,-1610.21,-30514.617
41,B17,8,-1148.5667,-1653.7496,-30531.146
41,B17,9,-1109.9111,-1603.0049,-30403.69
41,B17,10,-1183.275,-1639.2278,-30375.8
41,B17,11,-1217.3062,-1656.2993,-30407.906
41,B17,12,-1140.4746,-1579.9448,-30314.496
41,B17,13,-1167.3613,-1549.6752,-30409.082
41,B17,14,-1208.3398,-1412.2695,-30447.273
41,B17,15,-1235.0334,-1516.8351,-30257.191
41,B17,16,-1231.7129,-1580.5315,-30259.107
41,B17,17,-1240.0535,-1586.2919,-30177.162
41,B17,18,-1264.292,-1716.981,-30084.633
41,B17,19,-1236.3546,-1786.4886,-30114.904
41,B17,20,-1242.0789,-1771.1895,-30053.76
41,B17,21,-1169.255,-1669.852,-29938.447
41,B17,22,-1148.7767,-1648.6411,-29948.855
41,B17,23,-1205.8688,-1570.1132,-29988.291
41,B17,24,-1263.1805,-1613.6569,-29890.266
41,B17,25,-1283.4584,-1742.0022,-29823.816
41,B17,26,-1208.637,-1763.3734,-29706.975
41,B17,27,-1224.598,-1688.0131,-29584.51
41,B17,28,-1405.7721,-1656.3374,-29602.895
41,B17,29,-1410.2305,-1649.9296,-29567.912
41,B17,30,-1244.7537,-1551.5785,-29652.627
41,B17,31,-1242.0939,-1590.4775,-29708.242
41,B17,32,-1237.1118,-1650.4153,-29784.197
41,B17,33,-1160.6371,-1711.3832,-29673.145
41,B17,34,-1218.9639,-1699.5875,-29494.016
41,B17,35,-1279.5903,-1513.2982,-29530.135
41,B17,36,-1324.6813,-1437.6885,-29438.473
41,B17,37,-1367.4045,-1575.2598,-29327.053
41,B17,38,-1374.8367,-1631.6864,-29304.188
41,B17,39,-1288.2246,-1578.129,-29358.559
41,B17,40,-1221.5306,-1528.0018,-29339.902
41,B17,41,-1190.376,-1584.0991,-29152.197
41,B17,42,-1171.1432,-1717.1765,-29053.928
41,B17,43,-1138.751,-1736.6837,-29027.197
41,B17,44,-1166.7004,-1611.6323,-28903.46
41,B17,45,-1153.9303,-1481.7344,-28687.438
42,B18,1,-273.4303,796.00824,-2497.712
42,B18,2,-243.84201,833.7364,-2476.5635
42,B18,3,-221.24464,811.82666,-2236.2078
42,B18,4,-238.44885,735.46204,-2144.202
42,B18,5,-173.50227,678.09515,-2070.4126
42,B18,6,-123.641785,675.5037,-2100.2864
42,B18,7,-256.68872,682.7956,-2110.6416
42,B18,8,-313.53445,729.4054,-2092.455
42,B18,9,-281.46286,734.65826,-1921.3054
42,B18,10,-244.9753,862.9712,-1851.9065
42,B18,11,-312.47427,837.8149,-1860.7899
42,B18,12,-324.235,704.6749,-1892.5754
42,B18,13,-215.17903,438.32263,-1916.6781
42,B18,14,-219.21625,407.79294,-1893.8013
42,B18,15,-272.73486,543.01263,-1887.4922
42,B18,16,-299.5033,559.0133,-1893.0975
42,B18,17,-259.854,535.2132,-1810.9446
42,B18,18,-250.86479,563.0009,-1644.681
42,B18,19,-233.45804,541.9551,-1618.9866
42,B18,20,-278.84018,556.68933,-1576.0443
42,B18,21,-326.91675,611.71204,-1562.6877
42,B18,22,-314.55182,615.7481,-1629.8971
42,B18,23,-152.81119,704.19434,-1663.6217
42,B18,24,-138.96765,699.8719,-1469.774
42,B18,25,-194.50174,737.48596,-1371.5339
42,B18,26,-349.63907,722.9884,-1306.3551
42,B18,27,-396.89832,779.01324,-1325.3796
42,B18,28,-343.01297,784.2586,-1392.8002
42,B18,29,-194.64262,819.2735,-1338.3179
42,B18,30,-229.18256,795.1487,-1235.5283
42,B18,31,-278.07663,859.81976,-1197.2739
42,B18,32,-283.53305,1078.4661,-1217.7334
42,B18,33,-255.65294,1067.7345,-1007.88043
42,B18,34,-186.24057,1016.03894,-928.2908
42,B18,35,-238.64848,1000.34406,-980.7564
42,B18,36,-283.88425,952.2012,-837.3813
42,B18,37,-275.8272,893.7404,-749.8587
42,B18,38,-250.53564,927.74207,-764.9086
42,B18,39,-237.16443,923.2121,-721.2746
42,B18,40,-285.78003,704.22516,-572.4348
42,B18,41,-404.50464,682.1082,-519.00806
42,B18,42,-415.1011,959.8142,-544.7988
42,B18,43,-346.89377,996.1622,-528.5278
42,B18,44,-375.651,942.2213,-317.6606
42,B18,45,-402.0474,982.5371,-373.7311
43,B19,1,233.25926,755.8047,20831.188
43,B19,2,209.81065,732.5888,20990.787
43,B19,3,213.55801,730.9695,21428.953
43,B19,4,342.42215,750.1644,21670.723
43,B19,5,342.74338,719.5532,21843.828
43,B19,6,334.1268,566.7774,21891.652
43,B19,7,264.45325,442.45325,22172.344
43,B19,8,266.59537,441.94742,22386.605
43,B19,9,433.10678,559.0132,22480.615
43,B19,10,414.06815,646.90137,22667.416
43,B19,11,355.48962,655.5692,22672.031
43,B19,12,327.2967,703.74786,22691.178
43,B19,13,339.22733,630.182,22662.516
43,B19,14,447.989,574.82117,22617.957
43,B19,15,426.37872,558.2286,22727.209
43,B19,16,392.77972,540.748,22926.436
43,B19,17,372.88022,529.9863,23156.816
43,B19,18,324.8113,579.92615,23212.707
43,B19,19,276.88937,537.8915,23306.123
43,B19,20,275.94095,525.2893,23327.232
43,B19,21,418.8828,631.9676,23180.578
43,B19,22,410.31766,728.222,23082.95
43,B19,23,181.50542,807.74915,23282.86
43,B19,24,151.25694,824.8031,23537.066
43,B19,25,278.95108,823.4246,23797.697
43,B19,26,276.6031,799.3633,24021.025
43,B19,27,278.0765,769.31744,24114.053
43,B19,28,419.31235,780.4301,23980.945
43,B19,29,446.43524,870.7168,23978.758
43,B19,30,466.15506,934.0362,24104.137
43,B19,31,446.96646,887.2985,24043.725
43,B19,32,499.14117,881.9912,24297.473
43,B19,33,456.80908,982.2692,24620.936
43,B19,34,382.17648,1027.7147,24595.77
43,B19,35,295.88916,1004.31714,24669.68
43,B19,36,227.38344,986.5697,24764.785
43,B19,37,133.94646,1083.1907,24812.553
43,B19,38,151.59763,1039.0043,24788.895
43,B19,39,340.65225,955.43713,24880.188
43,B19,40,447.18826,930.61646,24859.492
43,B19,41,358.6296,1034.7059,25031.58
43,B19,42,310.44208,1153.6676,25074.674
43,B19,43,354.31686,1053.3624,25004.16
43,B19,44,386.03088,980.1835,25033.889
43,B19,45,457.99167,1037.1014,25206.67
44,B20,1,-640.23395,346.40665,-8463.673
44,B20,2,-632.001,334.0068,-8401.764
44,B20,3,-624.06903,363.66705,-8373.822
44,B20,4,-551.3313,358.04666,-8264.992
44,B20,5,-671.0347,390.7579,-8177.478
44,B20,6,-795.16266,270.50534,-7947.747
44,B20,7,-823.7797,180.60909,-7829.83
44,B20,8,-794.8888,165.92896,-7846.235
44,B20,9,-791.8806,173.76758,-7882.0723
44,B20,10,-745.2458,216.15112,-7774.4307
44,B20,11,-733.9554,386.42813,-7798.262
44,B20,12,-651.08527,359.24875,-7766.123
44,B20,13,-670.374,328.44226,-7749.3477
44,B20,14,-704.9523,385.50934,-7685.8867
44,B20,15,-720.4459,368.811,-7659.9844
44,B20,16,-752.76733,298.3724,-7585.637
44,B20,17,-789.53937,236.95175,-7410.921
44,B20,18,-794.4039,217.83426,-7372.0044
44,B20,19,-743.4804,254.76439,-7430.437
44,B20,20,-839.41504,284.7015,-7499.4956
44,B20,21,-841.95605,296.03198,-7435.8423
44,B20,22,-730.7339,303.03995,-7490.0693
44,B20,23,-728.1442,423.61926,-7450.4805
44,B20,24,-746.6525,454.4164,-7192.294
44,B20,25,-669.77295,411.83438,-7184.663
44,B20,26,-587.3757,391.50574,-7128.339
44,B20,27,-744.6922,420.2121,-7095.1846
44,B20,28,-811.12524,514.78674,-7089.5767
44,B20,29,-810.0291,632.75116,-7141.682
44,B20,30,-738.07214,697.4006,-6969.637
44,B20,31,-637.9853,681.3247,-6773.9023
44,B20,32,-659.08966,772.3781,-6714.0767
44,B20,33,-703.31824,752.6043,-6677.852
44,B20,34,-751.0227,709.5577,-6572.8774
44,B20,35,-758.4969,781.6168,-6452.437
44,B20,36,-670.1283,762.54205,-6390.637
44,B20,37,-679.3772,808.39825,-6328.8984
44,B20,38,-670.4864,743.84607,-6306.4365
44,B20,39,-636.34564,637.89154,-5977.019
44,B20,40,-699.12683,590.38165,-5985.1265
44,B20,41,-722.51434,661.9721,-6071.1494
44,B20,42,-644.91974,671.0263,-6194.4473
44,B20,43,-639.0689,817.0598,-6184.463
44,B20,44,-610.7635,817.5666,-6053.905
44,B20,45,-640.56464,776.5386,-5995.7188
45,B21,1,-332.9621,558.3838,-1143.8992
45,B21,2,-300.54266,592.514,-1001.1609
45,B21,3,-228.13983,578.2424,-869.3641
45,B21,4,-234.52649,603.388,-767.7325
45,B21,5,-218.4553,630.4304,-768.0634
45,B21,6,-236.58495,456.84888,-658.8863
45,B21,7,-231.28207,375.50272,-630.01196
45,B21,8,-244.41357,389.5659,-416.40634
45,B21,9,-204.2555,435.73578,-401.55405
45,B21,10,-191.57364,377.6338,-300.15784
45,B21,11,-220.23474,359.38388,-313.0553
45,B21,12,-208.12845,461.12442,-308.58136
45,B21,13,-164.61385,404.35663,-347.46216
45,B21,14,-158.56313,343.61224,-363.6594
45,B21,15,-63.674927,349.05014,-273.1747
45,B21,16,-112.30642,417.9951,-328.1427
45,B21,17,-175.27808,215.11385,-361.91052
45,B21,18,-222.51808,171.28458,-238.17772
45,B21,19,-255.36691,233.40044,-168.89421
45,B21,20,-253.44409,250.07199,-124.17476
45,B21,21,-277.1309,351.61356,-166.47545
45,B21,22,-284.50015,432.4935,-185.32866
45,B21,23,-217.04652,391.01456,-118.78936
45,B21,24,-244.50214,349.257,-32.880966
45,B21,25,-242.64162,365.0538,-97.639725
45,B21,26,-97.61335,366.46408,-103.29829
45,B21,27,-97.89194,406.55792,-47.227753
45,B21,28,-213.24168,509.31583,192.18039
45,B21,29,-267.86417,503.93472,302.84576
45,B21,30,-257.13483,557.3607,545.4546
45,B21,31,-188.47472,615.22217,615.0756
45,B21,32,-230.32841,739.9189,694.37646
45,B21,33,-238.63538,789.6533,965.7752
45,B21,34,-123.18282,805.54553,985.6527
45,B21,35,-123.44154,771.3348,909.2603
45,B21,36,-109.56709,850.63855,893.54364
45,B21,37,-120.66753,862.2096,1091.0806
45,B21,38,-56.765793,776.6249,1065.2858
45,B21,39,-72.58008,739.8059,1099.4069
45,B21,40,-30.646523,870.16626,1124.9152
45,B21,41,32.00638,790.5967,1107.7909
45,B21,42,-39.35206,699.994,1188.071
45,B21,43,-85.4046,661.4508,1308.1178
45,B21,44,-9.151022,637.76953,1386.2988
45,B21,45,79.69145,767.2059,1337.8757
46,B22,1,-148.50273,397.9373,-5129.092
46,B22,2,-144.78496,387.23495,-4986.0396
46,B22,3,-107.287476,480.78366,-4834.407
46,B22,4,-117.32075,473.68857,-4738.817
46,B22,5,-89.95017,502.11575,-4462.122
46,B22,6,-113.56595,434.585,-4440.0786
46,B22,7,-131.6078,382.52112,-4423.8945
46,B22,8,-158.57144,399.28064,-4413.953
46,B22,9,-157.09538,366.3483,-4136.1675
46,B22,10,-161.13593,349.80832,-4066.5298
46,B22,11,-173.0895,323.21957,-3995.9114
46,B22,12,-121.3797,345.2812,-3928.6072
46,B22,13,-86.23696,292.3652,-3983.0337
46,B22,14,-67.82835,268.554,-3956.615
46,B22,15,-75.87458,354.33798,-3876.9065
46,B22,16,-187.77847,379.43527,-3912.4368
46,B22,17,-253.88365,342.49713,-3792.6726
46,B22,18,-231.84265,328.04276,-3774.4543
46,B22,19,-75.31266,284.04373,-3677.7334
46,B22,20,-61.505566,234.90797,-3680.894
46,B22,21,-185.371,221.18547,-3576.7354
46,B22,22,-239.11096,295.63135,-3646.9526
46,B22,23,-269.6461,263.29047,-3655.5222
46,B22,24,-236.16173,128.53117,-3569.7705
46,B22,25,-64.521706,145.22693,-3403.7017
46,B22,26,-36.402878,341.7304,-3476.3384
46,B22,27,-109.96528,343.83255,-3559.0789
46,B22,28,-133.09834,300.35822,-3386.3345
46,B22,29,-38.990414,342.0911,-3306.8103
46,B22,30,15.552277,494.02737,-3162.1196
46,B22,31,-16.508568,556.7557,-3138.4958
46,B22,32,-16.3056,599.3548,-3141.7268
46,B22,33,26.576965,550.2685,-2883.2627
46,B22,34,33.271786,516.43774,-2900.1677
46,B22,35,33.968143,535.29614,-2790.9875
46,B22,36,55.85431,587.8863,-2694.948
46,B22,37,41.533413,565.25964,-2575.8264
46,B22,38,21.815495,534.3458,-2580.4595
46,B22,39,114.400345,516.5089,-2488.934
46,B22,40,148.26071,484.51932,-2455.5776
46,B22,41,2.9960675,551.08844,-2434.8152
46,B22,42,-64.51224,570.16797,-2408.0361
46,B22,43,-39.897446,514.7076,-2497.7522
46,B22,44,-6.859105,487.3617,-2409.478
46,B22,45,2.9043512,500.11948,-2273.8096
47,B23,1,-883.5965,-143.73637,-16430.004
47,B23,2,-852.1756,-104.13536,-16376.957
47,B23,3,-880.7867,-86.39538,-16497.363
47,B23,4,-937.98486,10.132067,-16462.016
47,B23,5,-964.6653,-49.968334,-16158.249
47,B23,6,-975.9826,-77.83326,-16097.87
47,B23,7,-961.04846,30.080208,-16142.148
47,B23,8,-872.81757,63.72672,-16143.894
47,B23,9,-858.9225,26.742043,-15905.753
47,B23,10,-816.85223,28.78168,-15743.617
47,B23,11,-824.9059,-11.412089,-15792.6455
47,B23,12,-797.5168,-99.60719,-15840.721
47,B23,13,-819.2844,-159.57178,-15689.277
47,B23,14,-828.16437,-215.62486,-15565.294
47,B23,15,-860.043,-227.65907,-15607.332
47,B23,16,-887.7622,-166.04546,-15654.442
47,B23,17,-907.23987,-143.49329,-15525.777
47,B23,18,-919.8098,-146.23459,-15504.847
47,B23,19,-883.6096,-170.06819,-15289.187
47,B23,20,-871.6904,-148.52895,-15292.915
47,B23,21,-839.55743,-74.205925,-15342.189
47,B23,22,-814.0436,-18.961042,-15376.742
47,B23,23,-952.0704,-22.943491,-15369.429
47,B23,24,-983.5964,-65.2892,-15207.281
47,B23,25,-953.2485,-66.99074,-15075.415
47,B23,26,-963.80255,-14.419564,-15116.486
47,B23,27,-940.3808,-19.672518,-15089.935
47,B23,28,-788.29095,30.674547,-15078.486
47,B23,29,-767.72876,-40.99709,-15120.318
47,B23,30,-887.2246,-93.08944,-15151.963
47,B23,31,-899.4579,-90.85626,-14921.218
47,B23,32,-759.1011,-90.94278,-14917.631
47,B23,33,-740.299,7.318307,-14798.864
47,B23,34,-767.69037,58.689278,-14804.534
47,B23,35,-735.05426,-11.589717,-14770.94
47,B23,36,-761.88434,-60.23149,-14824.327
47,B23,37,-779.58276,-29.345312,-14730.987
47,B23,38,-812.74835,9.779972,-14763.55
47,B23,39,-812.8462,9.888338,-14625.013
47,B23,40,-786.8194,10.193658,-14619.607
47,B23,41,-757.6936,-27.395685,-14684.886
47,B23,42,-902.95233,-232.39761,-14535.076
47,B23,43,-908.54803,-240.823,-14539.449
47,B23,44,-571.5554,98.076355,-14407.161
47,B23,45,72.12802,785.9486,-14365.888
48,B24,1,-750.68353,-255.86548,-15301.019
48,B24,2,-746.32635,-261.53094,-15077.799
48,B24,3,-676.8835,-244.82106,-14862.159
48,B24,4,-629.7096,-276.10757,-14774.449
48,B24,5,-640.0093,-304.75812,-14528.393
48,B24,6,-602.27637,-307.46304,-14469.452
48,B24,7,-550.75055,-207.33116,-14530.985
48,B24,8,-553.0537,-207.73729,-14462.6455
48,B24,9,-494.39774,-221.03835,-14145.781
48,B24,10,-507.70682,-404.6234,-14066.47
48,B24,11,-555.731,-450.8152,-14023.879
48,B24,12,-591.17065,-415.16498,-13911.492
48,B24,13,-636.2222,-328.84387,-13691.238
48,B24,14,-688.70306,-276.7084,-13743.475
48,B24,15,-709.5576,-267.6219,-13849.181
48,B24,16,-685.2221,-300.73755,-13727.583
48,B24,17,-650.73584,-307.54346,-13514.536
48,B24,18,-574.3074,-270.6424,-13475.287
48,B24,19,-593.8593,-287.28976,-13536.671
48,B24,20,-628.9716,-269.8156,-13468.231
48,B24,21,-621.30414,-244.81364,-13288.42
48,B24,22,-609.8584,-247.31468,-13354.266
48,B24,23,-631.62134,-259.00018,-13325.702
48,B24,24,-630.7885,-321.72964,-13278.396
48,B24,25,-643.06683,-330.49075,-13402.594
48,B24,26,-599.99854,-212.25208,-13397.457
48,B24,27,-584.67615,-179.03276,-13043.518
48,B24,28,-647.5677,-170.89227,-13042.63
48,B24,29,-676.5822,-180.48727,-13080.5625
48,B24,30,-636.6046,-198.52858,-13149.483
48,B24,31,-579.7312,-255.80894,-12927.948
48,B24,32,-526.3903,-340.42905,-12802.67
48,B24,33,-524.97565,-345.06668,-12812.595
48,B24,34,-581.0256,-221.64488,-12570.926
48,B24,35,-671.2854,-258.82697,-12509.31
48,B24,36,-673.43835,-356.32483,-12449.395
48,B24,37,-543.8591,-390.78976,-12563.225
48,B24,38,-544.2224,-379.62662,-12646.914
48,B24,39,-544.95465,-361.14166,-12614.888
48,B24,40,-534.00323,-226.14392,-12644.126
48,B24,41,-491.06903,-175.67822,-12713.491
48,B24,42,-546.80597,-186.18141,-12522.655
48,B24,43,-591.3148,-237.70042,-12563.758
48,B24,44,-588.8972,-280.01022,-12580.747
48,B24,45,-616.66815,-278.13522,-12605.702
49,C1,1,16542.197,358725.22,118655.82
49,C1,2,16528.232,358717,118672.54
49,C1,3,16551.963,358813.94,118852.88
49,C1,4,16676.92,358817.2,118960.39
49,C1,5,16708.84,358819.56,119347.08
49,C1,6,16819.783,358550.03,119390.21
49,C1,7,16809.492,358611.62,119366.6
49,C1,8,16800.27,359143.1,119591.15
49,C1,9,16864.994,359251.66,119693.61
49,C1,10,16949.416,359388.25,119735.83
49,C1,11,17094.754,359315.84,120174.56
49,C1,12,17095.328,359250.06,120463.22
49,C1,13,17110.557,359338.2,121046.52
49,C1,14,17187.1,359561.66,121913.23
49,C1,15,17203,360938.06,123764.12
49,C1,16,17154.305,362942.94,127617.016
49,C1,17,17189.572,366010,133959.58
49,C1,18,17231.115,371719.56,146526.55
49,C1,19,17391.305,384061.94,170339.78
49,C1,20,17421.418,406535,212611.31
49,C1,21,17475.455,443451.75,278958.78
49,C1,22,17441.742,491135.62,365350.75
49,C1,23,17519.322,540339.44,459458.8
49,C1,24,17502.139,579149.56,555582.9
49,C1,25,17492.477,605437.3,644388
49,C1,26,17756.785,625240.3,720498.2
49,C1,27,17752.377,640996,784722.56
49,C1,28,17798.79,654181.06,836702.2
49,C1,29,17985.014,664730.56,879101
49,C1,30,18042.428,673321.1,912931.06
49,C1,31,18139.398,680329.3,938960.56
49,C1,32,18146.986,686340.1,959553.3
49,C1,33,18223.408,691243.2,978612.25
49,C1,34,18390.379,694825.6,993082.75
49,C1,35,18402.047,698705.5,1002817.8
49,C1,36,18345.023,701886.7,1012583.7
49,C1,37,18527.541,704107.1,1020531.8
49,C1,38,18522.06,705461.5,1026817.25
49,C1,39,18456.115,707866.75,1033246.2
49,C1,40,18506.676,708411.56,1038194.1
49,C1,41,18574.643,709645.75,1041462.6
49,C1,42,18688.65,710538.6,1045038.2
49,C1,43,18794.39,711956.5,1048493.9
49,C1,44,18835.805,714157.2,1049794.2
49,C1,45,18836.262,713553.1,1051706.6
50,C2,1,19612.533,360292.34,114997.055
50,C2,2,19727.04,360244.1,114962.96
50,C2,3,19725.174,359900.8,115295.22
50,C2,4,19589.963,359769.3,115541.93
50,C2,5,19540.28,359695.3,115476.8
50,C2,6,19600.53,359418.16,115436.09
50,C2,7,19796.334,359415,115890.086
50,C2,8,19848.13,359704.97,116100.62
50,C2,9,19807.48,359815.84,116169.3
50,C2,10,19827.227,359812.03,116133.17
50,C2,11,19897.088,360023.66,116476.04
50,C2,12,19949.148,360362,116491.88
50,C2,13,19963.799,360440.75,116452.93
50,C2,14,20067.238,360615.16,116850.17
50,C2,15,20062.223,361094.16,116792.516
50,C2,16,20115.777,361340.7,116693.33
50,C2,17,20205.488,361446.44,116920.39
50,C2,18,20288.537,361884.56,117344.81
50,C2,19,20497.969,361987.44,117744.37
50,C2,20,20832.889,362222.9,117851.15
50,C2,21,21290.506,362384.6,117642.9
50,C2,22,22413.928,362688.88,117510.66
50,C2,23,24617.6,362916.72,117802.47
50,C2,24,28717.273,363587.6,117882.31
50,C2,25,36489.34,363683.5,117010.766
50,C2,26,50280.438,363785.25,115838.62
50,C2,27,73066.766,364074.25,114108.695
50,C2,28,106243.2,364463.25,112878.21
50,C2,29,148511.61,364443.97,112641.32
50,C2,30,197855.28,364722.78,113626.016
50,C2,31,248721.78,365096.9,119327.48
50,C2,32,288333.22,366026.75,129642.93
50,C2,33,314155.72,367206.6,143995.55
50,C2,34,329617.38,368132,159718.75
50,C2,35,340069.6,368894.66,174858.17
50,C2,36,348342.72,369427.1,188833.17
50,C2,37,353590.25,370184.94,201864.47
50,C2,38,358900.78,370645.5,214032.06
50,C2,39,363852.88,370892.22,226395.9
50,C2,40,367802.75,371613.9,238862.5
50,C2,41,371349.97,372288.25,250868.94
50,C2,42,374350.4,372899.28,262664.25
50,C2,43,376540.2,373271.44,274498.75
50,C2,44,378177.8,373997.94,287021.22
50,C2,45,380424.9,374440.38,297219.28
51,C3,1,17242.9,333753.97,112885.45
51,C3,2,17187.232,333922.12,113081.39
51,C3,3,17163.746,333745.7,113146.89
51,C3,4,17185.035,333684.22,113250.64
51,C3,5,17184.225,333774.44,113292.21
51,C3,6,17262.936,333642.1,113261.06
51,C3,7,17518.602,333600.8,113378.664
51,C3,8,17560.148,333678.22,113475.57
51,C3,9,17422.875,333719.22,113498.47
51,C3,10,17379.879,333835.16,113840.59
51,C3,11,17499,334172.2,114076.54
51,C3,12,17617.105,334463.6,113936.29
51,C3,13,17679.564,334588.1,113885.57
51,C3,14,17792.5,334574.28,114335.07
51,C3,15,17818.467,334587.34,114981.445
51,C3,16,17938.873,334750.72,115232.664
51,C3,17,17865.71,335732.1,115910.69
51,C3,18,17812.873,336425.53,117460.695
51,C3,19,17926.297,337911.22,119871.11
51,C3,20,17950.201,340232.94,124649.34
51,C3,21,18152.502,344332.75,133730.47
51,C3,22,18128.102,353169.4,151288.34
51,C3,23,18139.383,370311.28,182454.81
51,C3,24,18386.354,400229.2,235336.06
51,C3,25,18668.53,442314.6,310313
51,C3,26,19168.705,488851.44,395045.94
51,C3,27,19431.377,528246.06,481710.72
51,C3,28,19675.678,556090.8,567468.5
51,C3,29,19944.19,577682.2,642434.75
51,C3,30,20370.922,593723.7,702946.94
51,C3,31,20646.156,606987.44,754833.6
51,C3,32,20718.744,617839.6,796499.75
51,C3,33,20926.176,625828.1,829234.56
51,C3,34,20981.512,632157.7,855992.94
51,C3,35,21202.66,638910.25,876917.25
51,C3,36,21303.26,643929.94,896017.06
51,C3,37,21395.002,647898.2,908673.94
51,C3,38,21509.135,651659.75,919730.94
51,C3,39,21699.328,654395.8,929031.9
51,C3,40,21892.498,656425.56,936185.1
51,C3,41,21792.416,658177.1,943126.7
51,C3,42,21889.566,659432.5,947999.1
51,C3,43,21981.965,661868.3,952006.8
51,C3,44,21942.613,663723.7,956534.25
51,C3,45,22165.137,664531.56,960055.25
52,C4,1,18264.27,333957.94,102011.6
52,C4,2,18306.154,333923.88,102346.41
52,C4,3,18306.666,333899.94,102458.59
52,C4,4,18390.482,333963.44,102523.9
52,C4,5,18682.809,333950.94,102600.25
52,C4,6,18737.115,333821.47,103045.77
52,C4,7,18654.143,333823.16,103024.75
52,C4,8,18604.25,333976.34,102945.24
52,C4,9,18655.002,334135.25,103215.21
52,C4,10,18642.986,334510.2,103658.02
52,C4,11,18718.668,334580.4,103700.2
52,C4,12,18790.584,334786,103680.625
52,C4,13,19020.162,335011.6,103988.6
52,C4,14,19001.693,334872.3,104266.95
52,C4,15,18943.635,334780.16,104550.445
52,C4,16,18906.506,334978.97,104563.26
52,C4,17,19038.44,335368.25,104471.34
52,C4,18,19065.908,335481.62,104620.66
52,C4,19,19053.545,335454.7,104608.68
52,C4,20,19198.193,335666.44,104899.95
52,C4,21,19370.8,335663.28,104968.92
52,C4,22,19514.188,335787.3,104961
52,C4,23,19951.635,335798.62,105521.23
52,C4,24,20652.264,336075.5,105997.305
52,C4,25,21752.418,336139.22,106953.73
52,C4,26,24350.63,336678.88,108285.28
52,C4,27,29271.473,337313.7,110586.22
52,C4,28,37231.145,337338.8,114940.67
52,C4,29,49659.363,337473.44,123184.93
52,C4,30,66924.97,337579.5,135786.4
52,C4,31,84422.76,337892.66,151510.86
52,C4,32,98455.125,338378.88,169019.56
52,C4,33,109827.52,338981.56,186433.94
52,C4,34,119587.914,339627.78,202803.16
52,C4,35,128640.76,340021.2,218046.72
52,C4,36,137324.67,340501.28,232855.64
52,C4,37,145806.9,340904.8,247461.27
52,C4,38,154106.7,341013.1,261614.55
52,C4,39,162143.81,341255.56,275636.97
52,C4,40,170166.17,341535.75,289452.28
52,C4,41,178088.5,341670.28,303201.6
52,C4,42,185701.62,342097.62,316513
52,C4,43,193388.97,342655.38,330141.94
52,C4,44,200916.77,343030.75,343823.78
52,C4,45,206998.56,343254.1,355520.9
53,C5,1,17613.217,330441.72,114532.78
53,C5,2,17734.36,330849.12,114859.97
53,C5,3,17850.611,331400.5,115414.664
53,C5,4,17813.41,331871.94,115681.55
53,C5,5,17773.898,332137.16,115967.734
53,C5,6,17757.803,332401.1,116197.32
53,C5,7,17912.47,332489.88,116305.18
53,C5,8,18067.232,332599.3,116591.164
53,C5,9,18036.193,332877.66,116646.516
53,C5,10,18036.406,332998.06,117084.1
53,C5,11,18117.443,333097.72,117364.56
53,C5,12,18154.592,333225.53,117535.88
53,C5,13,18085.51,333482.4,117539.38
53,C5,14,18019.502,333672.22,117777.28
53,C5,15,18078.58,333683.47,118260.58
53,C5,16,18229.285,333589.53,118225.44
53,C5,17,18416.912,333974.06,118287.305
53,C5,18,18444.486,334747.3,118550.18
53,C5,19,18371.26,335015.06,118958.29
53,C5,20,18355.113,335034.03,119511.164
53,C5,21,18338.178,335230.6,120348.62
53,C5,22,18552.56,336397.6,122255.91
53,C5,23,18652.08,338098.5,125985.305
53,C5,24,18680.945,341052.03,133013.39
53,C5,25,18877.992,347216,146630.86
53,C5,26,19064.744,359321.12,171094.86
53,C5,27,19464.713,382265.53,213507.33
53,C5,28,19945.53,417364.1,278375.25
53,C5,29,20738.441,459399.7,357993.9
53,C5,30,21810.506,500925.3,441126.1
53,C5,31,23070.441,532470.56,524647.5
53,C5,32,24503.156,554987.3,600267.25
53,C5,33,25909.29,571478.4,664163.2
53,C5,34,27163.986,584916.8,716131.25
53,C5,35,28223.467,595890.06,757949.6
53,C5,36,29217.174,604204.56,792660.5
53,C5,37,30301.078,610666.6,820530.44
53,C5,38,31415.973,615992.44,843571
53,C5,39,32411.357,621357.5,862490.56
53,C5,40,33290.004,626392.7,877200
53,C5,41,34358.08,630406,889587.1
53,C5,42,35243.77,634487.8,901731.8
53,C5,43,36208.246,637844.1,910609.4
53,C5,44,37071.375,639605.7,917822.2
53,C5,45,37922.957,641838.56,923022.1
54,C6,1,19434.49,352492.5,117741.57
54,C6,2,19477.938,352831.88,117849.92
54,C6,3,19520.504,353036.38,118220.57
54,C6,4,19546.484,353097.78,118739.63
54,C6,5,19721.256,352965.72,118781.45
54,C6,6,19727.842,352960.7,118784.945
54,C6,7,19743.479,353345.4,118756.76
54,C6,8,19797.969,353417.5,119011.74
54,C6,9,20031.947,353627.34,119354.22
54,C6,10,20036.486,353585.25,119416.33
54,C6,11,20011.371,353539.97,119762.17
54,C6,12,20213.926,353606.78,119877.555
54,C6,13,20321.781,353844.3,119908.59
54,C6,14,20275.004,354185.06,120098.016
54,C6,15,20316.422,354307.78,120094.87
54,C6,16,20344.346,354353,120325.22
54,C6,17,20308.783,354335.3,120394
54,C6,18,20411.15,354736.66,120737.86
54,C6,19,20341.254,355117.12,120727.64
54,C6,20,20257.12,355339.97,120874.234
54,C6,21,20372.102,355409.53,120998.97
54,C6,22,20728.738,355245.3,120883.266
54,C6,23,21038.727,355170.78,120822.5
54,C6,24,21383.93,355464.78,120685.11
54,C6,25,22167.377,355484.94,120760.61
54,C6,26,23708.078,355585.84,121042.77
54,C6,27,26800.219,356138.47,120862.07
54,C6,28,32785.508,356123.06,120648.79
54,C6,29,43404.152,356006.84,120502.664
54,C6,30,60482.473,356159.9,120177.414
54,C6,31,84968.445,356426.84,119984.52
54,C6,32,118887.734,356216.72,120099.11
54,C6,33,152673.5,356034.12,121021.55
54,C6,34,177952.84,356393.78,123461.77
54,C6,35,195617.7,357291.47,126583.836
54,C6,36,209962.69,357498.94,129543.38
54,C6,37,221898.67,357897.72,132029.67
54,C6,38,232315.56,358394.22,134619.55
54,C6,39,242396.2,358868,136998.66
54,C6,40,251962.38,359354.03,139047.77
54,C6,41,260601.66,360302.3,141556.66
54,C6,42,268949.22,360723.4,143833.62
54,C6,43,276707.5,361631.66,145814.92
54,C6,44,284199.2,362302.84,148044.17
54,C6,45,290435.53,362618.7,150055.17
55,C7,1,17037.041,339222.1,99518.06
55,C7,2,17050.879,339594.03,99741.66
55,C7,3,17165.205,340143.34,100562.14
55,C7,4,17440.428,340450.44,100686.49
55,C7,5,17461.547,340597.1,100890.06
55,C7,6,17330.828,340952,101268.1
55,C7,7,17256.523,341478.44,101317.11
55,C7,8,17235.06,341624.25,101334.19
55,C7,9,17261.377,341702.7,101539
55,C7,10,17283.87,341819.28,101679.3
55,C7,11,17275.865,341905.72,102273.62
55,C7,12,17291.613,341915.22,102489.1
55,C7,13,17555.793,342055.12,102399.18
55,C7,14,17731.17,342394.16,102541.92
55,C7,15,17433.98,342405.53,102796.41
55,C7,16,17348.398,342334.8,102987.78
55,C7,17,17577.773,342680.06,102964.88
55,C7,18,17880.584,342721.5,103065.734
55,C7,19,17870.701,342737.38,103624.266
55,C7,20,17864.19,343455.34,103831.9
55,C7,21,17988.932,343734.4,103657.51
55,C7,22,18222.629,343991.8,103652.32
55,C7,23,18304.125,344242.75,104375.375
55,C7,24,18246.787,344469,105360.766
55,C7,25,18372.42,345291.34,107092.85
55,C7,26,18688.76,346753.2,109962.68
55,C7,27,19034.969,349482.28,115202.95
55,C7,28,19609.791,354175.12,125928.55
55,C7,29,20528.754,363174,146683.2
55,C7,30,22680.945,380572.03,182981.9
55,C7,31,26142.021,407735.9,237780.14
55,C7,32,31058.57,441959.78,302866.12
55,C7,33,36347.39,473709.66,372263.75
55,C7,34,41442.098,497247.47,438712.97
55,C7,35,46282.44,514148.6,496033.84
55,C7,36,50573.297,528841,546456.9
55,C7,37,54383.105,540713.8,592731.8
55,C7,38,58017.89,549214.25,632786.7
55,C7,39,61635.055,555254.3,667584.2
55,C7,40,65268.25,562464.75,698257.06
55,C7,41,69097.86,569473.8,723472.94
55,C7,42,73015.59,575072.2,745292.1
55,C7,43,76969.914,580417.5,766460.6
55,C7,44,81045.19,586304.1,784738.1
55,C7,45,84825.195,589982.94,798575.44
56,C8,1,-36.039993,-161.73624,-10400.082
56,C8,2,-18.614792,-177.90546,-10262.575
56,C8,3,-140.6467,-66.97507,-10054.627
56,C8,4,-172.38043,-74.15601,-10031.857
56,C8,5,-87.384766,-202.64381,-9960.111
56,C8,6,-87.916176,-221.15077,-9975.42
56,C8,7,-128.34317,-35.14306,-9928.223
56,C8,8,-160.58798,-170.30301,-10075.103
56,C8,9,-186.63565,-238.7173,-10128.764
56,C8,10,-178.65977,-177.69984,-9962.93
56,C8,11,-163.83197,-326.64023,-9875.707
56,C8,12,-180.30125,-381.44528,-9911.304
56,C8,13,-160.24384,-255.23038,-9815.917
56,C8,14,-95.23635,-199.70052,-9628.607
56,C8,15,-21.548128,-475.4435,-9604.232
56,C8,16,29.249943,-473.2843,-9672.769
56,C8,17,-30.49435,-96.84371,-9724.218
56,C8,18,-162.21268,-56.064537,-9583.302
56,C8,19,-161.96481,-104.244514,-9524.799
56,C8,20,20.848541,-344.51678,-9602.866
56,C8,21,25.651728,-408.73196,-9667.899
56,C8,22,-29.398087,-327.749,-9540.396
56,C8,23,-221.69421,-469.57645,-9412.255
56,C8,24,-228.13728,-540.9566,-9340.796
56,C8,25,-61.013367,-561.7553,-9340.111
56,C8,26,-60.10419,-518.2567,-9354.433
56,C8,27,-51.72373,-329.45593,-9558.319
56,C8,28,87.32231,-572.74335,-9592.97
56,C8,29,124.53091,-572.89825,-9235.382
56,C8,30,132.7788,-267.04108,-9118.817
56,C8,31,144.2715,-221.47061,-9043.519
56,C8,32,104.34958,-154.00645,-9042.413
56,C8,33,52.046333,-118.733826,-8749.6045
56,C8,34,-37.98281,-71.19172,-8624.828
56,C8,35,-74.508934,-71.230934,-8488.136
56,C8,36,-31.265682,129.9323,-8523.506
56,C8,37,-94.59198,285.76465,-8405.881
56,C8,38,-138.14735,202.63907,-8426.24
56,C8,39,-92.86961,12.113802,-8281.388
56,C8,40,41.943596,-56.521282,-8233.132
56,C8,41,21.975506,43.29827,-8106.5435
56,C8,42,-35.4759,42.729294,-8051.5254
56,C8,43,-83.58171,148.25941,-7910.5107
56,C8,44,-52.862648,177.06355,-7954.1865
56,C8,45,153.25456,437.29333,-8102.8354
57,C9,1,18731.48,338044.94,121184.81
57,C9,2,18847.133,338410.62,121402.195
57,C9,3,18893.334,339340.8,121869.805
57,C9,4,19009.158,339511.56,121875.266
57,C9,5,19093.594,339607.03,121899.88
57,C9,6,19130.94,339855.3,122271.484
57,C9,7,19100.484,340167.4,122522.945
57,C9,8,19085.45,340168,122581.69
57,C9,9,19236.13,340344.4,123001.13
57,C9,10,19146.74,340285.7,122983.086
57,C9,11,19113.66,340446.22,122856.164
57,C9,12,19325.707,340919.22,123005.46
57,C9,13,19406.832,341096.97,123467.33
57,C9,14,19490.402,341361.28,123662.99
57,C9,15,19422.713,341504.3,123883.75
57,C9,16,19352.4,341515.78,123738.46
57,C9,17,19424.783,341929.44,123619.91
57,C9,18,19621.582,341896.66,123899.266
57,C9,19,19644.61,341897.9,124237.91
57,C9,20,19785.553,341734.94,124447.1
57,C9,21,19932.8,341875.25,124505.66
57,C9,22,19906.25,342811.03,124606.93
57,C9,23,19794.148,343228.38,125162.07
57,C9,24,19722.73,343661.1,125838.27
57,C9,25,19875.066,344133.6,127468.99
57,C9,26,19998.79,345600.28,130446
57,C9,27,19973.936,348013.4,136389.53
57,C9,28,19939.45,352715.28,146984.12
57,C9,29,20125.838,362363.12,167314.86
57,C9,30,20243.65,380661.8,203959.86
57,C9,31,20222.691,411604.84,261401.66
57,C9,32,20478.46,450729.28,336212.4
57,C9,33,20672.773,491782.12,416905.88
57,C9,34,20748.41,523662.66,498351.12
57,C9,35,21198.371,546674.3,570860.06
57,C9,36,21466.162,563276.94,634380.1
57,C9,37,21522.223,575219.75,686938.9
57,C9,38,21553.348,586118.75,729974.25
57,C9,39,21595.271,594724,765419.56
57,C9,40,21501.059,602129.1,795107.25
57,C9,41,21568.523,608164.06,821671.56
57,C9,42,21710.807,612309.56,844361.6
57,C9,43,21823.287,617740.44,861389.75
57,C9,44,21818.293,621191.44,875931.75
57,C9,45,22067.584,624298.9,889106.4
58,C10,1,-286.248,-2049.2788,-28818.26
58,C10,2,-305.81085,-2027.5375,-28679.484
58,C10,3,-289.31018,-2016.8629,-28266.086
58,C10,4,-296.70297,-2033.144,-28048.902
58,C10,5,-209.26773,-2080.723,-27961.703
58,C10,6,-202.78362,-2092.8325,-27969.371
58,C10,7,-382.8528,-2117.2285,-27784.506
58,C10,8,-451.48038,-2083.3616,-27759.037
58,C10,9,-406.69244,-2189.7021,-27541.59
58,C10,10,-322.9814,-2244.8555,-27524.803
58,C10,11,-307.33084,-2197.0635,-27587.78
58,C10,12,-256.73114,-2112.9385,-27480.729
58,C10,13,-288.66583,-2119.9387,-27194.717
58,C10,14,-299.8709,-2054.665,-27257.635
58,C10,15,-144.6017,-2017.3881,-27366.59
58,C10,16,-145.04181,-2091.1667,-27273.17
58,C10,17,-302.63406,-2236.6602,-27194.186
58,C10,18,-352.26328,-2280.3452,-27176.701
58,C10,19,-225.80014,-2254.4106,-26977.486
58,C10,20,-154.56401,-2392.2295,-26827.27
58,C10,21,-414.1652,-2360.7021,-26879.89
58,C10,22,-445.5656,-2103.7417,-26959.023
58,C10,23,-187.02083,-2183.8699,-26804.402
58,C10,24,-90.86473,-2236.9202,-26832.06
58,C10,25,-5.9351125,-2157.8608,-26698.236
58,C10,26,16.799553,-2058.973,-26691.23
58,C10,27,-178.13425,-1996.5364,-26746.658
58,C10,28,-286.53232,-2042.372,-26838.084
58,C10,29,-353.9066,-2085.7378,-26753.268
58,C10,30,-334.37805,-2100.492,-26780.451
58,C10,31,-87.59598,-2116.744,-26517.648
58,C10,32,-123.47333,-1994.1755,-26241.568
58,C10,33,-265.42307,-1889.5752,-26082.232
58,C10,34,-544.87213,-1927.9329,-25974.01
58,C10,35,-547.2201,-1959.6704,-25803.832
58,C10,36,-261.9983,-1915.5016,-25679.3
58,C10,37,-132.7853,-1839.5377,-25765.25
58,C10,38,-168.42166,-2075.8306,-25658.314
58,C10,39,-190.95381,-2152.8997,-25575.75
58,C10,40,-186.70116,-2011.5486,-25514.875
58,C10,41,-11.701985,-1856.4562,-25386.25
58,C10,42,-98.67913,-1857.0105,-25431.244
58,C10,43,-156.69574,-1793.0332,-25388.55
58,C10,44,-66.60383,-1891.7667,-25477.963
58,C10,45,-81.22815,-1977.1248,-25345.836
59,C11,1,17386.828,294552,370774.56
59,C11,2,17352.178,294707.72,371000.03
59,C11,3,17267.908,294870.56,371960.3
59,C11,4,17130.035,294661.03,371849.34
59,C11,5,17202.496,294677.06,370881.16
59,C11,6,17611.02,295197.78,370893.3
59,C11,7,17612.66,295569.6,371971.5
59,C11,8,17548.668,295615,372069.88
59,C11,9,17578.326,295725.44,371946.06
59,C11,10,17527.14,296147.8,372218.28
59,C11,11,17587.959,296094.62,373241.9
59,C11,12,18040.592,296065.75,373787.88
59,C11,13,17991.553,296487.25,373796.7
59,C11,14,17855.31,296599.22,373696.22
59,C11,15,17788.527,296704.53,373641.84
59,C11,16,17875.354,296698.5,374210.47
59,C11,17,17940.828,296864,375114.47
59,C11,18,17908.285,296918.62,375280.7
59,C11,19,18017.674,297384.06,373963.1
59,C11,20,18134.133,297695.03,373421.28
59,C11,21,18209.05,298049.34,373116.56
59,C11,22,18408.729,298259.56,372932.97
59,C11,23,18640.053,298426.88,373183.38
59,C11,24,18549.154,298313.28,374173.06
59,C11,25,18418.586,298408.25,374369.7
59,C11,26,18376.402,298789.25,375025.16
59,C11,27,18361.422,298894.56,376126.1
59,C11,28,18423.355,299663.88,377196.62
59,C11,29,18632.758,300466.6,381802.62
59,C11,30,18784.371,302087.7,386817.1
59,C11,31,18636.336,305317.22,397908.72
59,C11,32,18608.994,312207.6,419857.12
59,C11,33,19050.232,325108.75,460457.75
59,C11,34,19266.146,345831.1,525354.6
59,C11,35,19492.873,373649.22,606672.3
59,C11,36,19694.576,402789.38,695264.94
59,C11,37,20011.064,424202.6,780054.9
59,C11,38,20081.867,439276.56,855614
59,C11,39,20342.107,450187.22,920737.1
59,C11,40,20577.322,458704.88,974845.8
59,C11,41,20890.54,465748.12,1021571.25
59,C11,42,20873.707,471488,1064352.6
59,C11,43,21057.242,475622,1099986.2
59,C11,44,21018.125,479441.78,1127956.2
59,C11,45,21119.545,484508.2,1151702.9
60,C12,1,-88.490814,1250.2056,-320.42065
60,C12,2,9.017524,1319.6752,-197.37592
60,C12,3,-48.82986,1336.6616,-156.10869
60,C12,4,-129.74548,1423.1211,-183.48557
60,C12,5,-192.2412,1320.4653,-180.15775
60,C12,6,-301.60538,1269.9863,-110.921616
60,C12,7,-365.38367,1370.0442,107.43478
60,C12,8,-417.97202,1330.312,84.18743
60,C12,9,-421.66965,1009.822,66.9685
60,C12,10,-308.7648,981.62506,284.16754
60,C12,11,-192.01683,1190.131,311.71753
60,C12,12,-189.12271,1234.4077,245.57298
60,C12,13,-292.05386,1345.7922,215.2764
60,C12,14,-359.85718,1327.1729,383.09662
60,C12,15,-423.89453,1304.9739,361.2105
60,C12,16,-397.39917,1252.7163,280.03983
60,C12,17,-194.04938,1210.5448,326.69806
60,C12,18,-235.61354,1162.1113,498.14642
60,C12,19,-405.42383,1157.385,492.15067
60,C12,20,-433.90378,1212.5065,451.91013
60,C12,21,-350.80344,1200.7074,599.41437
60,C12,22,-316.13278,1258.6603,561.2258
60,C12,23,-168.26566,1313.4027,548.2667
60,C12,24,-178.07323,1246.3538,554.15784
60,C12,25,-179.51573,1102.2053,572.6018
60,C12,26,-120.54448,1044.55,700.38367
60,C12,27,-299.93164,1051.2399,619.6387
60,C12,28,-325.89005,1075.5168,528.165
60,C12,29,-127.13353,1039.6987,556.4007
60,C12,30,-98.369774,1046.1107,568.26764
60,C12,31,-183.9846,1188.0386,839.21014
60,C12,32,-278.045,1195.8499,830.4529
60,C12,33,-430.39145,1219.1254,872.16235
60,C12,34,-426.32346,1167.2566,991.4452
60,C12,35,-244.8012,1068.1509,1082.365
60,C12,36,-213.10777,1066.9357,1279.4082
60,C12,37,-133.38411,1247.0283,1245.8033
60,C12,38,-134.78557,1344.6761,1288.9835
60,C12,39,-28.164537,1442.7118,1247.7878
60,C12,40,93.09737,1362.9756,1323.6053
60,C12,41,-71.840195,1315.4264,1564.2341
60,C12,42,-408.7295,1436.0906,1620.2839
60,C12,43,-430.04077,1560.3489,1780.0112
60,C12,44,-192.25418,1555.3827,1741.1483
60,C12,45,-103.73412,1576.2264,1703.6147
61,C13,1,17846.89,319243.9,122535.945
61,C13,2,17970.514,319637.22,122710.54
61,C13,3,17825.164,320127.88,123234.49
61,C13,4,17814.385,320110.06,123455.945
61,C13,5,18056.629,320009.8,123657.49
61,C13,6,18061.562,320148.34,123713.34
61,C13,7,18010.822,320542.9,123750.68
61,C13,8,18023.535,320555.53,124200.73
61,C13,9,18019.703,320703.62,124659.87
61,C13,10,18146.697,320996.66,124797.266
61,C13,11,18171.553,320983.78,124669.73
61,C13,12,18100.338,320928.62,124704.45
61,C13,13,18008.543,321313.75,125246.68
61,C13,14,18009.562,321740.94,125383.12
61,C13,15,18231.785,321860.47,125404.98
61,C13,16,18266.031,322047.06,125389.32
61,C13,17,18409.729,322143.38,125606.42
61,C13,18,18492.771,322117.3,125868.266
61,C13,19,18486.684,322521.2,126041.31
61,C13,20,18654.033,322660.94,125905.945
61,C13,21,18718.26,322587.06,125862.91
61,C13,22,19063.182,322830.06,126132.836
61,C13,23,19056.096,322876.75,126319.27
61,C13,24,18921.861,323011.6,126415.34
61,C13,25,18839.084,323437.3,126482.875
61,C13,26,18914.066,323654.47,126702.305
61,C13,27,18859.955,323817.7,127412.94
61,C13,28,18845.979,324182.03,128106.695
61,C13,29,18815.732,325105.72,129579.38
61,C13,30,19039.857,326860.94,133153.72
61,C13,31,19254.008,329205.44,139481.88
61,C13,32,19241.82,334656.97,151275.11
61,C13,33,19221.389,345984.84,173021.25
61,C13,34,19271.736,365299.25,210454.84
61,C13,35,19185.484,391958.22,262436.03
61,C13,36,19198.596,422511.03,320765.12
61,C13,37,19455.838,447043.94,382176.25
61,C13,38,19628.7,465249.75,440701.28
61,C13,39,19881.068,478618.78,491855.28
61,C13,40,19966.578,488797.8,537346.7
61,C13,41,20129.928,497902.94,578420.75
61,C13,42,20104.82,505363.03,616913.7
61,C13,43,20265.54,512349.22,649097.5
61,C13,44,20395.318,517002.84,677503.3
61,C13,45,20500.309,521488.6,700155
62,C14,1,-735.9435,-236.78635,-12754.421
62,C14,2,-796.8823,-243.61275,-12673.138
62,C14,3,-1025.416,-92.31036,-12529.9375
62,C14,4,-1044.7853,-77.94479,-12312.668
62,C14,5,-900.35944,-212.02412,-12271.942
62,C14,6,-816.3627,-316.6177,-12105.235
62,C14,7,-733.1063,-455.59286,-12053.251
62,C14,8,-881.22546,-503.59506,-11827.891
62,C14,9,-923.4791,-489.39365,-11801.584
62,C14,10,-804.92395,-440.98434,-11879.319
62,C14,11,-753.29285,-478.89462,-11857.725
62,C14,12,-780.9226,-493.33728,-11816.168
62,C14,13,-798.194,-442.91333,-11761.875
62,C14,14,-686.8088,-406.44116,-11621.398
62,C14,15,-706.9183,-232.3663,-11499.391
62,C14,16,-899.7599,-224.60193,-11385.414
62,C14,17,-981.32983,-217.07092,-11370.936
62,C14,18,-933.0061,-259.00232,-11385.465
62,C14,19,-651.4864,-292.765,-11385.434
62,C14,20,-693.433,-346.36487,-11196.961
62,C14,21,-782.63336,-457.7804,-11180.984
62,C14,22,-866.8228,-537.9987,-11269.09
62,C14,23,-911.1996,-516.9553,-11372.462
62,C14,24,-906.9287,-366.1961,-11292.207
62,C14,25,-937.362,-343.68088,-11052.467
62,C14,26,-909.65045,-364.0537,-10941.965
62,C14,27,-739.6081,-298.17044,-10933.628
62,C14,28,-828.6787,-251.93204,-10896.944
62,C14,29,-899.1381,-264.834,-11130.648
62,C14,30,-873.6403,-256.91742,-11256.886
62,C14,31,-734.1344,-435.40436,-11103.595
62,C14,32,-849.8604,-492.1712,-10937.682
62,C14,33,-884.3081,-447.1082,-10879.35
62,C14,34,-772.9034,-370.04007,-10872.322
62,C14,35,-853.15173,-306.0379,-10823.838
62,C14,36,-912.5264,-358.10645,-10658.585
62,C14,37,-923.6729,-356.15063,-10660.091
62,C14,38,-941.28046,-226.43518,-10552.707
62,C14,39,-876.1403,-426.27167,-10573.918
62,C14,40,-716.8975,-442.22946,-10532.643
62,C14,41,-610.1454,-205.28198,-10435.508
62,C14,42,-798.6676,-153.21407,-10400.398
62,C14,43,-847.68225,-4.229801,-10421.311
62,C14,44,-708.1033,53.501343,-10074.54
62,C14,45,-718.45514,100.39625,-10020.918
63,C15,1,17864.146,326617.7,108679.84
63,C15,2,18016.55,326648.25,108767.97
63,C15,3,18082.48,327065.44,108868.35
63,C15,4,18141.896,327456.3,109345.164
63,C15,5,17840.834,327490.47,109834.664
63,C15,6,17796.23,327624.16,109860.016
63,C15,7,18029.803,327762.44,109974.586
63,C15,8,18058.648,327992.97,110241.9
63,C15,9,18167.742,328550.6,110346.625
63,C15,10,18354.703,328585.53,110910.234
63,C15,11,18350.03,328656.28,111096.01
63,C15,12,18391.992,328851.5,111119.99
63,C15,13,18325.469,328871.03,111169.195
63,C15,14,18230.584,329073.88,111780.984
63,C15,15,18241.123,329638.2,111791.48
63,C15,16,18572.709,329749.03,111783.08
63,C15,17,18659.191,329976.16,112074.62
63,C15,18,18653.064,330032.94,112427.14
63,C15,19,18628.633,330030.53,112589.54
63,C15,20,18872.402,330600.8,112953.88
63,C15,21,19102.947,330814.66,112831.48
63,C15,22,19092.594,330565.1,112647.72
63,C15,23,19168.09,330422.44,112705.68
63,C15,24,18947.83,330704.88,112727.44
63,C15,25,18830.451,330807.53,113055.09
63,C15,26,18949.906,330957.6,113063.234
63,C15,27,19016.883,331156.84,113276.55
63,C15,28,18978.838,331685.03,113582.27
63,C15,29,19141.293,331826.94,113890.1
63,C15,30,19268.066,332005.4,114427.33
63,C15,31,19388.727,332466.9,115174.86
63,C15,32,19391.389,333569.38,116542.52
63,C15,33,19493.209,336066.1,119682.85
63,C15,34,19431.668,340054.06,124822.24
63,C15,35,19500.7,347383.12,134289.17
63,C15,36,19690.393,358792.75,148780.83
63,C15,37,19837.885,371915.53,167634.5
63,C15,38,19939.865,383464.12,189819.36
63,C15,39,19909.316,392318.03,213010.16
63,C15,40,20151.299,398983.8,236063.67
63,C15,41,20291.406,404329.7,258208.9
63,C15,42,20494.969,408607.06,280104.56
63,C15,43,20462.514,412577.62,301169.25
63,C15,44,20471.564,416152.56,322308.7
63,C15,45,20664.408,419110.34,340131.66
64,C16,1,-309.38736,1118.6212,84.023285
64,C16,2,-399.4258,1107.2865,247.54619
64,C16,3,-429.85333,1056.4807,421.144
64,C16,4,-326.6552,1026.3511,544.09644
64,C16,5,-359.88818,991.4413,500.01187
64,C16,6,-427.5843,1018.5536,511.06775
64,C16,7,-433.02875,1065.286,736.57184
64,C16,8,-350.3832,1093.9392,839.1879
64,C16,9,-394.119,1219.0557,847.3199
64,C16,10,-481.4142,1149.6223,863.33307
64,C16,11,-434.53082,1077.909,974.9361
64,C16,12,-158.96178,1050.7393,1003.8654
64,C16,13,-137.02496,1024.8622,1053.7927
64,C16,14,-352.01044,1030.9412,1031.259
64,C16,15,-415.67474,841.8052,1179.3094
64,C16,16,-379.90903,820.22076,1161.195
64,C16,17,-389.75217,973.6117,1231.7313
64,C16,18,-419.093,968.86346,1196.098
64,C16,19,-377.46375,808.0732,1275.7573
64,C16,20,-162.72214,813.0291,1222.0131
64,C16,21,-143.10207,1002.86444,1247.711
64,C16,22,-261.1069,1026.4056,1295.8439
64,C16,23,-314.261,916.8222,1452.0592
64,C16,24,-279.98965,890.86835,1438.9349
64,C16,25,-243.09395,979.1021,1317.7709
64,C16,26,-260.76944,951.061,1228.561
64,C16,27,-296.51367,870.04016,1352.204
64,C16,28,-361.957,881.54987,1535.6302
64,C16,29,-387.87262,1090.3254,1515.249
64,C16,30,-358.47745,1192.8391,1530.6609
64,C16,31,-429.92786,1169.3217,1630.9442
64,C16,32,-433.8497,1145.0654,1619.5715
64,C16,33,-314.6379,1162.0804,1597.6777
64,C16,34,-309.26883,1093.9774,1561.0488
64,C16,35,-328.98682,964.0386,1718.8501
64,C16,36,-336.45776,935.36523,1926.5958
64,C16,37,-285.2152,1066.4852,1896.9211
64,C16,38,-255.0659,1162.4698,1911.4866
64,C16,39,-259.01755,1164.1836,1988.6642
64,C16,40,-309.60492,1275.4637,2025.1959
64,C16,41,-378.20026,1251.4423,2017.4689
64,C16,42,-419.14694,1135.1217,2067.853
64,C16,43,-414.8565,1092.8246,2024.0641
64,C16,44,-313.0456,1178.9221,2061.5828
64,C16,45,-260.46075,1152.9279,2049.4646
65,C17,1,17977.943,329285.62,130817.49
65,C17,2,18039.453,329386.6,131360.42
65,C17,3,18175.104,329845.72,131650.19
65,C17,4,18173.91,330016.84,131634.6
65,C17,5,18216.895,330515.97,131884.61
65,C17,6,18244.316,330563.06,132106.88
65,C17,7,18226.924,330556.25,132088.83
65,C17,8,18196.125,330648.84,132316.73
65,C17,9,18274.695,330657.8,132568.23
65,C17,10,18378.467,331089.1,132645.19
65,C17,11,18400.594,331692.1,132618.66
65,C17,12,18419.207,331817.47,132978.14
65,C17,13,18443.104,332092.94,133338.61
65,C17,14,18434.865,332237.28,133333.19
65,C17,15,18615.434,332190.44,133440.58
65,C17,16,18729.877,332428.2,133603.28
65,C17,17,18629.5,332477.3,133817.64
65,C17,18,18591.209,332615.97,133975.16
65,C17,19,18780.9,332874.97,134002.39
65,C17,20,18764.672,332870.06,133865.55
65,C17,21,18798.197,333106.72,133956.77
65,C17,22,18899.56,333363.47,134220.98
65,C17,23,18836.107,333453.78,134307.45
65,C17,24,18806.346,333393.06,134505
65,C17,25,19030.139,333771.7,134805.83
65,C17,26,19011.303,334178.75,134723.36
65,C17,27,19030.111,334498.34,134718.89
65,C17,28,19144.604,334413.78,134909.33
65,C17,29,19259.93,334530.47,135567
65,C17,30,19344.125,334797.2,136383.38
65,C17,31,19271.271,335441.2,137474.17
65,C17,32,19285.154,336638.8,139282.53
65,C17,33,19383.988,338428.7,143230.19
65,C17,34,19378.541,341611,150568.19
65,C17,35,19365.96,346968.7,162814.58
65,C17,36,19422.754,355387.84,179794.31
65,C17,37,19588.762,363460.12,200037.14
65,C17,38,19650.68,370085.75,221820.19
65,C17,39,19647.549,375191.8,243127.11
65,C17,40,19828.588,379046.47,264489.47
65,C17,41,19784.049,382445.7,285499.53
65,C17,42,19786.973,385477.7,306263.56
65,C17,43,19690.6,388275.06,326661.75
65,C17,44,19733.969,390266.8,347412.8
65,C17,45,20001.98,391963.8,365270.5
66,C18,1,-743.35187,-83.32274,-16003.963
66,C18,2,-750.82465,-42.44493,-15752.132
66,C18,3,-779.7246,-0.6873877,-15578.736
66,C18,4,-784.3299,-147.23064,-15625.93
66,C18,5,-777.037,-304.02066,-15552.673
66,C18,6,-658.1364,-376.8506,-15267.526
66,C18,7,-631.4232,-444.4047,-15070.581
66,C18,8,-675.96857,-423.95285,-14864.708
66,C18,9,-696.26245,-235.37328,-14746.87
66,C18,10,-652.73663,-229.37773,-14703.953
66,C18,11,-669.14276,-437.62885,-14364.275
66,C18,12,-735.7884,-491.9862,-14267.091
66,C18,13,-869.2046,-466.14447,-14057.549
66,C18,14,-863.4535,-371.2914,-13928.772
66,C18,15,-710.7549,-372.76727,-13943.299
66,C18,16,-684.3694,-378.66617,-13835.891
66,C18,17,-654.0269,-364.7079,-13724.56
66,C18,18,-677.4983,-253.4842,-13780.753
66,C18,19,-673.94556,-352.8764,-13861.565
66,C18,20,-693.18854,-362.00104,-13619.103
66,C18,21,-700.19403,-189.34752,-13478.559
66,C18,22,-602.2293,-176.25713,-13408.374
66,C18,23,-614.93427,-163.03389,-13094.891
66,C18,24,-613.1021,-257.2467,-13172.99
66,C18,25,-615.02856,-293.36,-13211.772
66,C18,26,-623.47327,-183.35074,-12871.839
66,C18,27,-512.0884,-67.45594,-12933.034
66,C18,28,-509.9787,-77.30243,-13066.001
66,C18,29,-546.11273,-36.616825,-12849.098
66,C18,30,-597.07416,-84.743034,-12602.844
66,C18,31,-580.06335,-88.33262,-12695.191
66,C18,32,-470.9297,102.70384,-12767.31
66,C18,33,-482.93658,87.501175,-12566.744
66,C18,34,-506.47055,9.551545,-12312.896
66,C18,35,-571.51886,-39.12511,-12334.706
66,C18,36,-656.03876,-76.76068,-12497.019
66,C18,37,-713.1545,-11.529696,-12467.122
66,C18,38,-746.38275,-15.993601,-12309.886
66,C18,39,-787.8807,-28.541878,-12107.908
66,C18,40,-867.5687,125.968475,-12199.111
66,C18,41,-813.528,124.243004,-12116.561
66,C18,42,-497.23346,99.81688,-12021.118
66,C18,43,-437.99896,24.292526,-12011.287
66,C18,44,-447.97488,-156.69424,-11754.268
66,C18,45,-500.12988,-239.71906,-11696.461
67,C19,1,17455.771,349181.03,123507.39
67,C19,2,17598.037,349472.6,123695.336
67,C19,3,17615.324,350221.2,123820.59
67,C19,4,17568.38,350584.75,124179.85
67,C19,5,17498.77,350524,124343.74
67,C19,6,17483.135,350428.25,124496.484
67,C19,7,17603.422,350318.28,124603.27
67,C19,8,17627.34,350366.12,124709.84
67,C19,9,17756.393,350635.5,124873.734
67,C19,10,17774.152,351026.8,125200.46
67,C19,11,17842.418,351543.88,125570.9
67,C19,12,17825.924,351602.12,125788.12
67,C19,13,17918.139,351850.3,125793.54
67,C19,14,17992.662,352568.72,126199.13
67,C19,15,17946.494,352719.72,127412.09
67,C19,16,17979.326,353354.56,128878.13
67,C19,17,18106.303,355053.2,131463.36
67,C19,18,18250.377,358342.5,136856.42
67,C19,19,18414.14,363690.7,147324.2
67,C19,20,18425.473,374322.16,167460.1
67,C19,21,18476.312,395244.7,203455.5
67,C19,22,18448.861,428931.06,261803.61
67,C19,23,18634.373,471968.44,335352.25
67,C19,24,18836.717,515156.66,407138.9
67,C19,25,18921.531,547823.5,479627.34
67,C19,26,19081.494,570687.8,545885.56
67,C19,27,19215.17,587749.7,602478.56
67,C19,28,19387.084,601867.56,650966.94
67,C19,29,19419.574,613365.25,693471.9
67,C19,30,19415.51,623222.3,728369.75
67,C19,31,19527.328,631938.5,759440.25
67,C19,32,19538.676,638517.56,786061.3
67,C19,33,19680.309,643833.5,810407.56
67,C19,34,19800.285,649718.44,830305.75
67,C19,35,19966.96,654541.5,848002.4
67,C19,36,19864.268,658692.56,863685.1
67,C19,37,19814.072,662561.56,876804.6
67,C19,38,19983.123,665715.5,888621.3
67,C19,39,19988.582,667906.94,898833.2
67,C19,40,20178.604,669948.1,908203.7
67,C19,41,20144,671450.44,917007.44
67,C19,42,20290.293,673122.7,925358.4
67,C19,43,20341.732,675095.4,931599.8
67,C19,44,20361.486,675329.56,935857.75
67,C19,45,20303.3,677334.94,938579.5
68,C20,1,-665.4494,-92.58926,-6184.3965
68,C20,2,-681.40857,-101.90385,-6185.5034
68,C20,3,-661.8973,-90.51607,-6184.1504
68,C20,4,-680.9151,-118.98581,-6064.0615
68,C20,5,-659.4681,-183.2359,-5562.858
68,C20,6,-697.14905,-270.90985,-5389.005
68,C20,7,-749.7197,-400.127,-5304.9453
68,C20,8,-777.45605,-477.5867,-5261.02
68,C20,9,-752.59766,-567.34607,-5139.4
68,C20,10,-758.3845,-546.7771,-5107.6343
68,C20,11,-704.49744,-345.18808,-5174.8013
68,C20,12,-691.3328,-213.89264,-5189.76
68,C20,13,-732.1381,-277.43567,-4917.5854
68,C20,14,-776.3473,-345.15524,-4917.04
68,C20,15,-797.5621,-359.23965,-4896.4136
68,C20,16,-782.66284,-261.66122,-4978.209
68,C20,17,-877.90436,-191.19623,-5012.981
68,C20,18,-885.6039,-256.0148,-4943.946
68,C20,19,-806.56067,-305.3796,-4790.8555
68,C20,20,-804.29443,-273.7191,-4642.774
68,C20,21,-774.1098,-284.10345,-4646.273
68,C20,22,-727.0208,-274.71912,-4700.6055
68,C20,23,-723.6357,-144.04796,-4700.2446
68,C20,24,-752.53937,-74.042946,-4585.8706
68,C20,25,-755.6994,-47.88263,-4428.8667
68,C20,26,-772.26996,-179.09227,-4439.104
68,C20,27,-739.10065,-246.85704,-4365.4434
68,C20,28,-711.70483,-201.80591,-4360.861
68,C20,29,-668.1932,-116.49004,-4037.6277
68,C20,30,-680.76764,96.988464,-3891.4634
68,C20,31,-672.16693,116.63925,-3726.6067
68,C20,32,-802.7731,53.807632,-3720.1707
68,C20,33,-828.1662,57.442425,-3679.7915
68,C20,34,-729.78033,220.66379,-3540.4392
68,C20,35,-733.4128,139.39159,-3551.5432
68,C20,36,-722.57434,100.4494,-3446.4214
68,C20,37,-699.9069,289.1927,-3464.83
68,C20,38,-687.67645,242.54402,-3509.239
68,C20,39,-540.1789,149.2573,-3376.565
68,C20,40,-584.7341,123.13305,-3207.8748
68,C20,41,-824.89233,78.52141,-3317.87
68,C20,42,-889.5071,7.491086,-3393.4192
68,C20,43,-884.3921,39.642574,-3374.409
68,C20,44,-835.95905,207.19191,-3344.3386
68,C20,45,-606.41907,177.70241,-3367.1096
69,C21,1,16432.469,338364.03,130585.5
69,C21,2,16431.402,338574.22,130878.375
69,C21,3,16441.24,339312.53,131524.81
69,C21,4,16468.45,339596.84,131649.02
69,C21,5,16501.703,339787.5,131844.47
69,C21,6,16705.658,339626.66,131912
69,C21,7,16912.246,339535.88,132333.4
69,C21,8,16884.09,339714.34,132411.61
69,C21,9,16825.945,339771.72,132629.95
69,C21,10,16854.164,340149.6,132858.34
69,C21,11,16900.92,340145.56,132873.25
69,C21,12,16956.773,340217.28,132905.36
69,C21,13,17001.918,340543.3,133217.42
69,C21,14,17153.09,340882.34,133425.58
69,C21,15,17184.68,341032.97,133658.4
69,C21,16,17272.215,341420.62,133566.48
69,C21,17,17286.54,341653.5,133665.42
69,C21,18,17309.156,341665.62,134193.17
69,C21,19,17390.205,341788.53,134308.06
69,C21,20,17436.791,341947.25,134558.05
69,C21,21,17390.11,342382.03,135030.73
69,C21,22,17455.703,342700.3,135757.5
69,C21,23,17488.74,343666.5,137644.56
69,C21,24,17583.488,345498.94,140712.84
69,C21,25,17604.355,348588.38,146587.95
69,C21,26,17633.754,354266.4,157918.52
69,C21,27,17683.002,365936.7,179454.23
69,C21,28,17799.357,387799.03,218368.94
69,C21,29,17965.447,422026.8,278502.94
69,C21,30,18087.877,464048.25,350592.8
69,C21,31,18254.184,503847.6,422547.94
69,C21,32,18402.346,532233.8,491861.38
69,C21,33,18531.865,552942.5,553649.8
69,C21,34,18482.635,568712.2,607031.94
69,C21,35,18592.969,581106.44,651664.06
69,C21,36,18597.922,592104,690305.94
69,C21,37,18559.455,600971.6,721468.4
69,C21,38,18837.213,607927.3,749663.06
69,C21,39,18888.07,613889.2,774196.25
69,C21,40,18894.297,618654.7,794160.56
69,C21,41,18966.777,623576.06,811323.44
69,C21,42,19078.936,628082.75,828575.7
69,C21,43,19151.217,631369.3,841044.2
69,C21,44,19098.857,634001.8,851346.4
69,C21,45,19284.934,636226.56,860972.5
70,C22,1,-368.10907,996.1204,-3805.4453
70,C22,2,-378.00714,1006.9809,-3734.727
70,C22,3,-355.7523,984.7828,-3455.4712
70,C22,4,-341.0737,938.92,-3275.28
70,C22,5,-222.60078,905.81836,-3064.718
70,C22,6,-237.44324,866.73114,-3002.0017
70,C22,7,-295.25565,880.6275,-3060.0222
70,C22,8,-394.14935,851.68207,-3015.2737
70,C22,9,-406.1728,855.011,-2874.7205
70,C22,10,-303.27917,814.8731,-2801.4575
70,C22,11,-319.12485,785.80225,-2828.3242
70,C22,12,-386.89993,763.35876,-2791.278
70,C22,13,-414.2977,694.1507,-2691.6504
70,C22,14,-383.2132,691.6692,-2602.3486
70,C22,15,-335.15906,819.153,-2657.1868
70,C22,16,-290.428,775.5162,-2610.0452
70,C22,17,-331.40155,705.9939,-2485.7102
70,C22,18,-376.67087,699.2071,-2554.0964
70,C22,19,-411.37833,771.4569,-2644.934
70,C22,20,-442.8059,617.04803,-2527.5325
70,C22,21,-476.91104,568.27783,-2325.6316
70,C22,22,-464.87988,634.8755,-2390.7498
70,C22,23,-383.63547,898.8046,-2433.437
70,C22,24,-401.98386,915.1431,-2343.769
70,C22,25,-466.88974,842.6611,-2357.0083
70,C22,26,-452.44376,826.1356,-2165.7214
70,C22,27,-329.38538,927.1121,-2144.1238
70,C22,28,-321.10126,815.39716,-1995.837
70,C22,29,-276.68845,801.5548,-1913.4581
70,C22,30,-204.48953,1003.80115,-1969.8768
70,C22,31,-226.1735,998.28314,-1852.8412
70,C22,32,-228.8587,970.4753,-1847.6387
70,C22,33,-225.76006,1001.9064,-1656.3881
70,C22,34,-212.32762,1022.4225,-1501.0863
70,C22,35,-213.39153,1117.6133,-1463.813
70,C22,36,-102.33651,1186.5492,-1460.4498
70,C22,37,-138.17842,1051.3351,-1446.3569
70,C22,38,-197.6999,978.65314,-1472.5885
70,C22,39,-219.15997,970.9885,-1321.3525
70,C22,40,-222.97691,751.92194,-1135.9858
70,C22,41,-150.39534,725.1828,-1102.4257
70,C22,42,-334.57062,932.18054,-1213.1107
70,C22,43,-387.69977,969.7028,-1224
70,C22,44,-262.4858,1073.5321,-869.8478
70,C22,45,-67.94588,1046.5487,-720.82983
71,C23,1,16091.27,334156.44,117698.17
71,C23,2,16094.277,334360.84,117889.01
71,C23,3,16162.338,334546.66,118096.4
71,C23,4,16264.998,334627.66,118460.836
71,C23,5,16302.265,334883.34,118576.75
71,C23,6,16332.624,334935.94,118810.26
71,C23,7,16225.447,335008.56,118869.55
71,C23,8,16235.7705,335156.88,118846.94
71,C23,9,16492.664,335438.94,119036.11
71,C23,10,16568.857,335528.12,119091.02
71,C23,11,16549.441,335736.5,119323.1
71,C23,12,16631.717,335813.66,119407.19
71,C23,13,16707.299,335911.16,119391.58
71,C23,14,16734.334,336126.3,119407.59
71,C23,15,16799.762,336484.38,119736.87
71,C23,16,16932.799,336658.72,120036.414
71,C23,17,17013.133,336914.9,119965.89
71,C23,18,16957.875,337301.9,119894
71,C23,19,16947.537,337421.78,119820.15
71,C23,20,17032.637,337474.3,120055.96
71,C23,21,17063.594,337744.22,120315.21
71,C23,22,17092.416,337971.56,120584.96
71,C23,23,17046.586,337933.28,120839.88
71,C23,24,17153.996,338079.94,120980.664
71,C23,25,17322.244,338297.62,121122.86
71,C23,26,17392.277,338472.9,121227.92
71,C23,27,17406.273,338463.9,121238.54
71,C23,28,17356.555,338654.06,121364.21
71,C23,29,17364.96,339161.7,121406.125
71,C23,30,17448.615,339409.72,121899.82
71,C23,31,17522.62,339585,122662.63
71,C23,32,17658.66,340547.03,123465.7
71,C23,33,17662.686,341533.4,125063.89
71,C23,34,17624.611,343419.2,128328.84
71,C23,35,17681.043,346565.94,134220.45
71,C23,36,17854.361,351940.1,142697.8
71,C23,37,17836.432,358598.3,153373.1
71,C23,38,17890.295,363976.06,165326.78
71,C23,39,17950.611,367912.34,177055.73
71,C23,40,17939.947,370739.6,187727.2
71,C23,41,17980.85,373259.16,198230.62
71,C23,42,18124.953,375018.06,207472.11
71,C23,43,18110.736,376639.62,216867.4
71,C23,44,18074.373,378317.97,226332.94
71,C23,45,18093.875,379691.56,234439.84
72,C24,1,-484.7126,77.93853,-5909.265
72,C24,2,-501.26096,23.593729,-5711.775
72,C24,3,-545.1118,-5.5381565,-5529.2397
72,C24,4,-530.43726,83.55994,-5267.4673
72,C24,5,-414.54187,117.74868,-5078.281
72,C24,6,-497.5913,155.46155,-5009.845
72,C24,7,-522.38934,190.98831,-5055.13
72,C24,8,-445.897,148.61926,-4954.6973
72,C24,9,-421.23703,104.81264,-4879.798
72,C24,10,-303.86975,111.82596,-4907.888
72,C24,11,-330.3494,64.344574,-4752.61
72,C24,12,-413.74283,43.44498,-4783.99
72,C24,13,-452.09024,82.71837,-4865.6606
72,C24,14,-420.2614,-88.29606,-4784.4727
72,C24,15,-419.3402,-113.74231,-4779.848
72,C24,16,-555.77844,-1.2470675,-4712.232
72,C24,17,-577.31055,61.002537,-4533.1865
72,C24,18,-516.90643,42.67296,-4522.14
72,C24,19,-495.7974,53.415985,-4386.8633
72,C24,20,-383.93036,58.226166,-4371.2886
72,C24,21,-328.77545,74.27962,-4252.8364
72,C24,22,-373.327,34.159645,-4390.619
72,C24,23,-445.87534,-25.213173,-4470.3535
72,C24,24,-434.46884,-40.279125,-4251.56
72,C24,25,-255.78113,23.87397,-4238.9653
72,C24,26,-318.03003,20.227797,-4124.3076
72,C24,27,-371.9164,74.094826,-4171.185
72,C24,28,-348.6105,190.52188,-4078.2979
72,C24,29,-375.6199,232.28474,-4045.2334
72,C24,30,-377.07297,174.21146,-4002.2876
72,C24,31,-323.4299,114.988,-3885.7551
72,C24,32,-294.87354,100.96367,-3811.6318
72,C24,33,-305.1519,128.16304,-3904.3442
72,C24,34,-431.18127,77.66224,-3839.0725
72,C24,35,-453.5451,-19.228361,-3678.289
72,C24,36,-313.67926,-45.28337,-3728.8545
72,C24,37,-229.55309,9.765086,-3796.624
72,C24,38,-119.17005,-6.4025745,-3820.4307
72,C24,39,-148.29941,-8.022017,-3756.4116
72,C24,40,-195.92397,61.048992,-3725.514
72,C24,41,-300.1723,110.38518,-3753.574
72,C24,42,-344.59482,174.86203,-3773.112
72,C24,43,-278.9697,229.46028,-3886.3472
72,C24,44,-248.30795,226.0769,-3862.266
72,C24,45,-227.98601,177.37573,-3583.3691
73,D1,1,-378.44336,1316.3679,-14328.634
73,D1,2,-387.72363,1297.0613,-14327.527
73,D1,3,-387.28894,1292.8431,-14221.861
73,D1,4,-456.6362,1123.4532,-13766.846
73,D1,5,-507.07584,995.56335,-13549.188
73,D1,6,-523.70416,1001.0362,-13385.327
73,D1,7,-538.8989,1113.4962,-13259.013
73,D1,8,-504.07962,1116.6952,-13264.564
73,D1,9,-550.3243,1119.7161,-13098.098
73,D1,10,-565.9304,1103.1353,-13100.282
73,D1,11,-518.296,1125.9152,-13098.038
73,D1,12,-634.9767,1134.287,-13063.92
73,D1,13,-664.8381,1177.8567,-13071.645
73,D1,14,-640.9441,1179.3589,-12803.41
73,D1,15,-639.2758,1151.1705,-12670.575
73,D1,16,-606.9618,1165.665,-12563.521
73,D1,17,-586.8948,1148.0349,-12590.94
73,D1,18,-593.63385,1108.5834,-12593.235
73,D1,19,-563.4315,1085.8036,-12524.953
73,D1,20,-548.59436,1089.6077,-12401.364
73,D1,21,-446.56235,1103.9591,-12323.084
73,D1,22,-473.3226,1140.0651,-12317.02
73,D1,23,-517.0233,1137.6213,-12131.827
73,D1,24,-512.11743,1166.1163,-11894.822
73,D1,25,-465.063,1211.095,-11821.707
73,D1,26,-437.0558,1313.423,-11836.766
73,D1,27,-449.86066,1340.0973,-11655.201
73,D1,28,-384.99582,1315.601,-11659.276
73,D1,29,-337.6182,1296.4509,-11539.272
73,D1,30,-255.80989,1389.1257,-11529.29
73,D1,31,-285.64304,1340.496,-11483.182
73,D1,32,-327.54364,1306.7433,-11453.37
73,D1,33,-256.4998,1410.4109,-11493.493
73,D1,34,-178.01363,1402.7456,-11305.22
73,D1,35,-222.60373,1274.4792,-11141.266
73,D1,36,-261.57568,1236.4752,-11030.754
73,D1,37,-265.4212,1341.3965,-10991.441
73,D1,38,-305.6066,1340.4243,-11040.516
73,D1,39,-290.4019,1360.6664,-11013.421
73,D1,40,-272.93005,1338.6385,-11002.957
73,D1,41,-266.55792,1373.6244,-11064.672
73,D1,42,-226.34889,1297.3838,-10968.679
73,D1,43,-246.77322,1260.9594,-10834.708
73,D1,44,-257.76825,1345.8627,-10837.349
73,D1,45,-306.90973,1321.8225,-10851.027
74,D2,1,-947.5635,13.073938,-17803.709
74,D2,2,-984.034,-67.84476,-17492.428
74,D2,3,-1004.4444,-63.021008,-17284.342
74,D2,4,-956.29065,135.4429,-17236.86
74,D2,5,-1012.8561,234.1934,-16788.846
74,D2,6,-1042.6802,284.63156,-16545.098
74,D2,7,-1034.4277,259.89365,-16514.955
74,D2,8,-1028.6633,224.39615,-16580.447
74,D2,9,-963.0372,271.2912,-16427.344
74,D2,10,-946.5316,245.67772,-16223.592
74,D2,11,-924.9593,273.2434,-16082.35
74,D2,12,-1050.4327,326.19766,-16077.103
74,D2,13,-1048.9784,282.57275,-15948.041
74,D2,14,-892.0755,235.03604,-15780.411
74,D2,15,-850.8245,204.5855,-15594.902
74,D2,16,-872.633,279.43427,-15649.625
74,D2,17,-940.0703,313.2957,-15611.8545
74,D2,18,-982.22723,325.31497,-15359.693
74,D2,19,-997.1365,344.48395,-15410.12
74,D2,20,-994.26495,301.96878,-15417.851
74,D2,21,-891.06195,306.3755,-15227.049
74,D2,22,-839.753,334.01062,-15054.659
74,D2,23,-842.9586,347.76306,-14982.793
74,D2,24,-862.2536,372.73813,-14768.872
74,D2,25,-883.9632,393.03598,-14720.102
74,D2,26,-827.0358,430.46054,-14602.524
74,D2,27,-793.75305,577.96564,-14471.255
74,D2,28,-730.6552,571.14215,-14185.139
74,D2,29,-726.98224,529.8492,-13866.964
74,D2,30,-662.28094,625.5434,-13911.575
74,D2,31,-574.0786,614.2681,-13921.664
74,D2,32,-503.22974,649.61334,-13770.34
74,D2,33,-548.26917,600.65955,-13769.04
74,D2,34,-613.5737,554.3031,-13557.753
74,D2,35,-574.49475,649.44434,-13578.742
74,D2,36,-433.0931,631.38104,-13618.872
74,D2,37,-465.55072,681.0381,-13521.488
74,D2,38,-523.2137,615.4683,-13419.558
74,D2,39,-565.8798,564.15015,-13259.543
74,D2,40,-479.6185,633.9041,-13306.376
74,D2,41,-424.20386,567.39496,-13203.284
74,D2,42,-407.7565,519.1253,-13292.599
74,D2,43,-411.30212,627.31744,-13288.17
74,D2,44,-426.50992,584.46954,-13262.1875
74,D2,45,-352.5526,535.15735,-13173.456
75,D3,1,-1377.4957,225.12268,-34555
75,D3,2,-1349.3909,197.799,-34225.137
75,D3,3,-1285.117,130.76027,-33865.56
75,D3,4,-1268.1884,28.888779,-33605.938
75,D3,5,-1288.8988,27.552254,-33218.984
75,D3,6,-1280.049,118.86466,-32902.227
75,D3,7,-1289.8665,124.00134,-32732.271
75,D3,8,-1252.8389,141.96057,-32721.045
75,D3,9,-1278.3206,124.04215,-32628.17
75,D3,10,-1293.7028,121.52302,-32672.977
75,D3,11,-1229.806,127.32423,-32515.18
75,D3,12,-1212.1857,227.32465,-32447.889
75,D3,13,-1170.6455,207.70961,-32261.273
75,D3,14,-1232.1195,151.7709,-32297.139
75,D3,15,-1291.2642,144.7422,-32359.406
75,D3,16,-1339.7175,221.07536,-32283.469
75,D3,17,-1403.729,88.02129,-32143.484
75,D3,18,-1381.6755,56.55745,-32107.908
75,D3,19,-1224.7236,144.21707,-32055.312
75,D3,20,-1192.669,159.59229,-31880.256
75,D3,21,-1219.5753,119.87109,-31807.678
75,D3,22,-1192.6531,92.75166,-31851.266
75,D3,23,-1193.3177,102.33573,-31482.14
75,D3,24,-1223.4294,103.106964,-31191.97
75,D3,25,-1215.553,183.2261,-31132.457
75,D3,26,-1191.1803,230.34593,-30865.719
75,D3,27,-999.17145,233.00745,-30787.195
75,D3,28,-976.2338,363.2144,-30831.877
75,D3,29,-881.9055,452.69916,-30737.867
75,D3,30,-808.1204,468.40076,-30541.684
75,D3,31,-769.2225,545.2677,-30551.826
75,D3,32,-756.98663,536.7025,-30231.936
75,D3,33,-677.31085,545.87964,-30129.328
75,D3,34,-705.8561,417.50504,-29999.12
75,D3,35,-663.58826,367.71646,-30041.072
75,D3,36,-645.75867,464.98956,-29660.203
75,D3,37,-571.8916,451.47165,-29499.197
75,D3,38,-611.5693,496.32303,-29645.92
75,D3,39,-590.0443,545.0402,-29641.76
75,D3,40,-613.4265,509.02136,-29651.97
75,D3,41,-694.0654,520.55524,-29307.84
75,D3,42,-723.49066,476.67133,-29352.504
75,D3,43,-692.5879,463.12717,-29339.229
75,D3,44,-644.81757,438.19705,-29466.389
75,D3,45,-517.02094,528.8902,-29645.682
76,D4,1,-1614.8215,1126.9025,-15687.854
76,D4,2,-1540.3081,1108.9526,-15666.284
76,D4,3,-1534.0234,1133.1738,-15626.885
76,D4,4,-1551.6663,1204.0754,-15560.049
76,D4,5,-1480.7393,1183.5787,-15203.967
76,D4,6,-1451.2421,990.6759,-14964.866
76,D4,7,-1382.0554,954.6021,-14850.316
76,D4,8,-1384.6967,1124.5886,-14833.984
76,D4,9,-1352.9807,1263.2042,-14950.154
76,D4,10,-1543.5984,1234.0015,-15039.546
76,D4,11,-1603.9976,1184.504,-15045.429
76,D4,12,-1524.1078,1127.1996,-15097.33
76,D4,13,-1448.6749,928.69635,-15036.148
76,D4,14,-1482.1592,895.3393,-14517.184
76,D4,15,-1536.3473,1018.1436,-14411.197
76,D4,16,-1562.7399,1044.0513,-14458.51
76,D4,17,-1498.5804,1044.9565,-14571.385
76,D4,18,-1434.8124,1030.0249,-14603.302
76,D4,19,-1459.4983,1085.6339,-14340.243
76,D4,20,-1456.6383,1073.648,-14338.365
76,D4,21,-1451.9962,1057.615,-14352.772
76,D4,22,-1426.4332,870.3574,-14395.817
76,D4,23,-1259.0586,862.07574,-14357.784
76,D4,24,-1317.7012,1026.48,-14323.325
76,D4,25,-1535.1068,1055.5118,-14306.499
76,D4,26,-1577.7272,1139.4924,-14218.294
76,D4,27,-1429.1328,1178.6128,-13849.857
76,D4,28,-1302.7253,1309.07,-13442.915
76,D4,29,-1224.039,1353.9957,-13311.212
76,D4,30,-1152.7122,1322.6343,-13358.386
76,D4,31,-1021.43555,1293.2323,-13191.9375
76,D4,32,-1053.0226,1435.0812,-12802.501
76,D4,33,-1094.071,1732.4336,-12873.846
76,D4,34,-972.3002,1645.6608,-13028.614
76,D4,35,-973.1285,1472.4835,-13109.648
76,D4,36,-987.5517,1408.1006,-13173.299
76,D4,37,-864.58813,1493.9506,-12868.385
76,D4,38,-894.44,1451.9688,-12615.616
76,D4,39,-945.8241,1414.1473,-12520.009
76,D4,40,-907.9613,1452.371,-12505.353
76,D4,41,-900.7029,1584.2903,-12351.533
76,D4,42,-911.2423,1546.6241,-12382.151
76,D4,43,-943.0611,1519.0342,-12512.004
76,D4,44,-826.5475,1503.7032,-12502.644
76,D4,45,-868.01227,1437.1283,-12218.847
77,D5,1,-968.7038,241.67027,-20262.45
77,D5,2,-878.12115,258.0195,-20137.273
77,D5,3,-844.07434,290.5646,-20022.895
77,D5,4,-829.0545,342.74374,-19788.957
77,D5,5,-863.5069,167.73462,-19549.85
77,D5,6,-903.5361,86.48264,-19450.17
77,D5,7,-897.8237,128.69643,-19105.174
77,D5,8,-917.5911,262.61002,-18946.906
77,D5,9,-849.79156,273.6459,-18993.904
77,D5,10,-743.75995,326.25668,-19040.658
77,D5,11,-884.0559,230.68195,-18822.188
77,D5,12,-945.30475,-29.686996,-18762.332
77,D5,13,-901.55457,-53.2561,-18679.607
77,D5,14,-893.1768,114.46154,-18661.555
77,D5,15,-868.2194,24.695526,-18590.654
77,D5,16,-781.1104,-12.639544,-18514.014
77,D5,17,-893.79407,59.7604,-18493.682
77,D5,18,-1046.5211,44.712055,-18375.605
77,D5,19,-1094.5414,3.5614448,-18462.23
77,D5,20,-1113.9908,-103.70536,-18569.512
77,D5,21,-1085.3917,-79.662674,-18457.281
77,D5,22,-937.3546,105.71635,-18385.879
77,D5,23,-875.67737,42.142635,-18467.77
77,D5,24,-881.6016,14.837978,-18369.607
77,D5,25,-914.2698,141.35933,-18140.785
77,D5,26,-918.82367,271.86722,-18077.518
77,D5,27,-862.26575,371.04352,-17944.086
77,D5,28,-796.51434,317.80682,-17787.77
77,D5,29,-801.99713,289.88538,-17799.516
77,D5,30,-816.5348,473.35837,-17579.781
77,D5,31,-714.3042,647.12506,-17375.457
77,D5,32,-649.5211,614.3832,-17345.43
77,D5,33,-326.99826,558.933,-17079.773
77,D5,34,-309.92432,611.8967,-16928.531
77,D5,35,-444.5764,484.4491,-16756.736
77,D5,36,-537.9902,426.8987,-16625.002
77,D5,37,-578.716,596.89136,-16706.693
77,D5,38,-568.3223,757.35547,-16597.654
77,D5,39,-282.2399,682.5779,-16437.55
77,D5,40,-171.69824,515.11334,-16351.561
77,D5,41,-216.94986,442.91034,-16322.409
77,D5,42,-241.90268,545.6712,-16314.378
77,D5,43,-283.6326,696.8856,-16414.197
77,D5,44,-186.09389,822.9205,-16249.007
77,D5,45,-197.76216,862.7821,-16274.776
78,D6,1,-1152.769,-330.83896,-31563.113
78,D6,2,-1203.6438,-271.70084,-31504.664
78,D6,3,-1177.5348,-109.9505,-31357.541
78,D6,4,-972.80457,-117.51242,-31035.17
78,D6,5,-979.6228,-258.1014,-30689.748
78,D6,6,-1066.6145,-289.54626,-30625.695
78,D6,7,-1108.9031,-163.45569,-30628.338
78,D6,8,-1108.892,-181.127,-30467.393
78,D6,9,-1085.624,-392.06012,-30227.025
78,D6,10,-909.9955,-435.60394,-30258.785
78,D6,11,-877.7744,-365.4275,-30190.873
78,D6,12,-848.9315,-358.17947,-29914.31
78,D6,13,-761.15436,-305.4049,-29922.193
78,D6,14,-839.18494,-260.9185,-29928.352
78,D6,15,-977.0306,-186.75305,-29739.824
78,D6,16,-1006.3057,-257.71277,-29756.98
78,D6,17,-849.9346,-408.35944,-29782.906
78,D6,18,-748.72,-394.82388,-29860.768
78,D6,19,-907.1012,-173.5157,-29730.36
78,D6,20,-966.608,-189.57567,-29526.047
78,D6,21,-868.5593,-301.14618,-29499.979
78,D6,22,-802.09753,-330.93338,-29602.064
78,D6,23,-771.3717,-258.928,-29515.191
78,D6,24,-808.33875,-255.75641,-29262.953
78,D6,25,-856.92804,-239.66267,-29203.25
78,D6,26,-826.18567,-423.32434,-29254.633
78,D6,27,-813.31586,-433.0268,-29272.188
78,D6,28,-875.735,-269.9422,-29217.44
78,D6,29,-904.00793,-232.30835,-29078.932
78,D6,30,-795.52875,-111.21021,-29081.34
78,D6,31,-777.06604,-38.494247,-28764.18
78,D6,32,-748.9598,112.41239,-28641.432
78,D6,33,-705.1808,-53.303852,-28411.717
78,D6,34,-653.73944,-136.51913,-28413.209
78,D6,35,-646.24927,-73.88668,-28112.465
78,D6,36,-680.9855,24.846045,-27916.93
78,D6,37,-559.318,158.15793,-27805.924
78,D6,38,-377.26328,198.35196,-27909.445
78,D6,39,-418.80548,-9.982601,-27842.559
78,D6,40,-473.89108,-53.655037,-27788.861
78,D6,41,-490.07074,152.81148,-27675.184
78,D6,42,-509.11548,115.26155,-27653.488
78,D6,43,-346.5726,72.9983,-27669.775
78,D6,44,-346.4107,223.40857,-27688.127
78,D6,45,-368.51236,313.51187,-27631.043
79,D7,1,-893.848,420.2056,-14244.495
79,D7,2,-871.99585,371.19565,-14228.599
79,D7,3,-875.93774,296.025,-14019.5205
79,D7,4,-831.26636,292.0444,-13876.422
79,D7,5,-846.1718,337.05063,-13858.484
79,D7,6,-833.19086,303.57864,-13646.008
79,D7,7,-834.60803,295.75793,-13390.434
79,D7,8,-893.1035,274.35342,-13382.601
79,D7,9,-1004.307,361.38443,-13351.915
79,D7,10,-997.50977,399.81296,-13450.828
79,D7,11,-859.51886,394.203,-13539.331
79,D7,12,-840.5183,390.62527,-13456.74
79,D7,13,-870.34595,379.07407,-13185.582
79,D7,14,-824.46735,466.00906,-13204.307
79,D7,15,-724.3286,245.73535,-13203.354
79,D7,16,-870.3357,194.88925,-13096.881
79,D7,17,-899.63904,394.08325,-13129.901
79,D7,18,-748.7006,357.13174,-13067.015
79,D7,19,-722.0073,-3.9475572,-13004.633
79,D7,20,-747.0642,-42.78209,-12758.575
79,D7,21,-695.0142,240.9083,-12949.214
79,D7,22,-756.3599,560.3439,-13062.467
79,D7,23,-908.0824,571.6031,-12886.304
79,D7,24,-943.8881,575.3966,-12658.266
79,D7,25,-866.18097,491.2385,-12562.581
79,D7,26,-801.92725,350.53983,-12593.747
79,D7,27,-712.5164,268.7208,-12537.233
79,D7,28,-728.66724,269.59854,-12403.258
79,D7,29,-734.4869,387.651,-12490.04
79,D7,30,-700.94434,476.5924,-12586.621
79,D7,31,-500.87253,573.3945,-12335.616
79,D7,32,-394.01404,558.7834,-11746.692
79,D7,33,-385.06305,493.89392,-11557.438
79,D7,34,-439.47794,497.56595,-11500.896
79,D7,35,-448.85013,544.5055,-11550.906
79,D7,36,-275.36917,716.7956,-11487.484
79,D7,37,-369.48196,830.7615,-11601.728
79,D7,38,-690.6982,788.97174,-11695.147
79,D7,39,-687.51733,801.10535,-11714.027
79,D7,40,-242.47688,713.864,-11269.643
79,D7,41,-201.39833,584.9639,-11137.052
79,D7,42,-326.8541,522.44574,-11043.516
79,D7,43,-446.0266,611.581,-11103.752
79,D7,44,-594.4081,667.81464,-10907.456
79,D7,45,-675.1713,742.9311,-10806.283
80,D8,1,-663.08246,733.8692,214.0865
80,D8,2,-667.38837,616.25946,367.43314
80,D8,3,-763.8252,509.2728,623.39734
80,D8,4,-838.4075,564.0807,666.71173
80,D8,5,-917.5384,675.2819,777.3557
80,D8,6,-943.5815,388.87183,855.60315
80,D8,7,-913.1183,228.54553,1028.25
80,D8,8,-927.4221,59.324184,1135.0721
80,D8,9,-939.20355,147.14716,1107.7012
80,D8,10,-934.13385,660.18884,1213.5751
80,D8,11,-843.6713,730.6804,1217.4283
80,D8,12,-844.3991,625.99524,1408.6272
80,D8,13,-864.8687,485.68292,1401.3169
80,D8,14,-822.8731,456.81693,1489.5292
80,D8,15,-868.4709,632.455,1713.6193
80,D8,16,-981.69226,607.5789,1674.9202
80,D8,17,-991.4971,534.6557,1656.4952
80,D8,18,-875.2205,461.95096,2016.2335
80,D8,19,-740.41846,444.80334,1955.4017
80,D8,20,-826.39624,510.12808,1810.9849
80,D8,21,-854.82996,431.217,1814.3574
80,D8,22,-791.9993,233.43529,1916.7021
80,D8,23,-962.16144,233.2132,1975.7003
80,D8,24,-962.34424,574.93286,1860.3042
80,D8,25,-757.57153,780.4638,1836.8369
80,D8,26,-714.1164,555.0904,2087.9194
80,D8,27,-701.8087,437.17865,2082.6956
80,D8,28,-695.76776,413.66138,2091.879
80,D8,29,-604.0695,406.1124,2049.187
80,D8,30,-856.14417,574.0945,2303.1401
80,D8,31,-894.5598,669.5399,2480.5288
80,D8,32,-691.97986,676.1927,2475.7964
80,D8,33,-720.6258,717.6687,2768.1377
80,D8,34,-880.3332,860.39886,2757.7354
80,D8,35,-873.8479,818.35187,2849.8518
80,D8,36,-632.1239,764.22614,2858.7817
80,D8,37,-640.00214,854.496,3227.3955
80,D8,38,-742.8512,777.4308,3202.3481
80,D8,39,-737.60626,713.6236,3296.5369
80,D8,40,-494.857,790.1111,3553.7578
80,D8,41,-463.72794,731.9386,3498.496
80,D8,42,-498.00073,641.57635,3386.169
80,D8,43,-441.49295,555.2477,3599.419
80,D8,44,-603.5166,571.59674,3682.9543
80,D8,45,-695.9761,864.544,3741.4695
81,D9,1,-989.3993,-349.48743,-20752.057
81,D9,2,-989.28253,-291.1397,-20610.844
81,D9,3,-785.32605,-362.084,-20333.967
81,D9,4,-776.2775,-516.79645,-20221.832
81,D9,5,-707.6906,-570.8115,-19976.86
81,D9,6,-577.5552,-456.76254,-19969.865
81,D9,7,-634.63696,-448.08963,-19841.67
81,D9,8,-768.3475,-414.60428,-19588.377
81,D9,9,-857.47076,-384.5689,-19518.637
81,D9,10,-965.52216,-384.45605,-19570.295
81,D9,11,-1238.4241,-460.8642,-19472.656
81,D9,12,-1261.9473,-659.28864,-19455.725
81,D9,13,-1063.9061,-752.5416,-19150.967
81,D9,14,-987.8981,-780.4694,-19074.895
81,D9,15,-1141.4421,-818.89136,-19155.56
81,D9,16,-1132.343,-818.7902,-19183.133
81,D9,17,-836.68756,-830.8901,-18919.074
81,D9,18,-795.4821,-752.6364,-18966.707
81,D9,19,-878.71606,-719.66284,-19044.125
81,D9,20,-913.703,-646.4996,-18913.95
81,D9,21,-800.20844,-631.4942,-18846.791
81,D9,22,-782.66614,-539.45886,-18951.514
81,D9,23,-793.07184,-595.9226,-19013.818
81,D9,24,-727.0009,-895.0792,-19012.826
81,D9,25,-764.54724,-959.3744,-18649.43
81,D9,26,-849.5032,-822.72546,-18873.68
81,D9,27,-941.98663,-748.37683,-18985.486
81,D9,28,-990.2139,-751.38214,-18717.875
81,D9,29,-956.0661,-720.6219,-18694.652
81,D9,30,-991.67535,-1000.152,-18441.635
81,D9,31,-1000.65295,-1012.8917,-18280.174
81,D9,32,-949.49036,-755.99506,-18002.08
81,D9,33,-915.7274,-740.64185,-17604.635
81,D9,34,-802.9473,-746.86566,-17625.412
81,D9,35,-759.98126,-567.9676,-17770.27
81,D9,36,-772.81995,-538.1338,-17893.877
81,D9,37,-970.1864,-540.30676,-17712.602
81,D9,38,-1031.4426,-508.2591,-17461.957
81,D9,39,-938.92316,-454.1429,-17233.098
81,D9,40,-958.9455,-376.2704,-17163.666
81,D9,41,-979.33374,-485.1992,-17168.293
81,D9,42,-1013.30304,-539.1502,-17110.984
81,D9,43,-962.20306,-427.70007,-17055.469
81,D9,44,-873.1321,-452.25296,-17146.469
81,D9,45,-904.56165,-459.2362,-16976.178
82,D10,1,-952.4425,-797.6012,-17858.715
82,D10,2,-997.8064,-863.0288,-17760.75
82,D10,3,-1051.8749,-892.7406,-17462.096
82,D10,4,-1025.6553,-801.6332,-17377.537
82,D10,5,-1004.9699,-909.21924,-17094.697
82,D10,6,-1017.38226,-944.40533,-17047.586
82,D10,7,-979.98816,-818.3751,-16950.139
82,D10,8,-661.5363,-673.5725,-16942.041
82,D10,9,-634.3385,-675.1391,-16805.922
82,D10,10,-893.8861,-631.7374,-16680.713
82,D10,11,-970.54675,-674.9607,-16661.541
82,D10,12,-868.4045,-774.46277,-16666.285
82,D10,13,-910.0225,-1014.451,-16592.496
82,D10,14,-969.02496,-1021.2826,-16592.19
82,D10,15,-972.29456,-839.06335,-16469.719
82,D10,16,-991.82,-923.4231,-16452.709
82,D10,17,-929.06903,-957.8902,-16465.404
82,D10,18,-969.0699,-869.20325,-16473.025
82,D10,19,-1037.4191,-851.1341,-16482.566
82,D10,20,-1088.1835,-889.8259,-16481.62
82,D10,21,-1105.1749,-909.27997,-16566.508
82,D10,22,-1066.7325,-902.4046,-16582.484
82,D10,23,-834.622,-944.3644,-16612.494
82,D10,24,-991.5948,-1043.3256,-16424.457
82,D10,25,-996.6775,-1052.0145,-16434.508
82,D10,26,-662.5218,-981.67883,-16348.375
82,D10,27,-693.35614,-983.0216,-16461.16
82,D10,28,-931.25903,-979.02014,-16542.266
82,D10,29,-1045.368,-976.0232,-16393.934
82,D10,30,-1056.2389,-881.304,-16367.946
82,D10,31,-934.42706,-821.8396,-16092.617
82,D10,32,-1044.3271,-850.2867,-16074.241
82,D10,33,-1110.5363,-871.37726,-15879.545
82,D10,34,-1104.1145,-902.12256,-15739.768
82,D10,35,-1161.9056,-853.64886,-15623.784
82,D10,36,-1285.8246,-707.767,-15787.571
82,D10,37,-1294.1195,-784.59607,-15837.032
82,D10,38,-1209.5935,-918.7496,-15374.086
82,D10,39,-1208.1969,-905.8451,-15122.684
82,D10,40,-1146.7806,-663.0103,-15131.504
82,D10,41,-959.3618,-670.6502,-15204.327
82,D10,42,-924.89484,-748.0049,-15175.545
82,D10,43,-926.4511,-824.4251,-15272.308
82,D10,44,-1140.4308,-822.7451,-15244.396
82,D10,45,-1221.6437,-614.7223,-14832.511
83,D11,1,-5886.872,-357.12805,-3526.098
83,D11,2,-5888.9937,-329.60254,-3427.952
83,D11,3,-5845.155,-362.57324,-3476.268
83,D11,4,-5819.7607,-317.55438,-3444.762
83,D11,5,-5693.378,-126.38204,-3100.4692
83,D11,6,-5667.167,-157.6183,-2909.9783
83,D11,7,-5583.1978,-219.77684,-2620.3345
83,D11,8,-5691.587,-215.6219,-2651.1948
83,D11,9,-5737.414,-355.95462,-2824.4873
83,D11,10,-5663.7544,-409.52145,-2932.183
83,D11,11,-5699.4937,-343.5963,-2933.2793
83,D11,12,-5883.2783,-450.4547,-2857.3289
83,D11,13,-5876.9336,-479.65353,-2898.0088
83,D11,14,-5603.39,-383.7903,-2830.9707
83,D11,15,-5378.6035,-569.4375,-2640.1995
83,D11,16,-5558.5635,-639.9476,-2645.5837
83,D11,17,-5666.641,-612.615,-2566.0066
83,D11,18,-5693.8267,-594.99023,-2577.5125
83,D11,19,-5634.9355,-606.8444,-2558.3086
83,D11,20,-5654.8394,-575.59467,-2610.793
83,D11,21,-5636.612,-589.1814,-2560.2778
83,D11,22,-5594.0786,-582.0634,-2593.2593
83,D11,23,-5577.2974,-555.82776,-2672.3896
83,D11,24,-5483.144,-371.23138,-2652.9453
83,D11,25,-5830.535,-381.26904,-2669.462
83,D11,26,-5878.6655,-485.63513,-2666.9468
83,D11,27,-5676.6284,-561.4456,-2648.8613
83,D11,28,-5661.3516,-656.23346,-2458.3728
83,D11,29,-5665.301,-715.31635,-2331.7817
83,D11,30,-5728.5264,-667.18225,-2378.219
83,D11,31,-5723.941,-434.21017,-2253.0088
83,D11,32,-5533.929,-398.55273,-1993.6958
83,D11,33,-5513.275,-336.36243,-1977.7661
83,D11,34,-5441.653,-343.73264,-1973.6694
83,D11,35,-5434.131,-282.25986,-2012.5889
83,D11,36,-5495.2915,-294.214,-2009.3105
83,D11,37,-5546.2554,-209.81271,-1798.076
83,D11,38,-5521.834,-139.35944,-1493.0747
83,D11,39,-5531.57,-228.24284,-1568.8427
83,D11,40,-5460.987,-428.96854,-1704.736
83,D11,41,-5495.543,-465.1321,-1636.0121
83,D11,42,-5517.046,-244.25706,-1432.6794
83,D11,43,-5417.2837,-30.764221,-1411.5063
83,D11,44,-5406.6377,-50.80944,-1287.2632
83,D11,45,-5437.362,-129.16068,-1332.6068
84,D12,1,4120.5166,8631.826,-7232.984
84,D12,2,4005.9155,8369.47,-7217.006
84,D12,3,3855.282,8160.491,-7044.123
84,D12,4,3878.087,8092.5933,-6962.3364
84,D12,5,4179.974,8058.0234,-6681.399
84,D12,6,4191.356,8195.165,-6662.9146
84,D12,7,4070.8293,8120.9897,-6573.1562
84,D12,8,4050.1694,7924.195,-6328.885
84,D12,9,4239.7734,7849.91,-6571.1064
84,D12,10,4208.6084,7907.789,-6674.227
84,D12,11,4097.5103,7800.776,-6476.389
84,D12,12,4015.954,7722.1943,-6173.182
84,D12,13,3913.4827,7710.7925,-6260.293
84,D12,14,3685.0103,7669.487,-6445.4243
84,D12,15,3684.134,7645.1924,-6628.9736
84,D12,16,3944.4663,7525.453,-6713.9155
84,D12,17,4096.107,7521.831,-6700.3394
84,D12,18,3941.3577,7714.243,-6637.132
84,D12,19,3880.9053,7648.572,-6202.7114
84,D12,20,3996.1865,7554.763,-6131.1196
84,D12,21,4120.225,7441.1885,-6298.4434
84,D12,22,4065.2332,7437.315,-6645.1577
84,D12,23,4043.5078,7633.6943,-6638.342
84,D12,24,4191.9307,7716.4683,-6102.8633
84,D12,25,4113.7837,7409.34,-6100.6665
84,D12,26,4020.465,7385.934,-6323.1177
84,D12,27,3945.7546,7629.2334,-6371.018
84,D12,28,3934.9783,7656.3716,-6118.8027
84,D12,29,4122.2217,7646.6333,-6132.803
84,D12,30,4187.2476,7588.6733,-6091.787
84,D12,31,3983.6006,7469.47,-5882.387
84,D12,32,3955.8599,7390.966,-5852.233
84,D12,33,4246.094,7424.2256,-5876.836
84,D12,34,4416.483,7644.3643,-5866.289
84,D12,35,4356.7124,7591.1216,-5493.9893
84,D12,36,4252.9204,7579.845,-5482.242
84,D12,37,4201.922,7768.8223,-5386.6514
84,D12,38,4316.2437,7793.349,-5162.0376
84,D12,39,4389.921,7880.389,-5052.879
84,D12,40,4326.4062,7849.713,-4906.153
84,D12,41,4303.86,7804.3174,-4672.9707
84,D12,42,4398.9424,7865.113,-4921.363
84,D12,43,4371.683,7880.746,-5008.953
84,D12,44,4406.8384,8085.465,-4592.4155
84,D12,45,4402.212,8161.765,-4428.1064
85,D13,1,-1475.0746,-3270.7546,-36989.703
85,D13,2,-1528.2892,-3269.692,-36853.85
85,D13,3,-1549.6235,-3031.8076,-36621.996
85,D13,4,-1405.747,-2995.3833,-36356.75
85,D13,5,-1531.1339,-3023.444,-36278.215
85,D13,6,-1610.2328,-2908.6223,-35945.727
85,D13,7,-1608.8972,-2997.6687,-35903.38
85,D13,8,-1591.3839,-3219.2915,-35885.336
85,D13,9,-1388.511,-3277.0583,-35893.66
85,D13,10,-1359.504,-3158.2307,-35656.688
85,D13,11,-1385.3544,-3170.8145,-35661.543
85,D13,12,-1411.3403,-3124.9697,-35601.676
85,D13,13,-1476.5509,-2988.7698,-35597.72
85,D13,14,-1545.0399,-2989.4124,-35297.1
85,D13,15,-1647.7565,-3246.1248,-35184.18
85,D13,16,-1699.8597,-3322.5046,-35134.207
85,D13,17,-1694.4458,-3185.0789,-35240.34
85,D13,18,-1698.8889,-3011.985,-35301.41
85,D13,19,-1608.0226,-2940.4758,-35346.387
85,D13,20,-1597.0083,-3209.8093,-35384.203
85,D13,21,-1594.7982,-3307.0269,-35100.324
85,D13,22,-1435.1099,-3235.2043,-35008.02
85,D13,23,-1518.4407,-3208.933,-35036.934
85,D13,24,-1826.2845,-3297.0315,-35030.367
85,D13,25,-1860.25,-3300.0146,-35081.305
85,D13,26,-1635.9584,-3081.468,-34950.94
85,D13,27,-1418.3077,-3078.695,-34982.875
85,D13,28,-1622.8003,-3168.6042,-34992.953
85,D13,29,-1783.5944,-3528.3374,-34785.87
85,D13,30,-1774.4285,-3583.0098,-34623.805
85,D13,31,-1608.2853,-3382.2249,-34615.074
85,D13,32,-1764.9292,-3119.72,-34666.54
85,D13,33,-1813.1702,-2978.2122,-34783.652
85,D13,34,-1722.4197,-3027.6362,-34809.098
85,D13,35,-1707.2914,-3103.188,-34335.504
85,D13,36,-1692.2098,-3207.5955,-34071.13
85,D13,37,-1517.3413,-3379.9617,-33796.875
85,D13,38,-1468.3508,-3367.0679,-33873.117
85,D13,39,-1324.7711,-3097.2095,-33881.49
85,D13,40,-1503.0607,-3273.8574,-33605.78
85,D13,41,-1619.454,-3280.3535,-33568.04
85,D13,42,-1706.1271,-2946.9966,-33299.547
85,D13,43,-1718.3037,-3054.1438,-33228.8
85,D13,44,-1590.7483,-3145.6572,-33358.12
85,D13,45,-1601.3073,-3109.2043,-33546.38
86,D14,1,-617.6996,244.30559,-13810.24
86,D14,2,-628.3383,126.853195,-13723.113
86,D14,3,-513.4144,139.9114,-13408.2295
86,D14,4,-500.55057,446.92285,-13270.473
86,D14,5,-439.20435,544.7246,-13290.531
86,D14,6,-488.42206,429.9614,-13201.952
86,D14,7,-559.8282,406.48434,-13128.481
86,D14,8,-608.8754,567.87445,-13065.77
86,D14,9,-597.9091,482.18878,-13120.893
86,D14,10,-583.3977,388.8824,-13115.508
86,D14,11,-801.2244,309.9392,-13072.677
86,D14,12,-850.44653,295.82367,-13083.136
86,D14,13,-736.1003,447.59372,-12908.757
86,D14,14,-736.86975,500.78925,-12866.394
86,D14,15,-728.6809,362.69974,-12764.615
86,D14,16,-760.43866,333.89066,-12766.28
86,D14,17,-768.27435,493.8454,-12625.804
86,D14,18,-725.33344,474.5115,-12611.352
86,D14,19,-598.9898,405.00223,-12672.149
86,D14,20,-563.3536,365.15552,-12585.769
86,D14,21,-464.5732,414.92828,-12623.248
86,D14,22,-592.00507,418.08923,-12562.945
86,D14,23,-713.42444,435.6543,-12585.421
86,D14,24,-799.8166,545.2829,-12525.803
86,D14,25,-931.9431,491.7518,-12532.906
86,D14,26,-968.0232,333.42432,-12468.048
86,D14,27,-970.252,335.77112,-12506.909
86,D14,28,-909.65137,569.87225,-12510.29
86,D14,29,-674.605,423.6622,-12534.728
86,D14,30,-702.6702,377.0145,-12418.25
86,D14,31,-720.7366,544.58765,-12456.411
86,D14,32,-619.4455,561.897,-12409.892
86,D14,33,-798.4418,641.32935,-12442.301
86,D14,34,-855.0747,604.80927,-12261.472
86,D14,35,-788.971,574.0496,-12145.449
86,D14,36,-835.02155,533.03577,-12184.431
86,D14,37,-863.8893,509.4508,-12017.98
86,D14,38,-828.91223,597.1466,-11899.337
86,D14,39,-812.414,678.1487,-11700.654
86,D14,40,-693.2368,685.935,-11696.28
86,D14,41,-702.04285,652.13214,-11719.366
86,D14,42,-686.3593,582.75183,-11672.351
86,D14,43,-585.5935,550.8154,-11618.866
86,D14,44,-529.399,551.75446,-11636.449
86,D14,45,-434.7548,548.58386,-11612.738
87,D15,1,1260.1831,1628.8834,-7488.9507
87,D15,2,1339.3328,1638.6965,-7427.4478
87,D15,3,1215.7354,1761.7148,-7110.5757
87,D15,4,1194.7897,1805.0753,-6871.012
87,D15,5,1308.4912,1802.2281,-6639.7603
87,D15,6,1328.8007,1919.5612,-6436.3643
87,D15,7,1401.6686,2023.8236,-6442.292
87,D15,8,1399.442,2017.1588,-6462.575
87,D15,9,1433.1527,2081.4846,-6199.1855
87,D15,10,1361.7231,2059.5544,-6168.4194
87,D15,11,1307.3247,2076.6367,-6244.417
87,D15,12,1285.6407,2062.5088,-6282.745
87,D15,13,1291.1003,2152.6418,-6043.466
87,D15,14,1436.3064,2078.3591,-5958.28
87,D15,15,1544.2072,1877.7877,-5775.8457
87,D15,16,1627.9552,1857.8385,-5644.449
87,D15,17,1637.9633,2082.7366,-5722.2153
87,D15,18,1805.7115,2104.6975,-5703.258
87,D15,19,1841.3865,2076.3123,-5610.2974
87,D15,20,1779.408,2111.2131,-5548.655
87,D15,21,1675.823,2253.2988,-5494.7227
87,D15,22,1634.5146,2222.6445,-5611.728
87,D15,23,1719.5424,2159.763,-5683.9834
87,D15,24,1579.5632,2021.493,-5550.797
87,D15,25,1482.4421,1988.4478,-5411.2344
87,D15,26,1461.2216,2147.2837,-5499.367
87,D15,27,1586.3319,2159.8716,-5564.5684
87,D15,28,1740.1229,2205.239,-5643.9106
87,D15,29,1697.5333,2168.6707,-5513.5483
87,D15,30,1654.327,2209.7175,-5427.1553
87,D15,31,1747.1125,2310.2876,-5301.6064
87,D15,32,1744.3132,2285.5288,-5256.2627
87,D15,33,1832.6053,2277.661,-5222.933
87,D15,34,1819.5638,2217.5342,-5010.466
87,D15,35,1879.7961,2247.4995,-4929.509
87,D15,36,1799.763,2426.1086,-4827.717
87,D15,37,1728.9474,2461.1274,-4906.2065
87,D15,38,1779.5936,2600.235,-4836.5386
87,D15,39,1826.1003,2518.2615,-4731.902
87,D15,40,1803.0424,2416.1992,-4457.926
87,D15,41,1731.4492,2437.7952,-4348.2275
87,D15,42,1694.0482,2547.7239,-4406.717
87,D15,43,1832.8546,2349.119,-4196.037
87,D15,44,1933.4528,2301.1213,-4271.2656
87,D15,45,2025.7173,2587.2712,-4380.5405
88,D16,1,324.17065,1707.5114,169.53636
88,D16,2,306.0149,1664.3148,195.32858
88,D16,3,291.73138,1609.1768,257.9765
88,D16,4,324.12314,1628.2168,471.78854
88,D16,5,298.71567,1606.0338,651.8031
88,D16,6,218.63858,1617.7975,719.20026
88,D16,7,51.39931,1494.9567,826.82
88,D16,8,53.02693,1461.1504,845.9058
88,D16,9,218.41284,1581.0562,784.1224
88,D16,10,218.02481,1623.5981,728.9221
88,D16,11,208.24261,1547.5115,824.73724
88,D16,12,285.5986,1483.2837,977.8575
88,D16,13,271.15372,1434.3387,1037.0831
88,D16,14,183.31345,1381.3834,1039.2849
88,D16,15,148.50293,1304.919,1098.3746
88,D16,16,187.22906,1313.3276,1008.9979
88,D16,17,181.67734,1437.5775,966.4471
88,D16,18,252.81694,1501.8557,1192.2205
88,D16,19,352.31824,1487.72,1316.8131
88,D16,20,339.89664,1539.8206,1211.1927
88,D16,21,320.3206,1629.5385,1115.7467
88,D16,22,419.72336,1676.7437,1155.7712
88,D16,23,343.4401,1606.4177,1163.7675
88,D16,24,105.81433,1563.1434,1134.0603
88,D16,25,105.71935,1602.7822,1273.8748
88,D16,26,336.14545,1535.8418,1155.1477
88,D16,27,214.23825,1489.1714,1060.8329
88,D16,28,92.53511,1496.1328,1169.9695
88,D16,29,88.072975,1423.6495,1331.8312
88,D16,30,196.88383,1439.1752,1290.5603
88,D16,31,159.86429,1652.694,1382.5112
88,D16,32,137.97482,1618.9418,1691.9753
88,D16,33,230.97604,1578.0946,1674.2848
88,D16,34,302.5088,1647.589,1632.496
88,D16,35,229.05016,1621.4774,1732.1023
88,D16,36,99.51175,1610.462,1717.3843
88,D16,37,66.987854,1622.1713,1672.379
88,D16,38,149.46413,1612.956,1664.9326
88,D16,39,324.61832,1607.3956,1584.4803
88,D16,40,389.26944,1741.6611,1633.4867
88,D16,41,343.7945,1710.4138,1802.1769
88,D16,42,309.20834,1611.6016,1946.3098
88,D16,43,306.0211,1551.6079,1991.08
88,D16,44,339.32693,1537.4934,2032.6003
88,D16,45,627.8389,1499.4846,1972.2133
89,D17,1,-491.06924,927.61847,-2366.059
89,D17,2,-503.7647,918.13477,-2310.9163
89,D17,3,-545.29614,984.1852,-2273.1638
89,D17,4,-609.4697,854.2851,-2122.9604
89,D17,5,-694.6353,830.6779,-2020.8021
89,D17,6,-763.485,985.68976,-1683.7465
89,D17,7,-857.7764,1025.9231,-1454.3333
89,D17,8,-853.63794,1193.5382,-1462.3883
89,D17,9,-748.18146,1197.4069,-1361.6901
89,D17,10,-754.78955,1023.8176,-1334.8906
89,D17,11,-739.00507,934.49567,-1331.7957
89,D17,12,-569.696,893.62225,-1310.0151
89,D17,13,-499.84778,888.02435,-1259.354
89,D17,14,-459.4326,1002.6641,-1187.2938
89,D17,15,-466.40918,942.5352,-1146.1038
89,D17,16,-362.5366,891.11444,-1193.0997
89,D17,17,-402.0521,908.07794,-1193.3893
89,D17,18,-457.18185,896.35364,-1193.2625
89,D17,19,-460.90707,952.1613,-997.35443
89,D17,20,-629.361,930.3781,-1021.68195
89,D17,21,-680.9804,893.7772,-1085.3641
89,D17,22,-591.322,914.8397,-946.3833
89,D17,23,-600.1567,903.8027,-990.5317
89,D17,24,-652.6054,914.82556,-938.79755
89,D17,25,-694.8993,717.4531,-771.5623
89,D17,26,-730.8185,711.0821,-700.0303
89,D17,27,-737.34344,908.9574,-782.0831
89,D17,28,-730.276,947.84705,-749.5358
89,D17,29,-594.474,918.72797,-681.12885
89,D17,30,-538.84576,918.78033,-693.14026
89,D17,31,-578.45966,1070.0353,-631.8309
89,D17,32,-623.46027,1078.618,-672.5544
89,D17,33,-596.88806,1109.9817,-547.23737
89,D17,34,-550.05707,998.2016,-485.6172
89,D17,35,-576.05945,970.8668,-446.5031
89,D17,36,-552.3864,1157.7086,-388.96167
89,D17,37,-517.88947,1251.6165,-438.24094
89,D17,38,-540.8372,1197.1376,-266.8124
89,D17,39,-588.65826,1130.028,-207.45744
89,D17,40,-601.67773,1133.465,-236.41234
89,D17,41,-631.5775,1165.5155,-103.269966
89,D17,42,-615.5987,1224.2019,-82.41408
89,D17,43,-609.49207,1171.9485,-52.933933
89,D17,44,-460.24997,1085.0253,-126.93913
89,D17,45,-390.99152,1018.76105,-10.198626
90,D18,1,20150.654,940.28613,-4030.1782
90,D18,2,20289.697,914.7942,-3978.9624
90,D18,3,20444.262,854.1334,-3795.2937
90,D18,4,20456.22,836.2611,-3735.8335
90,D18,5,20638.115,886.495,-3717.9438
90,D18,6,20787.268,918.8508,-3545.3342
90,D18,7,20861.395,1112.9712,-3557.7854
90,D18,8,20842.482,1221.6079,-3551.238
90,D18,9,20812.09,1202.3921,-3436.8171
90,D18,10,20970.531,1005.78394,-3287.0437
90,D18,11,20980.336,857.6828,-3294.2356
90,D18,12,21101.922,766.56165,-3251.5906
90,D18,13,21081.168,784.24347,-3192.978
90,D18,14,21158.908,926.0761,-3213.7888
90,D18,15,21122.88,928.7751,-3224.9314
90,D18,16,21050.553,933.6329,-3258.1477
90,D18,17,21108.572,969.82947,-3098.2932
90,D18,18,21117.344,941.432,-2979.814
90,D18,19,21385.61,935.2161,-3024.4316
90,D18,20,21442.396,977.28345,-2999.3987
90,D18,21,21403.22,979.25653,-3003.8052
90,D18,22,21512.799,1065.1372,-2781.803
90,D18,23,21652.059,1061.491,-2753.5408
90,D18,24,21829.998,1101.4625,-2648.2737
90,D18,25,21808.541,1115.0444,-2647.8691
90,D18,26,21814.76,1271.9834,-2604.1353
90,D18,27,21716.195,1246.6084,-2447.4612
90,D18,28,21693.787,1194.0956,-2284.5002
90,D18,29,21683.771,1204.2975,-2265.8606
90,D18,30,21534.799,1184.4307,-2358.2356
90,D18,31,21493.303,1170.4127,-2411.8647
90,D18,32,21855.574,1145.5482,-2315.1838
90,D18,33,21984.45,1145.4156,-2133.4114
90,D18,34,21892.8,1274.6888,-2171.7834
90,D18,35,21874.111,1263.2256,-2075.6418
90,D18,36,21777.55,1223.8481,-2013.7944
90,D18,37,21768.545,1229.5515,-1964.4982
90,D18,38,21854.076,1317.306,-1883.1595
90,D18,39,21947.266,1288.1228,-1839.5962
90,D18,40,22043.438,1220.7946,-1854.6067
90,D18,41,21958.031,1193.717,-1932.3032
90,D18,42,21974.812,1159.7839,-1838.2439
90,D18,43,22052.912,1237.2677,-1789.6665
90,D18,44,22049.92,1336.3252,-1679.0476
90,D18,45,22344.459,1420.0815,-1774.3518
91,D19,1,178.37527,653.18475,-4570.6597
91,D19,2,158.28389,624.80914,-4478.604
91,D19,3,112.24234,525.70605,-4229.5405
91,D19,4,106.76728,497.2298,-4110.4004
91,D19,5,237.869,542.7224,-3985.9504
91,D19,6,219.77031,556.1263,-4015.2686
91,D19,7,189.03506,654.1893,-3988.928
91,D19,8,205.92845,648.4701,-3843.5906
91,D19,9,179.14026,611.90936,-3528.203
91,D19,10,180.14105,618.7029,-3538.1477
91,D19,11,77.40258,605.37006,-3607.9597
91,D19,12,66.29793,650.58057,-3506.606
91,D19,13,231.18417,593.8443,-3504.7861
91,D19,14,225.21278,447.1658,-3420.211
91,D19,15,204.24626,454.53885,-3312.7136
91,D19,16,154.03123,588.7491,-3408.102
91,D19,17,-62.561604,460.61423,-3526.15
91,D19,18,-76.80655,430.77155,-3554.325
91,D19,19,89.10313,501.45535,-3511.7588
91,D19,20,116.900665,558.9705,-3377.5276
91,D19,21,135.96147,676.8803,-3386.0806
91,D19,22,205.85768,674.6304,-3163.1162
91,D19,23,244.98872,688.8515,-2876.786
91,D19,24,212.93651,700.10706,-2727.2546
91,D19,25,214.26166,853.68524,-2644.449
91,D19,26,183.45963,848.22815,-2633.9338
91,D19,27,224.57709,844.2508,-2550.4067
91,D19,28,297.8359,827.63965,-2478.4368
91,D19,29,283.00888,920.74194,-2415.6199
91,D19,30,280.8543,933.9486,-2409.287
91,D19,31,246.51466,1074.7949,-2335.6816
91,D19,32,279.3151,1050.662,-2124.7698
91,D19,33,260.39758,1006.2085,-1995.541
91,D19,34,93.4556,1105.2659,-1913.8846
91,D19,35,38.52275,1076.3243,-1818.7135
91,D19,36,104.753784,969.57446,-1685.3712
91,D19,37,144.74696,964.72754,-1619.9662
91,D19,38,127.12255,1170.2465,-1736.7626
91,D19,39,165.25304,918.05194,-1877.35
91,D19,40,162.36903,843.7967,-1788.2422
91,D19,41,222.6319,1017.502,-1674.3317
91,D19,42,204.36795,921.7383,-1683.402
91,D19,43,168.01807,866.30774,-1650.9142
91,D19,44,102.48647,969.92914,-1660.2058
91,D19,45,53.875664,940.20105,-1725.4546
92,D20,1,-9110.88,397.04156,-8648.733
92,D20,2,-9181.677,361.44138,-8562.054
92,D20,3,-9193.831,326.29492,-8283.97
92,D20,4,-9070.821,378.4241,-8212.593
92,D20,5,-8918.546,511.46515,-8233.09
92,D20,6,-8771.996,579.7458,-8188.1143
92,D20,7,-8796.296,598.8346,-8238.454
92,D20,8,-8827.767,569.3132,-8241.508
92,D20,9,-8824.604,540.3863,-8085.904
92,D20,10,-8703.169,612.1759,-8019.8574
92,D20,11,-8518.1875,578.5725,-8043.597
92,D20,12,-8564.884,442.751,-7898.5874
92,D20,13,-8654.844,345.4658,-7767.161
92,D20,14,-8682.951,358.28906,-7726.71
92,D20,15,-8599.831,576.4379,-7768.2725
92,D20,16,-8511.75,634.4433,-7669.894
92,D20,17,-8462.496,492.79605,-7680.8613
92,D20,18,-8535.033,388.60782,-7678.079
92,D20,19,-8601.021,251.09413,-7531.7427
92,D20,20,-8574.378,257.85623,-7525.9023
92,D20,21,-8587.38,427.36554,-7529.3403
92,D20,22,-8457.883,476.44507,-7480.316
92,D20,23,-8456.01,459.49832,-7314.182
92,D20,24,-8541.113,512.0162,-7369.2744
92,D20,25,-8557.07,477.5432,-7462.6733
92,D20,26,-8400.803,468.2404,-7346.346
92,D20,27,-8454.834,623.11255,-7112.2764
92,D20,28,-8502.403,695.5477,-7052.7407
92,D20,29,-8343.577,759.3388,-6905.807
92,D20,30,-8293.62,777.12335,-6817.079
92,D20,31,-8349.61,830.6103,-6784.0664
92,D20,32,-8328.225,842.1384,-6606.5825
92,D20,33,-8374.357,882.24493,-6380.1016
92,D20,34,-8349.43,988.31555,-6443.1367
92,D20,35,-8402.15,990.0247,-6436.0264
92,D20,36,-8362.71,947.7595,-6422.348
92,D20,37,-8257.928,949.1085,-6388.458
92,D20,38,-8296.168,924.4652,-6181.432
92,D20,39,-8255.239,890.3994,-6173.0874
92,D20,40,-8197.963,917.5535,-6193.624
92,D20,41,-8163.163,905.6264,-6177.023
92,D20,42,-8174.4727,883.3089,-6085.648
92,D20,43,-8258.971,1028.275,-6182.8027
92,D20,44,-8343.96,974.7995,-6194.868
92,D20,45,-8432.177,884.528,-5997.9253
93,D21,1,-1151.406,601.0431,-5847.631
93,D21,2,-1100.206,597.38477,-5830.172
93,D21,3,-1043.9434,544.22217,-5608.653
93,D21,4,-1037.7124,494.3456,-5435.6597
93,D21,5,-1043.2024,471.74554,-5306.095
93,D21,6,-1066.583,466.70428,-5283.465
93,D21,7,-1084.0684,562.35114,-5111.395
93,D21,8,-1061.9335,573.4497,-5137.731
93,D21,9,-1190.6348,652.7529,-5180.0083
93,D21,10,-1212.815,624.38434,-5175.9365
93,D21,11,-1129.5013,582.312,-5058.0415
93,D21,12,-1037.3293,521.9206,-5006.038
93,D21,13,-1035.6002,438.115,-4780.747
93,D21,14,-1115.6824,374.0966,-4783.384
93,D21,15,-1127.42,343.94476,-4871.7666
93,D21,16,-1013.8386,334.6316,-4873.5244
93,D21,17,-986.7745,320.50937,-4909.7173
93,D21,18,-1017.0286,315.74997,-4986.5537
93,D21,19,-986.5101,316.75873,-4926.4956
93,D21,20,-947.7999,353.66165,-4677.921
93,D21,21,-1081.9468,373.24057,-4475.8066
93,D21,22,-1122.3958,482.2386,-4536.553
93,D21,23,-1025.6926,477.01773,-4553.237
93,D21,24,-912.50476,329.52142,-4404.3174
93,D21,25,-896.01874,332.25366,-4352.7603
93,D21,26,-980.0793,464.23016,-4424.8833
93,D21,27,-1157.5868,354.31326,-4338.1157
93,D21,28,-1192.8943,348.92148,-4103.627
93,D21,29,-1133.4219,535.22064,-4209.9937
93,D21,30,-1141.3617,641.5231,-4282.645
93,D21,31,-1124.467,639.7486,-3987.245
93,D21,32,-939.60114,739.70557,-3702.3032
93,D21,33,-821.5106,766.7836,-3592.4124
93,D21,34,-852.4679,726.5836,-3575.104
93,D21,35,-1038.3258,784.87616,-3545.8247
93,D21,36,-1070.4315,893.2334,-3494.6638
93,D21,37,-954.6827,844.1204,-3376.298
93,D21,38,-1080.9514,758.4969,-3300.6658
93,D21,39,-1094.6501,755.1691,-3174.7065
93,D21,40,-895.1212,980.01807,-3220.5625
93,D21,41,-829.7299,949.8752,-3235.035
93,D21,42,-830.36395,867.82495,-3212.6892
93,D21,43,-892.11304,882.7066,-3042.3167
93,D21,44,-1003.6606,983.99805,-3032.6313
93,D21,45,-1061.5615,965.7997,-2974.6792
94,D22,1,-5233.5566,-14082.593,-65928.67
94,D22,2,-5149.434,-14069.199,-65696.57
94,D22,3,-5148.928,-14085.912,-65502.363
94,D22,4,-5181.9595,-14174.247,-65320.26
94,D22,5,-5208.3936,-14213.655,-64988.41
94,D22,6,-5193.4907,-14188.758,-64955.902
94,D22,7,-5173.29,-14168.469,-64921.52
94,D22,8,-5111.9473,-14020.299,-64966.074
94,D22,9,-5141.16,-14050.208,-64836.48
94,D22,10,-5160.8765,-14166.107,-64664.58
94,D22,11,-5085.9644,-14219.898,-64483.33
94,D22,12,-5084.3423,-14233.443,-64430.402
94,D22,13,-5090.9526,-14234.609,-64366.906
94,D22,14,-5144.3906,-14153.317,-64306.812
94,D22,15,-5288.023,-14154.415,-64367.97
94,D22,16,-5312.69,-14137.213,-64402.24
94,D22,17,-5218.7417,-14203.869,-64055.56
94,D22,18,-5154.836,-14263.099,-63911.98
94,D22,19,-5196.1826,-14332.105,-63856.742
94,D22,20,-5286.121,-14292.886,-63792.895
94,D22,21,-5265.263,-14073.378,-63891.945
94,D22,22,-5057.15,-14076.534,-63946.938
94,D22,23,-5052.681,-14158.38,-63804.832
94,D22,24,-5094.8955,-14185.182,-63822.203
94,D22,25,-5156.537,-14108.82,-63620.652
94,D22,26,-5195.3726,-14083.932,-63396.387
94,D22,27,-5164.745,-14084.494,-63502.117
94,D22,28,-5110.3857,-14060.243,-63531.297
94,D22,29,-5158.0537,-14168.791,-63256.96
94,D22,30,-5174.675,-14151.901,-63289.457
94,D22,31,-5075.2134,-13868.279,-63197.004
94,D22,32,-5078.069,-13851.496,-63148.367
94,D22,33,-5046.4326,-13935.212,-63078.168
94,D22,34,-5048.983,-13974.156,-62855.547
94,D22,35,-5087.54,-13866.761,-62875.42
94,D22,36,-5119.03,-13810.607,-62738.793
94,D22,37,-5071.246,-13952.609,-62751.26
94,D22,38,-5033.277,-14007.267,-62528.11
94,D22,39,-4916.9385,-13891.667,-62544.965
94,D22,40,-4864.376,-13829.974,-62542.12
94,D22,41,-4959.278,-13896.639,-62322.82
94,D22,42,-5024.0923,-13933.215,-62404.168
94,D22,43,-5046.974,-13842.219,-62408.63
94,D22,44,-5194.8823,-13919.209,-62450.836
94,D22,45,-5257.8555,-13994.061,-62207.793
95,D23,1,-1522.3474,-692.4815,-22255.908
95,D23,2,-1478.3167,-706.2283,-21921.244
95,D23,3,-1472.267,-697.9315,-21419.648
95,D23,4,-1506.6566,-753.7209,-21350.008
95,D23,5,-1470.591,-789.3752,-21036.72
95,D23,6,-1243.476,-796.33374,-20746.902
95,D23,7,-1285.1145,-831.2477,-20485.723
95,D23,8,-1430.5936,-838.9358,-20181.674
95,D23,9,-1461.6182,-796.8609,-20217.541
95,D23,10,-1376.6208,-804.60864,-20281.113
95,D23,11,-1363.5217,-819.9254,-20004.926
95,D23,12,-1308.9994,-812.5718,-19954.684
95,D23,13,-1442.6654,-855.56384,-19606.727
95,D23,14,-1476.9446,-836.8614,-19598.682
95,D23,15,-1361.7247,-718.3136,-19407.969
95,D23,16,-1298.5388,-753.00507,-19333.94
95,D23,17,-1322.9254,-756.4787,-19390.16
95,D23,18,-1302.1776,-650.12524,-19076.83
95,D23,19,-1276.2495,-741.2869,-18889.99
95,D23,20,-1298.1351,-801.25604,-18810.7
95,D23,21,-1341.428,-815.01514,-18857.37
95,D23,22,-1348.5541,-776.3033,-18857.9
95,D23,23,-1367.1445,-720.1289,-18896.2
95,D23,24,-1394.201,-549.5761,-18751.818
95,D23,25,-1489.4648,-449.6902,-18806.984
95,D23,26,-1510.0916,-449.12253,-18607.262
95,D23,27,-1437.5892,-402.60852,-18526.54
95,D23,28,-1394.3365,-422.35434,-18530.037
95,D23,29,-1186.1646,-527.38763,-18590.027
95,D23,30,-1141.002,-574.77167,-18214.215
95,D23,31,-1168.3491,-520.5154,-18085.799
95,D23,32,-1113.7211,-546.20374,-18139.514
95,D23,33,-1216.035,-535.5786,-18254.04
95,D23,34,-1253.3837,-489.86575,-18344.111
95,D23,35,-1124.5232,-485.04358,-18106.582
95,D23,36,-1129.0858,-413.73102,-17853.588
95,D23,37,-1187.0664,-361.98935,-17734.576
95,D23,38,-1178.0156,-530.3598,-17724.01
95,D23,39,-1115.5719,-585.0997,-17785.352
95,D23,40,-1112.9742,-507.5932,-17794.998
95,D23,41,-1120.154,-640.1055,-17539.357
95,D23,42,-1167.2205,-677.812,-17360.502
95,D23,43,-1169.9141,-550.3352,-17178.707
95,D23,44,-1202.7007,-527.804,-16850.543
95,D23,45,-1257.8794,-559.6348,-16901.166
96,D24,1,-1297.3518,358.49747,-8460.547
96,D24,2,-1257.1766,352.55286,-8124.2324
96,D24,3,-1165.7056,466.0732,-7313.712
96,D24,4,-1142.3496,477.2228,-7181.941
96,D24,5,-1114.771,435.71024,-7246.6
96,D24,6,-1134.4854,434.8618,-7097.389
96,D24,7,-1125.5118,394.44162,-7011.7544
96,D24,8,-1197.8138,387.7878,-6651.2466
96,D24,9,-1208.4738,404.7177,-6453.323
96,D24,10,-1082.4418,202.5184,-6478.7964
96,D24,11,-1056.5287,167.45123,-6238.348
96,D24,12,-945.1162,249.43752,-6143.4263
96,D24,13,-961.9497,240.85214,-5957.693
96,D24,14,-978.48785,228.51375,-5883.817
96,D24,15,-1010.7582,261.23108,-5797.3257
96,D24,16,-961.4201,217.75723,-5653.938
96,D24,17,-929.70496,219.53894,-5558.888
96,D24,18,-963.10205,319.1937,-5618.318
96,D24,19,-1045.7266,250.4727,-5418.7124
96,D24,20,-1086.5044,237.61873,-5239.7583
96,D24,21,-1020.2897,348.96536,-5201.5713
96,D24,22,-954.6498,335.23965,-5342.1865
96,D24,23,-872.97943,316.80298,-5419.0234
96,D24,24,-954.76746,398.13525,-5117.192
96,D24,25,-1019.79706,402.02393,-4891.4893
96,D24,26,-974.7088,370.5805,-4861.8457
96,D24,27,-854.1907,389.59683,-4893.746
96,D24,28,-894.3895,366.35364,-4875.3936
96,D24,29,-978.2913,407.9952,-4754.095
96,D24,30,-995.79156,514.3712,-4592.8975
96,D24,31,-818.68506,484.95837,-4668.183
96,D24,32,-737.7865,406.86588,-4648.1245
96,D24,33,-783.6921,385.35388,-4547.154
96,D24,34,-855.3606,489.38135,-4581.009
96,D24,35,-865.8124,452.81805,-4304.5938
96,D24,36,-821.19006,346.77554,-4320.758
96,D24,37,-806.2577,299.44315,-4361.134
96,D24,38,-764.7979,318.80197,-4266.3584
96,D24,39,-650.7424,328.7754,-4252.8184
96,D24,40,-689.6249,343.8281,-4273.1294
96,D24,41,-772.4885,505.1808,-4379.3926
96,D24,42,-802.0407,499.92914,-4149.827
96,D24,43,-762.30005,485.884,-4048.8906
96,D24,44,-714.42676,548.8468,-4054.4736
96,D24,45,-749.38837,516.79095,-4101.709
97,E1,1,15785.235,331895.22,104135.55
97,E1,2,15886.533,332451.16,104556.56
97,E1,3,15949.641,332611.06,105354.83
97,E1,4,15961.554,332514.97,105957.336
97,E1,5,15945.561,332572.5,106265.664
97,E1,6,16021.727,333264.66,106565.69
97,E1,7,16027.2295,333519.72,106637.24
97,E1,8,16072.642,333131.84,106945.086
97,E1,9,16149.642,333124.66,107315.85
97,E1,10,16237.366,333898.6,107335.07
97,E1,11,16200.395,334023.88,107821.266
97,E1,12,16214.859,334224.56,108543.555
97,E1,13,16299.379,334433.7,109058.805
97,E1,14,16354.938,335372.06,110137.37
97,E1,15,16468.148,336552.94,111834.8
97,E1,16,16645.47,338003.3,115107.66
97,E1,17,16632.295,340215.66,121493.46
97,E1,18,16657.242,345946.62,133253.7
97,E1,19,16664.34,357176.28,155967.4
97,E1,20,16649.135,378912.8,195842.16
97,E1,21,16886.799,413939.9,258054.69
97,E1,22,17015.45,459006.34,338422.94
97,E1,23,17193.47,504493.25,426475.28
97,E1,24,17320.26,539270.06,516359
97,E1,25,17398.715,564848.8,597880.5
97,E1,26,17633.24,582761.06,668510.2
97,E1,27,17823.44,597127.25,726900.94
97,E1,28,17976.03,608571.8,776129.6
97,E1,29,18165.879,618145.56,814538.56
97,E1,30,18386.453,625998.1,844139.2
97,E1,31,18369.504,631907.06,870105.56
97,E1,32,18517.521,637228.8,890214.06
97,E1,33,18590.201,642441.44,905772.75
97,E1,34,18746.098,645506.75,918629.94
97,E1,35,18913.475,648491,929146.94
97,E1,36,18958.078,651241.25,939400.56
97,E1,37,19000.281,653150.06,945876.9
97,E1,38,18967.736,655018.8,951828.5
97,E1,39,19156.258,657106.06,956784.1
97,E1,40,19231.424,658666.8,960299.44
97,E1,41,19415.174,659399,964257.75
97,E1,42,19505.975,660628.1,967163.9
97,E1,43,19527.328,661488.1,969330.7
97,E1,44,19681.195,662010.5,972103.3
97,E1,45,19864.42,664094.6,973739.25
98,E2,1,18752.732,334855.38,143650.33
98,E2,2,18776.943,334873.2,143804.14
98,E2,3,18796.387,335064.94,143844.16
98,E2,4,18790.836,335121.28,143899.03
98,E2,5,18850.307,335267.44,143972.48
98,E2,6,18942.307,335156.06,144065.55
98,E2,7,18987.502,335072.9,143842.16
98,E2,8,18969.533,335049.44,143788.28
98,E2,9,18968.795,335122.53,143979.27
98,E2,10,19027.742,335385.5,143992.98
98,E2,11,19032.459,335557.4,144127.36
98,E2,12,19050.873,335710.72,144497.53
98,E2,13,19209.295,335680.78,144849.69
98,E2,14,19222.102,335716.8,144526.9
98,E2,15,19320.562,335816.12,144472.02
98,E2,16,19429.025,335879.94,144947.73
98,E2,17,19546.902,335913.22,145045.42
98,E2,18,19904.844,336341,145091.3
98,E2,19,20610.473,336615.4,145401.9
98,E2,20,21995.36,336659.47,145780.89
98,E2,21,24664.164,336691.56,145906.19
98,E2,22,29276.203,336953.4,146107.88
98,E2,23,38126.867,337426.94,146087.94
98,E2,24,53472.293,337531.16,146339.8
98,E2,25,78144.49,337639.8,146856.6
98,E2,26,113755.93,338081.25,147795.52
98,E2,27,158850.39,338292.53,149595.94
98,E2,28,210570.6,338254.22,153285.27
98,E2,29,264577.47,338609.4,160823.25
98,E2,30,314497.53,339121.78,175343.44
98,E2,31,352088.5,339634.72,200841.81
98,E2,32,375051.56,340214.25,233932.38
98,E2,33,387115.7,341137.94,269776.34
98,E2,34,393447.1,341736.97,305516.4
98,E2,35,397345.03,342550.38,337533.66
98,E2,36,400637.9,343829.03,366400.8
98,E2,37,402406.25,345033.9,391961.78
98,E2,38,403932.5,344996.25,415170.1
98,E2,39,405450.38,344815.34,436042.72
98,E2,40,406386.25,344923.7,455819.7
98,E2,41,407266.97,345116.4,473839.5
98,E2,42,408330.44,346054.75,490603.2
98,E2,43,409618.16,346681.28,505369.34
98,E2,44,409975.38,347011.5,519596.25
98,E2,45,410852.47,348173.75,531179.25
99,E3,1,16555.324,326995.8,89564.45
99,E3,2,16556.062,326965.03,89742.48
99,E3,3,16612.68,327007.47,90221.77
99,E3,4,16751.08,327304.34,90397.18
99,E3,5,16805.15,327599.1,90680.2
99,E3,6,17008.773,327682.34,90767.91
99,E3,7,17020.87,327611.88,90747.375
99,E3,8,17047.174,327552.66,91114.2
99,E3,9,17047.312,327562.78,91687.09
99,E3,10,17034.492,327671.66,91872.65
99,E3,11,16998.16,328312.75,91936.664
99,E3,12,17054.172,328455.28,92207.305
99,E3,13,17084.916,328395.97,92291.83
99,E3,14,17152.541,328605.75,92603.4
99,E3,15,17136.352,328923.53,92970.39
99,E3,16,17132.076,329088,93516.59
99,E3,17,17240.678,329918.1,94294.625
99,E3,18,17202.959,330412.78,95555.875
99,E3,19,17190.213,331516.6,97820.66
99,E3,20,17278.127,333847.66,102617.1
99,E3,21,17414.936,338158.2,111751.914
99,E3,22,17460.21,346733.62,128801.52
99,E3,23,17452.246,363284.8,159635.12
99,E3,24,17679.07,392262.28,210920.66
99,E3,25,17969.668,433417.94,283548.62
99,E3,26,18336.61,479491.2,367205.8
99,E3,27,18658.328,519719.1,452548.56
99,E3,28,19022.156,546967.6,535649.6
99,E3,29,19245.215,567477.75,610189.06
99,E3,30,19501.45,583642.4,671944.8
99,E3,31,19930.297,597227.25,723068.5
99,E3,32,20154.762,608177.5,762824.25
99,E3,33,20191.377,617277.6,795377.06
99,E3,34,20368.756,623290.94,822883.06
99,E3,35,20475.826,629387.44,844923.75
99,E3,36,20490.75,634793.8,861680.94
99,E3,37,20801.068,639208.7,873960.75
99,E3,38,20808.47,642025.1,885063.5
99,E3,39,20786.713,644330,895270.7
99,E3,40,20904.145,646879.75,902724.3
99,E3,41,21057.717,649899.75,909239.06
99,E3,42,21090.533,651520.9,914569.94
99,E3,43,21114.436,653057.2,919252.1
99,E3,44,21138.533,654353.7,921808.4
99,E3,45,21158.85,656207.1,925260.3
100,E4,1,18762.492,330459.8,108240.29
100,E4,2,18773.182,330466.4,108437.29
100,E4,3,18910.432,330697.22,108606.945
100,E4,4,18975.352,330418.6,108811.59
100,E4,5,19000.066,330144.16,109135.87
100,E4,6,19193.691,330116.22,109494.95
100,E4,7,19212.057,330200.78,109662.12
100,E4,8,19188.086,330110.03,109847.85
100,E4,9,19200.047,330110.16,109663.836
100,E4,10,19198.3,330272.8,109604.28
100,E4,11,19294.521,330420.97,109972.67
100,E4,12,19300.654,330370.88,109951.78
100,E4,13,19269.336,330410.06,110234.28
100,E4,14,19356.39,330777.06,110363.305
100,E4,15,19326.244,330864.47,110431.58
100,E4,16,19389.92,331110.34,110338.74
100,E4,17,19627.494,331216.16,110625.93
100,E4,18,19645.607,331123.66,110600.766
100,E4,19,19749.8,331119.84,110933.35
100,E4,20,20051.602,331448.94,110930.85
100,E4,21,20542.432,331313.2,110914.86
100,E4,22,21486.7,331276.78,111315.7
100,E4,23,23012.463,331652.34,111621.18
100,E4,24,26080.266,331659.4,111346.6
100,E4,25,31865.93,331607.03,110753.08
100,E4,26,42289.64,331462.94,109847.75
100,E4,27,60175.29,331243.78,108047.62
100,E4,28,88529.625,331199.16,106025.63
100,E4,29,127575.74,331444.12,103873.445
100,E4,30,174410.8,331215,103474.36
100,E4,31,226623.86,331064.88,104380.91
100,E4,32,277709.25,331051.2,108626.086
100,E4,33,316425.28,331042.84,117624.43
100,E4,34,339836.44,331187.9,130780.8
100,E4,35,352119.44,331176.47,146130.77
100,E4,36,360582.03,331377.9,160752.95
100,E4,37,365918.94,331800,174226.77
100,E4,38,370282.47,331902.5,186894.83
100,E4,39,373579,332096.97,199145.14
100,E4,40,376409.4,332141.4,210481.62
100,E4,41,379824.72,332138.97,221896.58
100,E4,42,382265.78,332301.88,232922.47
100,E4,43,383843.66,332505.06,244530.58
100,E4,44,386062.4,333221.78,255449.6
100,E4,45,386893.97,333686.66,264803.28
101,E5,1,16684.975,332996.38,109364.07
101,E5,2,16684.986,333021.3,109651.89
101,E5,3,16726.037,333398.4,109880.88
101,E5,4,16731.29,333854,110013.19
101,E5,5,16757.867,333866.8,110280.336
101,E5,6,16685.104,333803.28,110553.96
101,E5,7,16744.357,333902.03,110614.94
101,E5,8,17067.393,333940.06,110821.13
101,E5,9,17108.809,334064.12,111083.6
101,E5,10,17138.137,334409.38,111289.19
101,E5,11,17226.582,334600.5,111337.195
101,E5,12,17340.137,334661.56,111611.37
101,E5,13,17443.818,334632.97,111700.35
101,E5,14,17452.234,334886.7,111743.91
101,E5,15,17418.871,335129.56,111871.57
101,E5,16,17340.111,335419.06,111898.484
101,E5,17,17279.787,335452.72,112451.695
101,E5,18,17387.29,335813.66,112823.88
101,E5,19,17609.203,336393.25,112826.586
101,E5,20,17688.09,336777.88,113378.45
101,E5,21,17638.506,337179.4,114557.72
101,E5,22,17727.523,338186,116342.37
101,E5,23,17848.021,339922.78,119957.18
101,E5,24,17835.264,342623.72,127470.78
101,E5,25,17994.025,348721.16,141140.84
101,E5,26,18140.705,361696.88,166223.69
101,E5,27,18592.447,385233.38,209794.5
101,E5,28,18984.621,420883.06,275567.16
101,E5,29,19610.953,463994.2,356373.03
101,E5,30,20481.992,504707,439873.3
101,E5,31,21415.955,534748.75,523243.84
101,E5,32,22349.736,556148.1,598694.94
101,E5,33,23085.43,572946.94,661809.5
101,E5,34,23749.852,585958.6,713816.2
101,E5,35,24616.213,596003,756103.6
101,E5,36,25293.645,603763.6,789978.25
101,E5,37,25962.336,610683.75,818285.6
101,E5,38,26603.064,616888.6,841022.9
101,E5,39,26938.236,621795.2,860025.5
101,E5,40,27411.994,626058.75,875355.3
101,E5,41,27701.031,630407.94,887823
101,E5,42,28335.54,632902.5,898268
101,E5,43,29055.98,635364.44,907580.5
101,E5,44,29443.486,639092.7,915597.2
101,E5,45,29906.912,641883.1,920976.44
102,E6,1,18786.957,349936.5,96999.34
102,E6,2,18808.475,350004.06,97105.14
102,E6,3,18704.996,350103.2,97372.31
102,E6,4,18703.656,350408.1,97467.15
102,E6,5,18826.855,350752.28,97847.09
102,E6,6,18907,350751.6,97746.66
102,E6,7,19093.574,350048.53,97761.73
102,E6,8,19059.447,350027.25,98191.52
102,E6,9,19034.113,350697.4,98246.234
102,E6,10,19175.4,350787.22,98292.914
102,E6,11,19193.691,350840.6,98568.77
102,E6,12,19224.152,351388.4,98442.586
102,E6,13,19224.86,351519.66,98662.67
102,E6,14,19382.207,351881.97,99322.766
102,E6,15,19367.965,352200.16,99379.12
102,E6,16,19394.072,352233.78,99383.62
102,E6,17,19511.443,352452.56,99548.664
102,E6,18,19817.41,352822.2,99820.62
102,E6,19,19998.652,352823.38,99913.62
102,E6,20,20309.871,353061,99820.484
102,E6,21,20712.525,353419.7,100040.72
102,E6,22,21618.803,353777.5,100318.47
102,E6,23,23483.213,353743.34,100440.24
102,E6,24,27103.158,353631.94,100070.91
102,E6,25,34034.08,353948.5,99276.02
102,E6,26,46633.727,354307.2,98173.125
102,E6,27,67812.92,354313,96401.766
102,E6,28,98638.35,354323.06,93917.445
102,E6,29,138578.27,354175.75,91518.45
102,E6,30,187790.44,354009.34,90498.71
102,E6,31,233147.81,354172.88,90478.984
102,E6,32,264411.3,354549.97,91370.08
102,E6,33,285133.9,354919.66,93421.45
102,E6,34,300609.38,355033.6,95596.48
102,E6,35,313021.62,355334.53,98036.1
102,E6,36,323895.03,355557.28,100270.555
102,E6,37,333554.25,355548.25,101758.695
102,E6,38,342153.75,355636.06,103174.48
102,E6,39,349299.7,355763.3,105080.18
102,E6,40,356615.22,355832.84,107073.73
102,E6,41,363337.88,356150.5,108975.39
102,E6,42,369667.75,356532.7,110622.58
102,E6,43,375496.88,356582.8,112361.78
102,E6,44,380786.25,356568.34,114041.51
102,E6,45,384873.22,356809.53,115693.625
103,E7,1,18670.826,333494.94,108350.07
103,E7,2,18529.877,333494.16,108422.12
103,E7,3,18423.633,333484.72,108557
103,E7,4,18492.31,333582.53,108800.32
103,E7,5,18811.723,333720.75,108744.13
103,E7,6,18853.434,333648.16,108761.42
103,E7,7,18845.363,333409.47,109123.8
103,E7,8,18978.695,333490.78,109183.64
103,E7,9,18951.7,334037.72,109331.28
103,E7,10,18904.664,334210.97,109389.55
103,E7,11,18851.355,334602.44,109452.086
103,E7,12,18909.275,334704.3,109456.71
103,E7,13,19164.074,335054.06,109587.53
103,E7,14,19390.75,335395.53,109823.664
103,E7,15,19178.36,335452.34,110063.6
103,E7,16,19070.896,335347.16,110103.664
103,E7,17,19176.959,335321.88,110175.42
103,E7,18,19289.959,335365.47,110691.02
103,E7,19,19160.926,335985.38,111057.195
103,E7,20,19081.766,336271.97,111137.96
103,E7,21,19216.096,336394.94,111265.375
103,E7,22,19489.29,337087.3,111729.39
103,E7,23,19629.406,337168.2,111978.25
103,E7,24,19617.213,337452.72,112722.25
103,E7,25,19714.031,338093.28,114384.73
103,E7,26,19743.656,339209.47,117014.97
103,E7,27,19913.87,341622.75,122278.055
103,E7,28,19948.055,346425.7,131943.05
103,E7,29,20040.936,356220.97,150302.72
103,E7,30,20363.242,374411.56,183598.86
103,E7,31,20859.625,404662.12,237791.8
103,E7,32,21015.457,444669.97,310292.84
103,E7,33,21711.203,487686.8,389869.12
103,E7,34,22150.002,521728.25,472226.47
103,E7,35,22497.314,546225.6,548187.9
103,E7,36,22638.969,563800.06,612212.5
103,E7,37,22929.705,577158.9,665836.6
103,E7,38,23262.12,587317.5,709749.4
103,E7,39,23365.17,596008.06,746602.6
103,E7,40,23622.258,602879.25,775862.9
103,E7,41,23606.592,609396.4,801167.5
103,E7,42,23855.781,614438,822399
103,E7,43,24020.621,618485.44,839158
103,E7,44,24063.86,622542.5,853605.44
103,E7,45,24072.615,626104.1,864863.25
104,E8,1,-1890.6251,-1541.9436,-24686.316
104,E8,2,-1925.7557,-1557.3138,-24620.72
104,E8,3,-1951.81,-1596.166,-24571.156
104,E8,4,-1808.8181,-1834.046,-24429.365
104,E8,5,-1841.4373,-1908.9968,-24042.176
104,E8,6,-2106.4194,-1848.251,-23817.195
104,E8,7,-2167.0225,-1618.1454,-23818.32
104,E8,8,-2041.9668,-1628.7102,-23702.447
104,E8,9,-2047.3519,-1683.2025,-23731.488
104,E8,10,-2108.355,-1690.722,-23626.336
104,E8,11,-2172.967,-1703.1218,-23380.041
104,E8,12,-2201.7046,-1616.0173,-23337.227
104,E8,13,-2174.4934,-1600.0289,-23339.996
104,E8,14,-2247.2405,-1636.6716,-23010.225
104,E8,15,-2207.9883,-1624.9279,-23000.701
104,E8,16,-1902.5132,-1656.8497,-23011.086
104,E8,17,-1844.5773,-1624.4235,-22869.527
104,E8,18,-1733.1426,-1528.6855,-22921.371
104,E8,19,-1778.2926,-1532.6892,-22873.703
104,E8,20,-1933.3479,-1468.016,-22857.46
104,E8,21,-2271.1636,-1507.2285,-22894.887
104,E8,22,-2275.47,-1556.9159,-22800.252
104,E8,23,-1960.9501,-1622.2657,-22650.006
104,E8,24,-1896.1085,-1687.974,-22634.59
104,E8,25,-1938.2859,-1770.3604,-22498.453
104,E8,26,-1941.0634,-1914.4174,-22445.688
104,E8,27,-1919.4043,-1911.9119,-22372.336
104,E8,28,-1995.054,-1766.556,-22327.512
104,E8,29,-2145.678,-1762.5121,-22177.115
104,E8,30,-2188.8699,-1772.9528,-22024.652
104,E8,31,-2123.5906,-1756.0093,-21893.805
104,E8,32,-2118.8298,-1538.7131,-21963.195
104,E8,33,-1986.1663,-1384.6449,-21858.994
104,E8,34,-1774.2091,-1493.831,-21827.334
104,E8,35,-1778.2375,-1528.2249,-21769.738
104,E8,36,-1767.4642,-1418.6206,-21658.174
104,E8,37,-1809.2327,-1684.002,-21473.344
104,E8,38,-1916.0955,-1764.2556,-21048.627
104,E8,39,-1965.6334,-1601.9838,-20872.184
104,E8,40,-1887.4238,-1329.0638,-20973.768
104,E8,41,-1879.1495,-1246.8976,-21028.021
104,E8,42,-1880.1432,-1448.4337,-20920.896
104,E8,43,-1694.5911,-1567.0952,-20904.18
104,E8,44,-1711.3916,-1649.608,-21101.926
104,E8,45,-1740.0822,-1706.436,-21303.994
105,E9,1,12613.974,325152.2,86069.86
105,E9,2,12442.336,325036.22,86089.21
105,E9,3,12151.493,324875.53,85907.84
105,E9,4,12207.273,324633.72,85558.94
105,E9,5,12644.601,324736.4,85575.8
105,E9,6,12684.214,325369.34,86053.97
105,E9,7,12687.937,325425.5,86454.58
105,E9,8,12857.663,325358.22,86420.195
105,E9,9,12566.267,325431.8,86395.56
105,E9,10,12551.665,325537.62,86703.6
105,E9,11,12975.35,326115.34,86851.11
105,E9,12,12889.878,326270.75,86899.78
105,E9,13,12851.319,326686.78,87172.15
105,E9,14,13123.87,326796.7,87430.49
105,E9,15,13129.231,326709.84,87817.71
105,E9,16,13172.495,326819.34,87820.82
105,E9,17,13245.425,327026.38,88038.26
105,E9,18,13302.33,327338.88,88480.59
105,E9,19,13289.538,327587.84,88344.99
105,E9,20,13484.447,327680.62,88238.19
105,E9,21,13445.269,327865.56,88508.83
105,E9,22,13393.35,328175.1,88622.99
105,E9,23,13352.601,328437.88,89362.13
105,E9,24,13595.591,328476.84,90111.2
105,E9,25,13869.923,329384.2,91780.23
105,E9,26,13923.375,331375.25,94573.4
105,E9,27,13897.245,333725,100305.35
105,E9,28,14228.585,338483.38,110486.43
105,E9,29,14547.35,348726.34,130139.78
105,E9,30,15046.215,367359.1,165000.08
105,E9,31,16429.447,397801.28,219755.23
105,E9,32,18846.588,436070.47,289304.44
105,E9,33,21812.863,474298.1,364336.28
105,E9,34,24871.963,502704.75,439334.94
105,E9,35,27872.9,523410.12,507307.94
105,E9,36,30139.125,539251.1,565306
105,E9,37,32288.658,550745.75,613321.7
105,E9,38,34117.63,559527.56,654737.94
105,E9,39,36303.33,567223.94,687389.3
105,E9,40,38306.555,574077,717296.06
105,E9,41,40259.613,579227,743951
105,E9,42,41883.11,584934.44,765836
105,E9,43,43869,590298.8,783866.8
105,E9,44,45523.53,594321.94,799769.56
105,E9,45,46794.652,597971.1,811968
106,E10,1,-1262.1415,-939.8617,-17740.395
106,E10,2,-1202.8429,-914.74615,-17589.809
106,E10,3,-1185.0729,-948.20996,-17212.15
106,E10,4,-1005.58154,-882.30707,-17113.059
106,E10,5,-886.32184,-746.25116,-17113.432
106,E10,6,-1171.8348,-901.3865,-16855.904
106,E10,7,-1208.6652,-1018.3344,-16679.35
106,E10,8,-887.1444,-1109.4287,-16478.664
106,E10,9,-907.13226,-1148.9254,-16361.315
106,E10,10,-1144.3676,-1090.7186,-16471.852
106,E10,11,-1494.1602,-1053.0898,-16652.137
106,E10,12,-1545.7042,-811.6941,-16660.355
106,E10,13,-1409.2119,-786.18054,-16241.818
106,E10,14,-1352.2858,-845.4845,-16254.758
106,E10,15,-1146.2426,-973.0144,-16347.425
106,E10,16,-1161.0525,-1032.5068,-16316.532
106,E10,17,-1247.3064,-938.5207,-16199.12
106,E10,18,-1319.464,-822.9364,-15989.991
106,E10,19,-1387.3439,-910.6969,-16066.134
106,E10,20,-1382.9156,-1018.0866,-16137.284
106,E10,21,-1121.2926,-1079.1666,-16049.058
106,E10,22,-879.8088,-1080.3575,-15969.697
106,E10,23,-1140.7913,-1159.9952,-16037.735
106,E10,24,-1268.464,-1332.1412,-15967.083
106,E10,25,-1296.8677,-1363.7233,-15975.26
106,E10,26,-1309.4731,-1286.1069,-16003.398
106,E10,27,-1256.9429,-1336.8555,-15904.265
106,E10,28,-1486.2749,-1361.4503,-15725.9
106,E10,29,-1569.88,-1268.0879,-15817.151
106,E10,30,-1593.2517,-1082.5017,-15811.834
106,E10,31,-1488.989,-1106.5159,-15437.328
106,E10,32,-1011.42474,-1206.679,-15373.506
106,E10,33,-799.8745,-1388.7789,-15318.838
106,E10,34,-849.2356,-1385.3478,-15179.652
106,E10,35,-1037.499,-1200.634,-15144.82
106,E10,36,-1134.6875,-1145.8944,-14929.446
106,E10,37,-1178.6726,-943.4487,-14993.604
106,E10,38,-1319.3846,-821.5817,-14907.947
106,E10,39,-1354.0515,-834.7692,-14614.702
106,E10,40,-1162.2859,-818.58124,-14504.221
106,E10,41,-927.69183,-990.19446,-14667.594
106,E10,42,-989.20087,-1103.0052,-14842.93
106,E10,43,-1048.7642,-1203.0168,-14739.972
106,E10,44,-931.2712,-1219.6908,-14360.167
106,E10,45,-795.1709,-1071.9271,-14421.354
107,E11,1,18121.654,327257.94,117661.79
107,E11,2,18138.516,327137.38,117845.805
107,E11,3,17676.918,326332.34,118027.89
107,E11,4,17718.664,326337.66,118599.625
107,E11,5,18341.795,327123.84,118625.93
107,E11,6,18298.664,327194.9,118303.78
107,E11,7,18233.676,327148.06,118342.766
107,E11,8,18440.459,327356.1,119065.73
107,E11,9,18576.395,327417.38,119263.94
107,E11,10,18577.832,327811.4,119355.71
107,E11,11,18662.084,328074.28,119348.92
107,E11,12,18630.4,328102.78,119603.41
107,E11,13,18532.783,328527.16,119634.164
107,E11,14,18543.59,328965.28,119900
107,E11,15,18755.64,329200.88,119959.37
107,E11,16,18853.164,329119.25,120096.54
107,E11,17,18911.43,329271.66,120225.14
107,E11,18,18736.969,329811.7,120703.055
107,E11,19,18647.012,329984.53,120513.21
107,E11,20,18764.85,330183.06,120482.98
107,E11,21,18793.123,330129.25,121200.07
107,E11,22,19086.094,329977.1,121362.86
107,E11,23,19246.021,330098.16,121223.57
107,E11,24,19691.236,330327.06,121212.13
107,E11,25,20089.967,330512.28,121717.086
107,E11,26,20564.092,330909.12,122185.89
107,E11,27,22372.426,331500.22,122572.555
107,E11,28,25799.908,332359.5,123791.37
107,E11,29,31225.816,334044.9,125878.96
107,E11,30,40300.58,335648.66,129370.766
107,E11,31,51687.965,338777.16,134216.14
107,E11,32,62150.875,342612.53,140184.92
107,E11,33,70446.49,345193.7,146617.17
107,E11,34,77912.84,347559.28,153307.11
107,E11,35,84522.77,349177.75,160032.23
107,E11,36,90675.88,350705.5,166332.14
107,E11,37,97524.91,352363.88,172441.08
107,E11,38,103963.5,353521.97,178226.02
107,E11,39,110602.17,354650.5,184218.73
107,E11,40,117663.71,355583,190131.75
107,E11,41,124948.25,356289.1,196568.8
107,E11,42,132465.81,357165.84,202687.9
107,E11,43,140726.7,358413.75,208647.48
107,E11,44,149070.97,359126.78,215069.56
107,E11,45,155951.6,359602.53,220501.62
108,E12,1,145.89174,1416.3497,-6058.594
108,E12,2,159.59966,1191.1887,-6059.4155
108,E12,3,33.706154,993.3787,-6055.501
108,E12,4,-101.39614,876.3743,-6008.645
108,E12,5,-200.98878,798.62415,-5818.0127
108,E12,6,-340.44714,777.9774,-5818.3057
108,E12,7,-541.598,728.6997,-5787.6875
108,E12,8,-557.0932,729.9426,-5430.6035
108,E12,9,-316.75537,730.87335,-5146.849
108,E12,10,-21.617033,677.7494,-5135.77
108,E12,11,-34.18476,635.4559,-5181.597
108,E12,12,-169.52505,644.99207,-5145.787
108,E12,13,-457.7758,884.76044,-5209.229
108,E12,14,-493.37244,1007.58105,-5299.261
108,E12,15,-286.96677,982.88916,-5255.9634
108,E12,16,-337.63495,763.069,-4964.42
108,E12,17,-578.9309,674.1697,-4846.798
108,E12,18,-592.1665,682.45026,-4931.4307
108,E12,19,-417.00867,560.14496,-5075.5537
108,E12,20,-393.4026,527.5404,-5153.2456
108,E12,21,-289.6522,676.6711,-5082.8086
108,E12,22,-137.61325,771.0424,-5110.733
108,E12,23,-271.12048,701.08417,-5047.811
108,E12,24,-271.61542,575.9477,-5040.145
108,E12,25,50.412132,535.659,-4810.396
108,E12,26,79.20498,641.31476,-4785.2783
108,E12,27,-0.6617055,686.076,-4763.318
108,E12,28,-80.628265,388.99554,-4639.505
108,E12,29,-298.48758,360.85178,-4676.674
108,E12,30,-398.48154,568.1378,-4652.298
108,E12,31,-449.1968,612.59705,-4717.631
108,E12,32,-421.41388,725.4456,-4691.004
108,E12,33,-152.19894,753.7145,-4614.5435
108,E12,34,-48.366222,909.2099,-4291.5107
108,E12,35,54.381664,851.5973,-4240.587
108,E12,36,70.49738,821.3401,-4064.177
108,E12,37,1.4598048,952.1552,-3832.658
108,E12,38,-22.490805,771.16223,-3875.3167
108,E12,39,3.7430694,666.25134,-3875.7163
108,E12,40,-27.410473,677.61804,-3690.1362
108,E12,41,-121.68731,782.80554,-3703.6104
108,E12,42,-255.67056,820.2359,-3532.249
108,E12,43,-329.25183,939.9949,-3552.1797
108,E12,44,-273.00394,995.7223,-3387.1992
108,E12,45,18.80125,1334.111,-3413.3354
109,E13,1,16149.924,317670.6,106306.25
109,E13,2,16270.224,317678.8,106352.42
109,E13,3,16270.679,317822.75,106534.07
109,E13,4,16194.263,318077.53,106895.6
109,E13,5,16205.686,318318.97,107037.234
109,E13,6,16487.176,318340,107514.97
109,E13,7,16718.062,318495.44,107755.12
109,E13,8,16642.771,318675.06,108146.305
109,E13,9,16604.783,318951.8,108208.625
109,E13,10,16787.494,319533.2,108453.33
109,E13,11,16769.025,319609.5,108405.016
109,E13,12,16692.246,319121.25,108447.06
109,E13,13,16727.986,319001.16,108805.53
109,E13,14,16835.61,319535.7,109119.914
109,E13,15,16920.125,320291.16,109141.85
109,E13,16,17178.58,320130.66,109509.164
109,E13,17,17201.686,320017.56,109693.1
109,E13,18,17139.082,320392.97,109713.445
109,E13,19,17240.79,320736.53,109594.23
109,E13,20,17309.975,321040.72,109515.17
109,E13,21,17514.91,320645.03,109852.734
109,E13,22,17499.059,320442.25,109988.85
109,E13,23,17400.25,320671.78,110158.87
109,E13,24,17442.633,320952.12,110195.445
109,E13,25,17542.512,320955.56,110468.695
109,E13,26,17606.748,321329.47,111265.445
109,E13,27,17630.545,321788.9,111656.5
109,E13,28,17940.07,322353.78,112404.96
109,E13,29,17951.566,322888.5,114349.61
109,E13,30,18028.777,324131.94,118403.2
109,E13,31,17820.75,326710.53,125389.98
109,E13,32,17724.445,332100.62,139587.84
109,E13,33,18010.014,342539.47,165393.11
109,E13,34,18341.334,360119.1,208014.81
109,E13,35,18804.844,385699.72,265335.47
109,E13,36,19028.09,415783.4,329193.53
109,E13,37,19269.129,439768.25,395311.97
109,E13,38,19502.314,456899.8,457071.88
109,E13,39,19521.164,471047.75,511520.75
109,E13,40,19976.47,481513.3,558786.9
109,E13,41,20374.791,490505.62,600445.9
109,E13,42,20343.406,498108.9,634587.25
109,E13,43,20387.299,504084.12,667198.3
109,E13,44,20761.031,509816.78,695503.1
109,E13,45,21103.385,515203.34,717490
110,E14,1,-628.5992,-1551.5786,-15981.302
110,E14,2,-692.80835,-1561.936,-15832.753
110,E14,3,-1085.9622,-1504.929,-15636.193
110,E14,4,-1125.3933,-1461.9521,-15635.362
110,E14,5,-825.30084,-1475.1967,-15483.234
110,E14,6,-865.273,-1429.9517,-15225.782
110,E14,7,-979.8117,-1468.6396,-15250.328
110,E14,8,-1141.1354,-1537.9397,-15267.991
110,E14,9,-1205.0604,-1506.3397,-15201.656
110,E14,10,-1148.9413,-1216.3551,-15223.797
110,E14,11,-907.9758,-1132.2769,-15114.192
110,E14,12,-842.7357,-1114.9266,-15083.736
110,E14,13,-895.97644,-1392.1577,-14858.96
110,E14,14,-953.73737,-1466.1964,-14887.812
110,E14,15,-1101.1433,-1342.654,-14836.386
110,E14,16,-1174.2041,-1332.1122,-14579.113
110,E14,17,-1208.8274,-1268.0973,-14596.401
110,E14,18,-1192.6288,-1371.5576,-14572.882
110,E14,19,-991.5467,-1554.5953,-14611.883
110,E14,20,-893.93335,-1592.1122,-14410.315
110,E14,21,-926.43604,-1455.938,-14232.912
110,E14,22,-936.55444,-1326.6842,-14330.159
110,E14,23,-1015.9808,-1487.1375,-14429.991
110,E14,24,-1020.72437,-1506.5345,-14332.917
110,E14,25,-817.9776,-1336.1654,-14418.583
110,E14,26,-814.0182,-1531.1078,-14442.59
110,E14,27,-888.2964,-1566.7848,-14288.674
110,E14,28,-1248.8887,-1372.9015,-14368.746
110,E14,29,-1311.6783,-1357.7749,-14421.166
110,E14,30,-1145.9927,-1407.3419,-14309.207
110,E14,31,-913.09894,-1405.8022,-14225.842
110,E14,32,-743.4757,-1399.9802,-13943.586
110,E14,33,-796.59686,-1482.6235,-13642.364
110,E14,34,-1045.8773,-1666.8572,-13625.123
110,E14,35,-1134.8433,-1618.6929,-13666.131
110,E14,36,-1120.0917,-1248.9343,-13703.603
110,E14,37,-1073.225,-1176.1559,-13509.815
110,E14,38,-940.30396,-1126.7686,-13516.554
110,E14,39,-1039.6525,-1088.3508,-13500.136
110,E14,40,-1111.8193,-1149.9675,-13423.982
110,E14,41,-1102.0568,-1215.2943,-13214.49
110,E14,42,-1016.1372,-1275.3134,-13008.392
110,E14,43,-983.1214,-1286.057,-12889.172
110,E14,44,-1027.1329,-1296.5919,-12857.816
110,E14,45,-1051.8497,-1156.1799,-12721.571
111,E15,1,17455.043,319720.6,122262.234
111,E15,2,17550.96,319881.06,122420.39
111,E15,3,17599.992,320174.84,122808.42
111,E15,4,17636.059,320621.53,122858.96
111,E15,5,17413.076,320256.7,122875.11
111,E15,6,17338.605,319809.84,123285.41
111,E15,7,17328.844,319806.2,123596.57
111,E15,8,17417.008,320438.16,123624.96
111,E15,9,17797.828,321236.94,123632.66
111,E15,10,17834.105,321408.56,123672.45
111,E15,11,17645.12,321462.38,123727.84
111,E15,12,17606.363,321489.72,124310.17
111,E15,13,17766.828,321396,124582.72
111,E15,14,17801.578,321455.94,124680.266
111,E15,15,17979.252,321733.03,124659.164
111,E15,16,18061.41,322056.7,124684.76
111,E15,17,18110.111,321814.94,124847.086
111,E15,18,18365.963,321817.66,125256.5
111,E15,19,18416.283,322565.88,125283.375
111,E15,20,18473.586,322673.2,125388.17
111,E15,21,18331.15,322689.66,125267.06
111,E15,22,18223.777,322645.6,125232.19
111,E15,23,18220.861,322913.53,125469.945
111,E15,24,18183.348,322824.5,125718.336
111,E15,25,18302.846,322770.4,125818.95
111,E15,26,18423.096,323214.34,125787.27
111,E15,27,18530.434,323235.62,126041.484
111,E15,28,18559.242,323484.8,126134.125
111,E15,29,18730.14,323812.12,126407.1
111,E15,30,18730.145,323923.94,126967.55
111,E15,31,18692.135,324379.9,128324.16
111,E15,32,18616.79,325174.22,130117.72
111,E15,33,18685.084,326269.34,133625.66
111,E15,34,18720.69,329079.2,140813.45
111,E15,35,18700.389,333412.5,153947.34
111,E15,36,18918.928,339762.56,173072.77
111,E15,37,18956.887,348387.2,197729.66
111,E15,38,19275.207,356368.38,225290.31
111,E15,39,19461.314,362172.78,253509.22
111,E15,40,19430.902,366727.6,281017.03
111,E15,41,19609.578,370374.8,307190.8
111,E15,42,19566.781,373592.72,332607.38
111,E15,43,19413.025,376206.28,357661.12
111,E15,44,19295.045,378657.8,382087.88
111,E15,45,19163.23,380361.84,402928.34
112,E16,1,-920.6349,-571.0981,-6837.068
112,E16,2,-915.6445,-536.1117,-6811.545
112,E16,3,-933.6258,-369.8234,-6542.397
112,E16,4,-931.64905,-337.57953,-6484.3857
112,E16,5,-1070.6676,-228.17116,-6573.0547
112,E16,6,-1081.8053,-291.3487,-6565.5776
112,E16,7,-925.79504,-490.10492,-6267.3784
112,E16,8,-772.65137,-506.8301,-6092.6074
112,E16,9,-903.3015,-328.0489,-6165.8613
112,E16,10,-977.9679,-351.62216,-6326.072
112,E16,11,-1005.7615,-412.57257,-6325.484
112,E16,12,-999.3819,-455.88864,-5969.972
112,E16,13,-883.6033,-463.63638,-5896.3174
112,E16,14,-907.2765,-358.23578,-6115.7363
112,E16,15,-928.72626,-353.43277,-6151.1724
112,E16,16,-840.40564,-348.51846,-5836.9414
112,E16,17,-852.9638,-177.72281,-5766.954
112,E16,18,-1023.4877,-212.9838,-5697.2573
112,E16,19,-1018.8888,-349.28458,-5734.205
112,E16,20,-804.93866,-394.19305,-5753.6885
112,E16,21,-865.14954,-353.2467,-5596.7163
112,E16,22,-927.67303,-478.6277,-5631.9336
112,E16,23,-902.4813,-522.9745,-5595.288
112,E16,24,-789.53973,-443.99228,-5526.0093
112,E16,25,-828.5094,-321.7013,-5608.522
112,E16,26,-907.6127,-295.06894,-5760.808
112,E16,27,-1020.82434,-349.44745,-5878.182
112,E16,28,-1043.8008,-419.91745,-5856.2085
112,E16,29,-972.5115,-448.49515,-5606.213
112,E16,30,-966.3366,-338.36237,-5554.6875
112,E16,31,-986.0425,-149.06648,-5555.199
112,E16,32,-963.1217,-242.16298,-5646.749
112,E16,33,-809.11127,-413.57233,-5649.9824
112,E16,34,-952.5657,-436.73785,-5515.8857
112,E16,35,-981.32263,-302.68332,-5511.3423
112,E16,36,-838.50055,-385.39124,-5317.2993
112,E16,37,-892.89514,-437.52625,-5317.856
112,E16,38,-936.0088,-409.24103,-5177.2515
112,E16,39,-850.74316,-400.30865,-5141.733
112,E16,40,-711.75903,-284.47202,-5091.044
112,E16,41,-909.6028,-277.8206,-5132.3047
112,E16,42,-1076.9424,-219.95714,-5077.2017
112,E16,43,-1087.413,-263.39276,-5024.849
112,E16,44,-945.55536,-311.26154,-4895.0854
112,E16,45,-692.903,-277.53845,-4884.1753
113,E17,1,16938.5,316282.53,115515.87
113,E17,2,16950.725,316285.1,115538.72
113,E17,3,17079.205,316338.16,115548.414
113,E17,4,17049.928,316381.38,115583.734
113,E17,5,17021.152,316325.7,115824.87
113,E17,6,17064.602,316362.34,115997.01
113,E17,7,17083.047,316608.2,116038.52
113,E17,8,17032.902,316606.38,116298.62
113,E17,9,17036.818,316611.75,116442.016
113,E17,10,17180.846,316948.6,116714.52
113,E17,11,17186.584,317367.6,116966.414
113,E17,12,17200.938,317484.2,117269.586
113,E17,13,17170.893,317925.9,117463.69
113,E17,14,17230.938,318154.66,117655.21
113,E17,15,17472.354,318437.47,117794.39
113,E17,16,17529.521,318637.75,117965.39
113,E17,17,17527.537,318877.22,118041.69
113,E17,18,17715.521,319358.34,117985.05
113,E17,19,17650.488,319306.1,118037.805
113,E17,20,17612.412,319073.8,118431.06
113,E17,21,17811.195,318938.12,118445.625
113,E17,22,17849.78,319077.75,118355.62
113,E17,23,17883.88,319153.9,118585.88
113,E17,24,17901.625,319338.6,118750.59
113,E17,25,18038.79,319875.62,119028.64
113,E17,26,18143.002,319980.75,119028.766
113,E17,27,18113.314,319946.66,119316.086
113,E17,28,18105.238,320373.12,119523.38
113,E17,29,18025.42,320505.8,120045.04
113,E17,30,18047.512,320981.44,120610.875
113,E17,31,18269.053,321595.16,121987.83
113,E17,32,18302.168,322741.2,124269.79
113,E17,33,18337.754,325008.28,128930.5
113,E17,34,18336.502,328282.88,137016.61
113,E17,35,18555.264,334030.75,149568.06
113,E17,36,18646.037,341073.66,166543.73
113,E17,37,18632.69,347475.1,185939.67
113,E17,38,18554.682,352594.94,205654.97
113,E17,39,18447.703,356013.38,225070.38
113,E17,40,18544.814,359049.34,243599.4
113,E17,41,18900.238,361895.88,262033.89
113,E17,42,19000.334,364393.5,280395.47
113,E17,43,19105.586,366618.88,298841.6
113,E17,44,19202.06,368161.47,317298.53
113,E17,45,19407.033,369839.8,332401.03
114,E18,1,160.8329,613.0147,-4473.581
114,E18,2,117.018814,500.4523,-4408.8945
114,E18,3,-91.82884,501.58847,-4124.2485
114,E18,4,-128.17122,726.2121,-3936.1638
114,E18,5,-12.45851,752.4109,-3758.6465
114,E18,6,95.52702,782.5285,-3586.338
114,E18,7,328.9165,745.6108,-3599.5535
114,E18,8,287.92053,741.7462,-3552.7263
114,E18,9,218.64487,812.06067,-3522.6858
114,E18,10,219.576,746.52814,-3446.8757
114,E18,11,165.38838,703.97095,-3319.9714
114,E18,12,103.45437,758.4149,-3167.7134
114,E18,13,79.16967,751.74927,-3149.7144
114,E18,14,169.58342,758.60284,-3118.2502
114,E18,15,164.99821,711.20404,-3050.8416
114,E18,16,160.60902,672.8289,-3089.1191
114,E18,17,73.73022,733.52466,-2923.6992
114,E18,18,69.88263,842.09705,-2784.0857
114,E18,19,255.72595,848.24164,-2776.7795
114,E18,20,182.2791,804.4692,-2733.3418
114,E18,21,58.23162,809.9936,-2693.2466
114,E18,22,-150.78305,785.6186,-2623.5088
114,E18,23,-173.03947,800.1735,-2611.299
114,E18,24,-43.466904,654.39923,-2670.5942
114,E18,25,26.965048,630.2867,-2636.222
114,E18,26,29.274126,793.11475,-2401.666
114,E18,27,138.23006,850.696,-2450.007
114,E18,28,217.84149,1091.7263,-2385.4314
114,E18,29,295.87424,1160.9996,-2120.4358
114,E18,30,256.85193,1095.2096,-2096.5237
114,E18,31,217.76965,966.4422,-2123.2017
114,E18,32,156.03664,869.25824,-1988.1733
114,E18,33,164.30609,780.1147,-1997.5405
114,E18,34,352.0611,758.75024,-1940.7434
114,E18,35,305.5153,929.8632,-1962.9204
114,E18,36,193.73766,1089.8816,-2068.0361
114,E18,37,28.334429,1174.3124,-2005.163
114,E18,38,13.371752,1174.0222,-2054.1917
114,E18,39,209.75768,1128.3406,-2010.5288
114,E18,40,222.46083,1174.9741,-1971.3705
114,E18,41,265.6763,1085.9067,-1995.8363
114,E18,42,289.94104,1041.2896,-1636.9615
114,E18,43,241.26079,1181.2765,-1522.5162
114,E18,44,217.17195,1159.4126,-1645.3652
114,E18,45,165.79443,1079.4231,-1652.3402
115,E19,1,17549.934,308925.66,114342.19
115,E19,2,17588.861,309113.38,114553.016
115,E19,3,17602.355,309606.72,115454.01
115,E19,4,17564.62,309722.5,115977.695
115,E19,5,17566.375,310030.38,116654.94
115,E19,6,17730.264,309961.44,117053.695
115,E19,7,17956.719,309937.25,117258.74
115,E19,8,17881.166,310335.53,117757.664
115,E19,9,17836.26,310544.1,117783.72
115,E19,10,17938.22,310760.38,118011.61
115,E19,11,17932.352,310872.16,118324.016
115,E19,12,17974.447,311428.84,118736.07
115,E19,13,17992.48,311628.38,119189.195
115,E19,14,18180.102,312131.47,119983.984
115,E19,15,18200.33,312310.38,120665.03
115,E19,16,18334.225,312839.7,122114.39
115,E19,17,18409.184,314620.4,125059.49
115,E19,18,18407.574,317378.1,130270.086
115,E19,19,18417.395,322217.1,140232.12
115,E19,20,18802.736,331865.03,159343.84
115,E19,21,19152.129,350491.38,193501.88
115,E19,22,19329.646,381431.44,248060.84
115,E19,23,19665.453,419915.62,317628.47
115,E19,24,20040.799,459374.25,386447.9
115,E19,25,20346.113,487161.97,454650.12
115,E19,26,20655.102,507643.62,515765.06
115,E19,27,20919.805,524527,570277.7
115,E19,28,21095.512,537796.7,615588.3
115,E19,29,21337.76,548758.2,653857.7
115,E19,30,21485.758,557392.6,687201.2
115,E19,31,21759.418,564291.94,716152.75
115,E19,32,22128.285,570768.4,741444.5
115,E19,33,22178.629,576019.7,762939.56
115,E19,34,22399.232,580639.9,782019
115,E19,35,22404.104,584743.3,799062.2
115,E19,36,22455.73,589238.6,813194.1
115,E19,37,22512.656,592317.2,824371.3
115,E19,38,22644.697,593757.5,835263.5
115,E19,39,22734.467,595844.1,845098.2
115,E19,40,22741.176,598486.75,852880.4
115,E19,41,22755.723,599995.06,860408.06
115,E19,42,22799.113,601981.1,867602.7
115,E19,43,22926.898,602552.6,873295.06
115,E19,44,23065.535,603554.75,876986.94
115,E19,45,23064.863,604914.06,880167.6
116,E20,1,-2102.4531,-93.01681,-8163.827
116,E20,2,-2092.7087,-126.59388,-8155.0645
116,E20,3,-2120.0886,-199.62538,-8082.7695
116,E20,4,-2117.6733,-214.71132,-8076.11
116,E20,5,-2023.574,-163.67456,-7993.6655
116,E20,6,-2019.7737,-170.25925,-7791.4937
116,E20,7,-2007.5768,-163.2924,-7641.3193
116,E20,8,-1852.5701,-185.40656,-7653.7915
116,E20,9,-1895.8671,-252.66963,-7717.9937
116,E20,10,-1968.6232,-253.59612,-7738.1167
116,E20,11,-2041.678,-188.75905,-7553.931
116,E20,12,-2048.7017,-181.83647,-7398.7183
116,E20,13,-1932.8942,-149.82852,-7305.231
116,E20,14,-1930.2035,-189.65051,-7346.7173
116,E20,15,-1907.914,-214.43271,-7409.604
116,E20,16,-1929.8578,-200.39572,-7350.3516
116,E20,17,-1904.1842,-193.39954,-7342.374
116,E20,18,-1883.748,-136.54317,-7334.808
116,E20,19,-1870.6346,-147.15993,-7379.972
116,E20,20,-1880.301,-152.6958,-7312.344
116,E20,21,-1908.7162,-175.49951,-7305.97
116,E20,22,-1872.9514,-166.98975,-7330.625
116,E20,23,-1910.929,-29.895771,-7139.673
116,E20,24,-1990.5034,-4.8731737,-7029.085
116,E20,25,-2140.1155,-73.66283,-6928.4155
116,E20,26,-2131.6494,-90.86558,-6860.9766
116,E20,27,-1946.0101,5.571704,-6895.708
116,E20,28,-1913.8417,-45.70181,-6903.8286
116,E20,29,-1987.8934,-90.87464,-6927.1025
116,E20,30,-1981.7251,-77.95577,-6712.728
116,E20,31,-1786.9003,-63.861557,-6658.7124
116,E20,32,-1807.4379,106.13207,-6534.15
116,E20,33,-1855.7406,203.50168,-6458.662
116,E20,34,-1793.8457,200.76202,-6297.881
116,E20,35,-1718.4138,163.83946,-6389.8174
116,E20,36,-1766.541,212.02148,-6460.5073
116,E20,37,-1841.2128,187.62608,-6252.469
116,E20,38,-1899.0504,188.53783,-6238.441
116,E20,39,-1902.4878,223.27185,-6194.4155
116,E20,40,-1849.3739,245.09787,-6201.578
116,E20,41,-1838.9663,159.69742,-6286.333
116,E20,42,-1891.8065,86.09416,-6206.9272
116,E20,43,-1951.0641,49.670017,-6191.169
116,E20,44,-1967.0988,45.9524,-6130.9897
116,E20,45,-1855.5438,213.89093,-6059.686
117,E21,1,16316.782,321019.6,121308.805
117,E21,2,16409.752,321375.1,121626.34
117,E21,3,16439.707,322247.28,121889.58
117,E21,4,16511.607,322651.78,122195.37
117,E21,5,16483.605,322869.38,122247.79
117,E21,6,16486.436,322749.25,122528.23
117,E21,7,16634.8,322380.9,122735.7
117,E21,8,16711.906,322365.6,122911
117,E21,9,16660.008,323129.56,122820.39
117,E21,10,16632.125,323706.06,122806.25
117,E21,11,16707.674,323926.4,123199.95
117,E21,12,16750.393,323893.6,123607.27
117,E21,13,16732.729,323791.34,123777.89
117,E21,14,16864.58,323762.94,123658.516
117,E21,15,16944.977,324256.38,123622.93
117,E21,16,16916.34,324553.97,124126.92
117,E21,17,16933.717,325170.84,124265.29
117,E21,18,17012.93,325259.84,124252.875
117,E21,19,17022.916,325194.72,124705.45
117,E21,20,17248.785,325217.66,124808.95
117,E21,21,17310.715,326027.53,125308.79
117,E21,22,17280.268,326489.22,126252.34
117,E21,23,17217.541,327284.38,127979.76
117,E21,24,17291.295,328929.44,131076.66
117,E21,25,17293.887,332062.4,137034.56
117,E21,26,17259.135,337712.1,148404.62
117,E21,27,17296.273,349838.75,169476.48
117,E21,28,17453.494,371958.75,207229.75
117,E21,29,17554.213,406037.5,266075.94
117,E21,30,17619.791,446864.53,335817.94
117,E21,31,17710.842,484771.94,403603.78
117,E21,32,17730.348,511305.62,468910.94
117,E21,33,17971.494,531488.4,525766.7
117,E21,34,18117.629,546916.8,575200.25
117,E21,35,18182.533,559477.3,617407.3
117,E21,36,18137.48,569848.7,652445.5
117,E21,37,18200.41,577728.06,682093.9
117,E21,38,18335.867,584645.4,707696.4
117,E21,39,18410.48,590439,728558.6
117,E21,40,18424.44,595270.6,746550.56
117,E21,41,18390.295,598970.25,762852.4
117,E21,42,18467.463,603952.9,776090.9
117,E21,43,18447.629,607662.9,788338.06
117,E21,44,18586.41,610176.6,800394.3
117,E21,45,18503.162,613207.56,807248.4
118,E22,1,-494.3624,942.5001,-6396.0493
118,E22,2,-447.27103,974.33167,-6319.6167
118,E22,3,-402.06848,1022.8685,-6216.4604
118,E22,4,-354.68787,1004.5393,-6110.0103
118,E22,5,-337.02206,753.8206,-6027.1646
118,E22,6,-393.44748,721.8548,-6036.274
118,E22,7,-506.99463,849.621,-6039.472
118,E22,8,-537.4091,825.3573,-5810.668
118,E22,9,-519.2656,802.84705,-5670.984
118,E22,10,-532.6667,845.9128,-5731.7173
118,E22,11,-554.76953,786.43805,-5787.393
118,E22,12,-537.66925,792.74365,-5697.882
118,E22,13,-446.54977,955.87006,-5678.2183
118,E22,14,-455.9421,928.6828,-5485.5513
118,E22,15,-446.57687,801.8495,-5605.2207
118,E22,16,-302.15485,777.8227,-5661.789
118,E22,17,-303.41272,885.5173,-5465.92
118,E22,18,-316.46106,956.1703,-5478.1714
118,E22,19,-270.6469,942.72876,-5435.701
118,E22,20,-419.6064,947.4588,-5399.1406
118,E22,21,-488.39435,849.57385,-5378.8623
118,E22,22,-515.8081,816.648,-5288.95
118,E22,23,-525.4846,919.3419,-5344.5503
118,E22,24,-484.49133,1053.6827,-5340.944
118,E22,25,-435.29822,1038.6327,-5309.5254
118,E22,26,-420.5156,1001.70966,-5206.193
118,E22,27,-435.18582,955.5381,-5094.052
118,E22,28,-401.80457,923.50214,-5124.777
118,E22,29,-250.48248,964.03046,-5064.434
118,E22,30,-313.78265,958.0935,-5086.5176
118,E22,31,-362.2535,1025.6234,-4934.068
118,E22,32,-310.59204,1057.3143,-4961.7485
118,E22,33,-256.3706,1179.5505,-4850.5015
118,E22,34,-289.79694,1170.7358,-4680.693
118,E22,35,-318.3698,1213.2412,-4608.721
118,E22,36,-256.88818,1201.0094,-4595.3726
118,E22,37,-263.69983,1040.1953,-4399.705
118,E22,38,-260.36642,994.481,-4276.0693
118,E22,39,-356.35016,1145.356,-4312.878
118,E22,40,-387.31442,1238.2069,-4344.987
118,E22,41,-303.86328,1221.3367,-4313.6543
118,E22,42,-304.06302,1291.913,-4221.826
118,E22,43,-263.66675,1242.9347,-4233.582
118,E22,44,-309.01715,1200.7714,-4025.6067
118,E22,45,-360.1698,1263.5718,-3975.5923
119,E23,1,16774.525,344526.06,126063.95
119,E23,2,16743.055,344637.6,126264.33
119,E23,3,16732.113,345032.03,126524.89
119,E23,4,16756.273,345077.66,126697.125
119,E23,5,16784.434,345051.03,126989.91
119,E23,6,16910.746,345206.84,127019.98
119,E23,7,16926.236,345290.12,127148.01
119,E23,8,17002.79,345699.47,127204.695
119,E23,9,17110.102,345820.06,127638.62
119,E23,10,17200.297,346260.47,127822.48
119,E23,11,17179.92,346491.25,128003.125
119,E23,12,17251.623,346544.9,128272.49
119,E23,13,17377.516,346840.06,128307.555
119,E23,14,17348.568,346954.03,128242.516
119,E23,15,17305.533,347123.97,128500.625
119,E23,16,17428.262,347459.06,128820.08
119,E23,17,17521.871,347881.12,128821.85
119,E23,18,17535.95,347940.62,128873.25
119,E23,19,17637.266,348336.66,129060.04
119,E23,20,17726.363,348449.06,129110.85
119,E23,21,17669.105,348905.94,129264.17
119,E23,22,17680.96,349130.34,129253.35
119,E23,23,17789.986,349292.16,129090.28
119,E23,24,17879.541,349255.22,129087.51
119,E23,25,17902.127,349591.2,129392.32
119,E23,26,17842.826,349687.44,129737.164
119,E23,27,17867.037,350071.97,129795.625
119,E23,28,17892.043,350343.38,129734.055
119,E23,29,17938.695,350437.97,130289.07
119,E23,30,18044.02,351057.3,131341.11
119,E23,31,18146.436,351573.22,132380.7
119,E23,32,18154.281,352584.03,134545.95
119,E23,33,18172.008,354557.25,138786.73
119,E23,34,18222.947,358664.3,147158.55
119,E23,35,18375.314,365930.06,163412.53
119,E23,36,18406.893,376725.47,185156.6
119,E23,37,18433.078,388589.03,210805.31
119,E23,38,18480.855,398996.28,237258.81
119,E23,39,18516.201,407645.9,261834.67
119,E23,40,18581.535,414032.38,284241.44
119,E23,41,18616.262,419005.06,305422.25
119,E23,42,18708.39,423581.75,324811.97
119,E23,43,18772.645,427049.3,343005.88
119,E23,44,18778.617,430704.2,360756.75
119,E23,45,18898.016,433956.53,375875.25
120,E24,1,-180.7859,258.6994,-3941.7817
120,E24,2,-173.60582,190.9102,-3815.593
120,E24,3,-167.33052,192.08778,-3706.3948
120,E24,4,-195.94133,362.03076,-3693.4302
120,E24,5,-204.77403,342.19632,-3524.2478
120,E24,6,-212.02179,320.52835,-3493.9268
120,E24,7,-201.13576,450.99686,-3294.0881
120,E24,8,-168.50758,571.4729,-3104.8918
120,E24,9,-188.03062,479.94113,-3011.6628
120,E24,10,-174.55777,400.14886,-2992.944
120,E24,11,-123.83587,348.23108,-3021.34
120,E24,12,-85.067215,326.59885,-3080.5464
120,E24,13,-98.80996,425.39572,-3164.09
120,E24,14,-173.62877,513.0208,-3174.8015
120,E24,15,-218.17169,453.29883,-2976.9912
120,E24,16,-227.88463,316.16544,-3005.5662
120,E24,17,-226.49461,298.6248,-2981.5078
120,E24,18,-134.5481,405.08945,-2850.8875
120,E24,19,-122.71124,219.64297,-2830.329
120,E24,20,-122.54002,188.6083,-2654.6584
120,E24,21,-148.97443,361.13782,-2672.3691
120,E24,22,-141.40587,422.50778,-2600.0928
120,E24,23,-167.48457,187.51259,-2645.549
120,E24,24,-167.67387,183.53069,-2675.168
120,E24,25,-171.83487,421.7141,-2697.1738
120,E24,26,-164.39691,430.77917,-2494.57
120,E24,27,-93.865906,384.98935,-2524.93
120,E24,28,-197.79337,344.09863,-2560.58
120,E24,29,-261.9185,367.90933,-2482.3381
120,E24,30,-306.4767,439.77652,-2527.729
120,E24,31,-292.19012,448.416,-2434.0913
120,E24,32,-167.48009,449.67407,-2431.2585
120,E24,33,-156.3242,495.51215,-2437.99
120,E24,34,-122.81491,460.6499,-2416.2158
120,E24,35,-146.74507,426.91495,-2380.0999
120,E24,36,-165.63828,458.78378,-2258.934
120,E24,37,-93.875496,315.10733,-2313.0671
120,E24,38,-96.28819,261.81003,-2332.2507
120,E24,39,-138.61763,350.3188,-2242.6536
120,E24,40,-204.4358,489.0776,-2285.76
120,E24,41,-314.24036,425.0821,-2134.8682
120,E24,42,-306.52234,395.2774,-2039.7878
120,E24,43,-173.80698,513.53815,-2177.0718
120,E24,44,-184.11786,510.27856,-2280.4502
120,E24,45,-222.96523,454.82196,-2134.6208
121,F1,1,2478.653,1010.72424,-3401.4663
121,F1,2,2502.09,991.48364,-3286.4077
121,F1,3,2545.909,996.9017,-3016.4587
121,F1,4,2593.528,970.5718,-2862.0908
121,F1,5,2599.4126,983.2104,-2734.0964
121,F1,6,2608.048,957.1932,-2526.4744
121,F1,7,2576.0693,984.4477,-2263.897
121,F1,8,2550.6733,1038.2174,-2191.8237
121,F1,9,2574.8208,1021.8842,-2171.8787
121,F1,10,2600.2795,1018.2412,-1940.2988
121,F1,11,2603.1602,1041.0876,-1937.6124
121,F1,12,2615.4233,1040.4307,-1801.2786
121,F1,13,2589.6558,954.39886,-1740.1276
121,F1,14,2532.1885,767.311,-1556.3795
121,F1,15,2529.2908,763.09283,-1419.2189
121,F1,16,2634.5298,934.4848,-1348.7448
121,F1,17,2640.2183,1001.5704,-1367.6447
121,F1,18,2614.4707,1051.0045,-1349.0654
121,F1,19,2564.2844,1028.9584,-1309.0176
121,F1,20,2538.2007,1055.6285,-1123.5612
121,F1,21,2599.9214,1075.6045,-1151.1245
121,F1,22,2733.2617,1116.5879,-1004.2153
121,F1,23,2694.638,1175.4696,-972.6958
121,F1,24,2598.3074,1167.5964,-854.82983
121,F1,25,2592.054,1114.1492,-725.1841
121,F1,26,2763.5745,1113.8943,-631.1362
121,F1,27,2863.6262,1165.1451,-419.81723
121,F1,28,2826.7297,1244.3112,-323.12
121,F1,29,2799.0962,1328.7195,-247.38521
121,F1,30,2876.5051,1351.2242,-224.96133
121,F1,31,2908.489,1293.562,-171.2489
121,F1,32,2962.0403,1281.1508,-209.14946
121,F1,33,2938.3467,1291.3854,-14.555838
121,F1,34,2987.875,1275.3903,213.03056
121,F1,35,2998.922,1193.1007,159.99332
121,F1,36,3045.8728,1126.8251,214.386
121,F1,37,3081.0308,1116.2639,292.45447
121,F1,38,3045.0266,1100.3779,276.66882
121,F1,39,3057.6062,1194.6892,366.61743
121,F1,40,3167.2778,1170.2981,491.35236
121,F1,41,3174.9143,1150.6442,414.97488
121,F1,42,3062.5642,1131.9447,492.27637
121,F1,43,2976.6553,1230.2382,717.5565
121,F1,44,2971.0198,1221.2428,716.21216
121,F1,45,3019.3381,1281.4675,589.1468
122,F2,1,114.6773,1082.775,-5995.4194
122,F2,2,49.451107,1069.9403,-5824.808
122,F2,3,22.35519,1122.6434,-5672.4214
122,F2,4,93.673416,1184.3081,-5681.839
122,F2,5,103.5708,1209.2178,-5555.7314
122,F2,6,146.36072,1182.2523,-5439.1206
122,F2,7,58.80724,1135.7977,-5413.666
122,F2,8,26.681591,1101.79,-5362.664
122,F2,9,64.17213,1096.316,-5144.104
122,F2,10,73.09147,1128.096,-5093.7856
122,F2,11,136.68913,1108.453,-4955.2534
122,F2,12,79.349266,1122.5695,-4935.753
122,F2,13,44.557648,1060.1688,-4793.137
122,F2,14,58.32922,918.4224,-4697.0986
122,F2,15,53.54398,912.2238,-4776.5986
122,F2,16,73.47373,1035.0203,-4768.66
122,F2,17,-11.976216,1080.3842,-4646.774
122,F2,18,-5.1417613,1080.7653,-4637.6133
122,F2,19,121.52399,1170.3729,-4610.2476
122,F2,20,140.60574,1149.1002,-4461.841
122,F2,21,172.60167,1117.3251,-4440.6
122,F2,22,43.366875,1122.1211,-4450.7397
122,F2,23,17.797997,1202.2355,-4288.063
122,F2,24,106.59746,1263.8204,-4049.72
122,F2,25,105.83637,1211.3284,-3891.3176
122,F2,26,147.52963,1119.3922,-3925.3657
122,F2,27,273.42587,1090.3273,-3864.5671
122,F2,28,332.47028,1224.6548,-3663.6687
122,F2,29,341.46136,1425.0544,-3518.85
122,F2,30,425.6916,1417.7502,-3465.0632
122,F2,31,497.04242,1343.5898,-3339.7815
122,F2,32,611.923,1307.3698,-3124.9329
122,F2,33,705.5192,1318.1173,-3181.119
122,F2,34,644.63837,1286.4559,-3076.886
122,F2,35,570.3856,1319.1786,-2933.68
122,F2,36,568.9998,1294.8876,-2679.1926
122,F2,37,530.57983,1265.6576,-2696.7302
122,F2,38,485.90863,1349.8398,-2513.4834
122,F2,39,548.03986,1318.5813,-2395.311
122,F2,40,563.66736,1263.8275,-2434.9622
122,F2,41,702.8939,1315.8394,-2577.9954
122,F2,42,708.5215,1463.6348,-2540.0347
122,F2,43,668.68896,1453.6069,-2497.01
122,F2,44,574.2062,1262.1027,-2247.584
122,F2,45,492.88727,1171.5952,-2252.6501
123,F3,1,-1097.5125,1061.0631,-24765.555
123,F3,2,-1085.0007,1017.1923,-24491.02
123,F3,3,-947.6124,1013.78754,-24057.812
123,F3,4,-894.7349,1150.2457,-23914.482
123,F3,5,-723.74475,1060.6364,-23782.053
123,F3,6,-796.1113,963.4167,-23743.723
123,F3,7,-877.79285,987.43976,-23735.086
123,F3,8,-942.8512,1154.2997,-23610.348
123,F3,9,-925.41956,943.9024,-23311.67
123,F3,10,-707.4954,890.96686,-23169.441
123,F3,11,-723.18616,975.10114,-23145.555
123,F3,12,-793.8023,1068.0083,-23017.963
123,F3,13,-778.01245,1051.8093,-22942.494
123,F3,14,-593.3848,934.4122,-23023.037
123,F3,15,-677.063,907.4186,-22946.96
123,F3,16,-765.85364,949.7892,-22841.53
123,F3,17,-813.64014,997.226,-22702.143
123,F3,18,-847.4,1161.786,-22615.35
123,F3,19,-852.7371,982.63983,-22649.857
123,F3,20,-807.6726,929.53326,-22461.834
123,F3,21,-834.24005,1001.0237,-22559.46
123,F3,22,-862.6167,999.4544,-22642.752
123,F3,23,-888.6228,982.591,-22400.35
123,F3,24,-847.6387,1040.6328,-22006.637
123,F3,25,-835.45514,1102.7094,-21923.883
123,F3,26,-703.0808,1127.1641,-21908.582
123,F3,27,-653.19385,1302.7528,-21624.303
123,F3,28,-422.886,1315.0565,-21559.914
123,F3,29,-443.09705,1326.7118,-21655.21
123,F3,30,-470.62802,1493.403,-21456.223
123,F3,31,-286.80264,1471.7607,-21294.143
123,F3,32,-291.27988,1426.1301,-21152.904
123,F3,33,-231.17993,1388.3423,-21058.41
123,F3,34,-165.73332,1457.2136,-21064.625
123,F3,35,-110.744286,1438.4932,-20796.352
123,F3,36,-72.51379,1497.7461,-20748.77
123,F3,37,-107.3087,1536.9131,-20746.049
123,F3,38,-5.3574405,1598.1353,-20440.191
123,F3,39,-21.39958,1473.0853,-20318.826
123,F3,40,76.22125,1406.3354,-20310.086
123,F3,41,24.907648,1481.2585,-20144.885
123,F3,42,45.029167,1433.727,-20055.332
123,F3,43,140.6734,1380.6978,-20044.314
123,F3,44,61.699894,1431.3822,-20117.648
123,F3,45,-25.466757,1389.6309,-20315.12
124,F4,1,-6087.3906,106.094795,-1575.0724
124,F4,2,-6076.522,-20.793074,-1338.2477
124,F4,3,-5955.909,-72.15817,-858.1848
124,F4,4,-5951.7017,-25.159216,-549.5866
124,F4,5,-5948.714,13.709717,-453.08273
124,F4,6,-5952.267,185.19507,25.155836
124,F4,7,-5873.6357,190.22821,45.95878
124,F4,8,-5858.175,108.82194,61.6582
124,F4,9,-5875.939,57.406345,286.5536
124,F4,10,-6053.5215,64.03109,404.25952
124,F4,11,-6046.9194,150.92523,490.88638
124,F4,12,-5820.388,96.959366,480.20663
124,F4,13,-5793.9434,47.28317,373.45724
124,F4,14,-5820.718,49.186424,427.39175
124,F4,15,-5779.3066,98.94354,491.1834
124,F4,16,-5902.939,94.27104,629.6778
124,F4,17,-5941.7373,126.104065,889.38666
124,F4,18,-5805.473,60.26631,1044.7258
124,F4,19,-5616.175,3.7619596,1018.52515
124,F4,20,-5543.8774,-5.7439055,859.06067
124,F4,21,-5567.0156,58.814228,786.4209
124,F4,22,-5667.614,74.130104,870.9258
124,F4,23,-5739.237,178.84303,942.61084
124,F4,24,-5732.274,217.64731,927.50134
124,F4,25,-5668.5674,180.88869,1152.3043
124,F4,26,-5662.8022,149.82597,1499.2867
124,F4,27,-5529.8584,141.03282,1627.5742
124,F4,28,-5570.859,124.97212,1539.3125
124,F4,29,-5673.961,181.67622,1551.385
124,F4,30,-5673.454,181.28154,1940.451
124,F4,31,-5377.1597,268.51093,1897.1544
124,F4,32,-5214.883,346.93686,1939.5033
124,F4,33,-5271.503,388.78174,2145.4
124,F4,34,-5315.255,181.27756,2325.123
124,F4,35,-5272.8125,129.71404,2446.5896
124,F4,36,-5142.3784,292.4809,2312.5925
124,F4,37,-5070.353,427.96478,2357.9338
124,F4,38,-4971.7754,519.11755,2623.7214
124,F4,39,-5015.231,433.1448,2670.0547
124,F4,40,-4991.648,364.44443,2812.8257
124,F4,41,-5055.331,379.45486,2847.4436
124,F4,42,-5121.8745,305.00073,2802.6353
124,F4,43,-5008.3867,158.70729,2723.5164
124,F4,44,-4946.732,176.927,2742.207
124,F4,45,-5023.1177,516.1645,2919.5972
125,F5,1,-57.216118,-600.56744,-27121.934
125,F5,2,0.24501836,-590.0879,-26792.059
125,F5,3,-35.053047,-491.6721,-26203.336
125,F5,4,-159.95422,-523.1768,-26021.334
125,F5,5,-412.61008,-626.26855,-26051.328
125,F5,6,-466.4387,-698.4398,-25827.137
125,F5,7,-417.21292,-685.05566,-25577.957
125,F5,8,-489.2749,-576.80365,-25595.646
125,F5,9,-511.63058,-567.1694,-25372.068
125,F5,10,-503.61676,-537.0916,-24959.25
125,F5,11,-469.48044,-500.6712,-24686.174
125,F5,12,-325.1101,-278.44733,-24624.033
125,F5,13,-320.9078,-257.91113,-24275.47
125,F5,14,-329.217,-367.2853,-24342.148
125,F5,15,-347.36618,-434.05347,-24451.709
125,F5,16,-314.42926,-455.78067,-24217.75
125,F5,17,-324.60693,-518.597,-24220.45
125,F5,18,-298.04083,-508.0533,-24249.035
125,F5,19,-354.01663,-295.5083,-24034.943
125,F5,20,-395.48068,-281.3542,-23829.346
125,F5,21,-373.55896,-322.0585,-23623.883
125,F5,22,-281.24072,-270.12756,-23625.99
125,F5,23,-246.69958,-298.65585,-23407.592
125,F5,24,-292.07367,-393.16962,-23478.35
125,F5,25,-353.84372,-432.19983,-23581
125,F5,26,-360.72742,-358.25156,-23296.822
125,F5,27,-199.2011,-372.6365,-22940.395
125,F5,28,-36.257633,-371.165,-22878.504
125,F5,29,-12.716988,-184.18073,-22679.658
125,F5,30,135.40253,-193.90756,-22586.227
125,F5,31,118.91368,-205.29225,-22283.201
125,F5,32,179.31429,-184.24493,-22290.543
125,F5,33,383.74396,-283.80426,-21951.805
125,F5,34,352.18607,-310.0403,-21731.107
125,F5,35,301.00436,-143.72823,-21657.422
125,F5,36,265.51593,-173.16772,-21729.307
125,F5,37,227.8417,-262.452,-21674.62
125,F5,38,377.5982,-282.2963,-21439.219
125,F5,39,481.45255,-62.591457,-21496.977
125,F5,40,369.7116,120.89252,-21536.44
125,F5,41,290.7667,-32.74262,-21164.887
125,F5,42,351.30444,-294.38022,-21135.047
125,F5,43,292.79483,-327.09555,-21200.21
125,F5,44,309.94464,-61.89643,-20996.771
125,F5,45,569.78064,22.76716,-21145.314
126,F6,1,-2852.2722,-3423.8784,-35647.84
126,F6,2,-2827.8818,-3417.5115,-35332.363
126,F6,3,-2835.0913,-3369.4985,-34635.523
126,F6,4,-2781.4114,-3265.0854,-34193.09
126,F6,5,-2490.1375,-3054.9968,-33928.605
126,F6,6,-2462.0847,-3293.2861,-33574.64
126,F6,7,-2457.484,-3327.8474,-33323.57
126,F6,8,-2503.5325,-3080.639,-32812.098
126,F6,9,-2574.5842,-3087.725,-32388.8
126,F6,10,-2644.127,-3134.7483,-32271.67
126,F6,11,-2728.6357,-3086.2942,-32198.777
126,F6,12,-2876.009,-3107.7188,-31897.826
126,F6,13,-2852.2644,-3131.6045,-31680.543
126,F6,14,-2613.8518,-3143.8584,-31758.219
126,F6,15,-2591.718,-3029.4731,-31767.818
126,F6,16,-2679.7122,-3078.338,-31783.35
126,F6,17,-2646.8796,-3118.131,-31429.984
126,F6,18,-2348.9255,-3022.972,-31306.977
126,F6,19,-2478.0708,-3092.2222,-31362.781
126,F6,20,-2702.773,-3417.7095,-30997.254
126,F6,21,-2707.9407,-3420.11,-30918.068
126,F6,22,-2444.1792,-3131.7073,-30768.285
126,F6,23,-2412.8987,-3193.5938,-30875.443
126,F6,24,-2466.9058,-3230.4832,-30771.967
126,F6,25,-2464.9324,-3108.3735,-30611.389
126,F6,26,-2522.6384,-3105.6682,-30448.857
126,F6,27,-2594.4888,-3000.2183,-30338.078
126,F6,28,-2606.7234,-2794.3416,-30171.87
126,F6,29,-2459.5486,-2744.1255,-30105.31
126,F6,30,-2475.1675,-2823.1963,-30214.352
126,F6,31,-2435.2356,-2848.0156,-29945.846
126,F6,32,-2195.3206,-2681.7185,-29756.57
126,F6,33,-2175.979,-2780.1372,-29540.453
126,F6,34,-2081.9832,-2886.669,-29266.309
126,F6,35,-2043.1354,-2883.6833,-29256.902
126,F6,36,-2076.7603,-2705.0608,-28987.209
126,F6,37,-1937.2758,-2682.6958,-28985.363
126,F6,38,-1821.8339,-2648.608,-28698.271
126,F6,39,-1847.5239,-2656.7678,-28677.25
126,F6,40,-1924.6129,-2490.1462,-28558.23
126,F6,41,-1972.8344,-2500.8403,-28617.188
126,F6,42,-1839.1554,-2483.72,-28684.043
126,F6,43,-1869.6489,-2676.7031,-28720.652
126,F6,44,-1807.5336,-2788.1396,-28504.494
126,F6,45,-1644.6404,-2774.482,-28662.062
127,F7,1,-161.24074,1047.385,-10550.254
127,F7,2,-159.56505,1072.3029,-10396.964
127,F7,3,-91.761116,1039.2782,-10095.583
127,F7,4,54.67598,1069.1282,-9939.617
127,F7,5,47.708107,1009.9285,-9964.946
127,F7,6,10.694467,944.10724,-9845.253
127,F7,7,40.311657,943.6763,-9594.882
127,F7,8,121.23567,900.9738,-9638.34
127,F7,9,200.21227,932.0292,-9745.453
127,F7,10,148.69344,1010.2324,-9770.018
127,F7,11,39.229633,914.5094,-9610.332
127,F7,12,-13.083331,661.34247,-9630.398
127,F7,13,-19.522839,599.74725,-9532.406
127,F7,14,-55.745274,647.99994,-9382.796
127,F7,15,-105.425064,502.05078,-9421.027
127,F7,16,-122.99954,512.2984,-9445.668
127,F7,17,-100.45986,787.23975,-9491.193
127,F7,18,-92.21851,1015.5699,-9362.736
127,F7,19,-24.098831,876.05963,-9392.143
127,F7,20,-29.26033,796.9656,-9328.076
127,F7,21,-22.979322,807.13605,-9367.508
127,F7,22,-29.303812,681.5272,-9389.244
127,F7,23,80.04361,665.131,-9249.744
127,F7,24,272.1824,871.8372,-9289.207
127,F7,25,240.56123,982.523,-9249.465
127,F7,26,122.610634,912.45874,-9192.04
127,F7,27,126.645226,650.4282,-8877.108
127,F7,28,376.08002,586.39905,-8736.469
127,F7,29,385.0082,725.9365,-8733.688
127,F7,30,336.4462,887.12274,-8691.744
127,F7,31,317.19287,697.9038,-8436.966
127,F7,32,200.57106,667.5666,-8372.866
127,F7,33,170.80106,930.1065,-8486.173
127,F7,34,294.57242,1114.0787,-8566.204
127,F7,35,174.59886,1111.8375,-8323.299
127,F7,36,136.13855,1143.6316,-8171.7344
127,F7,37,295.67645,1198.856,-7994.3486
127,F7,38,372.6328,1192.5405,-7942.046
127,F7,39,478.82907,1044.8433,-7765.7266
127,F7,40,459.38025,845.8348,-7775.241
127,F7,41,491.68466,836.52783,-7573.683
127,F7,42,466.3893,1116.7104,-7555.649
127,F7,43,530.6836,1119.7853,-7586.9126
127,F7,44,482.42776,1081.878,-7713.7847
127,F7,45,446.59915,1092.2017,-7883.251
128,F8,1,-883.63635,178.98756,-16990.611
128,F8,2,-876.83636,176.13942,-16861.885
128,F8,3,-657.97235,329.26163,-16396.516
128,F8,4,-649.2989,347.4555,-16113.135
128,F8,5,-691.7542,431.3714,-15856.809
128,F8,6,-874.45953,407.92673,-15538.747
128,F8,7,-852.40186,458.71472,-15407.884
128,F8,8,-508.6956,598.55975,-15321.197
128,F8,9,-579.8083,540.28986,-15281.046
128,F8,10,-686.31305,397.8027,-15287.138
128,F8,11,-770.81586,348.81622,-14949.196
128,F8,12,-782.5068,443.28677,-14937.534
128,F8,13,-604.1063,381.43488,-15034.38
128,F8,14,-493.87717,308.93265,-14898.461
128,F8,15,-339.10995,282.28928,-14842.329
128,F8,16,-428.7412,267.5998,-14932.598
128,F8,17,-775.12225,399.8964,-14863.307
128,F8,18,-876.05023,427.7697,-14753.962
128,F8,19,-800.9089,215.19101,-14546.205
128,F8,20,-704.9295,92.67094,-14632.837
128,F8,21,-719.17346,-45.616844,-14647.124
128,F8,22,-819.8609,21.129454,-14447.022
128,F8,23,-1028.059,414.44473,-14521.323
128,F8,24,-1017.5323,452.8297,-14565.8545
128,F8,25,-776.0774,417.2361,-14304.151
128,F8,26,-709.1285,356.96133,-14002.904
128,F8,27,-584.7339,306.73276,-14212.177
128,F8,28,-530.22107,198.79134,-14413.884
128,F8,29,-312.36905,179.49323,-14406.068
128,F8,30,-315.6336,323.7005,-14186.407
128,F8,31,-316.0954,275.747,-13947.418
128,F8,32,-377.93277,282.61124,-13970.266
128,F8,33,-406.91528,544.2525,-13702.625
128,F8,34,-434.26038,541.96765,-13481.764
128,F8,35,-364.71924,528.61005,-13314.748
128,F8,36,-354.1857,637.99054,-13308.892
128,F8,37,-719.1628,588.0676,-13387.259
128,F8,38,-731.18616,538.86676,-13142.248
128,F8,39,-256.83517,564.51794,-13243.398
128,F8,40,-173.94243,340.9375,-13244.774
128,F8,41,-267.74197,311.95703,-12832.424
128,F8,42,-291.99866,591.65533,-12633.778
128,F8,43,-94.82319,627.3305,-12652.167
128,F8,44,65.4786,707.19086,-12620.548
128,F8,45,226.72342,661.6088,-12659.057
129,F9,1,-1334.8479,-727.7489,-20438.012
129,F9,2,-1367.2461,-738.2987,-20246.598
129,F9,3,-1442.6865,-883.9212,-19774.807
129,F9,4,-1438.9572,-968.55835,-19678.564
129,F9,5,-1197.8206,-975.5653,-19418.035
129,F9,6,-1177.306,-1014.3902,-19416.97
129,F9,7,-1474.5413,-1000.92365,-19325.527
129,F9,8,-1612.8322,-1054.2124,-19130.86
129,F9,9,-1738.583,-1121.0657,-18902.375
129,F9,10,-1729.7106,-1145.0453,-18809.102
129,F9,11,-1566.3456,-1045.5017,-18629.389
129,F9,12,-1543.053,-1063.8405,-18902.44
129,F9,13,-1488.5498,-1108.5181,-18916.395
129,F9,14,-1526.5017,-1136.0621,-18268.07
129,F9,15,-1578.9435,-1373.8302,-18166.596
129,F9,16,-1629.8553,-1358.2815,-18257.33
129,F9,17,-1746.5896,-1046.649,-18409.82
129,F9,18,-1752.763,-1018.8467,-18435.236
129,F9,19,-1617.4463,-1070.7045,-18208.035
129,F9,20,-1470.7313,-1040.2705,-18142.574
129,F9,21,-1559.309,-1014.57806,-18120.625
129,F9,22,-1604.383,-1120.6826,-18206.291
129,F9,23,-1525.9657,-1188.7168,-18261.385
129,F9,24,-1418.7897,-1181.4575,-17963.674
129,F9,25,-1350.3232,-1120.0123,-17956.902
129,F9,26,-1349.5872,-1179.1427,-17799.574
129,F9,27,-1226.6383,-1325.4172,-17844.268
129,F9,28,-1272.4918,-1332.6083,-17793.992
129,F9,29,-1390.0413,-1176.2646,-17892.934
129,F9,30,-1432.5516,-1225.5713,-17800.967
129,F9,31,-1377.4752,-1229.0411,-17466.475
129,F9,32,-1529.6648,-1025.3145,-17291.152
129,F9,33,-1558.3593,-962.38873,-17217.86
129,F9,34,-1386.3982,-997.957,-16990.238
129,F9,35,-1381.6323,-973.67615,-16888.705
129,F9,36,-1308.4731,-1017.5296,-16937.037
129,F9,37,-1103.1447,-1009.8197,-16900.72
129,F9,38,-1096.1875,-904.3718,-16812.834
129,F9,39,-1249.9564,-874.23456,-16823.88
129,F9,40,-1602.3094,-708.53546,-16479.164
129,F9,41,-1658.5316,-920.4449,-16382.7
129,F9,42,-1482.9574,-1120.1531,-16485.365
129,F9,43,-1520.3684,-1108.2878,-16256.753
129,F9,44,-1695.1996,-759.1262,-15978.334
129,F9,45,-1748.9904,-613.2498,-15676.763
130,F10,1,-2238.6091,320.34442,-12384.785
130,F10,2,-2255.2664,318.5062,-12159.46
130,F10,3,-2255.889,290.58725,-11914.3
130,F10,4,-2024.18,415.76163,-11643.018
130,F10,5,-2097.166,391.2134,-11332.594
130,F10,6,-2207.9612,223.48215,-10928.337
130,F10,7,-2226.7341,161.10017,-10643.217
130,F10,8,-2101.106,286.06375,-10636.149
130,F10,9,-2123.7769,320.1611,-10872.606
130,F10,10,-2219.0918,308.80325,-11016.547
130,F10,11,-2301.113,480.51477,-10906.42
130,F10,12,-2320.5623,451.12732,-10622.646
130,F10,13,-2278.0842,390.0723,-10608.393
130,F10,14,-2375.115,204.19945,-10719.41
130,F10,15,-2410.3357,-142.92628,-10647.151
130,F10,16,-2253.3337,-181.73712,-10446.146
130,F10,17,-2274.471,146.13394,-10452.347
130,F10,18,-2295.1182,407.82513,-10456.579
130,F10,19,-2368.2734,290.47845,-10068.633
130,F10,20,-2638.4941,198.51111,-10019.219
130,F10,21,-2591.1992,170.11711,-10154.914
130,F10,22,-2002.2826,-51.95873,-10117.841
130,F10,23,-1852.6284,-73.62917,-9910.734
130,F10,24,-1955.9854,180.98071,-9946.186
130,F10,25,-2141.8926,108.61277,-10065.373
130,F10,26,-2205.6975,32.66158,-10191.904
130,F10,27,-2171.4631,46.69938,-10148.344
130,F10,28,-2618.03,-56.30786,-10076.334
130,F10,29,-2753.6455,-316.87982,-9644.823
130,F10,30,-2709.3848,-313.1406,-9692.855
130,F10,31,-2726.165,-10.380983,-9774.6455
130,F10,32,-2675.5447,149.7664,-9610.01
130,F10,33,-2508.5847,45.892914,-9411.599
130,F10,34,-2486.078,-34.070763,-9142.768
130,F10,35,-2345.0862,-18.957283,-9193.771
130,F10,36,-2208.4824,87.62029,-9103.392
130,F10,37,-2200.9526,95.501656,-9022.43
130,F10,38,-2251.9783,201.87927,-8668.202
130,F10,39,-2217.52,106.733215,-8683.165
130,F10,40,-2269.4233,-183.94766,-8494.193
130,F10,41,-2394.0063,-278.9013,-8397.548
130,F10,42,-2810.9607,-298.18845,-8537.731
130,F10,43,-2771.4404,-267.9923,-8553.077
130,F10,44,-2204.795,-72.96738,-8571.17
130,F10,45,-2135.8652,-68.433945,-8738.802
131,F11,1,-1597.8759,-1694.1958,-19505.465
131,F11,2,-1573.9438,-1709.2037,-19332.932
131,F11,3,-1597.1227,-1631.1824,-19075.275
131,F11,4,-1987.3384,-1482.0238,-18779.773
131,F11,5,-2085.7751,-1401.1648,-18726.707
131,F11,6,-2018.7375,-1328.3667,-18454.416
131,F11,7,-2030.6101,-1406.1643,-18210.938
131,F11,8,-2051.3406,-1571.1936,-18036.5
131,F11,9,-2025.461,-1593.7571,-18079.205
131,F11,10,-1806.0018,-1368.4816,-18035.291
131,F11,11,-1704.3081,-1309.1525,-18027.758
131,F11,12,-1802.5383,-1380.1271,-17697.023
131,F11,13,-1856.4114,-1502.81,-17678.361
131,F11,14,-1813.8757,-1767.1215,-17714.264
131,F11,15,-1863.4751,-1765.5906,-17512.92
131,F11,16,-1868.522,-1397.2816,-18022.186
131,F11,17,-1720.294,-1264.2062,-18169.188
131,F11,18,-1848.425,-1347.9408,-17756.467
131,F11,19,-1927.1431,-1440.8918,-17491.072
131,F11,20,-1874.5258,-1534.9249,-17361.883
131,F11,21,-1658.3148,-1693.9849,-17010.654
131,F11,22,-1659.7994,-1791.3889,-17051.703
131,F11,23,-1874.264,-1804.732,-17087.877
131,F11,24,-1876.0199,-1709.0092,-17150.82
131,F11,25,-1531.6495,-1754.7965,-17315.953
131,F11,26,-1422.5735,-1826.8245,-17373.16
131,F11,27,-1499.5127,-1929.0729,-17093.979
131,F11,28,-1767.098,-1870.8676,-17047.582
131,F11,29,-2085.9404,-1560.6813,-17022.102
131,F11,30,-2036.7826,-1604.6696,-16920.889
131,F11,31,-1577.4813,-1625.7561,-16781.268
131,F11,32,-1579.848,-1488.9447,-16546.39
131,F11,33,-1765.9064,-1696.5571,-16538.777
131,F11,34,-1802.2186,-1807.5287,-16586.191
131,F11,35,-1634.898,-1792.0088,-16309.394
131,F11,36,-1638.8298,-1595.165,-16325.088
131,F11,37,-1649.45,-1547.6575,-16152.707
131,F11,38,-1764.6287,-1364.9869,-16093.74
131,F11,39,-1820.8391,-1360.2021,-16013.336
131,F11,40,-1680.9888,-1769.0203,-16080.836
131,F11,41,-1366.9012,-1839.19,-16203.979
131,F11,42,-1382.1422,-1600.6101,-15970.835
131,F11,43,-1495.262,-1491.4117,-15598.191
131,F11,44,-1627.5907,-1663.319,-15491.416
131,F11,45,-1709.8632,-1748.48,-15410.972
132,F12,1,-1766.8285,-32.610912,-23927.004
132,F12,2,-1791.6193,27.796082,-23788.879
132,F12,3,-1755.0043,106.2636,-23412.77
132,F12,4,-1822.1409,41.78494,-23257.502
132,F12,5,-1822.4318,-170.25357,-23267.812
132,F12,6,-1524.0271,-455.53876,-23101.191
132,F12,7,-1411.6697,-512.24316,-22997.305
132,F12,8,-1538.5764,-331.2951,-22998.088
132,F12,9,-1799.7441,-380.89325,-22764.729
132,F12,10,-1861.3838,-456.902,-22570.625
132,F12,11,-1676.4562,-461.54694,-22475.38
132,F12,12,-1654.5239,-455.45224,-22543.928
132,F12,13,-1720.3275,-361.5284,-22605.48
132,F12,14,-1747.8855,-316.15085,-22686.049
132,F12,15,-1858.7418,-115.5058,-22641.006
132,F12,16,-1939.2979,-153.29347,-22670.234
132,F12,17,-1971.6061,-264.74356,-22529.688
132,F12,18,-1985.1459,-268.9345,-22545.346
132,F12,19,-1823.9225,-41.773212,-22427.63
132,F12,20,-1658.4126,-373.70468,-22509.398
132,F12,21,-1608.2655,-844.14746,-22630.12
132,F12,22,-1864.7709,-856.5735,-22591.895
132,F12,23,-1888.968,-439.56192,-22458.998
132,F12,24,-1502.9856,-180.14066,-22566.023
132,F12,25,-1356.6421,-493.88052,-22593.584
132,F12,26,-1534.3044,-626.9396,-22208.674
132,F12,27,-1704.3798,-617.9727,-22159.848
132,F12,28,-1999.5503,-540.58594,-22197.246
132,F12,29,-2292.2185,-307.6669,-21888.922
132,F12,30,-2259.239,-307.4156,-21837.521
132,F12,31,-1891.1672,-342.14645,-21978.574
132,F12,32,-1863.9216,-516.4857,-22032.549
132,F12,33,-1877.7357,-566.8232,-21829.186
132,F12,34,-1695.945,-432.99524,-21652.074
132,F12,35,-1746.3292,-373.12332,-21682.81
132,F12,36,-1828.0962,-141.30865,-21596.252
132,F12,37,-1804.1737,-369.1527,-21498.24
132,F12,38,-1675.8865,-402.50958,-21416.307
132,F12,39,-1704.0573,-103.67585,-21491.133
132,F12,40,-1680.6162,-310.1988,-21299.238
132,F12,41,-1596.1409,-443.57828,-20966.604
132,F12,42,-1686.0044,-484.33096,-20917.688
132,F12,43,-1778.7825,-501.24673,-20518.33
132,F12,44,-1826.1937,-312.59134,-20509.324
132,F12,45,-1888.9592,-95.41652,-20520.44
133,F13,1,-121.2264,1923.8546,-10963.691
133,F13,2,-118.56656,1961.9385,-10904.581
133,F13,3,88.57853,2147.367,-10474.551
133,F13,4,159.31093,2081.264,-10214.799
133,F13,5,286.2519,2002.954,-10107.869
133,F13,6,-233.25519,2103.013,-10103.554
133,F13,7,-234.44283,2269.0461,-10253.035
133,F13,8,282.64767,1889.4606,-10309.016
133,F13,9,101.97291,1646.4128,-10151.595
133,F13,10,-18.177208,1625.2285,-10126.233
133,F13,11,-0.68396515,1854.1244,-9911.754
133,F13,12,6.7954564,2025.7496,-9805.019
133,F13,13,-5.2095146,2006.631,-9766.635
133,F13,14,-127.28987,1954.6376,-9905.197
133,F13,15,-142.07217,1996.2773,-9971.949
133,F13,16,123.20528,1895.0406,-9751.247
133,F13,17,439.2218,1792.1532,-9550.77
133,F13,18,441.1315,1671.4303,-9500.835
133,F13,19,427.24634,1528.1616,-9607.83
133,F13,20,309.10577,1541.2311,-9685.248
133,F13,21,163.72795,1798.3773,-9682.118
133,F13,22,86.16355,1763.4991,-9709.482
133,F13,23,101.560646,1692.9171,-9462.327
133,F13,24,133.71304,1691.6581,-9274.055
133,F13,25,219.16824,1728.045,-9361.427
133,F13,26,524.2802,1788.9209,-9456.453
133,F13,27,513.538,1688.3251,-9350.334
133,F13,28,418.796,1413.2327,-9352.88
133,F13,29,274.736,1417.7762,-9366.003
133,F13,30,225.81732,1695.0358,-9346.527
133,F13,31,389.8464,1743.1309,-9398.776
133,F13,32,448.8687,1802.7874,-9264.251
133,F13,33,398.9255,1670.0361,-9191.635
133,F13,34,294.19754,1649.5894,-8949.713
133,F13,35,223.21838,1858.2433,-8923.307
133,F13,36,263.397,1899.0199,-8726.676
133,F13,37,272.01965,2019.9564,-8578.336
133,F13,38,190.63914,1860.926,-8615.515
133,F13,39,85.56039,1604.0049,-8602.585
133,F13,40,-56.338997,1585.3926,-8567.731
133,F13,41,-105.718864,1904.91,-8294.296
133,F13,42,-40.69092,2174.7766,-8314.522
133,F13,43,-29.080627,2160.0088,-8184.5503
133,F13,44,94.65142,2057.7334,-8072.601
133,F13,45,73.7321,1971.6392,-7898.9155
134,F14,1,-804.36774,678.03436,-11683.437
134,F14,2,-817.0705,689.7994,-11664.417
134,F14,3,-849.7282,645.42786,-11458.696
134,F14,4,-775.9134,581.0503,-11396.107
134,F14,5,-891.0648,523.2454,-11191.044
134,F14,6,-1015.3369,553.0595,-11044.559
134,F14,7,-1191.6924,829.59247,-11018.857
134,F14,8,-1185.7095,855.1099,-10877.062
134,F14,9,-926.2162,876.5059,-11093.218
134,F14,10,-987.142,773.8491,-11169.569
134,F14,11,-1015.1929,529.92847,-10987.713
134,F14,12,-814.35144,442.3071,-10867.989
134,F14,13,-737.3327,422.03653,-10742.856
134,F14,14,-847.1312,427.54767,-10724.642
134,F14,15,-893.2284,542.6775,-10553.656
134,F14,16,-773.1169,587.69604,-10568.005
134,F14,17,-892.79456,701.83923,-10545.851
134,F14,18,-1285.2089,392.21213,-10451.065
134,F14,19,-1342.2401,395.58557,-10366.255
134,F14,20,-1218.8469,731.8255,-10341.906
134,F14,21,-1313.2378,609.4091,-10226.776
134,F14,22,-1266.443,478.28934,-10157.333
134,F14,23,-914.59875,446.36206,-10258.048
134,F14,24,-895.3202,505.88327,-10353.971
134,F14,25,-935.41693,539.5399,-10207.023
134,F14,26,-851.8825,544.9595,-9906.698
134,F14,27,-871.74304,355.1802,-9912.718
134,F14,28,-855.19934,314.38095,-9974.446
134,F14,29,-938.69366,361.3361,-10054.784
134,F14,30,-1092.7286,381.7126,-9950.106
134,F14,31,-1093.8638,476.2329,-9838.51
134,F14,32,-863.4355,452.79932,-9625.739
134,F14,33,-971.13525,375.46182,-9649.871
134,F14,34,-1048.7391,380.15686,-9560.619
134,F14,35,-1029.291,609.7081,-9491.869
134,F14,36,-1037.9598,885.2922,-9143.772
134,F14,37,-963.65594,586.3519,-9100.639
134,F14,38,-1049.9176,474.1364,-8949.199
134,F14,39,-1099.4471,566.6097,-9105.065
134,F14,40,-1020.61066,758.69147,-9229.598
134,F14,41,-958.2938,732.19604,-9026.434
134,F14,42,-987.72186,634.1659,-8885.381
134,F14,43,-990.08813,589.98926,-8918.44
134,F14,44,-1085.9489,638.2426,-8735.518
134,F14,45,-1150.2598,608.2019,-8820.744
135,F15,1,-654.45874,-468.45786,-15168.556
135,F15,2,-661.4573,-484.42493,-15019.343
135,F15,3,-532.52075,-369.4174,-14448.271
135,F15,4,-498.35532,-403.57687,-14237.421
135,F15,5,-333.72067,-453.327,-14198.353
135,F15,6,-392.83527,-538.0504,-14235.629
135,F15,7,-551.0496,-649.688,-14115.122
135,F15,8,-876.82996,-709.6228,-14117.45
135,F15,9,-938.06635,-704.8791,-13918.082
135,F15,10,-791.3182,-707.1811,-13718.43
135,F15,11,-531.18427,-591.92444,-13461.248
135,F15,12,-689.46606,-561.65546,-13438.738
135,F15,13,-747.0757,-407.77844,-13348.075
135,F15,14,-640.6487,-494.75815,-13340.809
135,F15,15,-683.08276,-567.43134,-13034.451
135,F15,16,-710.03656,-526.29694,-13056.28
135,F15,17,-581.1671,-505.46497,-13066.773
135,F15,18,-478.78427,-554.2564,-13248.127
135,F15,19,-576.47253,-608.43713,-13354.484
135,F15,20,-666.77716,-547.25696,-13116.644
135,F15,21,-753.5297,-425.05768,-12889.851
135,F15,22,-703.0566,-602.0902,-12920.046
135,F15,23,-379.314,-653.5962,-12763.728
135,F15,24,-589.46265,-491.84482,-12795
135,F15,25,-759.31146,-533.85785,-12922.824
135,F15,26,-767.5973,-706.8005,-12898.896
135,F15,27,-608.81165,-816.3181,-12691.076
135,F15,28,-645.3615,-838.3545,-12525.814
135,F15,29,-733.1551,-750.74664,-12584.565
135,F15,30,-862.4563,-715.01,-12627.254
135,F15,31,-838.6802,-608.8834,-12680.35
135,F15,32,-633.12787,-919.9563,-12421.438
135,F15,33,-861.47266,-926.9226,-12493.372
135,F15,34,-932.80096,-595.2104,-12586.872
135,F15,35,-830.56604,-557.9807,-12328.281
135,F15,36,-590.9681,-586.6837,-12288.81
135,F15,37,-564.6353,-620.55597,-12286.1455
135,F15,38,-550.02704,-579.75446,-12218.455
135,F15,39,-720.00165,-655.111,-12248.745
135,F15,40,-686.6829,-733.26227,-12325.922
135,F15,41,-339.15033,-759.6751,-12074.051
135,F15,42,-610.6477,-622.24365,-11943.549
135,F15,43,-693.0645,-465.3595,-11715.215
135,F15,44,-520.90076,-644.6235,-11754.36
135,F15,45,-528.6476,-741.9922,-11741.691
136,F16,1,-699.6191,305.06967,-13167.699
136,F16,2,-732.2004,330.55017,-13165.712
136,F16,3,-791.9454,289.33615,-13362.185
136,F16,4,-872.26855,289.85876,-13374.661
136,F16,5,-983.51373,278.66794,-13154.358
136,F16,6,-1029.7308,277.61554,-12859.948
136,F16,7,-995.10834,213.62808,-12687.429
136,F16,8,-950.9964,144.82468,-12718.83
136,F16,9,-865.04004,113.41467,-12733.189
136,F16,10,-882.4973,210.7178,-12696.958
136,F16,11,-863.57086,216.57916,-12311.156
136,F16,12,-861.30896,165.17828,-12202.908
136,F16,13,-993.5453,60.508305,-12289.528
136,F16,14,-1110.4666,80.753204,-12354.383
136,F16,15,-1122.2266,391.53885,-12443.637
136,F16,16,-1021.9489,383.8037,-12460.407
136,F16,17,-1025.2738,302.2508,-12338.222
136,F16,18,-1027.8083,272.4703,-11978.681
136,F16,19,-1032.4384,217.54805,-11982.414
136,F16,20,-953.56964,208.41443,-12091.494
136,F16,21,-869.5823,176.01512,-12101.09
136,F16,22,-498.4079,115.13524,-12094.818
136,F16,23,-580.82043,120.144936,-12026.164
136,F16,24,-944.87555,231.03946,-12050.519
136,F16,25,-1029.371,161.84677,-11906.461
136,F16,26,-963.5715,112.86877,-11916.341
136,F16,27,-1117.5016,181.68127,-11767.641
136,F16,28,-1169.1299,146.79837,-11729.045
136,F16,29,-1148.9557,124.20086,-11682.627
136,F16,30,-1093.1838,251.29543,-11613.398
136,F16,31,-889.8484,156.11334,-11628.015
136,F16,32,-1075.2396,-177.9186,-11437.782
136,F16,33,-1091.2983,-215.0628,-11459.188
136,F16,34,-831.28076,30.041725,-11501.188
136,F16,35,-751.33374,322.09332,-11545.335
136,F16,36,-784.44354,307.1543,-11319.833
136,F16,37,-785.3239,212.85733,-11333.255
136,F16,38,-942.7431,213.81667,-11346.794
136,F16,39,-1047.5343,462.94928,-11256.3
136,F16,40,-1174.1787,430.70905,-11227.26
136,F16,41,-1147.9165,358.17166,-10951.382
136,F16,42,-873.70416,370.29306,-10955.339
136,F16,43,-665.94165,227.18242,-11084.686
136,F16,44,-679.959,7.4056573,-11030.764
136,F16,45,-672.0408,-74.60622,-10843.412
137,F17,1,124.45879,297.66913,-13379.845
137,F17,2,98.02089,312.26196,-13284.439
137,F17,3,17.915005,229.35818,-13212.116
137,F17,4,-182.37082,205.68094,-12942.129
137,F17,5,-185.23477,314.23138,-12760.211
137,F17,6,42.732777,292.26926,-12623.037
137,F17,7,216.47517,227.97673,-12599.046
137,F17,8,158.57881,134.5321,-12336.51
137,F17,9,-0.22289586,117.19917,-12248.108
137,F17,10,-40.64624,209.65858,-12281.697
137,F17,11,12.097334,205.7415,-12310.189
137,F17,12,-156.81677,195.74142,-12333.468
137,F17,13,-130.69185,91.843025,-12127.182
137,F17,14,202.81265,62.093132,-12014.045
137,F17,15,231.52182,142.16638,-12055.494
137,F17,16,97.648506,285.30115,-11957.227
137,F17,17,46.23332,380.67834,-11955.991
137,F17,18,98.4996,361.32025,-11988.393
137,F17,19,38.472954,78.23086,-11815.887
137,F17,20,-24.458427,26.886194,-11544.655
137,F17,21,-69.46481,107.41389,-11583.214
137,F17,22,-75.67946,70.473274,-11534.418
137,F17,23,34.46727,50.82948,-11416.01
137,F17,24,35.016514,86.28808,-11509.311
137,F17,25,-12.929386,113.92676,-11574.524
137,F17,26,-41.52955,212.9871,-11306.99
137,F17,27,-25.142181,229.87323,-11114.997
137,F17,28,105.5843,179.69856,-11075.998
137,F17,29,78.94223,193.29672,-11013.409
137,F17,30,-3.0294232,399.7652,-11208.389
137,F17,31,-53.551765,405.13,-11316.587
137,F17,32,-70.27867,309.27374,-11089.894
137,F17,33,-97.66045,246.49913,-11009.054
137,F17,34,-65.56707,217.25313,-10960.933
137,F17,35,39.357212,167.29114,-10833.002
137,F17,36,23.680363,141.10474,-10885.672
137,F17,37,-0.7997968,176.08586,-10737.404
137,F17,38,-46.74696,140.04897,-10627.7705
137,F17,39,-95.13707,118.63574,-10497.372
137,F17,40,-103.81445,196.08504,-10490.777
137,F17,41,-14.636618,274.9904,-10344.374
137,F17,42,-29.162613,183.49359,-10453.061
137,F17,43,-57.32588,165.34964,-10584.54
137,F17,44,-30.852156,301.04276,-10601.788
137,F17,45,211.80087,303.91943,-10602.365
138,F18,1,-137.61314,409.06772,-6696.997
138,F18,2,-180.15926,386.88715,-6663.6934
138,F18,3,-387.58954,362.4342,-6378.322
138,F18,4,-420.35806,432.24973,-6250.264
138,F18,5,-327.82922,477.3573,-6282.2373
138,F18,6,-305.19193,444.52463,-6231.1167
138,F18,7,-213.07962,421.88168,-6023.807
138,F18,8,-185.0483,409.64017,-5903.8267
138,F18,9,-41.23592,490.8925,-6066.123
138,F18,10,-45.178455,477.51248,-6122.493
138,F18,11,-52.43924,512.8483,-5917.25
138,F18,12,-168.17403,673.47546,-5818.364
138,F18,13,-265.8138,642.89825,-5870.1104
138,F18,14,-297.26437,522.8974,-5917.6685
138,F18,15,-214.8363,431.90164,-5953.2925
138,F18,16,-107.51868,316.81058,-5826.9673
138,F18,17,-129.89734,293.69992,-5791.1304
138,F18,18,-150.9926,375.72562,-5496.0757
138,F18,19,-232.59279,393.3641,-5378.1187
138,F18,20,-416.085,470.17108,-5452.687
138,F18,21,-416.25668,364.9341,-5534.123
138,F18,22,-243.30016,249.55066,-5442.2896
138,F18,23,-216.38919,204.95193,-5354.4453
138,F18,24,-142.71973,249.93086,-5182.918
138,F18,25,-137.60178,503.66574,-5035.7983
138,F18,26,-148.81966,698.4558,-5082.6064
138,F18,27,-74.7356,674.4118,-5073.221
138,F18,28,-259.56778,607.1163,-4909.195
138,F18,29,-325.98447,586.80066,-4938.41
138,F18,30,-273.63794,583.0918,-4856.2915
138,F18,31,-217.0893,567.86707,-4857.23
138,F18,32,-61.741188,570.5861,-4595.8774
138,F18,33,-54.888683,720.3129,-4614.758
138,F18,34,-10.99914,580.7909,-4567.5405
138,F18,35,-46.23375,493.61407,-4462.9946
138,F18,36,-56.718773,529.0643,-4535.0527
138,F18,37,-70.777435,698.4898,-4500.104
138,F18,38,-103.814156,805.36975,-4544.0933
138,F18,39,-122.14901,786.21094,-4508.456
138,F18,40,-163.77058,610.3697,-4532.171
138,F18,41,-151.25084,554.2052,-4287.3506
138,F18,42,-98.390045,659.13434,-4327.2065
138,F18,43,-53.62915,620.3704,-4282.99
138,F18,44,-37.14262,532.5387,-4194.9746
138,F18,45,41.512577,472.0214,-4160.693
139,F19,1,-674.80096,-917.79877,-14204.583
139,F19,2,-621.8564,-950.1143,-14049.231
139,F19,3,-784.48535,-1095.2562,-13933.879
139,F19,4,-780.5575,-1087.1387,-13545.313
139,F19,5,-553.59875,-937.96875,-13287.776
139,F19,6,-777.6088,-1015.43036,-13142.911
139,F19,7,-917.0408,-1015.808,-12998.305
139,F19,8,-902.5341,-829.9162,-12873.186
139,F19,9,-750.49194,-779.4234,-12832.961
139,F19,10,-658.1953,-676.9527,-12798.27
139,F19,11,-650.35596,-823.4427,-12666.246
139,F19,12,-728.80475,-901.12286,-12483.859
139,F19,13,-894.21204,-921.04315,-12471.898
139,F19,14,-910.0716,-1043.6638,-12367.662
139,F19,15,-762.12134,-1086.1526,-12351.801
139,F19,16,-573.4143,-1075.8622,-12342.648
139,F19,17,-607.55524,-1071.6127,-12386.966
139,F19,18,-631.2666,-1006.9927,-12192.516
139,F19,19,-481.48447,-960.2312,-12208.65
139,F19,20,-425.97916,-869.9782,-12090.532
139,F19,21,-571.6326,-878.2419,-12104.754
139,F19,22,-649.29803,-864.5028,-11884.48
139,F19,23,-656.54193,-817.1614,-11756.177
139,F19,24,-673.85333,-518.104,-11876.741
139,F19,25,-580.64703,-513.72266,-11855.384
139,F19,26,-486.63644,-653.28723,-11469.16
139,F19,27,-487.80356,-718.3967,-11399.523
139,F19,28,-397.46924,-671.0947,-11140.963
139,F19,29,-470.5287,-670.0048,-10980.504
139,F19,30,-554.55566,-642.8167,-10976.834
139,F19,31,-602.3273,-521.0696,-10919.146
139,F19,32,-606.91046,-440.24152,-10826.759
139,F19,33,-586.25024,-517.6664,-10901.384
139,F19,34,-446.25497,-578.2906,-10888.224
139,F19,35,-489.77576,-510.3331,-10758.335
139,F19,36,-555.4349,-503.4366,-10488.867
139,F19,37,-566.85,-524.94946,-10294.572
139,F19,38,-569.9446,-398.10254,-10424.043
139,F19,39,-474.01474,-465.13174,-10580.502
139,F19,40,-679.83075,-554.92126,-10431.903
139,F19,41,-735.8518,-549.19476,-10276.978
139,F19,42,-607.69727,-387.21286,-10236.307
139,F19,43,-606.2308,-274.97662,-10329.495
139,F19,44,-531.45087,-304.92056,-10224.1455
139,F19,45,-360.45438,-234.41257,-10188.377
140,F20,1,-300.04355,311.59387,-7290.0337
140,F20,2,-361.1709,302.40024,-7207.4683
140,F20,3,-400.91418,401.6698,-6999.186
140,F20,4,-338.0255,403.58905,-6937.803
140,F20,5,-320.88116,422.44257,-6869.6016
140,F20,6,-252.7908,216.25356,-6729.272
140,F20,7,-331.17007,159.8729,-6545.113
140,F20,8,-394.21222,244.07498,-6418.028
140,F20,9,-394.90186,286.03165,-6405.0273
140,F20,10,-272.1293,482.7011,-6375.904
140,F20,11,-255.37521,477.81598,-6369.5327
140,F20,12,-336.188,447.5476,-6211.2065
140,F20,13,-387.84293,440.707,-6130.009
140,F20,14,-384.5927,465.11304,-6185.1904
140,F20,15,-350.02957,370.4127,-6095.2935
140,F20,16,-368.3925,99.4584,-5978.2993
140,F20,17,-368.199,68.72528,-6030.129
140,F20,18,-390.93964,213.89404,-6034.0083
140,F20,19,-437.45184,258.32465,-6153.231
140,F20,20,-451.19226,299.77,-6184.2417
140,F20,21,-378.6526,276.06973,-5873.813
140,F20,22,-349.94284,272.70358,-5826.4966
140,F20,23,-332.01105,271.27875,-5772.09
140,F20,24,-346.22525,424.12057,-5708.7964
140,F20,25,-301.06802,589.10974,-5657.165
140,F20,26,-326.10107,604.02783,-5596.6084
140,F20,27,-353.23282,435.1122,-5505.609
140,F20,28,-394.39597,342.21878,-5341.819
140,F20,29,-429.813,318.28607,-5249.721
140,F20,30,-474.3456,360.25598,-4859.2573
140,F20,31,-538.00635,443.4548,-4808.18
140,F20,32,-492.61838,670.4784,-4881.7505
140,F20,33,-253.7636,714.0168,-4787.6543
140,F20,34,-218.40448,741.6258,-4618.5894
140,F20,35,-169.9199,799.87225,-4477.832
140,F20,36,-245.91234,786.2439,-4613.244
140,F20,37,-259.37814,919.5142,-4739.797
140,F20,38,-85.290634,979.52637,-4627.738
140,F20,39,-104.41703,899.4239,-4561.975
140,F20,40,-169.17441,720.9613,-4583.646
140,F20,41,-202.14267,665.0537,-4435.2695
140,F20,42,-225.82932,823.2783,-4317.0664
140,F20,43,-261.84467,821.9875,-4348.171
140,F20,44,-270.00812,749.6595,-4368.967
140,F20,45,-120.110085,669.4854,-4288.16
141,F21,1,-114.162224,507.35547,-6426.5376
141,F21,2,-167.0971,492.04938,-6340.695
141,F21,3,-251.23962,516.8371,-6152.1123
141,F21,4,-213.0482,549.2046,-6073.825
141,F21,5,-4.076551,533.32117,-5972.475
141,F21,6,-22.529816,585.1494,-5851.5444
141,F21,7,-83.32291,618.27374,-5686.1567
141,F21,8,-131.76326,558.7735,-5716.0835
141,F21,9,-148.24896,446.1734,-5766.3394
141,F21,10,-62.845776,406.47635,-5660.7817
141,F21,11,8.178137,427.8243,-5667.015
141,F21,12,-73.89821,419.7216,-5542.9316
141,F21,13,-115.36251,444.9532,-5532.7324
141,F21,14,-78.59908,426.22757,-5573.68
141,F21,15,-100.57177,412.82855,-5436.3643
141,F21,16,-113.1691,418.12643,-5438.6724
141,F21,17,-45.523617,502.04263,-5419.158
141,F21,18,-119.195755,420.5123,-5309.004
141,F21,19,-153.09581,374.89038,-5324.379
141,F21,20,-107.073166,369.58987,-5196.888
141,F21,21,-123.77188,396.2526,-5231.6436
141,F21,22,-138.38544,533.81976,-5144.292
141,F21,23,-146.49025,446.76785,-4992.4126
141,F21,24,-72.6484,390.83585,-5003.1724
141,F21,25,-18.81144,367.69467,-4888.3096
141,F21,26,31.183146,323.88226,-4771.156
141,F21,27,-17.78902,366.57846,-4595.4746
141,F21,28,-113.62656,613.2913,-4634.974
141,F21,29,-154.37993,740.52203,-4721.467
141,F21,30,-115.92144,673.6246,-4661.1187
141,F21,31,-32.88013,653.24646,-4270.9595
141,F21,32,-46.87376,807.1774,-4220.2
141,F21,33,-35.404865,818.3476,-4158.003
141,F21,34,-12.023788,930.7238,-4122.9004
141,F21,35,-27.373499,1057.3899,-4231.3677
141,F21,36,75.417656,1046.4064,-4151.0454
141,F21,37,243.88734,954.89056,-3803.2969
141,F21,38,154.55562,849.8267,-3730.7793
141,F21,39,96.939384,784.22595,-3810.5842
141,F21,40,161.96666,824.7826,-3751.3196
141,F21,41,134.67442,899.4437,-3566.5554
141,F21,42,77.96396,904.6305,-3557.7861
141,F21,43,32.272022,860.79474,-3521.0842
141,F21,44,87.32108,913.89795,-3514.4736
141,F21,45,232.52202,942.693,-3617.8865
142,F22,1,158.68874,974.1863,-7320.283
142,F22,2,131.46904,956.53723,-7165.7227
142,F22,3,-47.942013,951.0782,-6803.966
142,F22,4,-79.18806,972.621,-6700.1387
142,F22,5,14.426648,956.74945,-6731.836
142,F22,6,-6.1893263,990.78894,-6600.098
142,F22,7,-30.530703,1009.8344,-6434.2505
142,F22,8,16.476418,950.3045,-6353.124
142,F22,9,30.497421,822.7966,-6370.7134
142,F22,10,-47.63353,798.5171,-6137.481
142,F22,11,-56.225227,842.841,-5931.7627
142,F22,12,52.782394,888.24286,-5935.897
142,F22,13,52.500862,822.6296,-5969.097
142,F22,14,56.285732,832.5057,-6123.46
142,F22,15,15.89345,967.651,-6175.56
142,F22,16,-40.610355,977.9241,-5869.8267
142,F22,17,-121.98085,984.7837,-5739.6367
142,F22,18,-117.72557,934.84985,-5779.162
142,F22,19,-31.951797,835.8258,-5583.393
142,F22,20,-72.32541,812.4606,-5487.6
142,F22,21,-68.36407,843.4465,-5587.24
142,F22,22,61.515137,874.5346,-5582.0137
142,F22,23,57.24605,947.7534,-5464.9824
142,F22,24,33.505062,947.3625,-5497.2593
142,F22,25,3.362704,987.5217,-5359.557
142,F22,26,-26.319836,1002.69574,-5300.319
142,F22,27,-26.073032,977.08563,-5330.8438
142,F22,28,-42.02949,959.6504,-5354.4233
142,F22,29,-20.102428,1034.1406,-5206.9756
142,F22,30,-6.9780064,1076.8124,-5042.5356
142,F22,31,-33.734474,1112.2262,-5047.413
142,F22,32,-56.021793,1134.3811,-5031.7646
142,F22,33,-49.820633,1220.5284,-4930.964
142,F22,34,56.418045,1203.6041,-4767.0806
142,F22,35,58.503036,1236.735,-4821.3613
142,F22,36,60.749874,1237.967,-4906.2476
142,F22,37,53.02175,1144.5507,-4645.5396
142,F22,38,124.04757,1098.242,-4488.559
142,F22,39,97.21572,1155.2268,-4525.7666
142,F22,40,48.07838,1140.0111,-4370.0894
142,F22,41,32.394524,1156.1477,-4326.193
142,F22,42,112.13478,1181.2329,-4273.906
142,F22,43,77.264366,1320.0723,-4411.964
142,F22,44,-13.339182,1258.4285,-4429.138
142,F22,45,-56.67596,1182.5803,-4151.6304
143,F23,1,-1063.4332,-752.4329,-16424.145
143,F23,2,-1109.8986,-757.31445,-15981.711
143,F23,3,-1123.0304,-817.1016,-15607.247
143,F23,4,-1024.7665,-848.6759,-15041.191
143,F23,5,-984.1592,-830.0591,-14841.005
143,F23,6,-966.97296,-783.02686,-14764.895
143,F23,7,-897.1756,-875.1461,-14326.088
143,F23,8,-930.9479,-902.0694,-14193.235
143,F23,9,-983.31696,-893.1171,-14151.2295
143,F23,10,-985.9031,-859.8231,-14095.29
143,F23,11,-896.18854,-712.59796,-14164.799
143,F23,12,-912.9724,-697.0908,-14030.005
143,F23,13,-1126.0033,-718.4587,-14075.361
143,F23,14,-1145.0854,-673.87726,-13890.202
143,F23,15,-984.43274,-716.43945,-13704.394
143,F23,16,-894.4577,-769.65,-13551.314
143,F23,17,-865.60443,-819.1933,-13517.487
143,F23,18,-890.8361,-845.2191,-13484.097
143,F23,19,-913.46564,-821.2364,-13590.464
143,F23,20,-832.0135,-755.31384,-13471.582
143,F23,21,-854.39856,-779.5258,-13315.041
143,F23,22,-1030.9205,-805.4365,-13254.693
143,F23,23,-1058.4415,-779.23334,-13079.152
143,F23,24,-906.77155,-768.21747,-13033.228
143,F23,25,-864.69507,-767.7233,-12940.458
143,F23,26,-882.00323,-760.3026,-12908.59
143,F23,27,-906.9805,-621.1178,-12992.81
143,F23,28,-920.95,-545.4803,-12788.764
143,F23,29,-860.4489,-542.6511,-12815.149
143,F23,30,-830.9894,-528.6476,-12558.966
143,F23,31,-758.84406,-571.47296,-12513.947
143,F23,32,-784.22253,-582.1385,-12549.8955
143,F23,33,-770.9325,-553.15784,-12407.247
143,F23,34,-752.38605,-580.2042,-12448.28
143,F23,35,-785.742,-640.0867,-12351.422
143,F23,36,-819.2153,-678.6139,-12024.393
143,F23,37,-755.1403,-627.2364,-11962.687
143,F23,38,-767.85376,-545.0864,-11991.096
143,F23,39,-720.47406,-517.0958,-11929.252
143,F23,40,-686.5356,-537.73846,-11811.39
143,F23,41,-710.1278,-611.7696,-11965.085
143,F23,42,-661.27435,-727.66187,-12053.567
143,F23,43,-781.31354,-758.39984,-11906.821
143,F23,44,-844.3883,-601.107,-11814.418
143,F23,45,-786.67365,-272.54892,-11624.753
144,F24,1,-18.44048,637.62964,-6290.39
144,F24,2,8.802481,647.18713,-6131.5884
144,F24,3,13.147604,612.14764,-6021.598
144,F24,4,8.057671,595.3986,-5794.927
144,F24,5,37.68519,553.6436,-5802.9727
144,F24,6,48.892845,517.70154,-5777.262
144,F24,7,45.88249,487.03726,-5614.297
144,F24,8,49.496635,536.6295,-5627
144,F24,9,61.73234,692.5361,-5585.4634
144,F24,10,-54.917698,663.04834,-5579.8135
144,F24,11,-117.53793,555.7209,-5541.534
144,F24,12,-165.66487,508.58768,-5482.076
144,F24,13,-167.4652,519.6526,-5383.1865
144,F24,14,-98.89758,508.78046,-5202.566
144,F24,15,-11.238129,555.37634,-5118.8115
144,F24,16,-71.01178,555.79535,-5155.7837
144,F24,17,-100.66154,549.7935,-5165.541
144,F24,18,-52.649376,600.5727,-5176.2856
144,F24,19,-13.804598,492.18472,-5122.086
144,F24,20,-28.944181,459.93933,-5070.1836
144,F24,21,-14.736858,510.14948,-5113.0415
144,F24,22,-32.08105,389.46902,-5127.445
144,F24,23,-14.974327,375.39014,-4902.5845
144,F24,24,-10.198177,496.6106,-4928.8364
144,F24,25,-9.311341,612.8454,-5062.607
144,F24,26,-40.54241,615.9063,-5100.7764
144,F24,27,-74.446266,670.9992,-4904.7314
144,F24,28,-88.61743,643.99255,-4843.846
144,F24,29,-94.242546,626.3682,-4830.8613
144,F24,30,-25.643023,603.33356,-4629.3115
144,F24,31,41.229534,594.571,-4674.121
144,F24,32,118.88265,687.17114,-4772.3413
144,F24,33,89.982765,591.96686,-4668.52
144,F24,34,62.390076,537.45416,-4603.5117
144,F24,35,75.36692,559.5382,-4588.5923
144,F24,36,49.830544,542.3046,-4603.4146
144,F24,37,63.16741,565.0369,-4592.473
144,F24,38,38.171715,555.32245,-4402.845
144,F24,39,-42.84182,536.3053,-4238.469
144,F24,40,-75.17168,601.2516,-4243.2705
144,F24,41,-32.06602,673.3834,-4359.8447
144,F24,42,13.525782,635.04785,-4363.3115
144,F24,43,43.056503,517.3197,-4351.732
144,F24,44,25.370916,484.5269,-4272.3003
144,F24,45,23.973183,562.9399,-4323.3716
145,G1,1,15911.638,341988.75,77947.67
145,G1,2,15932.364,342250.8,77915.19
145,G1,3,16162.094,342814.8,77931.14
145,G1,4,16210.285,342593.22,78187.63
145,G1,5,16207.398,342479.47,78681.92
145,G1,6,16153.825,342626.66,78744.41
145,G1,7,16127.069,342563.34,78753.164
145,G1,8,16212.32,342419.56,78538.56
145,G1,9,16250.308,342347.34,78621.6
145,G1,10,16355.335,342536.84,79381.41
145,G1,11,16358.098,342993.16,79536.164
145,G1,12,16384.344,343092.8,79849.25
145,G1,13,16370.558,343249.97,80410.12
145,G1,14,16357.223,344184,81389.48
145,G1,15,16347.966,344892.2,83172.02
145,G1,16,16495.633,346417.16,86013.016
145,G1,17,16499.713,349160.4,92159.734
145,G1,18,16592.549,354928.25,103869.44
145,G1,19,16668.848,366418.8,125617.99
145,G1,20,16773.203,387952.03,164929.75
145,G1,21,16844.877,423341.47,226982.03
145,G1,22,16928.225,468827.12,307520.56
145,G1,23,17320.996,515293.3,393194.78
145,G1,24,17516.229,552479.06,481892.2
145,G1,25,17603.697,578648.8,564260.94
145,G1,26,17798.672,598103.1,635148.6
145,G1,27,17970.904,612310.9,694763.75
145,G1,28,18139.193,624869.25,742587.25
145,G1,29,18277.094,634970,781690
145,G1,30,18471.152,641929.1,813660.25
145,G1,31,18463.25,648462.8,838114.4
145,G1,32,18581.154,654069.5,858033.4
145,G1,33,18712.096,658915.8,874132.94
145,G1,34,18791.531,663010.4,886066.6
145,G1,35,18900.662,667366.44,898352.06
145,G1,36,18892.135,669643.25,908009.94
145,G1,37,18894.203,671583.9,915112.06
145,G1,38,18929.562,673022,921061.6
145,G1,39,19001.787,675272.9,926422.9
145,G1,40,19113.346,675838.75,929800.44
145,G1,41,19015.232,676694,933160
145,G1,42,19034.951,678225.44,934947.25
145,G1,43,19063.395,679725.5,938173.3
145,G1,44,19225.1,680679.8,940926.94
145,G1,45,19243.615,681903.3,943075.75
146,G2,1,17980.098,343406.78,78139.484
146,G2,2,17978.768,343345.12,78325.44
146,G2,3,18038.754,343244.25,78639.81
146,G2,4,18089.143,343498.3,78950.125
146,G2,5,17982.408,343341.88,79465.625
146,G2,6,17979.428,343116.88,79689.08
146,G2,7,18128.717,343005.75,79700.21
146,G2,8,18260.535,342976.4,79718.29
146,G2,9,18274.611,343511.62,79902.375
146,G2,10,18398.139,343283.34,79961.46
146,G2,11,18447.9,343095.2,80297.3
146,G2,12,18413.227,343473.62,80485.35
146,G2,13,18475.188,343767.7,80661.6
146,G2,14,18589.293,343661.12,81026.52
146,G2,15,18661.215,343778.72,80744.08
146,G2,16,18708.79,343990.75,80838.92
146,G2,17,18976.188,344200.56,81050.164
146,G2,18,19474.484,344076.25,81095.79
146,G2,19,20045.14,344152.28,81057.45
146,G2,20,21313.387,344247.94,80977.82
146,G2,21,23925.145,344384.72,80441.14
146,G2,22,28934.275,344515.16,79250.68
146,G2,23,38063.01,344484.2,76432.78
146,G2,24,53804.902,344047.6,72183.945
146,G2,25,79303.14,343364.9,66638.52
146,G2,26,116282.53,342484.94,59201.04
146,G2,27,163584.9,341441.28,52909.9
146,G2,28,218098.6,340317.56,49264.777
146,G2,29,275553,339286.75,49241.844
146,G2,30,330220.6,338784.2,54752.094
146,G2,31,371848.72,337981.3,73073.48
146,G2,32,398014.16,337897.2,104433.79
146,G2,33,412131.34,338512.28,140592.52
146,G2,34,419080.53,339340.72,178763.47
146,G2,35,423006.38,339651.5,214218.7
146,G2,36,426222.28,339917.5,245220.75
146,G2,37,428770.28,340679.9,271105.53
146,G2,38,430236,340772.34,295377.62
146,G2,39,431126.97,340941.56,318512.12
146,G2,40,432103.4,341301.28,338310.34
146,G2,41,433083.25,341992.7,356264.25
146,G2,42,433983.97,342044,373261.72
146,G2,43,435262.2,342250.56,388978.6
146,G2,44,435985.47,342611.75,404095.03
146,G2,45,436705.06,343242.75,415125.88
147,G3,1,18084.914,343009.47,120918.39
147,G3,2,18150.785,345205.25,122269.06
147,G3,3,18475.477,347382.6,124163.1
147,G3,4,18482.81,348098.1,124825.25
147,G3,5,18466.463,348339.88,125386.59
147,G3,6,18637.826,349081,125527.164
147,G3,7,18641.908,348919.7,125914
147,G3,8,18743.865,348737.75,126303.5
147,G3,9,18878.398,349300.78,126457.87
147,G3,10,18875.06,349699.56,126891.45
147,G3,11,19004.17,350013.44,127099.45
147,G3,12,18974.242,349993.7,127480.125
147,G3,13,18958.629,350615,127479.44
147,G3,14,18922.885,351033.25,127445.12
147,G3,15,18908.494,351349.12,127881.96
147,G3,16,19140.734,351321.8,128897.4
147,G3,17,19161.094,351964.34,129543.29
147,G3,18,19285.865,352715.28,130647.15
147,G3,19,19271.049,354013.9,133565.92
147,G3,20,19412.617,356252.56,138458.66
147,G3,21,19512.549,360219.78,148140.62
147,G3,22,19524.37,369018.7,166550.47
147,G3,23,19562.738,386190.2,199865.78
147,G3,24,19819.809,416659,254496.45
147,G3,25,19952.104,459860.94,332495.72
147,G3,26,19920.428,507680.2,421150
147,G3,27,20197.668,548889.44,513522.7
147,G3,28,20639.592,579564.44,602896.75
147,G3,29,20925.736,601938.8,680211.75
147,G3,30,21011.748,618494.6,746036.9
147,G3,31,21186.062,630182,801266.75
147,G3,32,21235.727,641683.8,846904.6
147,G3,33,21478.508,650305.4,881237.1
147,G3,34,21595.36,658041.94,908767.44
147,G3,35,21784.07,664235.7,931622.5
147,G3,36,21884.277,669509.94,950457.75
147,G3,37,22159.576,673260.1,965818.7
147,G3,38,22131.91,675510.06,977369.6
147,G3,39,22087.807,678798.6,985940.6
147,G3,40,22180.992,681495.56,994917.4
147,G3,41,22171.771,685094.1,1001467.5
147,G3,42,22202.596,686910.75,1006187.75
147,G3,43,22434.242,688647.5,1009865.25
147,G3,44,22418.467,690202.4,1014980.4
147,G3,45,22309.898,690444.94,1017389.06
148,G4,1,19378.824,355336.9,118952.586
148,G4,2,19336.498,355384.25,118917.84
148,G4,3,19349.588,355195.1,119123.15
148,G4,4,19486.32,355049.75,119204.664
148,G4,5,19478.168,355058.3,119402.766
148,G4,6,19466.158,355190.56,119640.57
148,G4,7,19603.76,355220.34,119951.9
148,G4,8,19762.82,355294.9,120062.91
148,G4,9,19712.102,355182.16,120323.74
148,G4,10,19658.738,355207.6,120525.55
148,G4,11,19689.441,355568.66,120638.23
148,G4,12,19687.184,355745.53,120511.266
148,G4,13,19841.928,355773.75,120638.055
148,G4,14,20003.812,355869.06,121217.81
148,G4,15,19996.111,355869.47,120920
148,G4,16,19937.826,356104.28,120742.56
148,G4,17,19941.74,356470.28,121129.21
148,G4,18,20126.326,356685,121495.68
148,G4,19,20420.428,356660.16,121604.055
148,G4,20,20664.291,356824.2,121799.81
148,G4,21,21199.756,357210.25,121803.99
148,G4,22,22037.576,357544.06,121904.445
148,G4,23,23658.217,357575.7,121830.74
148,G4,24,26941.676,357913.3,121954.664
148,G4,25,33309.86,358035.12,121561.805
148,G4,26,44528.176,357977.47,120933.875
148,G4,27,64058.49,357994.25,119297.27
148,G4,28,94871.99,358571.62,118081.414
148,G4,29,136865.62,358707.5,117228.68
148,G4,30,188735.02,358540.06,117257.54
148,G4,31,245988.8,358295.3,119244.28
148,G4,32,303583.22,358292.22,127036.61
148,G4,33,350402.03,359048,143468.39
148,G4,34,379638.28,359319.03,166414.97
148,G4,35,395582.84,359288.8,193182.23
148,G4,36,404018.34,359797.4,219444.08
148,G4,37,409685.47,360393,243134.86
148,G4,38,413493.44,360879.53,264387.34
148,G4,39,416656.72,361495.88,283800.06
148,G4,40,418057.25,361819.62,302450.7
148,G4,41,419958.53,361995.78,319504.5
148,G4,42,422225.03,362452.4,335442.4
148,G4,43,424081.56,363170.16,350326.75
148,G4,44,424881.62,363230.66,365245
148,G4,45,426055.25,363122.8,377635.97
149,G5,1,17281.941,349042.6,117729.86
149,G5,2,17293.559,349227.4,118027.35
149,G5,3,17440.703,349776.94,118300.9
149,G5,4,17507.953,349905.06,118700.12
149,G5,5,17530.205,350209.2,119209.734
149,G5,6,17711.383,350850.44,119475.7
149,G5,7,17778.633,351188.6,119719.95
149,G5,8,18039.936,351576.88,119801.45
149,G5,9,18062.643,351697,120152.38
149,G5,10,18128.707,351925.53,120513.09
149,G5,11,18148.496,351958.34,120681.47
149,G5,12,18196.03,351965.8,120763.4
149,G5,13,18024.203,352571.72,121049.016
149,G5,14,17990.412,352983.7,121563
149,G5,15,18257.67,352985.3,121762.26
149,G5,16,18187.068,353355.94,121844.86
149,G5,17,18125.645,353528.3,122150.484
149,G5,18,18279.125,353556.34,122191.1
149,G5,19,18323.002,354185.5,122754.375
149,G5,20,18555.098,354218.16,123585.75
149,G5,21,18611.604,354521,124765.75
149,G5,22,18638.777,355513.6,127127.98
149,G5,23,18679.648,357605.25,131344.1
149,G5,24,18654.658,361163.4,139171.55
149,G5,25,18879.926,367294.7,153809.16
149,G5,26,19046.824,379831.78,181070.4
149,G5,27,19266.63,403565.44,227955.1
149,G5,28,19685.459,440718.9,299516.88
149,G5,29,20234.104,486530.22,387806.66
149,G5,30,20590.775,532142.5,480582.47
149,G5,31,21109.309,566800.25,574127.75
149,G5,32,21482.492,592752.3,659559
149,G5,33,21923.266,610685.3,732181.56
149,G5,34,22378.059,624445.1,791413.5
149,G5,35,22648.713,636881,840488.06
149,G5,36,22856.168,646916.4,880428.25
149,G5,37,23032.766,655536.4,911431.06
149,G5,38,23630.11,661552.9,936316.1
149,G5,39,23855.057,667856.3,956778.7
149,G5,40,24198.805,672629.8,973614.5
149,G5,41,24323.299,676529.3,987785.9
149,G5,42,24575.756,679185.9,996937.9
149,G5,43,24930.033,682595.56,1004450.25
149,G5,44,25183.54,685104.1,1012419.06
149,G5,45,25384.791,686537,1017971.94
150,G6,1,19708.113,350656.03,119239.69
150,G6,2,19670.73,351145.25,119796.42
150,G6,3,19728.592,351751.06,120586.71
150,G6,4,20042.062,352300.97,120780.03
150,G6,5,20107.709,352777.56,120851.66
150,G6,6,20147.158,352961.3,121114.86
150,G6,7,20290.05,352977.94,121532.61
150,G6,8,20336.045,353228.22,121712.56
150,G6,9,20381.715,353705,122117.9
150,G6,10,20515.014,353723.5,122623.16
150,G6,11,20486.934,353951.28,122702.82
150,G6,12,20541.06,354077.97,122913.57
150,G6,13,20661.209,354095.8,122858.766
150,G6,14,20641.326,354380.3,122990.79
150,G6,15,20588.895,354996,123011.125
150,G6,16,20655.87,355219.47,123448.91
150,G6,17,20918.71,355233.22,123567.87
150,G6,18,21001.03,355813.75,123530.414
150,G6,19,21149.479,356331.97,124027.11
150,G6,20,21488.295,356228.66,124085.4
150,G6,21,21886.87,356080.28,124036.71
150,G6,22,22838.191,356432.8,124258.16
150,G6,23,24701.238,356517.75,124291.34
150,G6,24,28163.152,356422.97,124240.336
150,G6,25,34579.23,356698.56,123991.414
150,G6,26,46134.023,357039.34,123402.3
150,G6,27,66082.54,357192.44,122632.76
150,G6,28,97575.39,357441.94,121020.72
150,G6,29,140994.34,357646.72,119628.1
150,G6,30,194838.11,357115.94,119284
150,G6,31,254615.69,356933.3,119535.33
150,G6,32,314572.62,357519.38,121886.93
150,G6,33,365831.75,357387.5,129280.28
150,G6,34,399055.06,357221.78,142748.61
150,G6,35,416480.3,357732.4,161020.19
150,G6,36,425657.97,358151.44,181440.25
150,G6,37,430476,358304.94,201199.44
150,G6,38,433627.7,358638.62,219432.86
150,G6,39,436627.44,358688.56,235425.83
150,G6,40,438698.56,359368.16,251022.5
150,G6,41,440187.8,359401.3,265873.88
150,G6,42,440502.38,359340.44,280392.75
150,G6,43,441648.28,359759.62,294848.7
150,G6,44,443675.72,360669.4,308816.47
150,G6,45,444601.06,361170.3,320784.1
151,G7,1,17474.44,343781,119891.89
151,G7,2,17573.322,344048.25,120043.836
151,G7,3,17589.842,344227.12,120384.35
151,G7,4,17602.982,344455.94,120722.11
151,G7,5,17640.803,345166,120983.25
151,G7,6,17900.342,345264.38,121511.9
151,G7,7,17981.264,345363.25,121912.44
151,G7,8,18088.365,345526.94,121985.414
151,G7,9,18191.768,346091.06,121937.08
151,G7,10,18017.129,346191,121968.7
151,G7,11,17919.686,346261.38,121952.625
151,G7,12,17954.389,346544.94,122266.91
151,G7,13,18009.102,346620.28,122314.04
151,G7,14,18250.492,347046.75,122393.76
151,G7,15,18370.266,347172.88,122607.62
151,G7,16,18386.305,347178.72,122763.414
151,G7,17,18668.408,347732.72,123026.33
151,G7,18,18690.598,347816.16,123184.26
151,G7,19,18656.385,347983.34,123126.48
151,G7,20,18636.682,348472,123442.82
151,G7,21,18555.783,348583.94,123917.664
151,G7,22,18575.018,348557.66,123940.02
151,G7,23,18712.82,349112.1,123778.21
151,G7,24,18761.174,349172.53,123897.72
151,G7,25,18878.566,349184.88,124241.586
151,G7,26,19046.693,349985.75,124369.04
151,G7,27,19042.973,350055.6,124985.03
151,G7,28,19329.338,350201.03,125415.82
151,G7,29,19755.48,350421.16,126081.51
151,G7,30,20374.393,350380.25,127302.51
151,G7,31,21569.123,350844.78,128883.4
151,G7,32,23810.201,351239.66,132892.98
151,G7,33,27635.422,351772.84,140828.97
151,G7,34,33371.965,351686.62,152735.36
151,G7,35,40108.43,351797,167562.12
151,G7,36,45747.496,352147.1,184251.72
151,G7,37,50312.684,352053.28,200948.02
151,G7,38,54364.863,352308.06,216590.05
151,G7,39,58208.14,352812.06,231425.28
151,G7,40,62296.75,353246.75,245368.16
151,G7,41,66328.016,353331.12,259762.1
151,G7,42,70347.07,353765.3,274457.88
151,G7,43,74671.26,354173.2,288280.6
151,G7,44,79042.76,354175.4,301348.16
151,G7,45,82680.016,354329.4,312936.47
152,G8,1,19245.988,349761.78,120743.09
152,G8,2,19341.71,350165.72,120919.41
152,G8,3,19371.969,350742.5,121756.2
152,G8,4,19456.703,351312.47,121991.66
152,G8,5,19480.928,352004.2,122524.59
152,G8,6,19537.125,352396.3,122824.11
152,G8,7,19913.41,352549.06,123246.21
152,G8,8,19950.572,352544.47,123475.36
152,G8,9,19943.547,352927.66,123465.8
152,G8,10,19779.002,353003.16,123399.46
152,G8,11,19746.504,353433.5,123399.984
152,G8,12,19996.637,353428.4,123952.93
152,G8,13,20026.56,353407.75,124076.83
152,G8,14,20174.195,353653.16,124103.28
152,G8,15,20244.686,353948.28,124327.91
152,G8,16,20230.06,353946.75,124278.625
152,G8,17,20421.895,354402.84,124416.39
152,G8,18,20399.033,354777.34,124505.445
152,G8,19,20458.48,354904.8,124814.85
152,G8,20,20562.715,355292.72,124891.8
152,G8,21,20512.443,355923.6,124811.47
152,G8,22,20595.887,356396.16,125165.34
152,G8,23,20734.232,356224.22,125457.61
152,G8,24,20786.842,355955.72,125412.62
152,G8,25,20782.023,355935.28,125635.54
152,G8,26,20913.47,356267.44,125570.875
152,G8,27,20973.684,356517.12,125807.69
152,G8,28,21052.621,356736.56,126556.66
152,G8,29,21231.117,356735.72,127636.95
152,G8,30,21689.55,357373.47,128859.1
152,G8,31,22581.678,357707.56,131728.48
152,G8,32,24265.457,358152.7,137241.8
152,G8,33,26963.227,358566.22,147828.39
152,G8,34,31566.03,359262.34,167604.25
152,G8,35,38876.72,361051.62,194247.3
152,G8,36,46203.258,362398.6,224776.72
152,G8,37,52742.887,364322.84,256184.6
152,G8,38,57995.734,365812.56,285817.72
152,G8,39,62823.03,367181.94,312127.66
152,G8,40,67282.69,367767.34,336301
152,G8,41,71624.53,368191.72,359219.66
152,G8,42,75374.984,368606.78,381576.28
152,G8,43,79652.53,369382.12,402175.4
152,G8,44,83613.12,370382.4,422374.06
152,G8,45,86941.01,371300.12,439549.84
153,G9,1,18722.236,342722.34,120097.49
153,G9,2,18812.404,342854.2,119987.22
153,G9,3,18812.316,343249.84,119984.65
153,G9,4,18874.254,342917.47,120225.016
153,G9,5,19297.414,342913.22,120452.01
153,G9,6,19308.848,343499.4,120770.53
153,G9,7,18866.496,343667.72,120845.03
153,G9,8,18807.926,343635.62,121065.69
153,G9,9,19137.754,343870.22,121159
153,G9,10,19263.695,344232.6,121083.11
153,G9,11,19308.66,344226.47,121087.85
153,G9,12,19475.674,343946.4,121266.77
153,G9,13,19296.611,343954.34,121541.875
153,G9,14,19219.816,344577.22,121665.29
153,G9,15,19434.434,344760.16,121599.46
153,G9,16,19708.002,345142.3,121720.055
153,G9,17,19676.605,345338.3,122100.945
153,G9,18,19666.287,345369.53,122456.09
153,G9,19,19836.002,345449.47,122587.15
153,G9,20,20002.035,346030.16,122747.68
153,G9,21,20145.19,346312,122836.625
153,G9,22,20078.53,346695.7,123336.57
153,G9,23,20028.596,346858.16,123678.79
153,G9,24,20257.44,347136.75,124670.64
153,G9,25,20458.771,348438.75,126107.73
153,G9,26,21010.629,349834.38,129394.52
153,G9,27,21149.709,352299.66,135612.06
153,G9,28,21847.385,357741.5,147159.75
153,G9,29,23715.97,368834.94,168766.28
153,G9,30,26290.56,388282,206264.19
153,G9,31,31094.385,417077.47,260892
153,G9,32,37266.1,451789.9,323029.5
153,G9,33,43955.816,481313.2,389367.06
153,G9,34,50203.28,502825.16,452613.38
153,G9,35,55691.65,519263.66,509431.3
153,G9,36,60825.04,532387.6,558742.25
153,G9,37,65684.23,543155.75,601754.06
153,G9,38,70570.664,552286.8,638254.56
153,G9,39,75833.03,561036.4,670736.6
153,G9,40,80753.484,568073.3,700771.25
153,G9,41,85775.65,574361.4,728993.4
153,G9,42,90909.71,580009.5,754229.06
153,G9,43,96344.64,585811.5,776156.75
153,G9,44,102325.734,591130.5,794034.4
153,G9,45,108051.65,595211.56,806557.3
154,G10,1,-1411.6299,-281.67014,-24764.754
154,G10,2,-1456.716,-300.85345,-24467.092
154,G10,3,-1447.7983,-211.5971,-24048.318
154,G10,4,-1236.9004,-232.15906,-24126.719
154,G10,5,-1324.4072,-201.91753,-24101.646
154,G10,6,-1441.6882,-253.76846,-23577.432
154,G10,7,-1473.642,-363.75485,-23513.281
154,G10,8,-1406.0579,-537.8054,-23336.88
154,G10,9,-1413.1975,-555.49835,-22950.773
154,G10,10,-1371.1412,-339.9992,-22739.158
154,G10,11,-1360.737,-344.9662,-22805.938
154,G10,12,-1381.8357,-402.11398,-22735.312
154,G10,13,-1324.6959,-510.89404,-22639.35
154,G10,14,-1319.1759,-478.69968,-22597.898
154,G10,15,-1190.2885,-124.446594,-22611.56
154,G10,16,-1143.2583,-216.45282,-22232.584
154,G10,17,-1227.0435,-479.2267,-22189.44
154,G10,18,-1229.9155,-545.99005,-22199.486
154,G10,19,-1059.2568,-445.68417,-21895.668
154,G10,20,-1363.4114,-469.75635,-21900.64
154,G10,21,-1384.7577,-520.9447,-21800.523
154,G10,22,-1001.0247,-636.32635,-21747.602
154,G10,23,-1017.9873,-660.1101,-22205.266
154,G10,24,-1120.6464,-479.4408,-22380.861
154,G10,25,-1162.509,-261.76816,-22139.27
154,G10,26,-1067.4918,-254.51726,-22129.123
154,G10,27,-1065.4984,-252.62947,-21854.54
154,G10,28,-980.38806,-519.2978,-21774.54
154,G10,29,-1110.718,-622.5537,-21696.354
154,G10,30,-1211.2034,-643.66437,-21810.938
154,G10,31,-1263.8673,-770.5487,-21702.947
154,G10,32,-1305.0645,-837.18835,-21230.928
154,G10,33,-1328.0675,-807.47565,-21016.27
154,G10,34,-1594.5905,-650.7566,-20993.287
154,G10,35,-1609.7501,-544.4683,-20927.139
154,G10,36,-1373.6709,-168.97147,-21015.035
154,G10,37,-1327.5856,-200.67531,-21077.504
154,G10,38,-1484.0525,-271.45084,-20654.967
154,G10,39,-1440.0532,-236.91919,-20482.447
154,G10,40,-1046.1532,-368.93866,-20352.697
154,G10,41,-1139.8213,-470.84055,-20409.787
154,G10,42,-1176.8083,-554.4771,-20304.035
154,G10,43,-916.08997,-540.81146,-19920.783
154,G10,44,-818.4645,-259.23422,-19732.71
154,G10,45,-881.86707,-142.41776,-19378.453
155,G11,1,18810.29,342275.78,98844.11
155,G11,2,18852.84,342457.1,99184.43
155,G11,3,19135.795,342977.2,99875.055
155,G11,4,19232.154,343287.7,100032.28
155,G11,5,19464.709,344354.84,100516.414
155,G11,6,19243.229,344557.62,100711.14
155,G11,7,19132.725,344727.72,100658.766
155,G11,8,19154.69,344766.94,100789.54
155,G11,9,19144.48,345171.47,100812.05
155,G11,10,19259.559,345170.4,101165.47
155,G11,11,19316.965,345428.88,101212.695
155,G11,12,19330.33,346087.97,101573.336
155,G11,13,19551.82,345944.34,101959.01
155,G11,14,19581.203,345964.12,102272.8
155,G11,15,19708.74,346848.12,102146.164
155,G11,16,19661.992,346700.53,101924.06
155,G11,17,19594.762,346423.97,101865.65
155,G11,18,19543.98,346441.5,102319.62
155,G11,19,19575.79,346976.12,102466.516
155,G11,20,19305.793,347615.9,103226.81
155,G11,21,19278.861,348257.12,103628.19
155,G11,22,19703.703,348921.16,103474.99
155,G11,23,19923.902,349102.06,103280.59
155,G11,24,19804.057,348947.3,103453.61
155,G11,25,19742.863,348767.16,104047.52
155,G11,26,19988.625,348811.8,104374.78
155,G11,27,20207.525,350116.75,105057.1
155,G11,28,20143.207,351298.44,106384.59
155,G11,29,20073.395,352017.3,107876.51
155,G11,30,20264.736,354165.47,111852.78
155,G11,31,20506.574,357320.84,119955.06
155,G11,32,20918.443,364312.78,134613.72
155,G11,33,21130.95,377527.34,161878.81
155,G11,34,21416.932,399509.28,204432.56
155,G11,35,22109.63,429486.84,257652.66
155,G11,36,22409.355,458430.1,316694.6
155,G11,37,22599.574,479638.12,377058.94
155,G11,38,23062.318,495322.62,433021.22
155,G11,39,23346.996,508239,482896.3
155,G11,40,23857.57,518056.38,528035.94
155,G11,41,24226.877,526592.1,568872.7
155,G11,42,24407.9,534036.44,606439.56
155,G11,43,24554.996,541462.06,640127.25
155,G11,44,25255.982,547713.56,670929.75
155,G11,45,25688.328,553225.06,696023.4
156,G12,1,-2338.1128,-425.91733,-16566.578
156,G12,2,-2329.91,-449.65646,-16513.164
156,G12,3,-1960.6774,-428.52228,-16277.642
156,G12,4,-1919.0101,-433.07394,-16170.929
156,G12,5,-2318.704,-371.91644,-15797.497
156,G12,6,-2518.8418,-669.08435,-15716.779
156,G12,7,-2490.6973,-713.54315,-15508.211
156,G12,8,-2117.658,-466.34326,-15467.268
156,G12,9,-1999.2139,-437.14975,-15417.203
156,G12,10,-2061.599,-388.72705,-15426.251
156,G12,11,-2118.3694,-409.12384,-15207.959
156,G12,12,-2109.7634,-342.07748,-15196.408
156,G12,13,-2292.3813,-346.36148,-15248.974
156,G12,14,-2318.5884,-547.3776,-15057.37
156,G12,15,-2048.538,-608.75507,-14913.9
156,G12,16,-2172.6042,-475.11844,-14706.202
156,G12,17,-2696.696,-367.00708,-14793.134
156,G12,18,-2761.493,-372.9836,-14960.194
156,G12,19,-2491.7634,-395.3874,-15047.053
156,G12,20,-2378.0967,-607.4153,-14850.618
156,G12,21,-2436.2717,-846.6041,-14681.666
156,G12,22,-2438.1453,-894.2064,-14769.331
156,G12,23,-2207.0098,-833.27423,-14828.422
156,G12,24,-2226.8652,-703.64026,-14829.359
156,G12,25,-2495.8262,-699.7453,-14875.208
156,G12,26,-2529.2932,-683.55664,-14708.037
156,G12,27,-2235.9695,-711.1451,-14798.159
156,G12,28,-2017.1492,-707.66144,-14875.053
156,G12,29,-1880.1399,-676.28107,-14632.56
156,G12,30,-2249.379,-693.9719,-14526.543
156,G12,31,-2416.5645,-672.4217,-14595.41
156,G12,32,-2489.4382,-708.1824,-14523.465
156,G12,33,-2505.785,-773.69586,-14485.897
156,G12,34,-2370.0557,-880.9436,-14029.693
156,G12,35,-2358.9963,-849.25775,-13993.872
156,G12,36,-2216.103,-588.40625,-14080.82
156,G12,37,-1992.8567,-446.85757,-14066.88
156,G12,38,-1962.0332,-469.36,-13510.013
156,G12,39,-2035.1376,-461.8985,-13498.061
156,G12,40,-2100.3586,-471.1569,-13504.562
156,G12,41,-2319.2524,-356.91003,-13198.545
156,G12,42,-2414.6636,-355.61172,-13204.405
156,G12,43,-2405.6714,-247.45485,-13354.204
156,G12,44,-2415.6292,-176.36272,-13244.071
156,G12,45,-2293.1858,-231.76695,-12868.807
157,G13,1,18545.814,329532.66,97162.29
157,G13,2,18727.002,329898.16,97222.02
157,G13,3,18726.266,330091.38,97576.52
157,G13,4,18657.152,330474.44,97605.48
157,G13,5,18707.307,330636.47,97583.11
157,G13,6,18929.871,330566.8,97736.76
157,G13,7,18968.771,330373.6,97837.59
157,G13,8,18994.668,330316.47,98384.51
157,G13,9,18900.318,330608.38,98757.29
157,G13,10,18763.059,330701.72,98840.64
157,G13,11,18524.701,330799.66,99279.02
157,G13,12,18589.033,331521.84,99320.85
157,G13,13,19175.307,331615.1,99448.74
157,G13,14,19341.838,331689.38,99389.125
157,G13,15,19636.639,331664.84,99238.5
157,G13,16,19808.152,331918.5,99133.79
157,G13,17,19738.096,332062.1,99326.66
157,G13,18,19638.287,332683.28,99580.055
157,G13,19,19667.598,332967.16,99550.96
157,G13,20,19665.482,333082,99667.64
157,G13,21,19801.273,333911.47,99753.74
157,G13,22,19956.7,333914.22,100280.82
157,G13,23,20004.533,333774.28,100681.73
157,G13,24,19925.139,333913.06,100832.13
157,G13,25,19960.932,333946.72,100919.51
157,G13,26,19936.875,334498.06,101130.89
157,G13,27,19837.693,335037.3,101902.305
157,G13,28,19838.793,335090.66,102563.16
157,G13,29,19781.91,336027.28,104773.88
157,G13,30,19625.807,338223.8,108674.086
157,G13,31,19666.137,340985.94,115828.74
157,G13,32,20275.764,346722.28,130120.75
157,G13,33,20343.906,358569.66,155760.97
157,G13,34,20447.63,376735.7,196167.58
157,G13,35,20646.314,402227.4,246156.47
157,G13,36,20781.291,427031.75,302214.6
157,G13,37,20829.896,445393.7,359233.8
157,G13,38,21442.676,459952.47,411563.72
157,G13,39,21808.35,470543.06,458264.16
157,G13,40,21853.414,479566.94,500955.72
157,G13,41,21866.738,487566.2,539232.94
157,G13,42,22160.656,493600.28,574256.06
157,G13,43,22183.39,499519.56,606657.1
157,G13,44,22112.13,505532.06,636229
157,G13,45,21942.484,510036.97,659433.5
158,G14,1,-1112.3683,755.1357,-9119.703
158,G14,2,-1146.3888,730.01215,-8873.533
158,G14,3,-1241.1062,762.02155,-8356.009
158,G14,4,-1238.4419,974.71747,-7885.278
158,G14,5,-1015.7347,950.411,-7575.825
158,G14,6,-941.6851,873.1821,-7557.633
158,G14,7,-686.8537,887.24664,-7391.4243
158,G14,8,-783.94275,1060.0435,-7245.8813
158,G14,9,-1068.2007,1061.9088,-7152.4365
158,G14,10,-1173.8821,871.2436,-7025.193
158,G14,11,-1116.2496,782.34143,-6703.242
158,G14,12,-894.19336,812.0116,-6762.164
158,G14,13,-793.5786,927.6146,-6988.696
158,G14,14,-900.0545,1041.9639,-7058.644
158,G14,15,-1145.1904,980.77374,-6664.439
158,G14,16,-1251.6522,862.3141,-6471.686
158,G14,17,-1269.0134,670.47406,-6449.258
158,G14,18,-1161.7539,623.1935,-6541.601
158,G14,19,-1013.59283,722.10016,-6413.908
158,G14,20,-806.2226,720.9191,-6384.6045
158,G14,21,-825.3655,707.7986,-6370.1694
158,G14,22,-909.8328,479.6532,-6437.325
158,G14,23,-1055.5222,494.77432,-6413.426
158,G14,24,-1358.6882,794.76227,-6317.108
158,G14,25,-1383.8575,809.0166,-6329.866
158,G14,26,-1106.3274,743.07495,-6397.479
158,G14,27,-1070.9906,698.1649,-6128.0835
158,G14,28,-1275.5045,725.6651,-6128.688
158,G14,29,-1296.3473,743.3419,-6287.768
158,G14,30,-1018.3599,776.96295,-6267.6313
158,G14,31,-809.50024,919.02014,-6072.718
158,G14,32,-674.00134,988.04706,-6058.028
158,G14,33,-720.93616,946.65564,-6041.4604
158,G14,34,-794.83234,926.5803,-6093.0034
158,G14,35,-998.8958,805.3074,-5881.7085
158,G14,36,-1057.7329,751.6046,-5896.626
158,G14,37,-1010.2574,818.9199,-5682.3164
158,G14,38,-1426.6487,796.56067,-5704.901
158,G14,39,-1460.8605,766.94855,-5514.882
158,G14,40,-1143.6056,794.7491,-5567.884
158,G14,41,-1116.6044,554.6076,-5393.1836
158,G14,42,-1132.2926,522.87506,-5263.077
158,G14,43,-1069.3748,772.5339,-5326.0996
158,G14,44,-823.85754,988.7998,-5074.743
158,G14,45,-831.14966,969.5064,-5053.069
159,G15,1,18042.635,335349.12,114863.2
159,G15,2,18020.96,335445.5,114915.35
159,G15,3,17997.97,335717.88,115515.88
159,G15,4,18058.533,336038.4,115849.11
159,G15,5,18422.064,336185.12,116063.65
159,G15,6,18408.996,336741.78,116159.125
159,G15,7,18234.096,336851.44,116676.94
159,G15,8,17858.434,337104.62,116755.125
159,G15,9,17849.078,337186.25,116800.04
159,G15,10,18305.734,337103.7,116642.71
159,G15,11,18881.77,337194.12,116656.7
159,G15,12,18947.316,337311.1,117320.12
159,G15,13,18878.246,337301.1,117580.58
159,G15,14,18919.79,337564.78,117454.01
159,G15,15,19053.137,337571.3,117410.766
159,G15,16,19022.201,337731.2,117692.984
159,G15,17,18927.914,338115.78,117725.305
159,G15,18,18962.117,338326.72,117562.47
159,G15,19,19068.768,338513.25,117466.85
159,G15,20,19004.182,338868.47,117688.18
159,G15,21,18955.43,338953.72,117728.06
159,G15,22,18957.246,339370.94,118250.04
159,G15,23,19264.625,339484.53,118799.15
159,G15,24,19361.191,339484.1,118811.05
159,G15,25,19342.021,339829.88,118699.39
159,G15,26,19256.762,339748.06,118973.56
159,G15,27,19272.227,339778.38,119271.35
159,G15,28,19200.209,340119.75,119659.03
159,G15,29,19199.457,340131.56,120082.73
159,G15,30,19211.928,340443.8,120954.016
159,G15,31,19556.42,340478.4,122590.625
159,G15,32,19597.75,341112.88,125723.56
159,G15,33,19764.754,342233.78,131832.36
159,G15,34,19662.863,343571.88,143036.16
159,G15,35,19445.477,345882.88,160817.62
159,G15,36,19435.893,349369.25,183222.4
159,G15,37,19949.584,352428.8,209482
159,G15,38,20136.924,354675.78,235946.67
159,G15,39,20454.125,357560.22,260344.19
159,G15,40,20524.523,358903.2,283516.84
159,G15,41,20106.336,359570.28,306049.12
159,G15,42,19966.953,361068.1,327793.34
159,G15,43,20305.957,362362.75,348833.97
159,G15,44,20518.908,363792.16,369948.62
159,G15,45,20637.836,364809.3,387003.8
160,G16,1,-13320.846,-164.23288,-15331.044
160,G16,2,-13444.135,-183.08894,-15157.5205
160,G16,3,-13584.083,-172.24345,-14856.479
160,G16,4,-13671.621,-207.85614,-14537.461
160,G16,5,-13785.319,-232.5773,-14537.55
160,G16,6,-13715.258,-289.8066,-14489.367
160,G16,7,-13313.393,-401.68054,-13935.695
160,G16,8,-13205.196,-416.70862,-13808.429
160,G16,9,-13253.323,-338.68192,-13829.522
160,G16,10,-13216.793,-361.97375,-13832.293
160,G16,11,-13150.054,-438.78275,-13441.667
160,G16,12,-13246.831,-440.56604,-13332.493
160,G16,13,-13253.084,-374.10254,-13322.741
160,G16,14,-13009.485,-354.7898,-13209.39
160,G16,15,-13168.758,-254.34685,-13057.573
160,G16,16,-13234.688,-144.17822,-13109.661
160,G16,17,-13067.273,47.77705,-12977.245
160,G16,18,-13107.845,-90.88641,-12901.397
160,G16,19,-13191.904,-154.09366,-12919.202
160,G16,20,-13137.724,-112.808624,-12961.503
160,G16,21,-12867.326,-312.46567,-12898.327
160,G16,22,-12867.659,-316.95697,-12774.828
160,G16,23,-12934.649,-42.473778,-12819.422
160,G16,24,-12855.788,-32.22758,-12751.427
160,G16,25,-12899.602,-128.90276,-12817.991
160,G16,26,-13252.708,-173.32901,-12661.413
160,G16,27,-13313.331,-125.41996,-12461.712
160,G16,28,-13027.049,-165.29146,-12296.916
160,G16,29,-13016.064,-230.72171,-12472.748
160,G16,30,-13025.194,-261.64984,-12584.672
160,G16,31,-13106.9,-175.09576,-12330.894
160,G16,32,-13162.938,-14.0276785,-12335.958
160,G16,33,-13065.009,48.052795,-12291.547
160,G16,34,-13045.724,-78.63243,-12275.655
160,G16,35,-13095.143,-102.178024,-12197.098
160,G16,36,-13069.795,103.22501,-12182.229
160,G16,37,-13079.135,140.48927,-12152.819
160,G16,38,-12923.316,122.42725,-12116.3545
160,G16,39,-12918.554,77.22191,-11785.549
160,G16,40,-12959.354,41.272663,-11786.556
160,G16,41,-13164.689,127.378456,-11886.751
160,G16,42,-13286.484,79.39929,-11856.725
160,G16,43,-13364.116,4.739924,-11786.632
160,G16,44,-13289.941,-30.983091,-11603.531
160,G16,45,-12730.006,-85.49444,-11505.658
161,G17,1,17752.531,325241,130313.48
161,G17,2,17761.137,325306.66,130480.95
161,G17,3,17776.535,326011.84,130767.25
161,G17,4,17877.74,326159.88,130955.67
161,G17,5,18025.67,326071.97,131268.9
161,G17,6,18014.64,326049.9,131403.3
161,G17,7,17797.309,326297.25,131282.27
161,G17,8,17805.15,326294.56,131229.17
161,G17,9,18054.742,326394.66,131516.23
161,G17,10,18072.11,326629.94,131741.02
161,G17,11,18090.879,326595.7,131817.92
161,G17,12,18233.006,326635.22,132267.16
161,G17,13,18351.566,327188.34,132307.16
161,G17,14,18306.893,327130.28,132341.67
161,G17,15,18268.977,327049.66,132753.1
161,G17,16,18279.232,327310.06,132804.19
161,G17,17,18299.85,327330.88,133081.17
161,G17,18,18563.09,327655.97,133291.06
161,G17,19,18604.717,328041.5,133268.39
161,G17,20,18681.938,327867.1,133584.3
161,G17,21,18866.344,327839.2,133775.81
161,G17,22,18829.252,328440.34,133847.7
161,G17,23,18794.207,328446.3,133851.08
161,G17,24,18741.174,328347.16,133837.66
161,G17,25,18835.604,328683.78,134227.77
161,G17,26,18850.703,328926.72,134586.77
161,G17,27,18828.734,328880.03,134775.81
161,G17,28,19031.045,329188.53,134692.36
161,G17,29,19087.854,329639.22,135020.14
161,G17,30,19402.8,329974.88,135780.34
161,G17,31,19420.969,330524.34,136569.77
161,G17,32,19502.205,331104.94,138777.78
161,G17,33,19488.326,332225.56,142797.2
161,G17,34,19572.297,334891.34,149673.69
161,G17,35,19459.21,339466.53,161868.47
161,G17,36,19359.064,346886.4,179052.44
161,G17,37,19468.068,354573.94,199762.8
161,G17,38,19496.287,360419.6,222019.6
161,G17,39,19566.215,364564.47,244418.83
161,G17,40,19594.037,368355.38,266549.34
161,G17,41,19781.766,371687.03,287842.88
161,G17,42,19839.33,374498.4,308996.56
161,G17,43,19806.113,376797.9,329689.3
161,G17,44,20050.209,378342.88,349798.8
161,G17,45,19996.059,380241.53,367063.9
162,G18,1,601.3714,1238.9445,-2331.2349
162,G18,2,618.0237,1241.8988,-2334.7283
162,G18,3,528.3048,1097.231,-2349.7122
162,G18,4,475.29913,1033.9711,-2354.9988
162,G18,5,495.5923,1052.6044,-2353.6458
162,G18,6,458.98376,1030.8307,-2306.952
162,G18,7,428.3193,1037.325,-2102.3303
162,G18,8,434.00845,1033.9971,-2001.4364
162,G18,9,452.60635,1074.4497,-1881.5913
162,G18,10,625.16864,883.6172,-1731.933
162,G18,11,604.1212,906.9904,-1744.8035
162,G18,12,502.32513,1186.8317,-1671.4294
162,G18,13,396.4788,1094.2197,-1523.2313
162,G18,14,372.73947,1029.0419,-1423.9546
162,G18,15,456.12698,1056.59,-1382.4829
162,G18,16,474.26224,1089.2457,-1048.4131
162,G18,17,580.67535,1303.2922,-981.5114
162,G18,18,594.7287,1273.8965,-1027.5365
162,G18,19,673.45685,1122.3574,-868.8476
162,G18,20,552.2693,1027.1578,-890.53015
162,G18,21,433.2776,1016.9675,-937.0128
162,G18,22,395.12833,1160.0684,-728.5839
162,G18,23,452.08167,1226.2567,-658.7252
162,G18,24,495.90717,1243.5199,-695.8818
162,G18,25,439.9915,1107.2937,-626.20886
162,G18,26,400.43103,1083.8682,-547.66876
162,G18,27,447.24084,1264.9784,-259.01138
162,G18,28,489.51678,1275.3027,-254.58305
162,G18,29,289.47037,1235.8639,-134.24988
162,G18,30,289.26636,1315.2587,1.1518028
162,G18,31,508.88452,1383.2673,-39.17615
162,G18,32,519.7676,1325.1984,-42.759026
162,G18,33,500.54507,1258.5123,-46.319546
162,G18,34,474.76962,1276.9141,-56.12895
162,G18,35,398.40967,1350.9795,245.01343
162,G18,36,419.98663,1312.6903,257.40472
162,G18,37,639.6516,1283.2356,380.8851
162,G18,38,518.7506,1399.4196,326.42465
162,G18,39,484.28958,1401.5756,243.27614
162,G18,40,652.9799,1483.634,176.4477
162,G18,41,636.8705,1438.9724,306.01065
162,G18,42,573.3827,1410.0013,425.5091
162,G18,43,519.87964,1399.0952,578.88214
162,G18,44,535.48444,1135.1075,671.8047
162,G18,45,633.526,1029.9143,764.56555
163,G19,1,17553.066,332442.06,130206.19
163,G19,2,17593.14,332984.25,130747.86
163,G19,3,18020.992,333939.1,131399.83
163,G19,4,18102.205,334543.03,131865.2
163,G19,5,18122.646,334587.22,131962.3
163,G19,6,18116.488,334779.4,132413.3
163,G19,7,18275.715,334742.53,132719.58
163,G19,8,18252.777,334931.22,132799.92
163,G19,9,18191.275,335189.25,133078.31
163,G19,10,18254.953,335459.12,133592.27
163,G19,11,18273.836,335770.75,133851.89
163,G19,12,18333.13,335777.2,134413.03
163,G19,13,18477.668,336194,134678.7
163,G19,14,18681.268,336694.28,135055.1
163,G19,15,18654.322,337412.66,135955.84
163,G19,16,18555.668,338144.56,137557.39
163,G19,17,18566.004,339563.53,140121.72
163,G19,18,18693.809,342337.62,145360.58
163,G19,19,18805.242,347447.3,156063.19
163,G19,20,18847.988,357980.12,176487.8
163,G19,21,18910.488,377421.66,212402.5
163,G19,22,18992.389,409620.22,270409.25
163,G19,23,19220.715,450830.38,344860.25
163,G19,24,19375.787,492798.16,417777.3
163,G19,25,19519.92,523769.22,487938.56
163,G19,26,19488.027,546162,554373.5
163,G19,27,19618.309,563070.2,610571.75
163,G19,28,19607.77,576909.3,658797.5
163,G19,29,19853.248,587027.9,699971
163,G19,30,20013.516,597297.94,735766.1
163,G19,31,20125.86,605467.7,766522.06
163,G19,32,20208.453,611444.6,793741.75
163,G19,33,20216.217,617305.4,816455.2
163,G19,34,20249.42,621644.06,836703.8
163,G19,35,20377.275,626941.5,853657.1
163,G19,36,20468.928,630514.7,868963.5
163,G19,37,20501,631910.56,882455.3
163,G19,38,20563.154,635472.3,892951.25
163,G19,39,20470.39,637913.75,903670.44
163,G19,40,20387.588,640370.1,912132.9
163,G19,41,20417.361,642020.8,919730.94
163,G19,42,20440.559,643963.8,927178.7
163,G19,43,20591.994,644399.1,932327.6
163,G19,44,20654.36,645296.25,936936.9
163,G19,45,20820.564,645459.7,942151.9
164,G20,1,-190.96735,441.65634,-5758.4746
164,G20,2,-181.08942,474.1632,-5633.2114
164,G20,3,-104.9798,497.39178,-5542.5137
164,G20,4,-109.38167,603.27985,-5546.13
164,G20,5,-86.95569,604.6197,-5380.752
164,G20,6,-97.13759,539.27014,-5186.0674
164,G20,7,-179.36925,426.08044,-5017.755
164,G20,8,-164.20914,397.9399,-4774.337
164,G20,9,12.799932,401.62912,-4694.5625
164,G20,10,-76.994514,433.69675,-4709.625
164,G20,11,-131.89482,575.40076,-4617.254
164,G20,12,-112.81959,635.56354,-4578.2896
164,G20,13,-139.885,585.9122,-4485.1914
164,G20,14,-173.28934,475.36606,-4551.848
164,G20,15,-178.24898,451.8772,-4549.8
164,G20,16,-103.44748,516.738,-4497.6675
164,G20,17,-98.8241,538.6087,-4546.8574
164,G20,18,-53.45792,552.1212,-4453.992
164,G20,19,-102.29103,530.3351,-4403.2207
164,G20,20,-225.68819,528.5694,-4246.3794
164,G20,21,-264.31885,515.45325,-4241.1235
164,G20,22,-241.26709,568.9451,-4110.1587
164,G20,23,-135.0128,633.49286,-3936.5688
164,G20,24,-144.11545,605.41504,-3864.6663
164,G20,25,-185.69353,583.8501,-3821.847
164,G20,26,-199.79803,650.53485,-3758.2295
164,G20,27,-159.40242,632.4665,-3746.6763
164,G20,28,-176.03145,618.7019,-3672.3083
164,G20,29,-189.58003,615.91516,-3395.9116
164,G20,30,-168.43951,746.556,-3335.597
164,G20,31,-182.76366,845.50934,-3326.828
164,G20,32,-144.98442,928.24646,-3335.185
164,G20,33,-2.523873,815.14874,-3234.8286
164,G20,34,13.0285635,764.60236,-3131.5962
164,G20,35,-29.431116,897.11786,-2957.0498
164,G20,36,-58.165432,1015.33997,-2915.0037
164,G20,37,-148.8872,971.08295,-2918.6711
164,G20,38,-169.1648,944.713,-2916.2485
164,G20,39,-87.334885,1046.7576,-2910.748
164,G20,40,-96.39782,1111.0858,-2682.3755
164,G20,41,-106.096436,1099.7174,-2651.213
164,G20,42,-103.62635,1029.3641,-2465.7117
164,G20,43,-14.588179,946.80865,-2416.6992
164,G20,44,-110.99335,893.37317,-2568.091
164,G20,45,-168.01001,886.5455,-2752.252
165,G21,1,16935.988,329651.97,113414.75
165,G21,2,16937.584,329642.8,113442.43
165,G21,3,16968.1,329677.47,113770.42
165,G21,4,16995.564,329486.75,113919.98
165,G21,5,17069.318,329489.66,113904.12
165,G21,6,17082.809,329714.22,114041.35
165,G21,7,17187.084,329721.4,114310.73
165,G21,8,17270.635,329719.4,114464.42
165,G21,9,17256.27,329902.88,114875.98
165,G21,10,17329.182,330201.4,114862.38
165,G21,11,17440.03,330445.88,114864.54
165,G21,12,17430.81,330538,115315.72
165,G21,13,17499.035,330662.03,115324.664
165,G21,14,17743.49,330807.56,115455.93
165,G21,15,17743.695,331170.34,116084.055
165,G21,16,17778.443,331452.97,116228.11
165,G21,17,17824.35,331433.03,116129.734
165,G21,18,17839.543,331622.1,116304.34
165,G21,19,17878.064,331945.3,116625.55
165,G21,20,17896.07,332261.44,116840.19
165,G21,21,17820.451,332735.34,117520.93
165,G21,22,17828.973,332917.4,118543.51
165,G21,23,17992.896,333922.94,120288.72
165,G21,24,18007.146,335376.9,123735.74
165,G21,25,17987.088,338723.44,130148.055
165,G21,26,17992.037,345073.8,142840.88
165,G21,27,18275.535,357895.94,165982.62
165,G21,28,18415.3,381290.5,207187.47
165,G21,29,18828.807,416461.5,269645.38
165,G21,30,19114.229,457676.53,340859.56
165,G21,31,19341.225,496222.03,411245.06
165,G21,32,19611.465,523314.28,478298.9
165,G21,33,19856.709,542878.56,539327.1
165,G21,34,20089.727,558201.3,590053.1
165,G21,35,20308.672,570718.8,632722.1
165,G21,36,20313.174,579792.9,669378.25
165,G21,37,20327.408,587807.3,699972.75
165,G21,38,20540.506,595134,725245.9
165,G21,39,20664.61,601724.5,747441.7
165,G21,40,20676.62,606341.56,767535.2
165,G21,41,20709.588,610846.75,783008.9
165,G21,42,20860.834,614488.5,797109.3
165,G21,43,21017.357,618172.44,809778.94
165,G21,44,20993.1,619921.8,822240.9
165,G21,45,21325.648,622252,830020.8
166,G22,1,-776.461,351.7434,-8779.179
166,G22,2,-769.1722,346.34848,-8660.972
166,G22,3,-694.3452,359.33044,-8529.421
166,G22,4,-717.5533,299.94006,-8301.645
166,G22,5,-769.2711,274.40787,-8149.4917
166,G22,6,-790.6922,338.9817,-8070.691
166,G22,7,-750.4755,290.10526,-8086.1436
166,G22,8,-760.68475,252.20561,-7915.8022
166,G22,9,-748.3467,273.99866,-7769.9746
166,G22,10,-593.47845,250.85033,-7677.184
166,G22,11,-642.82886,257.81448,-7691.135
166,G22,12,-843.4775,328.23132,-7752.8306
166,G22,13,-881.8865,388.56183,-7659.9395
166,G22,14,-815.3012,389.4115,-7659.273
166,G22,15,-718.0453,302.06464,-7582.529
166,G22,16,-729.1013,223.13573,-7480.2197
166,G22,17,-739.373,189.82849,-7522.9526
166,G22,18,-651.7827,217.67136,-7578.389
166,G22,19,-671.89764,278.10907,-7662.4067
166,G22,20,-708.2733,250.35162,-7687.1753
166,G22,21,-725.3301,166.15392,-7377.543
166,G22,22,-761.70087,127.60279,-7275.328
166,G22,23,-773.5521,104.07364,-7300.1763
166,G22,24,-703.42816,136.32297,-7222.2383
166,G22,25,-654.36993,308.79083,-7107.551
166,G22,26,-677.2396,389.84042,-7097.8335
166,G22,27,-704.70776,376.97906,-6954.785
166,G22,28,-743.4701,431.3828,-6963.7197
166,G22,29,-746.95544,439.1577,-7081.9023
166,G22,30,-686.5397,478.8668,-7115.701
166,G22,31,-716.086,553.03156,-6936.535
166,G22,32,-756.8694,550.5633,-6956.431
166,G22,33,-742.0312,653.74255,-6824.5933
166,G22,34,-656.8284,622.2509,-6817.4556
166,G22,35,-640.92944,522.34607,-6789.3115
166,G22,36,-573.8169,451.40823,-6630.526
166,G22,37,-750.7718,440.35654,-6481.994
166,G22,38,-804.7643,485.51807,-6557.006
166,G22,39,-705.67255,551.685,-6487.08
166,G22,40,-585.84174,668.16675,-6348.1104
166,G22,41,-669.22864,652.6165,-6360.9346
166,G22,42,-713.75726,595.8899,-6222.9434
166,G22,43,-635.0626,583.1137,-6248.8003
166,G22,44,-523.03406,438.44672,-6251.69
166,G22,45,-510.80164,359.24548,-6302.027
167,G23,1,16585.56,324139.94,122033.83
167,G23,2,16595.223,324288.62,122071.83
167,G23,3,16686.293,324608.4,122335.31
167,G23,4,16841.008,324525.12,122766.89
167,G23,5,16865.24,324507.22,122918.24
167,G23,6,16868.84,324821.4,123195.76
167,G23,7,16840.371,324920.5,123408.875
167,G23,8,16776.992,324713.97,123458.97
167,G23,9,16751.559,324697.9,123661.65
167,G23,10,16848.938,325158.62,123756.94
167,G23,11,16986.566,325536.3,123944.375
167,G23,12,17080.943,325740.88,124114.125
167,G23,13,17044.385,325700.78,124117.305
167,G23,14,17055.617,325810.8,124413.94
167,G23,15,17145.396,325982.56,124497.85
167,G23,16,17124.465,326226.16,124670.41
167,G23,17,17188.842,326419.84,124763.49
167,G23,18,17325.375,326333.25,124824.48
167,G23,19,17298.275,326326.66,125040.87
167,G23,20,17351.74,326455.3,125171
167,G23,21,17490.803,326585.16,125116.75
167,G23,22,17455.402,326844.84,125407.9
167,G23,23,17481.748,326832.88,125720.875
167,G23,24,17571.7,327043.34,125605.26
167,G23,25,17562.049,327168.84,125538.25
167,G23,26,17498.934,327302.62,126027.29
167,G23,27,17588.479,327280.7,126209.2
167,G23,28,17785.072,327545.4,126210.41
167,G23,29,17759.96,328075.75,126615.06
167,G23,30,17789.896,328242,127276.695
167,G23,31,17873.295,328751.03,128238.98
167,G23,32,17880.078,328931.47,129949.68
167,G23,33,17872.203,330378.94,133107.67
167,G23,34,17840.465,333675.47,139647.14
167,G23,35,18045.781,338077.8,150974.98
167,G23,36,18134.5,345979.34,166428.06
167,G23,37,18229.49,355004.94,185208.75
167,G23,38,18261.33,362031.06,205075.48
167,G23,39,18326.389,367154.3,223453.7
167,G23,40,18270.084,371732.12,240867.23
167,G23,41,18341.86,374905.66,257268.62
167,G23,42,18432.127,377836.34,272447.84
167,G23,43,18554.008,379914.62,287138.84
167,G23,44,18643.297,382489.56,302329.78
167,G23,45,18604.664,384701.88,314659.47
168,G24,1,-1335.641,688.13196,-9697.071
168,G24,2,-1321.6542,664.22174,-9683.373
168,G24,3,-1341.0162,643.3013,-9665.234
168,G24,4,-1357.1407,530.8802,-9658.948
168,G24,5,-1374.1924,431.59375,-9595.242
168,G24,6,-1365.6849,422.5535,-9611.094
168,G24,7,-1365.9268,532.47906,-9597.248
168,G24,8,-1332.9141,492.17447,-9430.865
168,G24,9,-1414.4657,471.6027,-9413.575
168,G24,10,-1428.7749,557.96106,-9461.392
168,G24,11,-1382.6134,514.8418,-9491.819
168,G24,12,-1375.6543,470.4837,-9446.936
168,G24,13,-1371.961,473.3408,-9431.903
168,G24,14,-1412.6989,449.81628,-9248.238
168,G24,15,-1406.4457,447.4793,-9102.276
168,G24,16,-1307.568,410.64694,-9168.191
168,G24,17,-1284.6348,382.94147,-9209.547
168,G24,18,-1288.3535,393.55396,-9090.087
168,G24,19,-1279.7332,392.34195,-9092.805
168,G24,20,-1305.2777,380.94894,-9055.969
168,G24,21,-1341.7496,426.0422,-9080.4
168,G24,22,-1373.9686,459.84604,-8958.975
168,G24,23,-1414.7979,422.40466,-8798.365
168,G24,24,-1416.3124,385.7768,-8859.751
168,G24,25,-1353.8518,373.8761,-8930.057
168,G24,26,-1314.8558,380.81943,-8827.08
168,G24,27,-1283.269,364.87787,-8709.196
168,G24,28,-1337.6132,368.37802,-8746.166
168,G24,29,-1360.4963,408.6852,-8752.2
168,G24,30,-1310.754,499.43326,-8768.153
168,G24,31,-1287.9974,460.21024,-8789.33
168,G24,32,-1275.6604,424.01672,-8741.776
168,G24,33,-1290.1038,437.66092,-8685.943
168,G24,34,-1308.07,417.46005,-8708.995
168,G24,35,-1247.1036,396.7217,-8595.311
168,G24,36,-1185.6394,419.8099,-8517.712
168,G24,37,-1217.7953,415.72095,-8460.843
168,G24,38,-1261.2521,467.5234,-8450.311
168,G24,39,-1294.7987,463.34476,-8523.807
168,G24,40,-1302.9961,334.94318,-8507.206
168,G24,41,-1274.4827,311.62393,-8441.68
168,G24,42,-1147.366,367.95828,-8382.994
168,G24,43,-1168.2811,401.77618,-8308.37
168,G24,44,-1232.3876,348.25406,-8333.779
168,G24,45,-1277.8677,321.14252,-8156.7036
169,H1,1,-942.769,948.9544,-25806.883
169,H1,2,-945.3627,906.52264,-25616.674
169,H1,3,-861.08295,688.98785,-25528.21
169,H1,4,-866.3718,669.36304,-25293.713
169,H1,5,-989.28595,797.58484,-25068.504
169,H1,6,-1017.4996,836.48755,-24943.525
169,H1,7,-983.9183,994.0514,-24869.836
169,H1,8,-997.69434,1069.9641,-24719.53
169,H1,9,-1027.7283,1039.088,-24759.318
169,H1,10,-1000.87695,936.28674,-24750.43
169,H1,11,-865.5827,897.3419,-24716.951
169,H1,12,-870.6892,970.40765,-24308.691
169,H1,13,-876.7034,962.1623,-24288.207
169,H1,14,-766.216,998.9548,-24232.828
169,H1,15,-739.9275,966.00244,-24214.252
169,H1,16,-777.39825,943.85834,-24291.94
169,H1,17,-785.8415,936.97675,-24233.037
169,H1,18,-826.29456,1058.4955,-24252.371
169,H1,19,-871.7166,1049.601,-24112.916
169,H1,20,-898.5089,1057.457,-24121.697
169,H1,21,-923.12616,1028.3168,-23895.514
169,H1,22,-859.4556,1058.8958,-23685.99
169,H1,23,-704.9773,1015.14935,-23316.582
169,H1,24,-852.49603,998.36304,-23349.143
169,H1,25,-905.0703,1075.9486,-23295.268
169,H1,26,-827.4081,1099.2274,-23068.484
169,H1,27,-796.1505,1056.5945,-22971.68
169,H1,28,-690.7985,1058.5544,-23009.328
169,H1,29,-600.2041,1003.17737,-22810.297
169,H1,30,-660.58405,986.2482,-22754.979
169,H1,31,-697.12286,1147.8263,-22659.555
169,H1,32,-608.5375,1220.2277,-22402.676
169,H1,33,-635.0993,1273.8964,-22155.883
169,H1,34,-662.32367,1209.2089,-22201.363
169,H1,35,-567.0807,1106.737,-22021.188
169,H1,36,-561.2174,1002.7845,-22045.178
169,H1,37,-522.2514,997.70337,-22133.871
169,H1,38,-541.27203,1211.3303,-22249.56
169,H1,39,-587.82074,1197.3214,-22066.12
169,H1,40,-562.13904,1132.5319,-22049.637
169,H1,41,-583.17175,1119.9841,-22133.77
169,H1,42,-549.59155,1184.3131,-21861.799
169,H1,43,-688.7143,1026.1525,-21795.307
169,H1,44,-757.3529,963.88007,-21676.885
169,H1,45,-721.0225,1063.7257,-21811.848
170,H2,1,-477.31006,695.7707,-13242.486
170,H2,2,-501.45932,686.8277,-13092.797
170,H2,3,-541.4868,669.28784,-12950.086
170,H2,4,-533.7216,764.63885,-12484.549
170,H2,5,-529.6815,906.6428,-12386.085
170,H2,6,-546.8386,811.7305,-12348.756
170,H2,7,-549.6867,744.8796,-12177.746
170,H2,8,-435.64523,735.1429,-12133.255
170,H2,9,-411.64185,680.42255,-11788.139
170,H2,10,-468.10187,638.17664,-11668.236
170,H2,11,-517.23456,666.97723,-11673.983
170,H2,12,-507.35202,804.1993,-11746.382
170,H2,13,-433.16776,744.1869,-11648.968
170,H2,14,-461.72946,704.90625,-11605.2295
170,H2,15,-535.1499,723.4371,-11427.356
170,H2,16,-674.64526,564.37036,-11402.979
170,H2,17,-672.84625,551.57825,-11475.064
170,H2,18,-523.9159,685.1758,-11361.228
170,H2,19,-481.9008,727.6952,-11473.475
170,H2,20,-473.94388,792.51495,-11595.186
170,H2,21,-511.29736,886.68713,-11451.949
170,H2,22,-544.81647,937.8484,-11104.548
170,H2,23,-539.18744,895.72626,-10938.884
170,H2,24,-368.81345,838.5504,-10821.713
170,H2,25,-273.07898,817.1315,-10679.115
170,H2,26,-298.34732,796.26996,-10649.376
170,H2,27,-281.85654,859.7393,-10585.801
170,H2,28,-310.22784,904.4709,-10199.613
170,H2,29,-244.47607,1164.9597,-10127.822
170,H2,30,-141.48009,1164.8448,-10096.869
170,H2,31,-158.39647,1060.0116,-9869.439
170,H2,32,-89.790955,1001.203,-9742.773
170,H2,33,-10.36163,1072.9767,-9783.376
170,H2,34,59.312885,1160.3496,-9560.595
170,H2,35,-12.109332,1193.1313,-9550.382
170,H2,36,-112.23635,1132.9232,-9332.915
170,H2,37,-144.3616,1086.7007,-9332.074
170,H2,38,7.3433266,996.11304,-9228.29
170,H2,39,-1.3865163,964.2582,-9375.603
170,H2,40,-16.048687,1096.5157,-9549.464
170,H2,41,-68.91019,1090.5604,-9413.969
170,H2,42,-28.20871,1126.7279,-9147.118
170,H2,43,86.525955,1114.9214,-9123.005
170,H2,44,214.7211,1242.7296,-9098.245
170,H2,45,170.70946,1296.2301,-8944.151
171,H3,1,-680.3325,86.82488,-15510.8545
171,H3,2,-649.3446,86.34527,-15258.688
171,H3,3,-644.8927,11.118555,-15084.431
171,H3,4,-553.51965,-2.2841215,-14839.294
171,H3,5,-494.04697,117.41421,-14872.784
171,H3,6,-727.4922,99.51082,-14875.384
171,H3,7,-751.7226,46.549446,-14567.161
171,H3,8,-587.80316,2.6724517,-14438.075
171,H3,9,-573.98413,-17.76389,-14182.209
171,H3,10,-588.82574,-10.906989,-14228.431
171,H3,11,-623.13336,95.57639,-14310.714
171,H3,12,-639.593,-15.075553,-14139.626
171,H3,13,-647.16705,-41.726784,-14043.608
171,H3,14,-578.78235,83.282845,-14087.703
171,H3,15,-616.3206,77.82952,-13938.095
171,H3,16,-643.1273,-28.155605,-13896.917
171,H3,17,-549.5132,-78.30002,-13741.923
171,H3,18,-439.6094,-102.48591,-13809.952
171,H3,19,-602.6956,-153.05481,-13839.561
171,H3,20,-650.5934,-144.98082,-13715.529
171,H3,21,-556.1833,-42.454876,-13685.374
171,H3,22,-528.3267,5.3350973,-13723.142
171,H3,23,-402.88483,-71.68015,-13426.167
171,H3,24,-478.5987,-102.35166,-13254.401
171,H3,25,-507.97925,-34.37504,-13180.063
171,H3,26,-388.42084,122.04037,-13081.786
171,H3,27,-459.00488,150.7198,-12859.56
171,H3,28,-484.76572,15.5399475,-12778.93
171,H3,29,-296.61566,-41.039726,-12532.066
171,H3,30,-146.69592,-3.90605,-12401.353
171,H3,31,-168.34398,103.3028,-12370.747
171,H3,32,-129.24426,186.79047,-12228.476
171,H3,33,-50.05895,223.39235,-12099.702
171,H3,34,158.6693,190.50949,-12006.286
171,H3,35,145.9557,169.24515,-11866.543
171,H3,36,127.83039,252.58966,-11801.631
171,H3,37,97.289955,202.29619,-11739.843
171,H3,38,227.40184,132.64441,-11594.288
171,H3,39,186.28654,106.45809,-11453.425
171,H3,40,182.89098,145.49818,-11446.136
171,H3,41,233.17462,107.583595,-11499.191
171,H3,42,166.43692,56.51635,-11534.361
171,H3,43,119.11709,52.853493,-11395.027
171,H3,44,65.121895,212.87502,-11095.868
171,H3,45,147.81908,291.16513,-11107.214
172,H4,1,-89.45238,881.9649,-10147.363
172,H4,2,-106.26522,905.8032,-9984.472
172,H4,3,-107.95829,907.2837,-9879.961
172,H4,4,-43.541332,821.55414,-9672.604
172,H4,5,31.40721,799.0988,-9484.376
172,H4,6,63.773342,891.0735,-9376.87
172,H4,7,31.341608,914.784,-9362.86
172,H4,8,-10.618496,984.43,-9330.08
172,H4,9,-201.42694,1002.6041,-9168.624
172,H4,10,-228.04962,937.54407,-9098.355
172,H4,11,-138.00722,881.0136,-9131.529
172,H4,12,-110.495605,865.2644,-8990.674
172,H4,13,-4.76749,871.19214,-8984.341
172,H4,14,-48.11671,848.05255,-8882.114
172,H4,15,-161.69112,862.708,-8873.823
172,H4,16,-188.60916,838.2664,-8631.045
172,H4,17,-138.67162,815.7388,-8644.766
172,H4,18,-127.33971,717.87164,-8595.1875
172,H4,19,-48.17477,726.95123,-8630.081
172,H4,20,-38.964893,881.8729,-8567.884
172,H4,21,20.239153,800.645,-8479.288
172,H4,22,101.85053,684.00604,-8545.528
172,H4,23,37.81692,710.09296,-8486.934
172,H4,24,-6.2939425,905.5196,-8368.769
172,H4,25,37.158108,932.7044,-8326.202
172,H4,26,36.44235,956.2181,-8090.742
172,H4,27,59.162735,808.4392,-7950.1885
172,H4,28,63.78946,814.2782,-7908.445
172,H4,29,201.30428,1085.9933,-7665.862
172,H4,30,195.59654,1121.183,-7603.0273
172,H4,31,174.02821,1025.4166,-7575.0664
172,H4,32,300.48788,1003.84296,-7524.4165
172,H4,33,319.2476,1164.3215,-7341.309
172,H4,34,454.66577,1168.0576,-7250.799
172,H4,35,449.61862,1144.1151,-6985.3994
172,H4,36,511.35043,1279.8445,-6864.199
172,H4,37,482.61316,1265.9164,-6865.9253
172,H4,38,445.80518,1130.886,-6785.2603
172,H4,39,414.09677,1082.9949,-6511.878
172,H4,40,559.05286,1200.1295,-6561.6763
172,H4,41,629.55023,1214.2458,-6634.4775
172,H4,42,551.9734,1200.7915,-6408.9463
172,H4,43,507.42258,1219.1335,-6368.6533
172,H4,44,614.8852,1174.8088,-6447.851
172,H4,45,586.02,1177.9497,-6370.5537
173,H5,1,-1169.9038,-1075.2571,-28025.76
173,H5,2,-1183.1033,-993.2481,-27821.912
173,H5,3,-1166.325,-991.741,-27342.076
173,H5,4,-1016.60736,-982.7355,-27096.793
173,H5,5,-1023.1156,-810.59814,-26927.63
173,H5,6,-1042.0327,-879.4882,-26527.174
173,H5,7,-989.2076,-1028.243,-26358.848
173,H5,8,-1004.0996,-1037.216,-26145.686
173,H5,9,-984.3673,-865.3111,-26219.984
173,H5,10,-991.0309,-888.4557,-26255.924
173,H5,11,-955.7573,-944.65704,-26099.92
173,H5,12,-953.1779,-957.04645,-25995.877
173,H5,13,-1015.46204,-986.5056,-25768.18
173,H5,14,-1115.1362,-1062.3972,-25545.947
173,H5,15,-1112.4299,-1085.6472,-25530.518
173,H5,16,-941.0917,-1006.62946,-25772.312
173,H5,17,-1013.716,-947.2431,-25852.857
173,H5,18,-1210.0693,-953.4763,-25504.713
173,H5,19,-1221.4215,-888.5012,-25459.3
173,H5,20,-1089.0908,-863.60364,-25201.244
173,H5,21,-1043.307,-755.4146,-25230.902
173,H5,22,-882.7627,-795.8749,-25097.41
173,H5,23,-899.08344,-893.4202,-24971.55
173,H5,24,-979.8283,-963.9657,-24925.586
173,H5,25,-1090.4266,-1027.4154,-24806.066
173,H5,26,-1118.932,-1060.6941,-24867.955
173,H5,27,-1044.4573,-1014.51337,-24700.553
173,H5,28,-1027.1046,-922.6507,-24634.94
173,H5,29,-907.9597,-908.97174,-24525.445
173,H5,30,-889.9682,-781.2086,-24567.65
173,H5,31,-895.61536,-747.3315,-24322.113
173,H5,32,-732.3762,-881.4951,-24369.332
173,H5,33,-659.8719,-903.68384,-24181.252
173,H5,34,-616.0404,-719.74054,-23872.336
173,H5,35,-639.85754,-745.31006,-23849.67
173,H5,36,-802.44415,-864.0588,-23687.65
173,H5,37,-835.523,-901.52155,-23638.252
173,H5,38,-636.15485,-801.8925,-23553.488
173,H5,39,-628.1546,-809.03265,-23557.473
173,H5,40,-630.9393,-839.4142,-23350.49
173,H5,41,-510.25012,-757.1976,-23306.281
173,H5,42,-608.93146,-747.7842,-23131.797
173,H5,43,-679.1123,-796.1649,-23125.977
173,H5,44,-579.99457,-834.84534,-23228.908
173,H5,45,-458.42673,-886.3086,-22965.588
174,H6,1,27488.586,928.1724,-5788.089
174,H6,2,27684.646,920.2774,-5405.6987
174,H6,3,27894.312,927.8981,-5023.902
174,H6,4,28548.621,896.0108,-4753.721
174,H6,5,28687.572,887.5621,-4389.0674
174,H6,6,28897.943,855.4619,-4387.5156
174,H6,7,28791.232,831.63715,-4352.57
174,H6,8,28782.105,892.1148,-4080.4595
174,H6,9,29253.385,950.47095,-3944.2253
174,H6,10,29290.26,962.1075,-4030.9744
174,H6,11,29308.81,918.208,-3938.5935
174,H6,12,29384.236,884.23285,-3692.2644
174,H6,13,29439.428,887.47595,-3750.66
174,H6,14,29564.402,829.3232,-3653.255
174,H6,15,29748.87,709.2103,-3311.0447
174,H6,16,29866.223,707.0917,-3309.4663
174,H6,17,29804.936,843.83105,-3416.2585
174,H6,18,29916.43,937.53577,-3381.6238
174,H6,19,29884.643,1021.4175,-3245.2495
174,H6,20,30168.791,1033.8267,-3268.5042
174,H6,21,30530.95,798.015,-3272.2322
174,H6,22,30579.367,686.2047,-3101.2542
174,H6,23,30438.373,682.39716,-2975.205
174,H6,24,30371.283,782.7046,-2804.572
174,H6,25,30439.986,956.1985,-2843.7322
174,H6,26,30703.076,792.1709,-2623.743
174,H6,27,30722.46,749.47906,-2593.1936
174,H6,28,30790.732,854.2999,-2555.1345
174,H6,29,30983.035,880.09393,-2511.523
174,H6,30,31169.293,938.6198,-2168.7065
174,H6,31,31338.348,971.7068,-2147.177
174,H6,32,31588.404,1183.9451,-1964.1271
174,H6,33,31522.338,1230.5145,-1753.8544
174,H6,34,31631.662,1259.4222,-1664.909
174,H6,35,31663.207,1271.5034,-1746.4384
174,H6,36,31782.736,1186.2332,-1617.6655
174,H6,37,31944.613,1043.8156,-1564.9084
174,H6,38,31903.145,1000.5291,-1305.4054
174,H6,39,31767.416,1087.9479,-1072.5254
174,H6,40,31956.793,1001.8347,-1043.8986
174,H6,41,32117.625,971.1589,-1153.1217
174,H6,42,32177.887,1102.2443,-961.0498
174,H6,43,32168.467,1091.12,-982.0925
174,H6,44,32081.158,1093.0182,-797.18604
174,H6,45,32308.746,1096.6442,-632.4602
175,H7,1,17778.562,328602.75,108207.29
175,H7,2,17656.86,328776.9,108678.26
175,H7,3,17673.809,329565.5,109520.66
175,H7,4,18051.994,330399.28,109755.71
175,H7,5,18341.227,330706.66,110242.35
175,H7,6,18249.312,331110.44,110692.67
175,H7,7,18194.707,331141.5,110666.16
175,H7,8,18341.746,330992.16,110762.34
175,H7,9,18355.65,331029.9,110962.266
175,H7,10,18345.42,331454.28,111281.21
175,H7,11,18427.434,331906.97,111501.164
175,H7,12,18619.68,332209.75,111498.84
175,H7,13,18647.05,332279.3,111519.766
175,H7,14,18872.682,332307.06,112250.6
175,H7,15,18856.646,332589.03,112516.37
175,H7,16,18493.977,332610.75,112539.23
175,H7,17,18441.906,333158.4,112606.38
175,H7,18,18876.676,333873.12,112627.805
175,H7,19,19063.824,334021.47,112596.82
175,H7,20,18992.184,333994.47,112676.02
175,H7,21,18908.781,334323.16,112984.39
175,H7,22,18981.363,334305.53,113158.48
175,H7,23,18981.742,334573.75,113354.016
175,H7,24,19297.701,334627.66,113424.164
175,H7,25,19778.982,334886.5,113416.42
175,H7,26,20538.172,335099.22,113375.76
175,H7,27,21636.59,335342.7,113735.69
175,H7,28,24045.053,335350.5,114338.46
175,H7,29,27963.998,335279.5,114361.71
175,H7,30,34875.332,335890.22,114468.99
175,H7,31,44317.652,336383.7,114711.71
175,H7,32,53848.637,336692.97,115401.305
175,H7,33,61504.41,336813,116203.516
175,H7,34,67863.14,336943.53,117118.24
175,H7,35,73710.79,337379.28,117985.164
175,H7,36,79571.25,337852.72,118914.23
175,H7,37,85014.016,337894.72,119390.11
175,H7,38,90791.63,337937,120307.1
175,H7,39,97085.04,338370.7,121211.34
175,H7,40,103151.164,338800.62,121746.56
175,H7,41,109589.59,338599.9,122794.13
175,H7,42,116402.836,338358.44,123379.375
175,H7,43,123440.12,338780.4,123514.945
175,H7,44,130851.36,339418.34,123759.03
175,H7,45,137419.67,339286.62,124412.41
176,H8,1,20839.55,339541.4,116882.01
176,H8,2,20842.416,339791.12,117350.234
176,H8,3,20937.154,339896.47,117740.14
176,H8,4,21168.291,340118.34,118051.96
176,H8,5,21331.814,340334.5,118436.16
176,H8,6,21529.416,340427.78,119060.94
176,H8,7,21449.334,340640.75,119107.375
176,H8,8,21357.086,340917.97,119327.984
176,H8,9,21322.52,341005.75,119766.12
176,H8,10,21295.236,341131.7,119706.336
176,H8,11,21398.36,341458.38,119713.86
176,H8,12,21643.99,341606.72,120111.73
176,H8,13,21721.182,341802.88,120374.336
176,H8,14,21801.666,341979.34,120392.85
176,H8,15,21774.855,341911.78,120282.484
176,H8,16,21856.662,341968.06,120216.055
176,H8,17,21868.541,342049.25,120164.24
176,H8,18,22000.322,342543.28,120537
176,H8,19,22041.922,342635.5,120505.36
176,H8,20,21943.824,343089.2,120663.01
176,H8,21,21906.535,343418.53,121069.695
176,H8,22,22136.059,343527.56,121343.71
176,H8,23,22134.215,343520.75,121466.8
176,H8,24,22223.924,343745.25,121844.8
176,H8,25,22296.662,343649.88,121922.13
176,H8,26,22433.98,343759.22,122094.79
176,H8,27,22862.678,344179.16,122871.34
176,H8,28,22951.445,344235.22,123827.14
176,H8,29,23489.13,344735.25,125516.02
176,H8,30,24658.195,345121.5,128771.97
176,H8,31,26572.86,346048.6,135577.47
176,H8,32,29898.05,347397.56,148163.16
176,H8,33,35766.66,349616.38,169933.64
176,H8,34,43769.44,352344.38,198606.95
176,H8,35,51606.355,355803.6,230577.73
176,H8,36,58209.71,359286.16,263412.5
176,H8,37,64143.156,362244.78,293483.03
176,H8,38,69187.84,364142.25,321573.9
176,H8,39,74671.99,366236.78,347589.56
176,H8,40,80223.06,367825.12,372545.66
176,H8,41,85629.26,369287.56,396188.66
176,H8,42,91077.03,370271.8,418843.47
176,H8,43,96891.16,371657.16,440876.78
176,H8,44,103122.83,373108.62,461101.22
176,H8,45,108118.49,373812.16,477799.4
177,H9,1,-1245.2252,-739.80615,-15008.17
177,H9,2,-1182.7212,-805.9812,-14791.426
177,H9,3,-1118.2004,-827.03687,-14539.323
177,H9,4,-914.06866,-640.1036,-14321.082
177,H9,5,-1080.4594,-532.0784,-14217.456
177,H9,6,-1179.0189,-539.1468,-13989.004
177,H9,7,-1226.644,-511.2064,-13859.208
177,H9,8,-1237.8074,-606.8555,-13887.846
177,H9,9,-1139.7188,-691.2299,-13697.679
177,H9,10,-1017.28625,-753.9209,-13527.966
177,H9,11,-875.0176,-779.65393,-13578.99
177,H9,12,-896.5852,-686.62317,-13654.631
177,H9,13,-944.6877,-639.8139,-13522.428
177,H9,14,-1047.3296,-651.40375,-13502.698
177,H9,15,-1079.6099,-854.0275,-13218.456
177,H9,16,-953.9131,-870.9515,-13268.354
177,H9,17,-868.8664,-663.44135,-13321.432
177,H9,18,-852.6887,-742.7842,-13200.098
177,H9,19,-903.69214,-781.6531,-13130.417
177,H9,20,-928.5115,-726.437,-13109.991
177,H9,21,-973.2758,-969.897,-13069.85
177,H9,22,-974.9591,-1004.0748,-12940.954
177,H9,23,-1013.596,-869.6042,-12919.301
177,H9,24,-1021.2951,-893.02496,-12790.528
177,H9,25,-1055.1508,-897.53094,-12813.814
177,H9,26,-1048.446,-770.0848,-12821.33
177,H9,27,-1124.9178,-813.7908,-12875.516
177,H9,28,-1301.0409,-975.7168,-12753.908
177,H9,29,-1346.3243,-1005.47955,-12652.077
177,H9,30,-1347.1188,-896.59827,-12706.718
177,H9,31,-1339.3334,-730.7793,-12558.879
177,H9,32,-1302.8496,-713.1316,-12371.9375
177,H9,33,-1264.0101,-686.76764,-12227.37
177,H9,34,-1095.9764,-909.38086,-12085.772
177,H9,35,-1008.02625,-919.4251,-12123.92
177,H9,36,-790.71277,-640.5068,-12028.195
177,H9,37,-1178.015,-561.67456,-11874.648
177,H9,38,-1271.9974,-609.6843,-11703.769
177,H9,39,-1132.4672,-646.7083,-11514.803
177,H9,40,-1145.0165,-764.506,-11449.845
177,H9,41,-1152.3373,-792.4982,-11557.872
177,H9,42,-958.84784,-642.735,-11405.574
177,H9,43,-766.45264,-531.96686,-11217.958
177,H9,44,-982.56793,-383.45636,-11254.526
177,H9,45,-1090.3688,-400.59705,-11316.104
178,H10,1,-1112.8718,-2240.04,-23109.055
178,H10,2,-1146.2239,-2231.143,-22791.65
178,H10,3,-1547.3273,-1916.0519,-22511.355
178,H10,4,-1609.141,-1807.7476,-22292
178,H10,5,-1355.624,-1809.3145,-22016.744
178,H10,6,-1332.949,-1944.1605,-21982.424
178,H10,7,-1425.9148,-2035.7186,-21687.516
178,H10,8,-1439.4999,-2063.2705,-21514.377
178,H10,9,-1256.7526,-2076.4744,-21537.26
178,H10,10,-1238.5507,-1921.1517,-21336.64
178,H10,11,-1157.4009,-1902.2201,-21324.936
178,H10,12,-1163.844,-1966.1425,-21157.33
178,H10,13,-1183.2125,-1945.3245,-21110.805
178,H10,14,-1674.8839,-1851.7555,-21187.37
178,H10,15,-1744.0338,-1891.3842,-21066.127
178,H10,16,-1503.0038,-1987.0945,-21044.06
178,H10,17,-1477.6975,-2362.068,-20790.178
178,H10,18,-1461.4321,-2540.4832,-20854.156
178,H10,19,-1458.6846,-2503.768,-20914.75
178,H10,20,-1383.5593,-2266.6885,-20988.957
178,H10,21,-1642.142,-2260.9045,-21054.797
178,H10,22,-1669.2919,-2275.5776,-21176.912
178,H10,23,-1392.5106,-2151.1855,-21266.943
178,H10,24,-1292.2098,-2144.3438,-21018.463
178,H10,25,-1342.024,-2200.5479,-20712.201
178,H10,26,-1446.7322,-2285.0005,-20484.959
178,H10,27,-1628.7087,-2416.668,-20448.041
178,H10,28,-1626.3411,-2434.5608,-20398.984
178,H10,29,-1364.3035,-2306.671,-20709.268
178,H10,30,-1330.9344,-2280.7024,-20851.686
178,H10,31,-1333.1089,-2156.301,-20610.537
178,H10,32,-1596.7004,-2108.7402,-20509.303
178,H10,33,-1655.7474,-2133.6853,-20160.297
178,H10,34,-1419.692,-2183.6514,-19978.084
178,H10,35,-1072.4518,-2219.7263,-19954.072
178,H10,36,-1293.0829,-2101.2942,-19691.46
178,H10,37,-1584.661,-1851.1946,-19748.566
178,H10,38,-1684.5198,-1705.7141,-19771.324
178,H10,39,-1755.1337,-1717.8209,-19386.84
178,H10,40,-1721.6987,-1820.8322,-19209.28
178,H10,41,-1489.3812,-1955.0724,-19014.488
178,H10,42,-1483.7162,-2019.801,-19019.938
178,H10,43,-1483.2015,-1921.576,-18931.217
178,H10,44,-1232.6722,-1800.8429,-19058.32
178,H10,45,-1012.0293,-1844.6824,-19049.43
179,H11,1,-899.4924,974.9585,-7252.277
179,H11,2,-858.9884,1060.8593,-6983.2275
179,H11,3,-432.86606,982.25916,-6341.5996
179,H11,4,-330.05832,953.03314,-6175.9907
179,H11,5,-156.66269,1033.6025,-6134.626
179,H11,6,-284.3247,1036.6101,-5731.269
179,H11,7,-336.15955,1140.23,-5624.2104
179,H11,8,-102.66199,1366.5516,-5104.6616
179,H11,9,62.270252,1367.7917,-4632.1743
179,H11,10,66.95205,1359.8472,-4682.5913
179,H11,11,194.09633,1385.7239,-4668.727
179,H11,12,-71.96351,1647.7275,-4444.7456
179,H11,13,-142.3619,1609.3641,-4543.6597
179,H11,14,129.59056,1354.3008,-4667.255
179,H11,15,142.13252,1313.3718,-4391.2407
179,H11,16,193.18182,1558.0963,-3968.4478
179,H11,17,121.06882,1555.488,-4007.5535
179,H11,18,26.96354,1595.0887,-3957.721
179,H11,19,-32.814537,1739.7742,-3937.0889
179,H11,20,78.966774,1412.4834,-4058.603
179,H11,21,80.169624,1334.3159,-3970.475
179,H11,22,64.31048,1623.5688,-3901.783
179,H11,23,309.39203,1745.5217,-3939.3196
179,H11,24,348.30533,1507.7861,-3760.5388
179,H11,25,514.36346,1447.5607,-3689.4297
179,H11,26,762.5482,1681.5701,-3711.9744
179,H11,27,594.77386,1731.3534,-3287.5718
179,H11,28,126.40673,1741.5101,-3329.3013
179,H11,29,26.512646,1722.3262,-3314.0562
179,H11,30,361.11563,1843.6206,-3212.2603
179,H11,31,490.84335,1652.1545,-3305.2717
179,H11,32,414.8078,1601.2323,-3339.849
179,H11,33,387.2989,1902.093,-2789.826
179,H11,34,341.07968,2077.8838,-2821.9624
179,H11,35,468.79636,2104.1404,-2957.434
179,H11,36,393.21313,1926.4214,-2909.3704
179,H11,37,311.4003,1727.6459,-2669.9443
179,H11,38,459.2694,1622.9355,-2579.9353
179,H11,39,581.62317,1649.9359,-2579.896
179,H11,40,480.56448,1752.889,-2185.2146
179,H11,41,278.7831,1707.7058,-2007.0435
179,H11,42,-42.10191,1682.4039,-1940.3657
179,H11,43,-75.06465,1662.8624,-1960.777
179,H11,44,369.1105,1848.2875,-1711.2155
179,H11,45,562.3747,1895.6294,-1347.7113
180,H12,1,-2486.0474,-51.27915,-7792.2764
180,H12,2,-2505.6296,-37.94581,-7543.53
180,H12,3,-2484.8472,263.86566,-7317.1655
180,H12,4,-2555.522,267.13406,-7337.9844
180,H12,5,-2587.565,50.42521,-7223.1846
180,H12,6,-2502.349,22.224672,-7040.38
180,H12,7,-2528.0378,245.8284,-7003.584
180,H12,8,-2534.5925,243.4561,-6722.692
180,H12,9,-2456.37,221.24168,-6660.7236
180,H12,10,-2496.6587,261.7051,-6518.94
180,H12,11,-2572.8613,311.22516,-6524.1704
180,H12,12,-2650.679,240.83788,-6366.4634
180,H12,13,-2766.0762,119.44131,-6387.719
180,H12,14,-2747.5579,-1.5484262,-6221.412
180,H12,15,-2519.3335,-217.94978,-6039.7925
180,H12,16,-2425.62,-211.42816,-6107.1533
180,H12,17,-2123.7063,57.103313,-6127.1113
180,H12,18,-2101.5015,215.6616,-6252.8096
180,H12,19,-2163.6387,183.4384,-6311.735
180,H12,20,-2536.2903,180.36043,-6174.658
180,H12,21,-2609.3218,269.96982,-6155.6606
180,H12,22,-2404.1033,230.2125,-5853.6826
180,H12,23,-2387.369,109.21713,-5877.5576
180,H12,24,-2369.3577,70.5639,-5865.066
180,H12,25,-2295.409,138.18582,-5858.1997
180,H12,26,-2171.6335,-45.236736,-5719.1455
180,H12,27,-2309.4893,-44.239822,-5637.0405
180,H12,28,-2744.1504,183.31895,-5766.995
180,H12,29,-2779.013,-152.74364,-5850.6753
180,H12,30,-2504.9011,-225.33804,-5784.308
180,H12,31,-2461.0854,-55.10578,-5822.7
180,H12,32,-2393.1636,44.60121,-5584.021
180,H12,33,-2376.7449,40.773254,-5404.5215
180,H12,34,-2213.7498,113.42565,-5375.923
180,H12,35,-2233.3638,121.23122,-5362.324
180,H12,36,-2252.4011,210.75143,-5334.0034
180,H12,37,-2255.4978,311.672,-5085.754
180,H12,38,-2326.5435,469.33176,-5037.2695
180,H12,39,-2407.66,528.7957,-4958.797
180,H12,40,-2451.5452,455.81012,-4735.621
180,H12,41,-2348.3765,393.75314,-4813.003
180,H12,42,-2228.7854,349.41815,-4790.3477
180,H12,43,-2343.7183,149.73456,-4700.712
180,H12,44,-2397.1492,86.396706,-4505.439
180,H12,45,-2270.4717,205.59993,-4398.3086
181,H13,1,143.24728,1182.3959,-8113.5625
181,H13,2,8.81576,1146.1865,-7994.613
181,H13,3,-29.087164,1098.6512,-7360.038
181,H13,4,248.87054,1030.6229,-7249.232
181,H13,5,322.9482,1002.0784,-7070.2812
181,H13,6,300.83163,1195.3927,-6901.6177
181,H13,7,326.94043,1343.1455,-6986.277
181,H13,8,-47.505077,1107.0868,-6989.866
181,H13,9,-138.27644,987.8475,-6531.863
181,H13,10,19.999226,978.1809,-6321.5093
181,H13,11,-16.140572,952.0936,-6322.386
181,H13,12,-45.195576,1016.6132,-6415.2666
181,H13,13,70.03729,916.70874,-6483.0977
181,H13,14,110.54514,719.34045,-6301.098
181,H13,15,326.57733,718.9864,-6296.6235
181,H13,16,305.93616,994.25385,-6077.194
181,H13,17,172.35062,1027.3398,-6061.983
181,H13,18,-130.83981,1030.1882,-6130.827
181,H13,19,-201.28406,795.9654,-5918.731
181,H13,20,-134.54564,702.5323,-5852.001
181,H13,21,-330.62512,702.8208,-5926.7783
181,H13,22,-285.40854,719.1684,-5802.089
181,H13,23,120.10879,887.31683,-5851.94
181,H13,24,126.34906,868.58795,-5972.3096
181,H13,25,-57.7549,790.4665,-6052.415
181,H13,26,-196.49692,760.686,-5806.663
181,H13,27,-210.39278,859.6925,-5656.3667
181,H13,28,-109.68858,907.8818,-5640.1875
181,H13,29,-296.4599,857.1541,-5388.311
181,H13,30,-274.59247,887.6589,-5493.3955
181,H13,31,72.46223,1139.7351,-5629.2603
181,H13,32,64.33939,969.75635,-5466.261
181,H13,33,-119.50757,821.28375,-5257.241
181,H13,34,-183.49927,716.83484,-5221.47
181,H13,35,-152.62741,537.749,-4989.4087
181,H13,36,-200.69606,552.9341,-4812.5347
181,H13,37,-303.90866,792.3854,-4694.2593
181,H13,38,-232.36703,854.897,-4649.7344
181,H13,39,196.81073,884.35315,-4661.8325
181,H13,40,207.21397,965.9149,-4601.2246
181,H13,41,34.699184,1002.4753,-4650.999
181,H13,42,-78.46951,999.4061,-4371.2466
181,H13,43,-74.261856,1154.8245,-4315.711
181,H13,44,156.73322,1127.7256,-4207.6177
181,H13,45,165.35379,1049.6595,-3968.8706
182,H14,1,-1066.5383,-245.04053,-17429.436
182,H14,2,-996.0154,-322.1138,-17186.836
182,H14,3,-1203.158,-501.21637,-16889.176
182,H14,4,-1269.6816,-511.3278,-16625.688
182,H14,5,-1124.2401,-313.52664,-16488.016
182,H14,6,-992.9324,-548.5275,-16318.298
182,H14,7,-1116.54,-639.2593,-16079.0205
182,H14,8,-1180.3755,-572.0119,-16089.196
182,H14,9,-1133.5131,-586.52356,-16131.504
182,H14,10,-1159.0443,-573.23413,-16024.281
182,H14,11,-1071.3977,-596.5765,-16098.255
182,H14,12,-830.4965,-570.2112,-16090.183
182,H14,13,-1122.8025,-535.8041,-15930.355
182,H14,14,-1206.9641,-292.09247,-15912.571
182,H14,15,-1045.0936,-301.7535,-15814.857
182,H14,16,-991.7155,-379.69144,-15885.804
182,H14,17,-771.6982,-452.45923,-15754.971
182,H14,18,-802.04065,-511.95352,-15331.385
182,H14,19,-871.30707,-623.3298,-15539.583
182,H14,20,-939.31696,-653.37585,-15634.733
182,H14,21,-1373.7689,-583.4008,-15264.469
182,H14,22,-1395.3086,-749.1379,-15201.729
182,H14,23,-1083.8335,-724.0914,-15342.473
182,H14,24,-1242.2048,-389.27957,-15390.845
182,H14,25,-1273.4309,-471.5744,-15309.728
182,H14,26,-1034.5004,-546.17694,-15227.751
182,H14,27,-989.11224,-514.0131,-15254.544
182,H14,28,-1063.0494,-543.1664,-15242.306
182,H14,29,-1073.3756,-544.0708,-15324.085
182,H14,30,-890.3202,-585.1,-15204.642
182,H14,31,-955.74524,-599.37225,-15151.797
182,H14,32,-1046.3341,-610.55963,-15212.666
182,H14,33,-1105.5681,-633.76105,-15038.155
182,H14,34,-1141.4097,-584.31476,-15101.98
182,H14,35,-1051.1813,-602.84283,-15054.608
182,H14,36,-966.7078,-552.24756,-14909.068
182,H14,37,-1040.6772,-506.20047,-14799.64
182,H14,38,-1079.3362,-804.4898,-14933.909
182,H14,39,-1004.99927,-803.90295,-15014.387
182,H14,40,-1166.446,-531.14087,-14775.399
182,H14,41,-1191.3763,-722.8581,-14349.851
182,H14,42,-969.8155,-709.69293,-14302.902
182,H14,43,-975.0908,-299.2982,-14421.681
182,H14,44,-951.89526,-178.35358,-14346.304
182,H14,45,-698.68524,-115.805016,-14466.094
183,H15,1,-1389.8939,-1092.4108,-15868.89
183,H15,2,-1367.1837,-1070.5125,-15663.866
183,H15,3,-1484.7351,-845.7952,-15196.887
183,H15,4,-1829.1951,-780.2604,-15174.094
183,H15,5,-2033.1953,-810.7094,-15188.44
183,H15,6,-2017.463,-678.96924,-15164.535
183,H15,7,-1824.4071,-519.13306,-15139.643
183,H15,8,-1808.0369,-594.0157,-15027.101
183,H15,9,-1770.4624,-924.93146,-14868.077
183,H15,10,-1664.3809,-1022.75757,-14820.871
183,H15,11,-1525.7341,-1003.35443,-14753.276
183,H15,12,-1512.6703,-1353.4349,-14706.29
183,H15,13,-1606.7865,-1346.7067,-14584.345
183,H15,14,-1771.1226,-941.8583,-14637.774
183,H15,15,-1783.5249,-906.01886,-14692.293
183,H15,16,-1552.2122,-954.1247,-14496.598
183,H15,17,-1482.7521,-893.8817,-14511.57
183,H15,18,-1358.2505,-953.05133,-14437.379
183,H15,19,-1440.2793,-985.30884,-14447.137
183,H15,20,-1570.696,-824.8833,-14240.412
183,H15,21,-1650.9178,-738.62146,-14189.595
183,H15,22,-1627.8098,-792.9554,-13989.927
183,H15,23,-1465.8344,-834.06604,-13992.69
183,H15,24,-1577.3478,-917.348,-13796.209
183,H15,25,-1714.4125,-1021.80853,-13774.07
183,H15,26,-1706.9062,-1069.6671,-13763.914
183,H15,27,-1453.9459,-1009.86835,-13743.424
183,H15,28,-1555.0911,-1026.0405,-13851.632
183,H15,29,-1695.2117,-987.84064,-13869.561
183,H15,30,-1798.8359,-1028.1523,-13917.742
183,H15,31,-1814.3107,-1061.6418,-13873.627
183,H15,32,-1665.7616,-1095.2708,-13779.55
183,H15,33,-1640.727,-999.9927,-13845.828
183,H15,34,-1561.5298,-864.65753,-13740.37
183,H15,35,-1490.8657,-999.98334,-13629.348
183,H15,36,-1652.8236,-1073.3746,-13515.93
183,H15,37,-1677.3638,-1030.831,-13390.138
183,H15,38,-1438.2963,-996.5434,-13388.594
183,H15,39,-1412.0369,-802.6716,-13429.834
183,H15,40,-1358.5402,-1041.4141,-13510.451
183,H15,41,-1503.7849,-1086.637,-13311.116
183,H15,42,-1636.6395,-773.72534,-13221.687
183,H15,43,-1698.9211,-659.49207,-13252.201
183,H15,44,-1689.6056,-943.6064,-13338.115
183,H15,45,-1730.9364,-1070.5166,-13143.009
184,H16,1,-2012.9519,-2434.9714,-26468.809
184,H16,2,-2080.1257,-2402.6433,-26199.4
184,H16,3,-2122.0786,-2431.67,-25856.469
184,H16,4,-2023.9689,-2395.7612,-25655.47
184,H16,5,-1940.8857,-2125.1667,-25622.61
184,H16,6,-1942.1377,-2128.154,-25591.268
184,H16,7,-1852.6304,-2211.5356,-25350.45
184,H16,8,-1882.731,-2259.4739,-25128.197
184,H16,9,-1910.2015,-2250.0127,-25013.904
184,H16,10,-1911.7583,-2454.8335,-24949.658
184,H16,11,-1912.1237,-2624.6274,-25143.371
184,H16,12,-1758.5952,-2571.643,-25200.502
184,H16,13,-1787.2529,-2231.964,-24869.35
184,H16,14,-1866.6237,-2160.9307,-24801.041
184,H16,15,-1932.1034,-2111.213,-24494.875
184,H16,16,-1947.2489,-2147.296,-24501.078
184,H16,17,-1933.548,-2507.3643,-24382.242
184,H16,18,-1939.2732,-2589.1746,-24287.863
184,H16,19,-1885.5764,-2442.4624,-24380.584
184,H16,20,-1956.9714,-2210.8496,-24361.61
184,H16,21,-2130.9612,-2103.425,-24315.35
184,H16,22,-2178.993,-2075.9023,-24021.459
184,H16,23,-2126.2366,-1981.3324,-23995.656
184,H16,24,-2110.6694,-2211.5808,-24037.328
184,H16,25,-1997.7247,-2313.9348,-24028.906
184,H16,26,-1976.5558,-2260.2078,-23795.635
184,H16,27,-1896.3959,-2161.319,-23791.396
184,H16,28,-1825.3633,-2249.119,-23681.18
184,H16,29,-1896.4435,-2496.9192,-23720.758
184,H16,30,-1965.7662,-2524.3171,-23757.506
184,H16,31,-1996.3837,-2255.105,-23718.93
184,H16,32,-2013.1368,-1965.8738,-23672.041
184,H16,33,-1880.0801,-1993.5786,-23560.664
184,H16,34,-1736.9701,-2080.8735,-23612.066
184,H16,35,-1742.2263,-2130.8242,-23409.541
184,H16,36,-1634.8932,-2189.065,-23252.12
184,H16,37,-1590.8842,-2165.7788,-23266.355
184,H16,38,-1944.0352,-2090.1143,-23343.318
184,H16,39,-2109.8008,-2166.5999,-23026.443
184,H16,40,-2260.6074,-2281.1384,-22852.12
184,H16,41,-2195.3435,-2296.2234,-23012.287
184,H16,42,-1796.043,-2122.4077,-23204.91
184,H16,43,-1712.051,-2183.45,-23273.705
184,H16,44,-1568.5533,-2178.7534,-22883.957
184,H16,45,-1586.9355,-1852.1184,-22935.795
185,H17,1,-406.59918,671.59143,-7470.79
185,H17,2,-416.2355,722.82434,-7444.8193
185,H17,3,-498.31403,800.71423,-7366.946
185,H17,4,-537.1515,701.28485,-7044.9854
185,H17,5,-510.0773,659.55524,-6941.9067
185,H17,6,-539.1117,719.4042,-6704.8647
185,H17,7,-579.7841,737.9221,-6785.9976
185,H17,8,-581.8841,836.90326,-6846.6533
185,H17,9,-483.32367,681.3611,-6717.2974
185,H17,10,-492.08942,637.616,-6653.6655
185,H17,11,-479.60532,737.69086,-6411.0186
185,H17,12,-406.2243,676.3514,-6395.397
185,H17,13,-415.2708,629.1899,-6298.832
185,H17,14,-384.22293,661.98474,-6343.4233
185,H17,15,-421.10382,758.02423,-6291.525
185,H17,16,-493.84235,832.6488,-6164.515
185,H17,17,-651.76416,823.4184,-6187.0176
185,H17,18,-659.1168,758.8885,-6288.547
185,H17,19,-535.5924,712.87463,-6298.827
185,H17,20,-532.9762,714.7602,-6210.206
185,H17,21,-525.76056,655.8155,-6064.103
185,H17,22,-519.45795,623.75146,-5791.1416
185,H17,23,-580.4299,719.62836,-5734.5312
185,H17,24,-576.8911,934.68726,-5825.076
185,H17,25,-427.95148,907.39136,-5813.113
185,H17,26,-434.57516,783.4988,-5780.2993
185,H17,27,-474.72717,739.7109,-5786.0557
185,H17,28,-527.42755,828.8373,-5702.4736
185,H17,29,-553.38416,873.7957,-5728.597
185,H17,30,-485.9907,745.3851,-5610.5317
185,H17,31,-401.7191,565.8499,-5607.946
185,H17,32,-441.11572,543.83307,-5635.2764
185,H17,33,-490.64313,683.90125,-5623.806
185,H17,34,-526.2047,745.1797,-5729.8135
185,H17,35,-639.3169,538.68463,-5766.441
185,H17,36,-665.8589,522.1779,-5388.065
185,H17,37,-589.3887,683.63165,-5211.716
185,H17,38,-448.3082,729.16095,-5252.4233
185,H17,39,-440.23856,822.8092,-5121.7954
185,H17,40,-418.01932,605.10876,-5187.5107
185,H17,41,-509.02658,573.4909,-5138.816
185,H17,42,-545.9717,759.1901,-5054.719
185,H17,43,-496.09232,769.49255,-5079.896
185,H17,44,-531.31146,715.41656,-5052.4575
185,H17,45,-571.8818,679.6527,-5024.431
186,H18,1,-377.30713,264.0304,-7599.751
186,H18,2,-388.48953,252.7635,-7598.645
186,H18,3,-374.8182,266.53818,-7599.998
186,H18,4,-388.48953,252.7635,-7598.645
186,H18,5,-374.8182,266.53818,-7372.609
186,H18,6,-363.25107,321.26996,-6474.3325
186,H18,7,-226.59637,601.06647,-6277.568
186,H18,8,-199.35112,578.3855,-6048.1997
186,H18,9,-437.43954,425.18884,-6010.13
186,H18,10,-449.48685,260.66357,-6025.188
186,H18,11,-258.3391,157.82924,-5786.4233
186,H18,12,-302.0943,197.67339,-5667.001
186,H18,13,-333.1575,422.7814,-5675.3027
186,H18,14,-253.0887,398.85263,-5550.2925
186,H18,15,-249.9437,354.97345,-5470.567
186,H18,16,-288.19464,385.78705,-5516.6455
186,H18,17,-353.45352,383.68262,-5358.8306
186,H18,18,-358.4821,464.45847,-5389.134
186,H18,19,-232.81737,440.5665,-5290.371
186,H18,20,-249.19113,402.537,-5335.4834
186,H18,21,-304.6746,429.27066,-5120.2827
186,H18,22,-350.57224,367.91205,-4717.1304
186,H18,23,-360.6649,327.42337,-4536.1377
186,H18,24,-314.70413,414.49014,-4599.541
186,H18,25,-315.24612,619.7703,-4571.209
186,H18,26,-250.40271,607.03894,-4585.5674
186,H18,27,-255.28128,553.4308,-4596.147
186,H18,28,-247.91742,511.17047,-4341.2134
186,H18,29,-73.956856,580.95746,-4408.7803
186,H18,30,-68.907295,693.30975,-4445.7114
186,H18,31,-75.32972,707.00446,-4444.77
186,H18,32,-220.23578,633.0551,-4116.873
186,H18,33,-268.71912,563.27765,-3893.491
186,H18,34,-179.54262,607.0107,-3744.0796
186,H18,35,-184.09595,832.4837,-3755.724
186,H18,36,-246.59636,864.95325,-3815.9304
186,H18,37,-323.222,819.1986,-3952.5583
186,H18,38,-328.0677,627.2908,-3875.2334
186,H18,39,-185.52345,569.1026,-3810.111
186,H18,40,-226.80556,697.49677,-3819.028
186,H18,41,-384.203,683.80853,-3788.8306
186,H18,42,-429.07626,729.21924,-3754.5728
186,H18,43,-359.98557,793.5006,-3772.4026
186,H18,44,-202.97589,626.80963,-3652.5369
186,H18,45,-92.35521,529.1102,-3634.118
187,H19,1,-293.59576,-422.74197,-13672.33
187,H19,2,-312.74503,-415.68414,-13416.759
187,H19,3,-304.8793,-573.1301,-12828.666
187,H19,4,-360.8188,-605.58734,-12443.438
187,H19,5,-531.04224,-471.05756,-12355.808
187,H19,6,-558.4909,-482.08353,-11868.8
187,H19,7,-500.31393,-577.13245,-11558.573
187,H19,8,-448.68893,-569.5818,-11420.157
187,H19,9,-234.4953,-341.9821,-11275.551
187,H19,10,-241.5674,-281.73715,-11048.758
187,H19,11,-324.30368,-257.28934,-11021.758
187,H19,12,-367.29776,-283.70978,-10875.453
187,H19,13,-326.16953,-390.01114,-10809.529
187,H19,14,-236.07222,-454.83044,-10811.134
187,H19,15,-121.82255,-439.85764,-10563.483
187,H19,16,-145.41437,-440.11905,-10521.368
187,H19,17,-228.47081,-602.57495,-10437.168
187,H19,18,-255.40482,-684.2121,-10378.92
187,H19,19,-136.1088,-751.2291,-10358.788
187,H19,20,-136.02518,-711.18665,-10207.448
187,H19,21,-218.2049,-471.1481,-10203.917
187,H19,22,-277.91443,-393.08475,-9993.329
187,H19,23,-246.99953,-430.2587,-9747.022
187,H19,24,-121.23566,-440.84174,-9582.89
187,H19,25,-154.08653,-424.28256,-9540.832
187,H19,26,-261.7015,-205.23163,-9247.709
187,H19,27,-463.14462,-181.8357,-9333.968
187,H19,28,-507.8779,-263.74283,-9354.513
187,H19,29,-419.97278,-317.5251,-9077.711
187,H19,30,-295.55164,-200.9577,-8821.593
187,H19,31,-139.61317,46.623493,-8677.373
187,H19,32,-225.80194,37.811417,-8671.279
187,H19,33,-251.77423,49.001675,-8467.263
187,H19,34,-87.880745,76.52014,-8539.45
187,H19,35,-85.41264,-20.67429,-8408.859
187,H19,36,-53.668446,-46.72326,-8456.472
187,H19,37,-77.09413,191.21912,-8151.1875
187,H19,38,-99.31288,172.32437,-8188.6094
187,H19,39,-74.871025,-88.54947,-8267.504
187,H19,40,-39.82935,-185.03423,-8013.6816
187,H19,41,-87.111664,-114.80125,-7988.822
187,H19,42,-115.12161,-144.07216,-7868.287
187,H19,43,-166.9964,-131.41708,-7977.9087
187,H19,44,-134.66867,-142.85829,-7871.5176
187,H19,45,31.819086,13.019121,-7984.835
188,H20,1,-132.44533,305.7376,-5882.6245
188,H20,2,-130.5826,266.95093,-5764.669
188,H20,3,-120.04117,80.258965,-5526.1733
188,H20,4,-138.3764,88.078514,-5298.047
188,H20,5,-172.87108,339.9209,-5096.0522
188,H20,6,-133.21759,527.70264,-5075.941
188,H20,7,-5.56913,494.13406,-4998.228
188,H20,8,-39.970036,314.75003,-4916.3433
188,H20,9,-160.60617,272.94482,-4896.3066
188,H20,10,-181.9582,358.3337,-4945.9385
188,H20,11,-59.959675,183.59435,-4782.88
188,H20,12,-62.432438,115.63661,-4491.2534
188,H20,13,-57.5145,164.36575,-4391.952
188,H20,14,-112.76811,315.26837,-4450.0337
188,H20,15,-158.16194,396.05682,-4375.726
188,H20,16,-158.4522,366.5871,-4389.146
188,H20,17,-173.98691,341.093,-4187.352
188,H20,18,-134.5145,226.12256,-4158.428
188,H20,19,-160.5497,212.74963,-4030.835
188,H20,20,-168.04489,372.7197,-4045.2024
188,H20,21,-116.34054,362.40622,-3926.7205
188,H20,22,-137.72247,347.9515,-3842.181
188,H20,23,-231.94081,441.6342,-3841.2053
188,H20,24,-325.9817,470.9519,-3570.3604
188,H20,25,-287.50674,417.61105,-3523.7559
188,H20,26,-50.42787,369.92337,-3497.775
188,H20,27,-63.47876,383.2771,-3542.1072
188,H20,28,-167.31903,638.13416,-3279.144
188,H20,29,-318.20273,718.64075,-3122.073
188,H20,30,-345.85925,645.24567,-2949.2737
188,H20,31,-273.54266,601.3147,-2845.6445
188,H20,32,-123.771675,705.39484,-2833.5447
188,H20,33,-100.73833,668.3913,-2730.5605
188,H20,34,13.200098,640.7628,-2781.7085
188,H20,35,113.401695,656.95233,-2577.646
188,H20,36,97.54649,659.5409,-2497.3748
188,H20,37,89.278206,608.8734,-2305.7263
188,H20,38,76.30196,643.1685,-2397.5017
188,H20,39,21.028389,694.4872,-2428.7896
188,H20,40,-2.9824698,653.5027,-2507.8318
188,H20,41,72.53572,733.52344,-2393.1636
188,H20,42,45.231155,950.16235,-2236.5176
188,H20,43,-7.364217,899.0868,-2132.76
188,H20,44,16.73327,812.4635,-2190.5476
188,H20,45,77.72413,831.3945,-2366.0947
189,H21,1,-385.3668,106.182335,-13649.145
189,H21,2,-394.33102,56.57537,-13340.775
189,H21,3,-352.3904,9.147156,-12923.952
189,H21,4,-316.89517,-6.455741,-12719.137
189,H21,5,-294.96054,-16.471539,-12476.67
189,H21,6,-285.95233,20.266018,-12013.073
189,H21,7,-310.39844,52.790054,-11835.588
189,H21,8,-356.1724,56.249203,-11507.079
189,H21,9,-392.66254,150.63855,-11502.438
189,H21,10,-399.3636,211.4976,-11404.693
189,H21,11,-387.1078,180.9741,-11327.741
189,H21,12,-376.83563,140.48784,-11268.046
189,H21,13,-386.3111,146.33217,-11188.77
189,H21,14,-391.044,122.78826,-10863.384
189,H21,15,-356.81244,102.472115,-10793.455
189,H21,16,-387.87274,183.1292,-10865.669
189,H21,17,-399.34268,259.5002,-10796.587
189,H21,18,-327.4747,189.19632,-10517.208
189,H21,19,-342.22815,112.60507,-10578.379
189,H21,20,-377.37744,19.71583,-10498.1455
189,H21,21,-421.15524,-10.150052,-10287.7295
189,H21,22,-445.8263,25.851854,-10225.601
189,H21,23,-443.61118,45.62289,-10283.977
189,H21,24,-431.61533,-40.675488,-10210.382
189,H21,25,-337.3387,10.698168,-10101.903
189,H21,26,-368.05704,263.6433,-10104.325
189,H21,27,-474.65726,95.37965,-9938.156
189,H21,28,-454.72794,71.86464,-9799.755
189,H21,29,-271.898,301.01697,-9635.182
189,H21,30,-241.38037,355.6094,-9393.933
189,H21,31,-215.44186,384.17902,-9400.429
189,H21,32,-226.18,367.63586,-9334.034
189,H21,33,-361.98172,443.34146,-9208.386
189,H21,34,-366.85724,435.9145,-9066.059
189,H21,35,-181.03525,508.81964,-8934.619
189,H21,36,-212.8721,466.75842,-8804.2705
189,H21,37,-260.8792,412.1618,-8835.786
189,H21,38,-190.06755,483.3242,-8886.977
189,H21,39,-75.12566,572.71344,-8794.697
189,H21,40,-266.82895,499.67514,-8646.103
189,H21,41,-314.88898,421.87717,-8371.765
189,H21,42,-176.60179,427.2495,-8305.931
189,H21,43,-188.33568,501.17285,-8438.189
189,H21,44,-185.87625,546.89056,-8319.433
189,H21,45,-67.06322,571.7365,-8470.633
190,H22,1,-436.50873,63.63112,-8384.165
190,H22,2,-415.947,67.46164,-8228.926
190,H22,3,-409.3359,132.34076,-8001.2505
190,H22,4,-367.41974,184.59297,-7899.1294
190,H22,5,-361.26923,314.2499,-7876.746
190,H22,6,-304.1846,285.42975,-7614.398
190,H22,7,-315.54504,217.63564,-7503.2812
190,H22,8,-315.20102,174.2464,-7307.9683
190,H22,9,-332.59064,137.24713,-7306.811
190,H22,10,-353.91257,-32.660763,-7386.659
190,H22,11,-334.9217,-52.165764,-7295.101
190,H22,12,-368.56122,81.9361,-7146.516
190,H22,13,-398.2537,213.39333,-7192.6978
190,H22,14,-381.44922,170.90216,-7110.7847
190,H22,15,-303.48618,113.52656,-6923.346
190,H22,16,-281.82227,77.45117,-6907.2544
190,H22,17,-250.2871,52.3421,-6850.812
190,H22,18,-208.24342,81.54156,-6859.9204
190,H22,19,-243.88123,107.5292,-6914.3896
190,H22,20,-280.6156,160.88086,-6754.445
190,H22,21,-284.01752,177.80663,-6804.2383
190,H22,22,-322.63696,156.47684,-6819.403
190,H22,23,-354.0387,199.37762,-6862.5347
190,H22,24,-356.95398,178.06029,-6668.724
190,H22,25,-411.3242,94.71585,-6604.3496
190,H22,26,-401.36588,62.060883,-6475.9004
190,H22,27,-249.62283,114.48498,-6475.691
190,H22,28,-197.01816,162.57005,-6447.212
190,H22,29,-203.57802,258.61646,-6381.2676
190,H22,30,-207.48601,200.63867,-6258.955
190,H22,31,-316.761,170.21262,-6319.4546
190,H22,32,-319.39178,278.3774,-6239.039
190,H22,33,-131.75832,329.88498,-6220.8677
190,H22,34,-116.06686,346.2687,-6167.4546
190,H22,35,-124.206955,420.27805,-6109.2964
190,H22,36,-127.85261,409.87955,-5849.9585
190,H22,37,-117.38202,356.90637,-5710.054
190,H22,38,-140.73666,319.96094,-5792.559
190,H22,39,-177.2524,422.8317,-5752.3135
190,H22,40,-154.66814,524.8874,-5730.868
190,H22,41,-203.868,495.91226,-5739.611
190,H22,42,-260.60944,510.37524,-5639.233
190,H22,43,-297.0505,485.52097,-5567.8413
190,H22,44,-277.6818,509.44037,-5491.837
190,H22,45,-126.33509,459.17206,-5446.428
191,H23,1,-369.186,939.843,-14736.271
191,H23,2,-342.67172,972.6741,-14612.286
191,H23,3,-326.31735,957.9658,-14257.746
191,H23,4,-246.5161,973.77576,-14248.992
191,H23,5,-267.9351,990.0831,-14296.544
191,H23,6,-310.63077,913.5534,-14287.429
191,H23,7,-336.07892,881.2114,-14185.397
191,H23,8,-358.04257,913.0268,-14157.865
191,H23,9,-365.12784,849.34656,-13923.945
191,H23,10,-362.81433,841.1517,-13916.829
191,H23,11,-288.60074,943.6797,-13869.648
191,H23,12,-288.35376,927.655,-13855.234
191,H23,13,-274.7192,906.4725,-13706.03
191,H23,14,-304.04858,965.0476,-13720.575
191,H23,15,-338.10046,930.2767,-13591.349
191,H23,16,-369.71393,811.0864,-13472.672
191,H23,17,-398.15665,793.04877,-13535.124
191,H23,18,-431.06442,847.66785,-13549.588
191,H23,19,-420.30002,782.56006,-13606.37
191,H23,20,-341.98672,772.32886,-13526.017
191,H23,21,-320.2762,865.41486,-13533.411
191,H23,22,-253.50606,1016.13086,-13438.135
191,H23,23,-227.35088,941.5357,-13505.182
191,H23,24,-268.3361,916.93475,-13504.349
191,H23,25,-298.90283,1026.586,-13391.632
191,H23,26,-270.13727,1012.2009,-13405.903
191,H23,27,-270.51254,977.9984,-13452.09
191,H23,28,-273.98322,937.36475,-13419.125
191,H23,29,-179.27852,918.049,-13252.809
191,H23,30,-197.33112,902.94855,-13068.861
191,H23,31,-217.82782,923.35156,-13128.194
191,H23,32,-205.3361,988.9766,-13159.594
191,H23,33,-265.1395,983.062,-13210.494
191,H23,34,-285.49158,1037.4598,-13033.856
191,H23,35,-203.42143,1076.2637,-12980.876
191,H23,36,-219.71637,1073.5698,-12880.9795
191,H23,37,-242.45166,1090.356,-12826.282
191,H23,38,-269.40405,1006.85785,-12836.967
191,H23,39,-288.80298,968.0974,-12916.205
191,H23,40,-242.61714,1038.4604,-12887.102
191,H23,41,-240.69736,1076.4021,-12742.18
191,H23,42,-169.26736,1075.9595,-12564.392
191,H23,43,-181.48209,1007.08795,-12620.667
191,H23,44,-212.04242,882.69,-12566.4795
191,H23,45,-223.3641,832.95325,-12597.456
192,H24,1,108.01204,722.1476,-5035.2417
192,H24,2,70.70283,708.4877,-4819.6357
192,H24,3,69.30788,771.4553,-4601.9395
192,H24,4,175.96542,824.8152,-4426.449
192,H24,5,203.4169,725.37146,-4309.078
192,H24,6,202.13939,675.5002,-4277.115
192,H24,7,179.92569,697.94006,-4107.89
192,H24,8,136.87053,647.2264,-4010.129
192,H24,9,98.238785,605.954,-3972.6013
192,H24,10,61.571556,593.6583,-4002.9937
192,H24,11,68.76562,588.66614,-4025.1765
192,H24,12,160.883,647.7625,-4005.2864
192,H24,13,136.28444,632.6058,-3941.696
192,H24,14,47.652695,614.49,-3949.7415
192,H24,15,47.322315,596.2999,-3847.1973
192,H24,16,130.21109,559.3458,-3786.2417
192,H24,17,125.207565,507.0481,-3841.1506
192,H24,18,129.46811,494.92645,-3719.8906
192,H24,19,180.72148,502.5038,-3607.171
192,H24,20,169.25317,526.9542,-3574.8704
192,H24,21,183.19656,604.8392,-3669.6294
192,H24,22,185.71762,597.1124,-3630.7698
192,H24,23,128.89395,575.29834,-3442.911
192,H24,24,95.23212,576.5388,-3469.5935
192,H24,25,90.89234,556.44556,-3443.7783
192,H24,26,91.90129,545.1629,-3423.254
192,H24,27,157.7902,544.3775,-3454.7812
192,H24,28,159.4226,552.7804,-3409.3298
192,H24,29,115.598366,627.59576,-3249.639
192,H24,30,95.86082,588.75,-3250.2258
192,H24,31,139.18658,562.065,-3275.3948
192,H24,32,177.5521,580.0512,-3278.8557
192,H24,33,153.43668,550.8486,-3207.3655
192,H24,34,153.58873,543.0681,-3235.7935
192,H24,35,224.17084,602.3738,-3207.547
192,H24,36,213.69981,635.05725,-3219.9597
192,H24,37,197.78543,692.6454,-3171.8113
192,H24,38,214.20422,647.03046,-3083.0186
192,H24,39,191.26044,598.0602,-3162.0298
192,H24,40,187.76375,579.25757,-3115.6558
192,H24,41,171.04852,617.18207,-3056.3386
192,H24,42,206.95284,616.5345,-2986.8855
192,H24,43,227.93729,599.9757,-2889.244
192,H24,44,265.37512,628.77783,-2884.7976
192,H24,45,265.26044,610.1204,-2918.5178
193,I1,1,15931.521,339298.7,114212.055
193,I1,2,15950.553,339277.3,114429.125
193,I1,3,16036.724,339190.4,114651.14
193,I1,4,16125.768,339093.06,114844.8
193,I1,5,16113.532,338925.3,114862.2
193,I1,6,16104.112,338906.97,114885.55
193,I1,7,16171.672,339037.4,115340.414
193,I1,8,16161.658,339201.16,115647.36
193,I1,9,16147.1455,339204.78,115663.11
193,I1,10,16168.993,339280.34,115747.32
193,I1,11,16383.899,339511.88,115750.25
193,I1,12,16397.252,339795.9,116020.055
193,I1,13,16439.7,339725.6,116598.55
193,I1,14,16482.75,339808.16,117498.32
193,I1,15,16493.094,340808.16,119251.04
193,I1,16,16493.186,342495.56,122648.7
193,I1,17,16560.88,345139.66,129073.5
193,I1,18,16525.408,350366.2,141185.8
193,I1,19,16590.332,361736.16,163235.23
193,I1,20,16789.92,382599.7,203638.42
193,I1,21,16811.057,417182.56,266859.56
193,I1,22,16869.455,463401.1,350125.12
193,I1,23,17030.871,510569.56,438812.84
193,I1,24,17044.62,545328.06,529333.75
193,I1,25,17206.2,569221.06,613377.25
193,I1,26,17322.504,587765.7,685211.9
193,I1,27,17304.828,603098.06,744687.9
193,I1,28,17472.924,614726.94,793549.5
193,I1,29,17718.326,624324,832679.06
193,I1,30,17731.686,632289.8,865754.56
193,I1,31,17764.242,638117,890746.06
193,I1,32,17968.027,643395.3,912038.7
193,I1,33,17964.482,648052.06,929529.1
193,I1,34,18083.668,651615.25,942063.06
193,I1,35,18125.184,654807.6,953551.56
193,I1,36,18025.932,657275.56,961819.56
193,I1,37,18018.713,659453.5,968682.06
193,I1,38,18121.518,661047,972327.9
193,I1,39,18273.975,662623.3,976646.2
193,I1,40,18222.633,664458.9,981285.44
193,I1,41,18342.467,665918.9,984670.25
193,I1,42,18422.605,666837.6,988466.56
193,I1,43,18393.955,667895.75,991967.5
193,I1,44,18420.328,668691.25,994162.5
193,I1,45,18579.324,669658.06,995176
194,I2,1,18914.02,353396.38,145526.69
194,I2,2,18923.172,353366.22,145598.53
194,I2,3,19033.9,353340.6,145720.53
194,I2,4,19055.047,353425.4,146184.69
194,I2,5,19024.275,353393.12,146233.73
194,I2,6,19041.754,353346.78,146246.58
194,I2,7,19155.332,353246.44,146576.36
194,I2,8,19161.531,353037.53,146600.48
194,I2,9,19180.467,353057.6,146651.94
194,I2,10,19279.748,353320.34,146847.05
194,I2,11,19228.807,353280.44,147147.25
194,I2,12,19185.217,353283.9,147185
194,I2,13,19247.861,353481.75,147171.81
194,I2,14,19320.16,353265.03,147152.95
194,I2,15,19456.322,353282.34,147434.06
194,I2,16,19476.523,353754.44,147448.06
194,I2,17,19626.488,353845.7,147620.17
194,I2,18,19636.588,353862.34,147744.97
194,I2,19,19798.508,354115.25,148020.4
194,I2,20,20108.238,354563.84,148191.1
194,I2,21,20810.775,354565.22,148301.7
194,I2,22,21963.172,354550.2,148844.8
194,I2,23,24379.756,354670.44,149855.66
194,I2,24,28665.336,354951.5,150443.52
194,I2,25,36729.715,355171.3,152448.52
194,I2,26,51106.01,355190.84,156467.44
194,I2,27,73860.71,355293,163320.97
194,I2,28,105534.62,355734.3,177016.34
194,I2,29,146069.97,356014.53,201261.5
194,I2,30,189555.36,356339.4,237204.62
194,I2,31,228987.88,356635.47,278368.53
194,I2,32,259609.92,357299.8,322175.47
194,I2,33,283272.3,357584.2,364940.22
194,I2,34,302784.12,358258.44,403399.47
194,I2,35,319995.38,358599.22,439180.6
194,I2,36,333917.72,358989.4,471294.7
194,I2,37,345988.28,359418.38,499558.28
194,I2,38,355424.47,359855.4,525438.2
194,I2,39,364213.22,360223.16,549045.3
194,I2,40,371660.16,360390.97,570411.75
194,I2,41,377585.75,360822.1,588602.4
194,I2,42,383167.12,361006.47,604852.1
194,I2,43,388310.38,361227,619728.94
194,I2,44,392617.78,361528.06,634909
194,I2,45,396373.84,361794.97,644786
195,I3,1,21093.814,345547,129170.75
195,I3,2,21089.33,345447.16,129232.555
195,I3,3,21041.564,345564.38,129543.34
195,I3,4,20960.195,346104,129619.12
195,I3,5,20969.145,345696.2,129897.68
195,I3,6,21089.215,345546.8,130191.516
195,I3,7,21117.379,345630.3,130248.516
195,I3,8,21101.54,345697.2,130360.26
195,I3,9,21076.332,345784.5,130363.53
195,I3,10,21127.734,345810.56,130409.02
195,I3,11,21268.535,345949.1,130538.28
195,I3,12,21316.734,345948,130552.54
195,I3,13,21307.38,345991.78,130838.016
195,I3,14,21420.6,345913.5,131399.03
195,I3,15,21456.824,345999.22,131757.97
195,I3,16,21555.15,346675.5,132098
195,I3,17,21671.197,347141.56,132787.89
195,I3,18,21708.346,347973.78,134080.36
195,I3,19,21848.074,349058.16,136567.17
195,I3,20,21956.492,351254,141690.23
195,I3,21,21911.66,355525.4,151286.7
195,I3,22,22022.986,364240.4,169213.97
195,I3,23,22417.314,380945.5,201718.62
195,I3,24,22807.316,410757.06,255866.02
195,I3,25,23290.012,452523.12,332161.78
195,I3,26,23949.771,499267.44,418313.78
195,I3,27,24622.738,539855.3,507954.84
195,I3,28,25221.566,569585.5,594558.56
195,I3,29,25839.9,591037,672008.44
195,I3,30,26612.172,607071.06,736942.8
195,I3,31,27274.607,620448.1,790031.75
195,I3,32,27706.537,630784.25,832094.06
195,I3,33,28134.338,638755.9,866372.94
195,I3,34,28431.143,645812.44,894002.44
195,I3,35,28637.291,651609.2,916444.2
195,I3,36,29070.943,656890.8,933477.2
195,I3,37,29237.576,661552.6,947803.5
195,I3,38,29156.725,665571.9,959256.9
195,I3,39,29239.723,667666.4,969332.7
195,I3,40,29628.229,669859.6,976298.56
195,I3,41,29676.947,671729.25,982828.5
195,I3,42,29713.654,673175.94,989657.9
195,I3,43,29924.34,674799.1,993364.7
195,I3,44,30003.14,676390.94,996016.4
195,I3,45,29912.54,677684.3,999244.56
196,I4,1,18999.086,334521.75,125663.32
196,I4,2,19003.467,334555.53,125910.266
196,I4,3,19089.219,334771.06,126247.086
196,I4,4,19213.834,335121.7,126930.15
196,I4,5,19240.523,335152.4,127154.73
196,I4,6,19153.371,335203.03,127253.336
196,I4,7,19170.646,335297.53,127275.93
196,I4,8,19443.938,335524.38,127360.64
196,I4,9,19540.479,335569.78,127337.516
196,I4,10,19507.16,335776.6,127574.71
196,I4,11,19530.01,335753.53,127713.54
196,I4,12,19439.732,335673.8,127926.38
196,I4,13,19404.99,335733.8,127935.59
196,I4,14,19556.31,335710.6,127986.37
196,I4,15,19599.734,335890.97,128047.81
196,I4,16,19574.344,336125.03,128340.72
196,I4,17,19712.39,336437.25,128370.65
196,I4,18,19862.031,336539.47,128364.87
196,I4,19,19949.547,336517,128548.23
196,I4,20,19922.953,336790.47,128741.4
196,I4,21,20076.084,336849.28,128814.266
196,I4,22,20353.754,336749.28,129137.05
196,I4,23,20817.98,336673.22,129360.25
196,I4,24,21635.578,336900.72,129313.93
196,I4,25,23387.271,336974.1,129596.305
196,I4,26,26650.145,337119.25,130003.55
196,I4,27,32900.855,337480.2,130053.805
196,I4,28,44249.35,337645.22,130732.08
196,I4,29,63245.004,338002.47,131868.64
196,I4,30,91314.78,338133.56,133685.14
196,I4,31,128181.35,338047.56,137848.33
196,I4,32,170926.16,338201.16,146818.16
196,I4,33,210814.69,338164.56,161374.84
196,I4,34,239629.88,338088.62,180366.47
196,I4,35,256911.47,338447.53,201580.9
196,I4,36,267925.44,338746.53,222483.66
196,I4,37,275131.34,339251.03,241313.55
196,I4,38,280715.62,339233.94,258514.25
196,I4,39,284999.53,339283.97,274090.56
196,I4,40,288737.4,339205.97,289127.25
196,I4,41,292142.6,339395.22,303579.47
196,I4,42,295124.1,339407.94,316953.75
196,I4,43,297490.12,339932,330367.03
196,I4,44,299448.84,340307.7,342829.53
196,I4,45,301411.28,340523,352153.5
197,I5,1,17771.822,324433.94,100752.12
197,I5,2,17784.975,324868.7,101091.65
197,I5,3,17946.004,325539.66,101779.94
197,I5,4,18016.566,325785.7,102103.2
197,I5,5,18019.25,326152.06,102416.47
197,I5,6,18002.648,326633.44,102489.3
197,I5,7,18011.076,326907.28,102751.97
197,I5,8,18184.102,326841.66,103153.125
197,I5,9,18186.98,327038.66,103308.2
197,I5,10,18208.762,327542.03,103612.12
197,I5,11,18243.729,327559.97,103758.95
197,I5,12,18380.516,327768.12,103633.03
197,I5,13,18442.617,327990.38,103609.7
197,I5,14,18465.805,328167.4,103666.47
197,I5,15,18477.87,328404.56,103720.445
197,I5,16,18549.168,328350.53,104033.43
197,I5,17,18584.41,328605.12,104468.8
197,I5,18,18543.28,329013.56,104786.07
197,I5,19,18540.744,329593.8,105209.58
197,I5,20,18485.98,330051.97,105980.84
197,I5,21,18478.824,330687.44,107358.13
197,I5,22,18745.73,331643.75,109162.67
197,I5,23,18813.482,333563.88,112749.12
197,I5,24,18894.008,336732.53,119670.94
197,I5,25,18977.582,342811.3,133152.8
197,I5,26,19128.355,354753.25,157792.16
197,I5,27,19390.379,377735.38,201107.84
197,I5,28,19623.43,413736.3,267075
197,I5,29,19839.887,457535.62,348409.34
197,I5,30,20206.06,501135.25,432603.34
197,I5,31,20627.773,532202.2,519331.38
197,I5,32,20934.564,554473.94,598243.2
197,I5,33,21077.95,571771.94,663325.56
197,I5,34,21489.205,585308,717812
197,I5,35,21795.926,595678.06,762865.25
197,I5,36,21859.508,605625.5,798409.8
197,I5,37,21998.81,612640,827718.7
197,I5,38,22021.775,617017.25,851043.7
197,I5,39,22304.463,621418.44,868528.3
197,I5,40,22389.86,625100.9,883535.5
197,I5,41,22281.018,629526.9,894933.6
197,I5,42,22253.25,633544.06,905708.25
197,I5,43,22335.254,635782.2,913418.75
197,I5,44,22343.541,638188.5,919806.06
197,I5,45,22412.504,640962.2,926024.2
198,I6,1,30278.393,421864.9,166657.27
198,I6,2,30298.922,422615.84,167057.58
198,I6,3,30360.428,423161.9,167815.55
198,I6,4,30487.006,423336.56,168757.84
198,I6,5,30680.775,423972.94,169358.81
198,I6,6,30898.68,424489.06,169578.83
198,I6,7,31010.004,424529,169994.23
198,I6,8,30980.38,424585.5,170307.9
198,I6,9,30976.678,425517.5,170543
198,I6,10,31031.916,426099.16,170519.56
198,I6,11,31026.924,426421.44,170711.83
198,I6,12,31262.346,426885.44,170824.31
198,I6,13,31540.299,427107.06,170929.75
198,I6,14,31539.102,427820.03,171265.98
198,I6,15,31516.846,428138.62,171441.12
198,I6,16,31703.566,428367.22,171655.67
198,I6,17,31713.977,428749.25,171800.81
198,I6,18,31915.348,428782.62,171983.33
198,I6,19,32006.682,429373.44,172130.78
198,I6,20,31993.947,429443,172692.08
198,I6,21,31849.137,429568.88,172700.53
198,I6,22,31779.514,430115.8,172918.08
198,I6,23,32075.047,430229.34,173045.45
198,I6,24,32386.387,430605.38,173506.81
198,I6,25,32355.463,431074.03,173943.95
198,I6,26,32405.236,431441.94,173974.44
198,I6,27,32435.021,431810.9,174059.78
198,I6,28,32622.129,431762.9,173974.42
198,I6,29,32817.785,432177.78,174345.19
198,I6,30,32735.428,432660.47,174550.47
198,I6,31,32708.668,432668.75,175137.95
198,I6,32,32806.332,433212.5,175513.33
198,I6,33,33255.926,433411.5,175575.67
198,I6,34,33304.01,433673.47,175540.69
198,I6,35,33181.832,434006.03,176173.44
198,I6,36,33281.73,434082.2,176245.72
198,I6,37,33352.18,434748.72,176249.45
198,I6,38,33270.527,434920.53,176326.77
198,I6,39,33412.305,435166.34,176355.88
198,I6,40,33496.7,435347.5,176840.61
198,I6,41,33467.004,435486.12,177508.62
198,I6,42,33528.797,435821.4,177456.55
198,I6,43,33722.19,436207.7,177277.4
198,I6,44,33729.414,436482.8,177682.8
198,I6,45,33929.742,437101.5,177524.94
199,I7,1,17423.91,326226.1,106504.59
199,I7,2,17432.156,326480.6,106954.3
199,I7,3,17581.898,326642.53,107334.22
199,I7,4,17801.584,327023.34,107573.836
199,I7,5,17826.1,327096.72,107726.08
199,I7,6,17814.178,327294.28,108084.945
199,I7,7,17967.068,327453.7,108327.15
199,I7,8,17984.826,328200.88,108286.01
199,I7,9,17941.574,328307.66,108463.35
199,I7,10,18018.65,328390.2,108712.74
199,I7,11,18133.271,328475.8,108864.4
199,I7,12,18287.158,328815.94,109119.555
199,I7,13,18312.799,329298.9,109322.625
199,I7,14,18259.932,329396.16,109413.45
199,I7,15,18312.338,329627.62,109525.734
199,I7,16,18280.361,330033.56,109902.37
199,I7,17,18281.916,330418.9,109927.34
199,I7,18,18362.703,330579.03,110308.74
199,I7,19,18426.852,330516.3,110730.88
199,I7,20,18401.516,330907.4,111322.89
199,I7,21,18359.06,331483.7,112626.24
199,I7,22,18528.1,332198.75,115177.35
199,I7,23,18657.6,333462.75,119212.84
199,I7,24,18709.191,335561.5,127882.71
199,I7,25,18664.158,339513.94,143916.34
199,I7,26,18689.676,347766.16,173335.92
199,I7,27,18977.791,362432.84,222639.31
199,I7,28,19202.244,386003.47,291927.72
199,I7,29,19438.492,416734.3,366017.44
199,I7,30,19678.24,448125.94,435658.22
199,I7,31,19941.844,472858.06,501232.62
199,I7,32,20167.53,493585.34,557205.6
199,I7,33,20357.096,511569.78,604853.8
199,I7,34,20550.967,526352.7,645025.8
199,I7,35,20653.188,539804.5,679613.25
199,I7,36,20909.066,550664.5,708024.6
199,I7,37,21012.102,560453.4,731227.9
199,I7,38,21164.979,569194.1,751955.56
199,I7,39,21462.379,577302.6,770030.06
199,I7,40,21710.55,583889.4,784207.3
199,I7,41,21735.754,590071.8,797783.44
199,I7,42,21875.678,595888.2,808903.25
199,I7,43,21869.574,601015.25,816193.8
199,I7,44,21955.629,605291.9,824598.25
199,I7,45,21975.348,609358.94,831588.5
200,I8,1,-1181.0176,-766.64655,-16739.223
200,I8,2,-1263.0612,-779.19006,-16501.53
200,I8,3,-1292.2831,-725.6567,-16017.755
200,I8,4,-1219.517,-584.2223,-15529.498
200,I8,5,-1089.957,-664.86646,-15282.686
200,I8,6,-973.6596,-793.2798,-15261.539
200,I8,7,-1146.7698,-818.28064,-14982.254
200,I8,8,-1184.626,-747.7983,-14655.529
200,I8,9,-1029.7362,-736.7398,-14352.99
200,I8,10,-930.7312,-665.27124,-14289.484
200,I8,11,-895.22577,-676.4049,-14291.725
200,I8,12,-941.5866,-640.89325,-14218.559
200,I8,13,-1005.4235,-500.71002,-13967.997
200,I8,14,-1013.2841,-370.47812,-14010.545
200,I8,15,-927.1353,-695.0944,-14025.114
200,I8,16,-1050.8042,-791.7842,-14043.317
200,I8,17,-1102.87,-727.6249,-13773.167
200,I8,18,-1036.2158,-746.8886,-13825.483
200,I8,19,-1024.376,-796.2279,-13935.055
200,I8,20,-984.3778,-881.7856,-13648.669
200,I8,21,-969.92816,-892.03125,-13332.489
200,I8,22,-980.38196,-848.2264,-13420.821
200,I8,23,-895.3119,-820.41895,-13412.998
200,I8,24,-955.47797,-715.7736,-13197.837
200,I8,25,-990.14417,-801.23804,-13091.113
200,I8,26,-894.00775,-812.4785,-13178.485
200,I8,27,-918.51526,-699.036,-13043.87
200,I8,28,-981.4622,-785.77716,-13074.096
200,I8,29,-984.2409,-782.1838,-12847.56
200,I8,30,-898.22675,-563.12427,-12854.976
200,I8,31,-980.59503,-467.74365,-12599.939
200,I8,32,-1024.7678,-383.54526,-12563.78
200,I8,33,-961.6229,-425.65292,-12352.921
200,I8,34,-1025.7155,-659.59393,-12098.212
200,I8,35,-1070.9382,-713.9844,-11907.883
200,I8,36,-1038.035,-596.52325,-12016.059
200,I8,37,-1058.8492,-603.00854,-11986.145
200,I8,38,-1005.0307,-589.99896,-11869.307
200,I8,39,-860.52515,-516.2247,-11674.272
200,I8,40,-868.1262,-314.9557,-11374.106
200,I8,41,-918.76013,-328.70206,-11256.006
200,I8,42,-924.82825,-361.6064,-11384.122
200,I8,43,-902.2141,-362.5909,-11382.155
200,I8,44,-850.7161,-283.71188,-11489.655
200,I8,45,-766.519,-324.2325,-11471.703
201,I9,1,15954.957,331093.12,116012.27
201,I9,2,15994.283,331400.47,116199.82
201,I9,3,15737.978,332203.8,116937.3
201,I9,4,15788.155,332835.66,117828.13
201,I9,5,16301.143,333461.97,117999.1
201,I9,6,16451.762,334070.53,118053.05
201,I9,7,16360.768,334094.9,118691.75
201,I9,8,16299.885,333924.38,118766.26
201,I9,9,16371.475,333918.7,118901.05
201,I9,10,16357.393,334159.25,118993.37
201,I9,11,16437.193,334691.34,119365.016
201,I9,12,16397.61,335235.94,119353.11
201,I9,13,16441.602,335321.12,119348.11
201,I9,14,16647.441,335289.1,119585.164
201,I9,15,16729.754,335440.66,119678.445
201,I9,16,16662.754,335858.25,119763.98
201,I9,17,16628.53,335980.47,120260.63
201,I9,18,16846.44,336120.88,120349.22
201,I9,19,16906.688,336434.66,120363.84
201,I9,20,17022.549,336569.4,120539.82
201,I9,21,17159.502,336872.5,120822.766
201,I9,22,17196.97,337371.38,121151.08
201,I9,23,17120.143,337805.5,121759.78
201,I9,24,17131.025,338024,122598.56
201,I9,25,17091.562,338494.3,124468.86
201,I9,26,17222.5,339875.1,127819.79
201,I9,27,17269.846,342343.22,133967.98
201,I9,28,17668.986,347917.84,145911.14
201,I9,29,17902.37,357635.62,168645.84
201,I9,30,18355.814,376731.56,208400.31
201,I9,31,19700.379,407412.8,269277.9
201,I9,32,22507.975,446023.2,343781.84
201,I9,33,25819.557,485375.34,420970.5
201,I9,34,29478.512,514328,498299.5
201,I9,35,33056.65,534749.06,567571.8
201,I9,36,36988.83,550479.2,625746.1
201,I9,37,40437.52,563620.2,675437.75
201,I9,38,43657.258,574203.56,717053.94
201,I9,39,47043.062,583252.3,753524.2
201,I9,40,50221.766,590088.5,780771.6
201,I9,41,53557.008,595720.7,805393.6
201,I9,42,56982.395,601396.25,826381.94
201,I9,43,60436.406,606235.8,844143.5
201,I9,44,64424.02,609953.8,859093.6
201,I9,45,67859.27,614604.5,869522.94
202,I10,1,-9085.374,-2320.9036,-20873.373
202,I10,2,-8922.709,-2324.7107,-20514.002
202,I10,3,-8843.919,-2193.2622,-20079.17
202,I10,4,-8714.671,-2158.2156,-19947.904
202,I10,5,-8582.879,-2203.4985,-19758.613
202,I10,6,-8451.522,-2159.4329,-19677.934
202,I10,7,-8466.498,-1936.92,-19488.904
202,I10,8,-8341.829,-2011.4161,-19507.844
202,I10,9,-8160.9507,-2123.8413,-19368.521
202,I10,10,-7994.7295,-2194.4077,-19243.46
202,I10,11,-7990.7007,-2239.427,-18966.977
202,I10,12,-8059.6396,-2299.981,-18851.105
202,I10,13,-8000.408,-2323.021,-18673.129
202,I10,14,-8104.169,-2249.7957,-18601.363
202,I10,15,-8292.536,-2243.6519,-18562.295
202,I10,16,-8382.685,-2165.4375,-18492.041
202,I10,17,-8285.067,-2205.8008,-18535.973
202,I10,18,-8227.864,-2300.6602,-18285.588
202,I10,19,-8283.6,-2375.006,-18236.508
202,I10,20,-8230.8125,-2361.9324,-18283.26
202,I10,21,-8118.3735,-2225.6807,-18227.771
202,I10,22,-7861.483,-2446.1091,-18045.986
202,I10,23,-7814.0903,-2476.7256,-18004.865
202,I10,24,-7897.286,-2310.8225,-18071.865
202,I10,25,-7890.772,-2259.3738,-17972.926
202,I10,26,-7929.1895,-2350.7249,-18016.691
202,I10,27,-7725.9937,-2454.2856,-17961.559
202,I10,28,-7529.803,-2473.6748,-17763.873
202,I10,29,-7637.024,-2425.2307,-17529.373
202,I10,30,-7853.8413,-2395.5947,-17584.152
202,I10,31,-7893.953,-2249.007,-17470.584
202,I10,32,-7523.1406,-2218.1245,-17186.596
202,I10,33,-7435.489,-2185.9197,-17183.674
202,I10,34,-7503.4097,-2203.3635,-17052.396
202,I10,35,-7608.548,-2156.6365,-17243.781
202,I10,36,-7585.581,-2169.049,-17346.549
202,I10,37,-7630.848,-2112.314,-16856.139
202,I10,38,-7702.0264,-1870.1184,-16469.219
202,I10,39,-7505.57,-1984.9655,-16424.734
202,I10,40,-7321.3735,-2073.4026,-16456.371
202,I10,41,-7548.4,-2040.2612,-16568.283
202,I10,42,-7647.1797,-1969.5123,-16420.016
202,I10,43,-7394.765,-1892.7001,-16306.552
202,I10,44,-7320.6943,-1962.1907,-16378.07
202,I10,45,-7254.3647,-2040.2013,-16069.134
203,I11,1,20011.553,355595.1,125787.55
203,I11,2,20010.62,355584.4,125818.01
203,I11,3,19950.068,355796.2,126366.79
203,I11,4,19848.842,356718.16,127216.805
203,I11,5,19756.305,357148.47,127026.04
203,I11,6,19776.072,357463.8,126965.836
203,I11,7,19988.602,357551.72,127412.56
203,I11,8,20210.758,357525.66,127433.06
203,I11,9,20180.846,357416.94,127546.59
203,I11,10,20070.27,357472.56,127999.18
203,I11,11,20127,357775,128057.45
203,I11,12,20561.803,358018.03,128079.734
203,I11,13,20485.752,358056.47,128635.94
203,I11,14,20454.06,358453.06,128705.64
203,I11,15,20739.73,358412.6,128822.164
203,I11,16,20751.9,358508.53,128928.86
203,I11,17,20776.041,359200.7,129182.22
203,I11,18,20748.135,359276,129403.55
203,I11,19,20873.395,359413.34,129579.89
203,I11,20,20855.63,359488.66,129902.32
203,I11,21,20852.344,360036.47,130019.016
203,I11,22,21124.527,360026.25,130743.305
203,I11,23,21320.266,359991.97,130729.42
203,I11,24,21303.203,359944.28,130523.24
203,I11,25,21284.518,360403.03,130676.125
203,I11,26,21374.23,360801.88,131317.34
203,I11,27,21298.77,361356.28,132200.86
203,I11,28,21333.803,361930.28,134009.56
203,I11,29,21575.598,362993.2,137026.06
203,I11,30,21568.85,365548.56,142730.44
203,I11,31,21695.924,370280.78,154231.55
203,I11,32,21802.209,379777,175897.3
203,I11,33,21874.56,396667.38,213278.6
203,I11,34,22027.709,421885.8,268526.25
203,I11,35,22382.324,454315.97,333158.44
203,I11,36,22790.744,483259.88,402799.53
203,I11,37,22964.709,504131.3,469278.47
203,I11,38,23067.73,520079.22,528891
203,I11,39,23360.006,532883.4,581863.6
203,I11,40,23729.998,542811.7,630145.8
203,I11,41,23817.873,551757.06,671005.75
203,I11,42,23973.717,558995.8,709112.7
203,I11,43,24009.37,566030.2,744483.8
203,I11,44,24104.434,572796.44,774493.4
203,I11,45,23994.844,578467.9,797206.8
204,I12,1,-1337.628,-1370.4585,-13418.806
204,I12,2,-1256.8589,-1354.2728,-13155.751
204,I12,3,-1275.373,-1466.8367,-13030.004
204,I12,4,-1353.0411,-1529.5331,-12795.312
204,I12,5,-1327.5751,-1478.144,-12697.526
204,I12,6,-1167.1438,-1486.464,-12438.565
204,I12,7,-1087.0262,-1362.6163,-12413.25
204,I12,8,-1152.3695,-1277.7802,-12182.45
204,I12,9,-1218.9592,-1394.4388,-11947.1
204,I12,10,-1135.6771,-1496.3256,-11985.96
204,I12,11,-1097.5043,-1536.2999,-11921.329
204,I12,12,-1209.5608,-1406.047,-11857.815
204,I12,13,-1416.2859,-1281.4062,-11834.5625
204,I12,14,-1452.9143,-1468.4299,-11868.168
204,I12,15,-1219.9431,-1555.9127,-11603.497
204,I12,16,-1247.8326,-1511.2618,-11527.218
204,I12,17,-1358.1305,-1541.4454,-11578.846
204,I12,18,-1434.3523,-1496.715,-11387.177
204,I12,19,-1428.0828,-1371.5209,-11463.572
204,I12,20,-1441.9441,-1412.4901,-11502.176
204,I12,21,-1423.8251,-1608.8301,-11366.648
204,I12,22,-1347.7626,-1637.4226,-11275.544
204,I12,23,-1398.4976,-1423.1206,-11129.821
204,I12,24,-1407.7426,-1476.6315,-11200.344
204,I12,25,-1276.6936,-1707.0493,-11155.032
204,I12,26,-1305.2319,-1755.8756,-11123.053
204,I12,27,-1541.4237,-1585.5393,-11118.129
204,I12,28,-1587.0188,-1455.8972,-11058.134
204,I12,29,-1331.0591,-1514.0983,-10930.39
204,I12,30,-1195.4286,-1597.6644,-10747.945
204,I12,31,-1251.4926,-1713.6041,-10757.483
204,I12,32,-1326.883,-1923.8374,-10886.036
204,I12,33,-1495.0635,-1887.1165,-10981.958
204,I12,34,-1522.2006,-1541.8295,-10686.903
204,I12,35,-1277.8843,-1498.3118,-10301.79
204,I12,36,-1237.0657,-1545.1805,-10055.998
204,I12,37,-1237.8546,-1513.6964,-10100.771
204,I12,38,-1251.2666,-1185.8203,-10111.602
204,I12,39,-1319.9934,-1185.6444,-10190.446
204,I12,40,-1342.4257,-1245.7261,-9933.67
204,I12,41,-1484.8643,-1169.5736,-9753.596
204,I12,42,-1922.3195,-1196.311,-9828.314
204,I12,43,-1949.4933,-1187.3154,-9719.415
204,I12,44,-1600.2546,-1378.9899,-9721.571
204,I12,45,-1429.856,-1487.29,-9891.451
205,I13,1,25309.963,349988.72,129974.266
205,I13,2,25336.68,350053.3,130145.41
205,I13,3,25429.8,350379.94,130624.21
205,I13,4,25821.287,350690.47,130760.96
205,I13,5,25948.469,350812.28,131203.17
205,I13,6,26074.781,350914.78,131358.36
205,I13,7,25875.105,348985.56,131309.27
205,I13,8,25714.26,348662.4,131441.39
205,I13,9,25772.51,349432.3,131638.47
205,I13,10,26272.338,349552.53,132222.31
205,I13,11,26307.637,349555.94,132415.83
205,I13,12,26223.264,349671.53,132497.14
205,I13,13,26195.246,350432.3,132686.69
205,I13,14,26436.457,350672.22,132585.45
205,I13,15,26634.102,350656.62,132511.56
205,I13,16,26839.273,350941.75,132701.73
205,I13,17,26426.725,351317.94,133337.62
205,I13,18,26323.01,351533.6,133648.9
205,I13,19,26680.37,351875.8,133698.39
205,I13,20,26740.492,351877.2,133753.98
205,I13,21,26697.826,352125.44,134015.83
205,I13,22,26896.186,352412.28,133986.19
205,I13,23,27001.252,352976.88,134313.55
205,I13,24,27349.455,353362.62,134747.56
205,I13,25,27292.648,353529.16,134740.55
205,I13,26,26923.06,354187.12,135114.55
205,I13,27,26862.076,354323.34,135869.14
205,I13,28,27300.385,354812.8,137307.6
205,I13,29,27329.193,355718.44,139524
205,I13,30,27414.365,357737.66,143736.19
205,I13,31,27529.209,361268.44,151491.27
205,I13,32,27560.982,368400.9,167011.06
205,I13,33,27493.25,382873.53,195833.89
205,I13,34,27616.46,406530.12,242146.33
205,I13,35,27528.973,438870.44,302154.12
205,I13,36,27440.598,472304.84,369689.25
205,I13,37,27314.781,497751.94,437771.7
205,I13,38,27360.586,517477.06,498612.4
205,I13,39,27676.47,531693.56,555025.75
205,I13,40,27823.219,541982.06,604706.9
205,I13,41,27717.012,551100.06,648643.44
205,I13,42,27721.992,559167.3,687203
205,I13,43,27863.49,566477.2,720631.5
205,I13,44,27754.74,573038.94,751607.2
205,I13,45,27620.69,577789.75,776288.06
206,I14,1,-1317.2333,-1307.5425,-3993.194
206,I14,2,-1323.4933,-1260.2855,-3797.506
206,I14,3,-1186.256,-1338.6074,-3414.4685
206,I14,4,-1151.6542,-1365.4226,-3070.441
206,I14,5,-1241.6924,-1230.0583,-2862.145
206,I14,6,-1277.1346,-1219.6277,-2658.877
206,I14,7,-1169.396,-1161.9835,-2586.593
206,I14,8,-1165.0416,-1066.8313,-2334.463
206,I14,9,-1311.1783,-1264.1101,-1981.1774
206,I14,10,-1365.2826,-1363.9609,-1945.2681
206,I14,11,-1315.7954,-1351.7286,-1777.0316
206,I14,12,-1284.4679,-1224.5007,-1844.9376
206,I14,13,-1087.1976,-1155.7878,-2019.7502
206,I14,14,-1114.8085,-1388.2562,-2072.896
206,I14,15,-1237.9448,-1435.094,-1785.3236
206,I14,16,-1225.0724,-1268.0311,-1792.2738
206,I14,17,-986.36163,-1320.2363,-1933.3295
206,I14,18,-1221.9127,-1360.5076,-2012.3871
206,I14,19,-1304.5039,-1282.1428,-1778.9445
206,I14,20,-1191.2175,-1313.9757,-1799.9438
206,I14,21,-1162.4174,-1367.8765,-1851.4325
206,I14,22,-993.1157,-1388.7963,-1527.1963
206,I14,23,-1044.6923,-1310.4603,-1495.6328
206,I14,24,-1394.726,-1381.2506,-1559.3279
206,I14,25,-1510.2438,-1420.1223,-1658.791
206,I14,26,-1518.4666,-1383.8282,-1533.5498
206,I14,27,-1467.002,-1537.0806,-1512.7604
206,I14,28,-1420.6189,-1634.3762,-1552.1101
206,I14,29,-1241.5282,-1589.174,-1579.2546
206,I14,30,-1372.7368,-1350.7808,-1671.1085
206,I14,31,-1393.3251,-1340.9945,-1580.5045
206,I14,32,-1256.4257,-1384.3978,-1628.6067
206,I14,33,-1499.772,-1438.6593,-1495.4421
206,I14,34,-1538.9508,-1438.9696,-1484.5582
206,I14,35,-1399.4048,-1256.409,-1209.5792
206,I14,36,-1369.9734,-1152.4492,-1299.0311
206,I14,37,-1210.6641,-1119.9124,-1380.7424
206,I14,38,-984.46454,-1105.9795,-1012.62506
206,I14,39,-1058.2141,-1219.8638,-783.91547
206,I14,40,-1139.1919,-1488.9126,-634.05286
206,I14,41,-1117.4569,-1534.1404,-665.5534
206,I14,42,-1082.6525,-1359.0189,-678.01416
206,I14,43,-1331.3511,-1175.9967,-554.1104
206,I14,44,-1393.3411,-944.0367,-560.8946
206,I14,45,-1254.9038,-941.786,-640.64026
207,I15,1,18677.621,335634.4,123777.75
207,I15,2,18666.14,335635.3,123868.76
207,I15,3,18635.021,335725.5,124019.31
207,I15,4,18742.012,336066.7,124275.47
207,I15,5,19194.629,336388.9,124791.805
207,I15,6,19281.602,336500.9,124911.516
207,I15,7,19406.16,336726.78,125050.27
207,I15,8,19395.53,336826.97,125114.93
207,I15,9,19318.094,337325.75,125611.82
207,I15,10,19360.7,337483.47,125912.21
207,I15,11,19588.107,337406.8,126011.6
207,I15,12,19599.41,337462.1,125978.21
207,I15,13,19694.361,337548,126135.305
207,I15,14,19673.65,337744.88,126150.055
207,I15,15,19675.4,337797.22,126533.08
207,I15,16,19780.488,338233,126774.3
207,I15,17,19774.703,338281.16,126744.83
207,I15,18,19937.773,338279.25,126822.016
207,I15,19,19949.803,338776.8,126857.46
207,I15,20,20014.031,338788.3,127379.67
207,I15,21,19911.037,338926.66,127501.055
207,I15,22,19875.877,339284.5,127984.78
207,I15,23,20159.248,339249.12,128098.4
207,I15,24,20138.332,339384,128383.74
207,I15,25,20090.145,339643.88,128387.1
207,I15,26,19984.254,339794.12,128258.805
207,I15,27,20007.969,339828.84,128478.54
207,I15,28,20354.67,340215.66,128698.14
207,I15,29,20517.705,340595,129076.7
207,I15,30,20457.074,341118.6,129650.33
207,I15,31,20502.84,341542.66,129973.664
207,I15,32,20478.682,342336.56,130397.37
207,I15,33,20660.564,344066.22,131531.1
207,I15,34,20511.744,347817.7,133800.34
207,I15,35,20425.824,354725,138078.84
207,I15,36,20698.451,365975.2,144675.72
207,I15,37,20846.098,380612.84,153787.34
207,I15,38,20883.217,393177.28,164581.94
207,I15,39,20805.908,402461.88,176035.44
207,I15,40,20957.275,410064.25,187911.05
207,I15,41,21194.76,415988.44,199276.8
207,I15,42,21252.562,420789.12,210375.16
207,I15,43,21195.621,424889.1,221206.33
207,I15,44,21444.49,429291.66,231927.7
207,I15,45,21588.3,433103.9,241494.22
208,I16,1,-1703.611,-2536.0637,-33944.54
208,I16,2,-1637.0638,-2516.4058,-33853.008
208,I16,3,-1672.488,-2196.9702,-33642.63
208,I16,4,-1867.6213,-2292.4143,-33472.973
208,I16,5,-1910.0884,-2356.6375,-33409.254
208,I16,6,-1757.4672,-2266.6858,-33195.645
208,I16,7,-1730.7583,-2280.0742,-32948.418
208,I16,8,-1623.318,-2222.924,-32855.645
208,I16,9,-1735.2234,-2157.8992,-32900.348
208,I16,10,-1817.1853,-2184.012,-32754.709
208,I16,11,-1826.0692,-2200.1055,-32484.309
208,I16,12,-1868.7279,-2267.7004,-32351.484
208,I16,13,-1841.4417,-2341.293,-32424.316
208,I16,14,-1725.0782,-2391.6055,-32427.299
208,I16,15,-1744.7192,-2321.5925,-32438.25
208,I16,16,-1809.8842,-2179.973,-32346.93
208,I16,17,-2098.9119,-2302.494,-32368.576
208,I16,18,-2164.1333,-2410.5132,-32447.75
208,I16,19,-2094.523,-2515.9587,-32307.389
208,I16,20,-2072.8079,-2528.4014,-32160.658
208,I16,21,-1905.6085,-2376.4263,-32235.025
208,I16,22,-1691.6904,-2386.6533,-32237.03
208,I16,23,-1820.7319,-2433.1396,-32225.902
208,I16,24,-1893.1614,-2531.8718,-32272.26
208,I16,25,-1850.7462,-2609.9297,-32050.355
208,I16,26,-1857.2737,-2714.7893,-31892.404
208,I16,27,-1748.18,-2696.612,-31829.928
208,I16,28,-1695.0815,-2526.46,-31877.344
208,I16,29,-1900.7654,-2475.8884,-31897.379
208,I16,30,-1997.2098,-2293.8833,-31931.02
208,I16,31,-2032.0575,-2214.7236,-31666.873
208,I16,32,-2022.7357,-2251.9648,-31737.162
208,I16,33,-1870.1404,-2366.8184,-31762.492
208,I16,34,-1919.3796,-2415.5151,-31423.254
208,I16,35,-1961.4175,-2329.9946,-31441.459
208,I16,36,-1907.1377,-2266.7146,-31551.61
208,I16,37,-1868.5966,-2281.6633,-31426.127
208,I16,38,-1637.2155,-2402.575,-31452.234
208,I16,39,-1626.9054,-2443.1797,-31555.717
208,I16,40,-1620.2582,-2345.6062,-31570.094
208,I16,41,-1693.9434,-2376.0684,-31344.9
208,I16,42,-1836.9828,-2436.7139,-31207.865
208,I16,43,-2135.6687,-2471.1016,-31200.238
208,I16,44,-2120.6855,-2424.6113,-30946.273
208,I16,45,-1756.8359,-2453.6545,-30870.143
209,I17,1,18844.574,330935.72,125848.836
209,I17,2,18955.62,330777.47,125899.77
209,I17,3,19067.596,330783.78,125964.68
209,I17,4,19192.203,331153.97,125980.62
209,I17,5,19171.314,331455.1,125994.875
209,I17,6,19161.398,331896.6,126109.164
209,I17,7,19132.125,331732.66,126301.625
209,I17,8,19226.549,331717.8,126440.31
209,I17,9,19326.193,332306.1,126485.62
209,I17,10,19317.652,332845.6,126804.305
209,I17,11,19444.58,333145.1,126925.195
209,I17,12,19544.271,332918.22,127051.8
209,I17,13,19648.062,332808.6,127145.5
209,I17,14,19652.46,333065.38,127129.36
209,I17,15,19727.744,333028,127347.05
209,I17,16,19708.201,332995.47,127507.914
209,I17,17,19861.062,333414.8,127717.56
209,I17,18,19980.252,333744.8,127728.07
209,I17,19,19894.27,333743.03,127903.39
209,I17,20,19868.719,333636,128111.555
209,I17,21,20193.748,333704.94,128165.96
209,I17,22,20292.748,334149.9,128164.58
209,I17,23,20281.11,334474.3,128470.74
209,I17,24,20219.496,334692.47,128742.9
209,I17,25,20049.498,334663.56,128843.266
209,I17,26,20009.77,334692.7,128767.22
209,I17,27,20318.043,335015.03,128812.46
209,I17,28,20325.879,335061.75,128911.68
209,I17,29,20378.83,335376.6,128992.59
209,I17,30,20345.307,335382.06,129819.55
209,I17,31,20481.855,335649.12,130460.55
209,I17,32,20417.229,335586.88,131433.88
209,I17,33,20425.303,335636.7,133240.75
209,I17,34,20556.674,335615.44,137208.05
209,I17,35,20552.412,336127.62,143702.42
209,I17,36,20773.215,336514.84,152717.48
209,I17,37,20740.064,337033.3,164977.69
209,I17,38,20754.129,337553.7,178715.95
209,I17,39,20744.871,338056.9,192065.31
209,I17,40,21060.61,338214.34,205604.67
209,I17,41,21051.834,338596.3,218538.45
209,I17,42,20986.48,338718.06,231613.23
209,I17,43,20984.59,339179.2,244558.28
209,I17,44,21093.23,339463.8,257776.67
209,I17,45,21472.438,339741.56,269093.1
210,I18,1,-4651.188,84.511505,-9625.01
210,I18,2,-4650.081,56.702686,-9623.903
210,I18,3,-4645.4824,90.70107,-9524.841
210,I18,4,-4622.5127,6.0045633,-9101.484
210,I18,5,-4612.466,-160.78207,-8919.028
210,I18,6,-4556.7773,-250.39755,-8842.04
210,I18,7,-4576.318,-258.75745,-8837.498
210,I18,8,-4629.318,-169.23569,-8591.404
210,I18,9,-4604.0303,-161.9223,-8387.977
210,I18,10,-4470.2676,-57.483196,-8305.2295
210,I18,11,-4582.491,37.119694,-8201.073
210,I18,12,-4600.724,-84.10242,-8239.491
210,I18,13,-4486.272,-133.001,-8195.0205
210,I18,14,-4489.3945,18.382984,-8263.792
210,I18,15,-4478.456,56.286922,-8221.627
210,I18,16,-4400.229,-62.468174,-7992.712
210,I18,17,-4407.3745,-143.29878,-7742.0522
210,I18,18,-4382.63,-126.868454,-7779.3037
210,I18,19,-4407.9126,-148.09851,-7758.324
210,I18,20,-4390.9214,-510.27625,-7786.1646
210,I18,21,-4331.113,-530.83844,-7659.2197
210,I18,22,-4244.9004,-222.29558,-7641.4683
210,I18,23,-4208.142,-185.87312,-7460.534
210,I18,24,-4250.9746,-397.22833,-7475.783
210,I18,25,-4360.636,-402.08768,-7336.9214
210,I18,26,-4378.4746,-110.913475,-7399.7363
210,I18,27,-4219.7837,-84.26664,-7315.5073
210,I18,28,-4219.7773,-120.31892,-7067.279
210,I18,29,-4215.048,-40.76587,-7111.4272
210,I18,30,-4295.44,-123.182144,-7185
210,I18,31,-4336.2427,-132.43774,-7027.983
210,I18,32,-4203.7964,120.76073,-7021.497
210,I18,33,-4044.6824,143.17195,-7098.076
210,I18,34,-4245.556,102.286476,-7076.7505
210,I18,35,-4338.295,66.81726,-7019.034
210,I18,36,-4265.8267,-19.387995,-6862.9497
210,I18,37,-4122.5044,-82.56938,-6753.293
210,I18,38,-4136.1553,-57.016052,-6743.851
210,I18,39,-4106.363,-68.6704,-6542.207
210,I18,40,-4088.9976,76.967026,-6539.543
210,I18,41,-4129.1113,210.35565,-6570.287
210,I18,42,-4102.1807,103.88958,-6416.35
210,I18,43,-4148.406,-178.21031,-6405.6655
210,I18,44,-4111.0537,-211.91098,-6360.044
210,I18,45,-3882.5007,90.2537,-6418.557
211,I19,1,17679.732,333315.16,127963.71
211,I19,2,17643.836,333552.84,128114.96
211,I19,3,17703.031,334277.7,128682.85
211,I19,4,18012.91,335034.25,128943.15
211,I19,5,18082.787,335823.6,129517.04
211,I19,6,18181.002,336040.2,129980.13
211,I19,7,18162.348,336466.84,130193.195
211,I19,8,18203.41,336734.5,130470.99
211,I19,9,18251.322,337127.06,130562.4
211,I19,10,18287.564,337272.34,130775.53
211,I19,11,18421.527,337578.97,130934.45
211,I19,12,18467.746,337997.56,131241.45
211,I19,13,18429.334,338143,131537.67
211,I19,14,18507.633,338450.38,131981.45
211,I19,15,18461.56,338883.4,132759.52
211,I19,16,18412.543,339958.34,134590.23
211,I19,17,18526.014,341043.6,137936.34
211,I19,18,18511.71,343527.97,143093.05
211,I19,19,18659.824,349147.97,153536.12
211,I19,20,18911.02,359533.75,174262.44
211,I19,21,18868.176,379873.06,210928.98
211,I19,22,18872.123,412764.4,269230.78
211,I19,23,19129.77,454767.4,342445.53
211,I19,24,19158.465,496693.03,413892.12
211,I19,25,19164.23,527698,485100.28
211,I19,26,19251.03,549880.1,549504.25
211,I19,27,19302.922,566336.1,605610.1
211,I19,28,19334.846,580149.8,653780
211,I19,29,19259.908,591658.75,695532.75
211,I19,30,19328.383,601013.1,729871.9
211,I19,31,19449.33,608728.9,760754.3
211,I19,32,19591.094,616317.8,787008.2
211,I19,33,19729.256,621971.25,810480.7
211,I19,34,19701.098,626755.75,830128.75
211,I19,35,19723.65,631191.06,845907.1
211,I19,36,19730.191,635204.06,860485.25
211,I19,37,19779.55,638639.8,874621
211,I19,38,19904.06,640495.9,886315.5
211,I19,39,19835.035,643514.44,895738.06
211,I19,40,19907.879,644862.75,904633.44
211,I19,41,20025.264,646068.7,910798.56
211,I19,42,20002.92,647647.4,917579.6
211,I19,43,20163.572,649238.75,925779.2
211,I19,44,20134.21,650717.6,929822.25
211,I19,45,20301.352,651710.5,932056.3
212,I20,1,-30.82935,300.27298,-7978.0254
212,I20,2,-41.60913,354.99493,-7821.1733
212,I20,3,-107.077995,335.63223,-7706.191
212,I20,4,-196.69904,273.7967,-7714.6255
212,I20,5,-209.62877,199.97458,-7553.0684
212,I20,6,-75.06769,187.39734,-7360.405
212,I20,7,-99.17644,292.63437,-7287.5537
212,I20,8,-141.63461,314.95197,-7305.7617
212,I20,9,-98.7176,281.00616,-7292.6426
212,I20,10,-94.48499,267.97488,-7215.2905
212,I20,11,-128.90385,196.91858,-7049.616
212,I20,12,-113.654785,196.46909,-7055.183
212,I20,13,-190.14517,346.30634,-7054.011
212,I20,14,-372.7947,318.93164,-7115.245
212,I20,15,-354.87573,202.2238,-7061.5703
212,I20,16,-112.62506,139.93915,-7007.5854
212,I20,17,-101.66581,80.32328,-6970.772
212,I20,18,-110.87962,80.88481,-6919.902
212,I20,19,-55.93099,149.32265,-6865.3066
212,I20,20,-159.06592,172.251,-6751.487
212,I20,21,-205.11234,187.39406,-6673.6963
212,I20,22,-146.94958,290.9898,-6719.7275
212,I20,23,-135.51192,172.3921,-6588.024
212,I20,24,-21.97557,126.92997,-6471.598
212,I20,25,-41.61742,179.21962,-6368.284
212,I20,26,-58.430397,280.8552,-6319.249
212,I20,27,-54.59302,423.75964,-6236.1045
212,I20,28,-84.55938,477.86594,-6168.764
212,I20,29,-50.02539,556.3025,-5988.5347
212,I20,30,-53.172413,593.4454,-5824.1
212,I20,31,-34.005085,673.1595,-5789.238
212,I20,32,-35.321907,729.4167,-5767.296
212,I20,33,7.4900947,673.1408,-5662.8623
212,I20,34,87.32351,588.5373,-5613.929
212,I20,35,139.907,538.35986,-5427.228
212,I20,36,106.89477,586.8254,-5225.0566
212,I20,37,39.66886,739.4717,-5283.0444
212,I20,38,22.649342,747.9251,-5352.112
212,I20,39,71.41529,566.28845,-5295.039
212,I20,40,145.15851,526.0909,-5359.242
212,I20,41,158.48463,705.4677,-5325.826
212,I20,42,-21.203678,616.5609,-5243.022
212,I20,43,-98.40902,546.6019,-5201.494
212,I20,44,-19.053226,650.1589,-5228.127
212,I20,45,148.76881,836.4444,-5368.9604
213,I21,1,16527.53,318828.9,126136.89
213,I21,2,16566.818,319071.66,126224.875
213,I21,3,16558.832,319640.38,126779.83
213,I21,4,16534.771,320129.34,127226.836
213,I21,5,16553.3,320340.66,127540.37
213,I21,6,16696.79,320385.72,127640.875
213,I21,7,16719.656,320548.75,127715.06
213,I21,8,16821.879,320657.22,127693.33
213,I21,9,16907.059,320811.72,127887.695
213,I21,10,16886.559,321066.66,127948.92
213,I21,11,16861.06,321138.53,128347.59
213,I21,12,16828.318,321303.16,128339.555
213,I21,13,16914.121,321743.44,128381.11
213,I21,14,17044.8,321858.62,128587.76
213,I21,15,17076.889,321713.12,128703.45
213,I21,16,17152.572,321524.53,128789.375
213,I21,17,17156.488,321488.6,129037.805
213,I21,18,17279.691,322007.9,129242.35
213,I21,19,17314.775,322226.62,129774.375
213,I21,20,17358.605,322610.4,130047.09
213,I21,21,17416.832,323039.5,130220.04
213,I21,22,17513.566,323606.56,131176.08
213,I21,23,17494.877,324205.56,132796.81
213,I21,24,17499.904,325559.12,136151.89
213,I21,25,17474.936,328971.62,142525.17
213,I21,26,17515.834,335190.47,154369.67
213,I21,27,17652.494,347372.16,176638.16
213,I21,28,17835.945,369826.9,215785.72
213,I21,29,18050.572,403288.4,275166.62
213,I21,30,18068.197,443925.4,343857.2
213,I21,31,18385.764,480999.84,410190.72
213,I21,32,18745.334,507660.34,474514.03
213,I21,33,18893.057,526751.06,531828.44
213,I21,34,18941.494,540853.25,579873.44
213,I21,35,19150.281,552734.5,619889.75
213,I21,36,19228.027,562118.94,654701.94
213,I21,37,19320.81,569784.2,683177.25
213,I21,38,19310.559,576740.7,707435.5
213,I21,39,19479.225,582232.44,728086.9
213,I21,40,19538.088,586553.7,744775.6
213,I21,41,19635.354,591715.4,760666.44
213,I21,42,19698.436,595298.1,774784.5
213,I21,43,19680.87,598132.75,787275.9
213,I21,44,19775.58,601853.75,796758.8
213,I21,45,19910.365,604458.9,804730.5
214,I22,1,-42.218487,482.3702,-8961.701
214,I22,2,-24.134115,478.18704,-8960.597
214,I22,3,-46.24363,483.30127,-8961.948
214,I22,4,-24.134115,478.18704,-8960.597
214,I22,5,-59.58299,486.12387,-8910.707
214,I22,6,-89.96936,481.92825,-8688.372
214,I22,7,-138.39792,449.8716,-8570.05
214,I22,8,-175.98283,458.78644,-8515.745
214,I22,9,-169.04822,525.2969,-8545.564
214,I22,10,-179.2818,525.24164,-8487.043
214,I22,11,-196.09467,480.35577,-8340.981
214,I22,12,-192.12566,403.27463,-8238.56
214,I22,13,-301.41312,391.6606,-8098.737
214,I22,14,-316.10852,455.6898,-8060.4824
214,I22,15,-217.9048,336.1949,-7933.286
214,I22,16,-83.5335,324.37543,-7831.501
214,I22,17,-27.021626,424.36594,-7827.304
214,I22,18,88.22592,436.75488,-7779.7246
214,I22,19,61.857418,463.78244,-7612.725
214,I22,20,-109.26699,370.32263,-7655.593
214,I22,21,-280.05307,356.879,-7720.8364
214,I22,22,-288.9759,454.95386,-7537.5615
214,I22,23,-148.62016,461.28378,-7385.448
214,I22,24,-79.91175,495.02597,-7444.8164
214,I22,25,-60.962296,497.2473,-7387.2085
214,I22,26,-84.472015,531.3707,-7228.2617
214,I22,27,-49.626823,541.1598,-7286.1094
214,I22,28,-59.880524,592.1423,-7356.581
214,I22,29,-122.079346,659.3962,-7164.5913
214,I22,30,-135.90643,654.3463,-7008.89
214,I22,31,-16.79214,628.1687,-6691.519
214,I22,32,13.423215,693.7723,-6607.6934
214,I22,33,60.02112,667.89453,-6538.346
214,I22,34,19.28719,675.6407,-6539.341
214,I22,35,-30.89472,726.56146,-6654.6704
214,I22,36,-19.616869,755.56384,-6600.904
214,I22,37,-7.8360286,732.7814,-6423.864
214,I22,38,44.203556,797.69885,-6434.1655
214,I22,39,21.250286,772.1267,-6191.2876
214,I22,40,61.537342,818.56586,-6172.123
214,I22,41,113.275444,926.5777,-6187.159
214,I22,42,56.250175,895.2272,-6261.574
214,I22,43,-10.456771,724.46985,-6080.8784
214,I22,44,-4.8910556,680.1597,-6077.694
214,I22,45,135.97838,843.762,-6224.494
215,I23,1,16544.646,326955.47,134623.2
215,I23,2,16611.586,327239.38,134760.28
215,I23,3,16626.027,327187.22,135098.25
215,I23,4,16608.26,327130.38,135424.4
215,I23,5,16651.73,327305.47,135404.5
215,I23,6,16698.914,327242.03,135355.6
215,I23,7,16836.658,327040.25,135505.28
215,I23,8,16861.156,326584.22,135611.7
215,I23,9,16863.207,326589.9,135775.88
215,I23,10,16829.484,327076.16,135966.42
215,I23,11,16853.354,327235.5,136010.64
215,I23,12,16919.162,327223.25,136282.22
215,I23,13,16958.412,327503.22,136452.73
215,I23,14,16922.848,328016.03,136425.34
215,I23,15,16944.707,328028.6,136493.11
215,I23,16,17049.174,327992.44,136733.14
215,I23,17,17064.219,328004.53,136713.19
215,I23,18,17054.86,328038,136900.81
215,I23,19,17236.008,328585.3,137148.11
215,I23,20,17221.94,328959.03,137117.11
215,I23,21,17166.56,328840.28,137097.69
215,I23,22,17259.01,328779.7,137231.47
215,I23,23,17312.602,329159.47,137457.02
215,I23,24,17365.559,329197.88,137399.72
215,I23,25,17391.568,329109.84,137478.17
215,I23,26,17484.451,329276.53,137544.92
215,I23,27,17579.084,329452.22,137656.92
215,I23,28,17667.027,329971.56,137807.17
215,I23,29,17657.996,330094.22,138279.52
215,I23,30,17596,329859.6,138434.81
215,I23,31,17684.432,329752.53,138711.86
215,I23,32,17713.303,330265.03,139330.67
215,I23,33,17787.025,331216.6,140012.03
215,I23,34,17873.27,332338.9,142029.22
215,I23,35,17910.396,334051.9,145059.89
215,I23,36,17949.838,337842.03,149696.69
215,I23,37,18064.84,342077.97,155895.73
215,I23,38,18022.197,345801.56,163174.8
215,I23,39,18053.414,348388.28,170586.95
215,I23,40,18170.494,350126.38,177784.52
215,I23,41,18220.215,352136.22,184631.16
215,I23,42,18275.125,352965.78,191089.42
215,I23,43,18221.912,353983.03,197512.33
215,I23,44,18229.91,355030.25,203979.2
215,I23,45,18354.236,355469.9,209418.27
216,I24,1,-445.956,266.12778,-11325.572
216,I24,2,-419.0298,252.18474,-11266.096
216,I24,3,-416.8568,281.84396,-11145.576
216,I24,4,-396.52924,270.73508,-10847.342
216,I24,5,-423.4013,319.1415,-10823.14
216,I24,6,-437.93353,297.38452,-10849.089
216,I24,7,-385.43082,179.8203,-10673.462
216,I24,8,-302.14325,157.84703,-10567.704
216,I24,9,-316.92288,258.32993,-10545.255
216,I24,10,-350.18683,257.8472,-10462.615
216,I24,11,-344.9702,281.84314,-10369.476
216,I24,12,-347.55045,278.89938,-10295.612
216,I24,13,-335.37173,226.9579,-10234.636
216,I24,14,-274.38257,206.12265,-10277.362
216,I24,15,-295.91202,285.15445,-10326.9795
216,I24,16,-312.03214,306.59406,-10162.775
216,I24,17,-304.998,273.9081,-10115.328
216,I24,18,-335.605,268.8146,-10140.488
216,I24,19,-352.96973,200.222,-10054.182
216,I24,20,-294.23575,78.08018,-10030.623
216,I24,21,-261.95465,88.06847,-9970.39
216,I24,22,-293.143,256.4317,-9987.435
216,I24,23,-340.38544,316.76337,-9953.023
216,I24,24,-384.96124,299.25714,-9802.342
216,I24,25,-394.4784,340.7474,-9778.067
216,I24,26,-320.8526,307.43076,-9764.586
216,I24,27,-316.4301,282.95676,-9794.116
216,I24,28,-361.92975,304.67776,-9605.548
216,I24,29,-409.48016,259.12863,-9578.294
216,I24,30,-395.0704,251.35027,-9626.749
216,I24,31,-229.9162,383.15262,-9735.0625
216,I24,32,-185.29297,371.98575,-9713.602
216,I24,33,-241.96855,344.92114,-9595.813
216,I24,34,-289.63394,310.16492,-9631.522
216,I24,35,-276.5232,323.48508,-9667.189
216,I24,36,-218.84724,303.97272,-9484.812
216,I24,37,-233.25554,336.32172,-9401.778
216,I24,38,-233.25397,316.38397,-9287.17
216,I24,39,-199.23781,331.72208,-9253.28
216,I24,40,-194.91063,284.3904,-9274.512
216,I24,41,-228.695,243.71565,-9272.759
216,I24,42,-215.95001,255.05023,-9279.677
216,I24,43,-220.5303,228.23143,-9195.435
216,I24,44,-246.05559,243.05424,-9251.344
216,I24,45,-287.49432,322.7072,-9373.291
217,J1,1,268.5762,1821.8813,-5144.085
217,J1,2,248.84396,1789.9796,-5151.5464
217,J1,3,214.72623,1741.858,-5066.336
217,J1,4,95.93973,1716.6458,-4670.823
217,J1,5,93.76786,1636.1534,-4471.8457
217,J1,6,247.48729,1624.8253,-4449.407
217,J1,7,241.64081,1719.6038,-4484.059
217,J1,8,173.51042,1751,-4531.54
217,J1,9,50.925827,1712.2242,-4474.6313
217,J1,10,60.063187,1658.888,-4477.238
217,J1,11,201.1106,1636.3945,-4341.879
217,J1,12,152.01305,1658.3691,-4368.975
217,J1,13,115.21092,1654.1185,-4324.66
217,J1,14,165.40506,1699.7283,-4167.394
217,J1,15,258.2934,1712.6648,-4185.2783
217,J1,16,230.94395,1597.9482,-4065.7478
217,J1,17,153.62312,1602.2325,-3881.7405
217,J1,18,55.111008,1785.0791,-4073.4744
217,J1,19,65.167175,1944.4357,-4185.7744
217,J1,20,208.91927,1929.9683,-4066.7793
217,J1,21,216.09683,1927.4276,-3858.6672
217,J1,22,219.86923,1929.316,-3659.7156
217,J1,23,189.29175,1926.5376,-3446.7651
217,J1,24,176.94682,1935.6787,-3352.5908
217,J1,25,177.58847,1984.7527,-3376.3833
217,J1,26,177.49207,2021.3488,-3178.6172
217,J1,27,270.8663,2008.1897,-3213.443
217,J1,28,263.93048,1917.4309,-3117.108
217,J1,29,296.5643,1846.6506,-2870.214
217,J1,30,397.09818,1831.71,-2708.2625
217,J1,31,500.26233,1902.5613,-2751.1768
217,J1,32,498.29535,1885.7963,-2542.5925
217,J1,33,517.2397,1911.2303,-2388.3237
217,J1,34,491.00302,1917.9816,-2590.6218
217,J1,35,541.89825,1825.6288,-2700.1194
217,J1,36,496.97565,1813.7334,-2421.304
217,J1,37,470.3335,1995.1799,-2263.3828
217,J1,38,511.38773,2046.5464,-2246.1948
217,J1,39,496.69318,2065.2751,-2337.1108
217,J1,40,488.96,2035.6238,-2284.2842
217,J1,41,470.28946,1900.458,-2166.003
217,J1,42,571.3141,1807.9486,-2168.0532
217,J1,43,573.5121,1772.6777,-2068.5242
217,J1,44,700.29675,1867.3281,-1948.2528
217,J1,45,804.7425,2068.9204,-1723.3389
218,J2,1,-341.18512,854.4847,-3343.0718
218,J2,2,-338.74768,906.79663,-3183.3008
218,J2,3,-284.55106,852.29407,-3041.3386
218,J2,4,-170.70137,786.33484,-3029.3086
218,J2,5,-221.15103,751.55035,-3042.2886
218,J2,6,-263.578,739.7119,-2838.7476
218,J2,7,-239.23515,851.09607,-2580.7588
218,J2,8,-263.6609,888.74414,-2507.7554
218,J2,9,-276.70547,885.3514,-2420.5857
218,J2,10,-304.645,826.9307,-2368.1619
218,J2,11,-295.6743,757.548,-2436.7498
218,J2,12,-255.39146,751.5679,-2488.7764
218,J2,13,-232.69016,905.0934,-2287.3716
218,J2,14,-315.4247,906.16113,-2149.329
218,J2,15,-338.05844,945.9038,-2225.8562
218,J2,16,-287.05066,984.8443,-2319.6934
218,J2,17,-409.9766,894.42017,-2377.9026
218,J2,18,-412.63586,828.52966,-2212.0493
218,J2,19,-261.995,827.58734,-2121.659
218,J2,20,-185.03816,761.42676,-2039.6185
218,J2,21,-129.67949,556.0189,-1837.1273
218,J2,22,-197.50653,571.1461,-1831.7031
218,J2,23,-258.40158,830.0126,-1680.1448
218,J2,24,-296.69135,845.95593,-1563.6196
218,J2,25,-316.233,836.2564,-1391.7706
218,J2,26,-252.52713,921.4612,-1216.8654
218,J2,27,-185.39595,1083.1561,-1205.7692
218,J2,28,-153.01396,1097.5999,-1003.9668
218,J2,29,-106.34332,1153.56,-810.84656
218,J2,30,-145.10725,1093.9608,-821.5264
218,J2,31,-192.03497,1023.23193,-718.6445
218,J2,32,-160.05865,1016.0289,-477.4128
218,J2,33,150.3701,1010.4831,-321.1148
218,J2,34,240.33675,1165.8507,-342.43317
218,J2,35,127.024124,1169.9092,-438.94138
218,J2,36,51.967735,1226.0051,-477.13477
218,J2,37,95.41295,1179.6289,-118.368675
218,J2,38,179.82063,1148.7223,-79.97839
218,J2,39,230.8847,1122.5107,-0.9235914
218,J2,40,246.92691,1236.2742,-113.05892
218,J2,41,268.5735,1198.4995,-69.22094
218,J2,42,222.2253,1164.246,147.23033
218,J2,43,246.75949,1142.6973,273.23566
218,J2,44,238.04224,1110.1156,236.33737
218,J2,45,260.10706,1223.9222,168.68205
219,J3,1,-294.773,251.4377,-18847.453
219,J3,2,-261.93967,259.14365,-18804.172
219,J3,3,-350.8395,242.83713,-18481.188
219,J3,4,-401.58438,257.18292,-18441.871
219,J3,5,-384.29333,267.86127,-18413.285
219,J3,6,-370.61487,388.2452,-18392.547
219,J3,7,-285.2593,401.40137,-18104.48
219,J3,8,-511.91522,355.61206,-17857.857
219,J3,9,-511.5448,336.2312,-17835.361
219,J3,10,-246.70374,337.09335,-17883.676
219,J3,11,-224.70126,310.2751,-17881.07
219,J3,12,-236.80794,267.9518,-17812.67
219,J3,13,-252.971,235.36935,-17527.139
219,J3,14,-193.17331,245.17136,-17435.793
219,J3,15,-323.9023,374.78433,-17503.053
219,J3,16,-367.28818,318.60464,-17433.043
219,J3,17,-249.08516,294.80157,-17343.238
219,J3,18,-192.1431,360.84042,-17262.816
219,J3,19,-233.82259,199.55664,-17202.02
219,J3,20,-225.4825,127.14146,-17193.914
219,J3,21,-117.44397,149.4443,-17164.043
219,J3,22,-146.58388,268.04205,-17136.557
219,J3,23,-217.9343,294.8264,-17035.824
219,J3,24,-277.16473,387.18558,-16775.203
219,J3,25,-262.7817,376.99982,-16762.422
219,J3,26,6.1376243,396.2343,-16648.158
219,J3,27,129.02681,482.7056,-16491.336
219,J3,28,106.52399,622.21655,-16271.707
219,J3,29,64.949715,588.7886,-16098.898
219,J3,30,125.147385,485.64795,-16123.7705
219,J3,31,140.02673,461.41025,-15994.798
219,J3,32,137.31795,604.18024,-15969.343
219,J3,33,154.31041,593.1138,-15855.372
219,J3,34,135.53151,574.3737,-15832.339
219,J3,35,281.09546,541.7187,-15744.383
219,J3,36,305.80795,498.73306,-15475.372
219,J3,37,285.8775,543.0429,-15269.049
219,J3,38,308.87405,578.7174,-15357.518
219,J3,39,317.55823,565.1257,-15278.2295
219,J3,40,268.59317,502.29343,-15161.347
219,J3,41,364.86465,442.82645,-15180.782
219,J3,42,481.02277,431.6399,-15045.377
219,J3,43,430.20694,538.8901,-15167.712
219,J3,44,375.67545,376.33774,-15286.685
219,J3,45,521.4617,292.5066,-15027.457
220,J4,1,-137.87619,534.50323,-9710.189
220,J4,2,-143.25302,527.0382,-9674.77
220,J4,3,-82.874756,557.9054,-9301.363
220,J4,4,-86.89422,628.4796,-9248.62
220,J4,5,-62.958466,622.86743,-9161.58
220,J4,6,-71.05692,576.61084,-8989.997
220,J4,7,-39.526196,518.69574,-8897.369
220,J4,8,-121.19082,485.9365,-8796.715
220,J4,9,-139.96796,455.85864,-8885.005
220,J4,10,-43.499947,404.4441,-8955.687
220,J4,11,-81.513435,377.80786,-8852.963
220,J4,12,-215.83046,359.94995,-8796.22
220,J4,13,-193.4458,437.00558,-8767.778
220,J4,14,-1.0748749,391.77145,-8678.584
220,J4,15,-86.857864,261.07635,-8672.105
220,J4,16,-136.65671,122.38883,-8632.032
220,J4,17,-97.58093,134.67683,-8644.062
220,J4,18,-69.60684,332.18732,-8482.037
220,J4,19,-72.55932,452.7149,-8343.115
220,J4,20,-73.074036,420.11053,-8467.39
220,J4,21,-39.742085,372.6108,-8546.122
220,J4,22,-68.85787,336.2832,-8334.681
220,J4,23,-87.01217,357.93585,-8108.1914
220,J4,24,-20.7659,343.64737,-8105.0254
220,J4,25,125.09876,393.08954,-8057.3374
220,J4,26,129.1093,392.32785,-8070.41
220,J4,27,79.45995,427.99936,-8051.7505
220,J4,28,28.15046,560.6249,-7758.01
220,J4,29,6.9425116,609.7522,-7660.9893
220,J4,30,85.97006,595.4008,-7420.9785
220,J4,31,137.38719,606.63983,-7349.5396
220,J4,32,107.32415,594.4536,-7315.008
220,J4,33,63.397873,716.7134,-7065.021
220,J4,34,69.111465,687.83307,-6925.032
220,J4,35,78.88332,669.5598,-6764.6396
220,J4,36,259.458,833.691,-6777.5454
220,J4,37,318.42972,702.2227,-6726.9653
220,J4,38,337.755,585.105,-6616.2607
220,J4,39,295.55032,532.49426,-6406.2153
220,J4,40,328.7357,593.0691,-6335.4565
220,J4,41,363.65372,619.717,-6340.677
220,J4,42,362.4712,623.627,-6380.352
220,J4,43,310.40656,810.64685,-6316.384
220,J4,44,312.17377,850.6703,-6335.553
220,J4,45,258.92874,822.7746,-6425.406
221,J5,1,-1086.8038,515.2641,-9862.821
221,J5,2,-1095.055,509.75342,-9713.944
221,J5,3,-1113.1016,646.13544,-9519.676
221,J5,4,-1086.5609,704.75964,-9423.76
221,J5,5,-970.66266,685.3456,-9302.049
221,J5,6,-1006.6522,572.7152,-9041.653
221,J5,7,-1017.1168,512.2307,-8993.604
221,J5,8,-915.9307,522.37885,-8983.703
221,J5,9,-901.03973,513.02814,-8938.89
221,J5,10,-886.8202,435.23022,-8677.258
221,J5,11,-930.90765,450.59262,-8648.411
221,J5,12,-956.38885,685.3555,-8730.932
221,J5,13,-886.0201,684.77496,-8756.029
221,J5,14,-835.78613,490.6884,-8812.275
221,J5,15,-847.99005,427.93393,-8727.573
221,J5,16,-870.9467,464.47623,-8739.775
221,J5,17,-960.7005,475.68823,-8538.553
221,J5,18,-982.7367,617.48865,-8408.745
221,J5,19,-886.19556,700.0869,-8413.697
221,J5,20,-858.83417,573.9244,-8460.69
221,J5,21,-835.886,497.34525,-8392.93
221,J5,22,-908.29736,465.8317,-8403.52
221,J5,23,-933.70514,406.9137,-8270.6455
221,J5,24,-845.5388,304.35046,-8193.805
221,J5,25,-863.9485,294.4742,-8292.501
221,J5,26,-914.855,353.26233,-8267.923
221,J5,27,-1007.62915,349.05365,-7983.203
221,J5,28,-1014.575,388.78738,-7837.174
221,J5,29,-873.4616,538.8225,-7641.4873
221,J5,30,-807.25494,553.8193,-7416.3555
221,J5,31,-722.6483,645.59924,-7405.39
221,J5,32,-590.9408,775.7902,-7375.0244
221,J5,33,-514.526,733.5982,-7315.9434
221,J5,34,-429.41714,566.3054,-7270.4404
221,J5,35,-456.76852,533.2333,-6930.4272
221,J5,36,-498.68536,721.25165,-6941.1836
221,J5,37,-547.62335,858.1612,-7027.6504
221,J5,38,-647.82385,847.4465,-6796.4062
221,J5,39,-716.103,927.00604,-6805.6855
221,J5,40,-687.7549,929.55664,-6613.5146
221,J5,41,-594.56995,865.0663,-6694.7915
221,J5,42,-569.2452,836.49854,-6706.5
221,J5,43,-520.4109,758.93005,-6674.234
221,J5,44,-600.30133,710.2158,-6528.5156
221,J5,45,-678.06354,783.5362,-6482.1343
222,J6,1,-1620.3346,1332.5013,-7184.5693
222,J6,2,-1642.6771,1160.0868,-7097.2476
222,J6,3,-1684.339,1057.5059,-6745.485
222,J6,4,-1723.1642,1143.5359,-6637.663
222,J6,5,-1744.1257,1374.935,-6655.893
222,J6,6,-1727.702,1435.888,-6505.109
222,J6,7,-1570.5208,1368.9524,-6370.4707
222,J6,8,-1554.5769,1292.9644,-6284.428
222,J6,9,-1506.0809,1293.7201,-6202.531
222,J6,10,-1587.5073,1453.5432,-6041.6885
222,J6,11,-1808.1292,1331.2305,-6010.2896
222,J6,12,-1826.3938,1232.4875,-5877.3906
222,J6,13,-1661.76,1190.6842,-5724.9917
222,J6,14,-1555.3591,1220.4462,-5836.96
222,J6,15,-1607.1138,1170.66,-5967.849
222,J6,16,-1735.4409,1076.447,-5911.561
222,J6,17,-1713.2278,1043.2102,-5563.3066
222,J6,18,-1436.8284,1085.3981,-5530.0103
222,J6,19,-1424.0442,1051.7719,-5638.58
222,J6,20,-1490.4886,944.48914,-5592.6357
222,J6,21,-1523.6384,949.0344,-5389.397
222,J6,22,-1532.2457,1085.4812,-5303.536
222,J6,23,-1507.9476,1137.4847,-5363.2153
222,J6,24,-1669.4025,1149.8131,-5342.911
222,J6,25,-1691.0391,1311.8018,-5380.845
222,J6,26,-1509.0144,1440.071,-5399.5684
222,J6,27,-1519.5122,1431.1293,-5268.263
222,J6,28,-1573.8027,1394.1627,-5200.3833
222,J6,29,-1562.7115,1462.3738,-5169.8657
222,J6,30,-1521.8302,1454.8025,-4797.266
222,J6,31,-1538.4299,1537.4772,-4571.991
222,J6,32,-1441.3441,1485.0734,-4619.57
222,J6,33,-1309.0228,1427.7958,-4588.4663
222,J6,34,-1453.6675,1479.3381,-4491.545
222,J6,35,-1526.6097,1433.8134,-4318.435
222,J6,36,-1454.4865,1253.4062,-4154.1387
222,J6,37,-1347.5546,1241.6449,-4188.654
222,J6,38,-1278.9838,1528.1769,-3964.2385
222,J6,39,-1444.205,1626.817,-3987.9385
222,J6,40,-1504.5518,1601.853,-3937.4426
222,J6,41,-1401.9493,1664.9095,-3645.1333
222,J6,42,-1411.419,1623.4158,-3721.548
222,J6,43,-1386.1003,1610.3217,-3815.4695
222,J6,44,-1306.5842,1559.58,-3836.1619
222,J6,45,-1245.4048,1587.2396,-3910.5928
223,J7,1,-387.32755,0.29336822,-11637.114
223,J7,2,-370.99158,-57.55392,-11292.867
223,J7,3,-196.6074,-71.673836,-10706.51
223,J7,4,-207.25456,75.04376,-10615.121
223,J7,5,-254.86844,69.48581,-10320.976
223,J7,6,-289.55707,64.765945,-10245.676
223,J7,7,-368.52597,76.23011,-10321.904
223,J7,8,-354.44223,-36.94697,-10177.796
223,J7,9,-197.22945,-81.31421,-9815.704
223,J7,10,-229.58891,-25.032925,-9687.542
223,J7,11,-262.58694,34.61978,-9532.104
223,J7,12,-218.70457,108.254745,-9609.667
223,J7,13,-257.69296,35.641567,-9670.464
223,J7,14,-346.4022,-26.097599,-9368.474
223,J7,15,-327.27814,-27.125643,-9454.023
223,J7,16,-125.64471,8.451956,-9672.454
223,J7,17,-97.49014,-156.7725,-9775.788
223,J7,18,-62.860554,-144.16902,-9526.501
223,J7,19,-194.36153,114.657166,-9328.433
223,J7,20,-264.8723,70.415016,-9271.121
223,J7,21,-289.1156,-169.0935,-9327.207
223,J7,22,-297.83124,-182.98798,-9122.107
223,J7,23,-231.52773,6.112386,-9197.042
223,J7,24,-220.38907,75.38164,-9159.078
223,J7,25,-117.98429,8.929107,-8902.091
223,J7,26,-11.42616,-50.87968,-8872.338
223,J7,27,-92.88527,-87.34092,-8768.086
223,J7,28,-146.57765,-58.066025,-8804.089
223,J7,29,-115.19682,83.99767,-8509.818
223,J7,30,-119.08585,211.85048,-8377.458
223,J7,31,-46.65754,152.62573,-8480.256
223,J7,32,-125.52541,109.0058,-8305.178
223,J7,33,-298.12137,174.55849,-7988.721
223,J7,34,-311.0076,148.64168,-8023.5186
223,J7,35,-136.80403,161.64052,-7961.592
223,J7,36,-69.153656,233.7,-7800.401
223,J7,37,48.685143,284.44162,-7726.6616
223,J7,38,15.422949,232.67757,-7509.964
223,J7,39,-111.52094,169.50421,-7449.0874
223,J7,40,-165.17339,152.15923,-7508.395
223,J7,41,-131.09973,113.4593,-7618.5977
223,J7,42,-137.37624,120.62564,-7531.6865
223,J7,43,-68.79281,140.89847,-7388.1226
223,J7,44,-50.749664,364.33716,-7492.777
223,J7,45,115.68123,407.36758,-7395.18
224,J8,1,-1605.853,-1531.6041,-15144.834
224,J8,2,-1569.8638,-1536.5111,-14821.511
224,J8,3,-1576.2694,-1544.0094,-14341.117
224,J8,4,-1526.8445,-1425.097,-13833.112
224,J8,5,-1542.2164,-1364.8011,-13412.526
224,J8,6,-1505.9121,-1340.5287,-13400.372
224,J8,7,-1576.3938,-1363.5972,-13233.598
224,J8,8,-1810.7686,-1410.9407,-13108.462
224,J8,9,-1837.6188,-1409.2037,-12977.748
224,J8,10,-1621.9347,-1430.694,-13015.571
224,J8,11,-1300.528,-1411.19,-12838.927
224,J8,12,-1481.1035,-1590.2988,-12864.097
224,J8,13,-1547.8712,-1661.7334,-12751.961
224,J8,14,-1407.2734,-1616.5004,-12494.609
224,J8,15,-1411.5814,-1446.0543,-12355.5625
224,J8,16,-1370.0056,-1376.7765,-12449.699
224,J8,17,-1330.9945,-1385.7396,-12430.015
224,J8,18,-1418.3733,-1415.6045,-12389.249
224,J8,19,-1444.2739,-1513.8378,-12343.501
224,J8,20,-1306.4973,-1721.4375,-12152.345
224,J8,21,-1430.5505,-1729.7902,-11946.206
224,J8,22,-1474.2302,-1557.6506,-12050.652
224,J8,23,-1359.88,-1518.6852,-12244.259
224,J8,24,-1547.5845,-1538.0864,-12328.574
224,J8,25,-1587.218,-1514.518,-11971.488
224,J8,26,-1375.023,-1399.0969,-11863.584
224,J8,27,-1337.2345,-1411.114,-11806.727
224,J8,28,-1397.0455,-1389.9299,-11697.066
224,J8,29,-1425.9181,-1368.7416,-11713.57
224,J8,30,-1488.6403,-1465.6698,-11530.526
224,J8,31,-1616.5244,-1506.5537,-11392.594
224,J8,32,-1620.225,-1374.743,-11166.035
224,J8,33,-1388.5553,-1167.762,-11214.809
224,J8,34,-1347.422,-1129.3871,-10990.186
224,J8,35,-1382.4045,-1141.6017,-10855.95
224,J8,36,-1285.6647,-1117.1653,-10789.46
224,J8,37,-1207.3809,-1187.4629,-10533.532
224,J8,38,-1255.2864,-1227.1803,-10586.712
224,J8,39,-1294.4832,-1095.668,-10364.526
224,J8,40,-1399.8824,-1051.6074,-10212.368
224,J8,41,-1435.8064,-1018.808,-10320.166
224,J8,42,-1294.2013,-1066.301,-10239.209
224,J8,43,-1283.1147,-1049.0717,-10232.452
224,J8,44,-1323.4247,-1074.1171,-10350.615
224,J8,45,-1309.1892,-1146.5392,-10117.575
225,J9,1,1455.1047,714.666,-531.1073
225,J9,2,1412.2162,721.5244,-484.19162
225,J9,3,1382.7455,670.2237,-297.4004
225,J9,4,1460.2933,662.5936,-159.47308
225,J9,5,1397.4238,717.157,-160.8471
225,J9,6,1311.7732,789.69257,-153.2501
225,J9,7,1282.8756,760.2645,-163.45293
225,J9,8,1320.0491,756.9445,-35.60871
225,J9,9,1336.9019,801.77094,-3.5378387
225,J9,10,1458.426,771.5832,30.136467
225,J9,11,1462.6398,806.30054,79.85687
225,J9,12,1537.6711,749.2427,24.012829
225,J9,13,1688.6915,668.4147,5.308616
225,J9,14,1711.3843,565.67816,84.35641
225,J9,15,1442.1289,519.57025,156.21526
225,J9,16,1377.0304,571.62616,120.94569
225,J9,17,1508.4017,490.10013,160.3481
225,J9,18,1465.7698,266.6334,113.45549
225,J9,19,1317.3815,262.2405,41.67055
225,J9,20,1263.704,455.27045,40.74189
225,J9,21,1266.6936,485.9418,-12.79252
225,J9,22,1293.5121,531.05786,-9.848776
225,J9,23,1464.2634,410.2153,286.3575
225,J9,24,1425.0175,372.86853,386.61807
225,J9,25,1247.8239,481.2097,306.2022
225,J9,26,1229.2198,538.113,214.78407
225,J9,27,1407.6063,544.53705,178.04001
225,J9,28,1581.7264,596.8378,124.75741
225,J9,29,1521.4287,544.05273,102.62151
225,J9,30,1485.0164,494.49426,300.79947
225,J9,31,1574.9084,541.183,382.30228
225,J9,32,1507.6295,641.5474,582.09827
225,J9,33,1427.1757,677.915,831.6803
225,J9,34,1326.4778,677.39764,891.46857
225,J9,35,1197.6718,645.6725,1005.61115
225,J9,36,1221.5231,710.9571,1254.9207
225,J9,37,1430.1813,714.52576,1397.1074
225,J9,38,1485.5208,684.7737,1485.9248
225,J9,39,1640.5654,763.54486,1456.5135
225,J9,40,1630.2834,686.74896,1618.304
225,J9,41,1611.207,488.00018,1707.0094
225,J9,42,1551.2522,463.86478,1756.8984
225,J9,43,1516.4619,666.7427,1780.1044
225,J9,44,1571.5979,665.1467,1797.493
225,J9,45,1574.4044,646.38116,1851.559
226,J10,1,-286.18866,141.26907,-3006.9985
226,J10,2,-276.95813,99.65536,-2956.7312
226,J10,3,-490.34344,42.091305,-2659.259
226,J10,4,-542.74115,47.30624,-2584.597
226,J10,5,-439.0465,67.09383,-2507.505
226,J10,6,-422.7212,68.78052,-2523.2053
226,J10,7,-336.39124,155.33264,-2432.4675
226,J10,8,-408.6088,236.57504,-2351.6897
226,J10,9,-628.8258,241.15459,-2402.5996
226,J10,10,-658.46857,187.37805,-2424.4873
226,J10,11,-544.35284,74.94111,-2406.581
226,J10,12,-465.19983,-41.071682,-2296.008
226,J10,13,-497.7382,-53.43682,-2268.7786
226,J10,14,-488.11966,82.670074,-2331.6855
226,J10,15,-292.10797,44.136784,-2289.0676
226,J10,16,-303.93933,-101.37611,-2139.374
226,J10,17,-520.3413,-125.31492,-2174.693
226,J10,18,-528.2574,-26.01393,-2198.0137
226,J10,19,-273.55106,-23.921228,-2267.81
226,J10,20,-271.0977,17.326857,-2252.9634
226,J10,21,-343.10776,67.7038,-2167.3513
226,J10,22,-384.17786,29.955559,-2156.239
226,J10,23,-326.2521,4.4836164,-1945.6276
226,J10,24,-220.2679,28.56349,-1972.6627
226,J10,25,-252.6647,-157.53706,-2008.6606
226,J10,26,-292.175,-190.07727,-1925.3959
226,J10,27,-327.10687,-104.05461,-1761.7725
226,J10,28,-341.27158,-60.243584,-1831.1853
226,J10,29,-386.7279,9.346195,-1949.2927
226,J10,30,-412.88342,42.258343,-1996.0396
226,J10,31,-479.1662,126.61674,-1782.4497
226,J10,32,-595.4261,54.517715,-1699.6981
226,J10,33,-592.82715,-13.390869,-1656.3182
226,J10,34,-373.2067,-61.99188,-1466.0569
226,J10,35,-183.82388,-63.219677,-1133.165
226,J10,36,-242.67018,144.18279,-1122.4517
226,J10,37,-326.43518,462.19977,-994.12646
226,J10,38,-395.7796,426.14633,-958.2904
226,J10,39,-397.4867,229.42685,-677.7581
226,J10,40,-218.43575,150.59634,-640.2671
226,J10,41,-224.18036,188.02478,-695.8326
226,J10,42,-228.43225,193.83113,-730.7709
226,J10,43,-211.29993,205.53748,-649.7666
226,J10,44,-269.06757,419.3532,-594.90466
226,J10,45,-327.30588,411.5898,-522.95764
227,J11,1,-951.6734,75.92368,-9626.02
227,J11,2,-1010.44995,233.26427,-9541.56
227,J11,3,-1294.6171,130.02382,-9241.494
227,J11,4,-1344.8652,31.649641,-9004.54
227,J11,5,-1215.7415,14.266974,-8758.228
227,J11,6,-1232.0884,93.145195,-8844.388
227,J11,7,-1299.0142,229.53046,-8887.22
227,J11,8,-1354.5483,44.552547,-8622.561
227,J11,9,-1426.7311,-106.16604,-8411.526
227,J11,10,-1366.4625,-150.13478,-8211.242
227,J11,11,-1060.948,-67.9311,-8280.814
227,J11,12,-1037.1058,96.95899,-8369.371
227,J11,13,-1082.0795,162.6615,-8387.361
227,J11,14,-1193.2433,91.39479,-8436.729
227,J11,15,-1214.5669,30.55777,-8299.622
227,J11,16,-1074.9451,20.347633,-8212.231
227,J11,17,-1072.6316,-93.09807,-8038.2607
227,J11,18,-1067.239,-122.52515,-8123.6665
227,J11,19,-1196.7593,31.999994,-8239.707
227,J11,20,-1243.5614,143.20963,-8177.5957
227,J11,21,-1149.7029,70.8061,-8061.3447
227,J11,22,-1077.1406,-54.260548,-8153.3257
227,J11,23,-1125.9622,-289.60767,-8200.086
227,J11,24,-1162.6964,-275.02213,-7924.844
227,J11,25,-1092.7804,4.059465,-7914.542
227,J11,26,-1049.6606,38.092056,-7905.819
227,J11,27,-1041.5067,59.566105,-7944.2373
227,J11,28,-1255.4994,-7.816394,-7763.409
227,J11,29,-1254.843,-76.82572,-7843.756
227,J11,30,-978.6466,-128.58322,-7969.4766
227,J11,31,-1115.5197,-148.55461,-7936.6035
227,J11,32,-1199.7734,-75.269775,-7594.812
227,J11,33,-1177.7518,-38.385906,-7486.0356
227,J11,34,-1192.6987,162.66997,-7525.3516
227,J11,35,-1281.7103,132.91629,-7351.5327
227,J11,36,-1333.4441,1.3412955,-7288.325
227,J11,37,-1359.689,-57.34654,-7054.4434
227,J11,38,-1358.8561,-32.83361,-6938.16
227,J11,39,-1231.8685,-49.73098,-6845.177
227,J11,40,-1085.306,8.046206,-6887.6436
227,J11,41,-1091.5005,61.23677,-6670.049
227,J11,42,-1141.6638,150.83287,-6679.492
227,J11,43,-1135.9232,218.6212,-6611.395
227,J11,44,-1111.242,288.37482,-6539.9375
227,J11,45,-1149.4056,412.96613,-6600.0786
228,J12,1,-1448.8662,-925.30145,-10767.8545
228,J12,2,-1516.9612,-952.08356,-10657.447
228,J12,3,-1758.5244,-988.5806,-10388.421
228,J12,4,-1858.3229,-1013.0379,-10051.549
228,J12,5,-1919.515,-948.1684,-9975.543
228,J12,6,-1909.6672,-981.45135,-9689.716
228,J12,7,-1737.0837,-1015.80396,-9564.628
228,J12,8,-1683.6503,-1011.62823,-9380.074
228,J12,9,-1557.5732,-1018.7312,-9342.14
228,J12,10,-1545.1559,-957.9828,-9367.232
228,J12,11,-1689.3928,-877.038,-9242.819
228,J12,12,-1733.415,-825.9761,-9281.256
228,J12,13,-1662.4044,-804.7575,-9391.842
228,J12,14,-1853.5605,-885.3245,-9307.58
228,J12,15,-1904.3336,-902.3883,-8979.822
228,J12,16,-1780.7476,-721.4536,-8981.342
228,J12,17,-1737.2102,-735.7809,-8889.723
228,J12,18,-1811.6107,-808.31537,-8759.232
228,J12,19,-1873.776,-1010.07745,-8838.89
228,J12,20,-1924.741,-1129.1559,-8893.81
228,J12,21,-1890.7363,-1275.0927,-8582.221
228,J12,22,-1638.9131,-1251.1455,-8510.066
228,J12,23,-1691.9902,-1019.7958,-8613.385
228,J12,24,-1973.8151,-961.09503,-8572.259
228,J12,25,-1997.5264,-847.2668,-8561.882
228,J12,26,-1803.0392,-1033.8702,-8516.581
228,J12,27,-1701.0276,-1098.8779,-8460.405
228,J12,28,-1673.0758,-1019.2783,-8520.507
228,J12,29,-1692.1628,-1066.8541,-8583.098
228,J12,30,-1611.9832,-1076.7267,-8412.612
228,J12,31,-1553.0785,-926.75543,-8328.699
228,J12,32,-1501.5615,-931.9206,-8231.931
228,J12,33,-1674.2328,-942.0618,-8273.829
228,J12,34,-1709.9807,-962.4319,-8242.821
228,J12,35,-1517.5708,-851.8258,-8085.455
228,J12,36,-1530.7539,-744.63336,-8042.731
228,J12,37,-1593.1674,-831.7185,-7884.6025
228,J12,38,-1701.4431,-885.8775,-7698.8286
228,J12,39,-1820.9865,-809.48773,-7416.5723
228,J12,40,-1869.2535,-799.4704,-7402.6743
228,J12,41,-1853.0012,-740.0991,-7408.34
228,J12,42,-1844.1709,-646.9661,-7328.612
228,J12,43,-1694.8275,-629.1177,-7295.9517
228,J12,44,-1597.0717,-641.6556,-7272.303
228,J12,45,-1632.928,-452.2128,-7196.697
229,J13,1,-39.98199,250.50594,-6282.765
229,J13,2,-25.022022,294.39337,-6225.3135
229,J13,3,71.401245,285.94592,-5950.436
229,J13,4,125.62524,261.326,-5805.4673
229,J13,5,91.45239,204.88414,-5641.488
229,J13,6,84.13378,185.537,-5596.983
229,J13,7,62.667267,312.29388,-5535.872
229,J13,8,-95.292915,287.5565,-5382.855
229,J13,9,-132.12225,309.48608,-5388.2827
229,J13,10,-32.14816,503.8588,-5322.0454
229,J13,11,53.090042,371.24423,-5310.4517
229,J13,12,-14.753255,257.67096,-5381.4116
229,J13,13,-42.000443,208.68224,-5356.159
229,J13,14,48.09416,285.41534,-5288.5596
229,J13,15,66.00038,404.1866,-5172.778
229,J13,16,-1.5290464,342.9885,-5030.277
229,J13,17,-72.9748,197.01057,-4978.418
229,J13,18,-177.1851,133.31352,-5023.1675
229,J13,19,-161.97966,152.97856,-5173.601
229,J13,20,-4.085118,161.78099,-5245.887
229,J13,21,1.7768728,251.14708,-5051.947
229,J13,22,-12.005251,-1.786653,-4885.214
229,J13,23,-64.67024,-85.07904,-4910.264
229,J13,24,-66.74685,-57.662487,-4979.114
229,J13,25,68.62189,-37.285786,-4856.445
229,J13,26,79.430824,50.995865,-4813.4976
229,J13,27,29.60709,-109.345795,-4729.7124
229,J13,28,-3.9131618,-90.57231,-4655.4478
229,J13,29,20.222864,156.39021,-4706.3257
229,J13,30,164.22383,79.88054,-4639.4243
229,J13,31,201.15175,13.738025,-4675.263
229,J13,32,182.95386,6.7745814,-4524.2085
229,J13,33,203.69666,52.36853,-4469.2104
229,J13,34,-97.8002,300.48663,-4479.1313
229,J13,35,-149.41805,185.90428,-4432.7954
229,J13,36,2.3559496,94.86144,-4362.305
229,J13,37,14.160597,57.209625,-4133.965
229,J13,38,-11.211187,93.70314,-3961.3965
229,J13,39,28.519833,347.3852,-3838.376
229,J13,40,20.430155,229.22171,-3873.6543
229,J13,41,63.7822,208.39171,-3776.194
229,J13,42,37.74413,466.6219,-3739.5073
229,J13,43,81.91609,494.12878,-3599.189
229,J13,44,297.35272,510.21658,-3525.3513
229,J13,45,293.94525,454.2288,-3441.955
230,J14,1,-2850.3884,490.5946,-10136.73
230,J14,2,-2889.1882,467.71222,-10118.363
230,J14,3,-3045.5781,369.41534,-9873.857
230,J14,4,-3111.0352,315.07846,-9681.529
230,J14,5,-3135.4836,373.84982,-9660.496
230,J14,6,-3133.243,406.80014,-9585.418
230,J14,7,-3039.1633,380.07272,-9491.649
230,J14,8,-3039.5103,420.78687,-9513.57
230,J14,9,-2935.2085,314.73215,-9461.624
230,J14,10,-2638.5872,318.84906,-9434.481
230,J14,11,-2749.8672,617.1684,-9114.487
230,J14,12,-2995.1812,639.44104,-8891.489
230,J14,13,-3077.42,543.8423,-8863.898
230,J14,14,-3087.2178,472.94962,-8902.738
230,J14,15,-3101.127,474.8437,-8944.325
230,J14,16,-3071.769,430.04025,-8776.817
230,J14,17,-2855.9268,426.6111,-8807.789
230,J14,18,-2860.1733,372.14832,-8792.506
230,J14,19,-3006.743,356.735,-8769.818
230,J14,20,-3187.2024,338.99957,-8522.306
230,J14,21,-3142.7654,15.63351,-8500.5625
230,J14,22,-2811.3826,35.676044,-8324.843
230,J14,23,-2846.6501,462.27618,-8371.592
230,J14,24,-3126.45,534.10315,-8379.275
230,J14,25,-3132.9207,473.89755,-8394.719
230,J14,26,-2839.3696,458.52405,-8274.433
230,J14,27,-2768.046,352.45004,-8298.588
230,J14,28,-2908.9153,299.51935,-8288.072
230,J14,29,-2977.5647,384.2221,-8322.133
230,J14,30,-2906.4292,425.3308,-8120.408
230,J14,31,-2755.165,315.4722,-8150.82
230,J14,32,-3001.435,269.67508,-8111.0864
230,J14,33,-3046.252,378.07986,-8173.9956
230,J14,34,-2862.5564,415.48364,-8048.625
230,J14,35,-2971.5967,338.49765,-7924.4224
230,J14,36,-3049.1338,295.6996,-7948.351
230,J14,37,-3078.0933,435.14645,-7708.827
230,J14,38,-3046.1035,648.8948,-7656.464
230,J14,39,-2794.982,549.5123,-7618.3687
230,J14,40,-2742.6785,484.86057,-7647.2104
230,J14,41,-2805.9463,596.2558,-7522.3135
230,J14,42,-2822.5752,631.8286,-7377.571
230,J14,43,-2758.0283,591.43585,-7419.4775
230,J14,44,-2979.5408,560.4142,-7252.971
230,J14,45,-3073.9902,710.5337,-7339.825
231,J15,1,-1092.9242,348.0512,-10847.884
231,J15,2,-1097.1566,328.79053,-10665.365
231,J15,3,-1045.3956,324.4388,-10404.776
231,J15,4,-1063.4711,283.7265,-10077.465
231,J15,5,-1098.1989,279.3537,-9995.188
231,J15,6,-1120.1455,422.38242,-10042.52
231,J15,7,-1106.7206,517.07587,-9903.372
231,J15,8,-1063.2382,511.6807,-9749.007
231,J15,9,-982.59827,566.17596,-9737.568
231,J15,10,-811.04175,390.34125,-9471.707
231,J15,11,-885.7783,301.94617,-9415.084
231,J15,12,-941.63745,312.883,-9499.518
231,J15,13,-916.2894,405.95523,-9476.001
231,J15,14,-950.8496,374.90335,-9499.6045
231,J15,15,-968.221,332.76718,-9271.575
231,J15,16,-919.30444,338.89194,-9229.338
231,J15,17,-958.5228,242.99022,-9305.335
231,J15,18,-976.0069,203.22198,-9177.541
231,J15,19,-858.2682,253.23862,-9100.411
231,J15,20,-809.407,293.8114,-9166.76
231,J15,21,-916.65765,323.40442,-9094.262
231,J15,22,-974.09204,477.1365,-9130.18
231,J15,23,-957.3835,272.29184,-8955.956
231,J15,24,-925.23303,208.18616,-8913.822
231,J15,25,-864.40515,339.9625,-8964.171
231,J15,26,-993.00134,442.76083,-8759.027
231,J15,27,-987.23883,165.83109,-8827.775
231,J15,28,-758.5102,97.850075,-8888.438
231,J15,29,-887.65125,157.45012,-8774.824
231,J15,30,-945.86755,218.86742,-8858.687
231,J15,31,-862.5223,269.8099,-8877.062
231,J15,32,-896.8062,288.64392,-8824.973
231,J15,33,-936.7848,325.16068,-8673.715
231,J15,34,-891.9631,318.7024,-8581.058
231,J15,35,-907.207,380.6477,-8520.527
231,J15,36,-1117.1355,347.24747,-8344.885
231,J15,37,-1149.2692,286.7082,-8205.376
231,J15,38,-1040.5188,259.71057,-8186.9453
231,J15,39,-973.5615,308.10052,-8239.62
231,J15,40,-954.7282,305.30136,-8338.661
231,J15,41,-809.87744,359.52542,-8213.0205
231,J15,42,-823.2272,367.4659,-8222.898
231,J15,43,-864.24036,447.49326,-8118.069
231,J15,44,-892.10034,322.9827,-7928.7437
231,J15,45,-834.7275,251.76079,-7681.2383
232,J16,1,96.23598,837.10547,1916.1581
232,J16,2,18.286211,812.7419,2079.4094
232,J16,3,-247.95984,769.6364,2242.3406
232,J16,4,-322.98077,719.30566,2302.4976
232,J16,5,-270.33365,734.5099,2523.0886
232,J16,6,-258.59024,942.77997,2735.0566
232,J16,7,-212.91064,934.29553,2742.1174
232,J16,8,70.728905,766.16437,2883.823
232,J16,9,-26.367535,689.7655,2956.728
232,J16,10,-217.42197,708.1464,2896.047
232,J16,11,-255.90208,865.3126,2889.7837
232,J16,12,-127.26166,740.0182,3222.8472
232,J16,13,-103.82796,678.58685,3219.106
232,J16,14,-103.731476,702.5857,3214.749
232,J16,15,-133.15211,707.4511,3181.3474
232,J16,16,-95.14654,792.3283,3120.599
232,J16,17,-129.06248,758.4167,3278.3618
232,J16,18,-132.9026,726.14044,3417.9668
232,J16,19,-121.00248,789.88556,3619.6965
232,J16,20,-108.07651,865.7527,3567.1533
232,J16,21,74.830246,893.7444,3445.734
232,J16,22,75.62912,843.8684,3427.822
232,J16,23,21.145454,763.61707,3377.793
232,J16,24,-35.43845,632.83496,3521.168
232,J16,25,-396.97287,613.88043,3493.6177
232,J16,26,-450.5989,724.3522,3600.6611
232,J16,27,-278.48782,788.00244,3684.2861
232,J16,28,-184.35867,824.66223,4017.114
232,J16,29,-50.446762,719.3616,4049.1572
232,J16,30,-46.46788,663.05524,3871.7517
232,J16,31,-247.06062,650.8411,3766.3142
232,J16,32,-308.56274,677.7892,3947.6023
232,J16,33,-245.11285,867.3632,4028.022
232,J16,34,-292.4787,849.3157,4026.2888
232,J16,35,-379.95142,707.35223,4114.949
232,J16,36,-358.78976,665.29193,4292.0073
232,J16,37,-132.09944,773.2858,4198.4946
232,J16,38,-106.940605,955.0833,4135.0415
232,J16,39,-53.124557,836.5656,4187.7397
232,J16,40,-34.125385,704.5051,4369.9053
232,J16,41,-97.473915,694.3828,4487.91
232,J16,42,-166.02603,790.99927,4464.6387
232,J16,43,-214.88092,602.30457,4505.2046
232,J16,44,-208.29375,669.15485,4543.803
232,J16,45,2.2586508,1189.7607,4439.4062
233,J17,1,479.9959,669.0575,528.8808
233,J17,2,467.82526,662.9521,532.9183
233,J17,3,514.17285,767.6512,397.5559
233,J17,4,510.64185,859.9958,410.04303
233,J17,5,570.9215,839.4672,644.93964
233,J17,6,544.68585,576.1088,870.182
233,J17,7,523.1903,521.5746,1083.5347
233,J17,8,506.87582,649.1321,1084.2494
233,J17,9,481.5841,911.93896,1136.2145
233,J17,10,462.65823,866.8852,1137.296
233,J17,11,523.6237,781.36945,1341.2834
233,J17,12,512.3108,699.48517,1467.9906
233,J17,13,542.5003,657.7138,1541.06
233,J17,14,520.9983,699.6853,1562.0618
233,J17,15,373.2684,819.66223,1533.5942
233,J17,16,339.82013,811.19543,1702.5621
233,J17,17,445.30743,630.8875,1784.3723
233,J17,18,549.9511,627.4455,1707.4215
233,J17,19,505.2756,859.575,1679.3451
233,J17,20,388.50363,904.3747,1627.6692
233,J17,21,376.34674,937.9708,1776.1166
233,J17,22,518.6138,845.13824,1880.6785
233,J17,23,557.9564,733.679,1833.9897
233,J17,24,507.48618,629.93866,1966.2059
233,J17,25,473.03128,607.3382,2112.9363
233,J17,26,508.8769,704.27924,2079.5674
233,J17,27,482.2666,790.6398,2035.4375
233,J17,28,471.62003,799.34357,2283.3347
233,J17,29,466.15134,901.2458,2279.278
233,J17,30,390.12424,848.43536,2231.061
233,J17,31,365.74536,744.6782,2285.0227
233,J17,32,405.72064,564.48474,2264.5193
233,J17,33,314.7904,553.3029,2343.4172
233,J17,34,291.8061,727.9301,2371.5767
233,J17,35,384.93948,852.8167,2349.51
233,J17,36,553.12006,818.21497,2485.0488
233,J17,37,548.55115,665.4312,2776.5474
233,J17,38,545.9301,617.0901,2730.9424
233,J17,39,589.63007,653.25604,2788.2168
233,J17,40,580.4425,645.5027,3027.2056
233,J17,41,601.904,713.2837,3041.5195
233,J17,42,642.78766,856.90344,2822.465
233,J17,43,346.1443,855.2036,2689.1958
233,J17,44,333.59708,907.7204,2836.01
233,J17,45,626.3697,1007.04535,2935.2202
234,J18,1,-909.73926,109.69707,-11041.096
234,J18,2,-774.9118,35.448864,-10909.149
234,J18,3,-766.38794,-20.19103,-10441.29
234,J18,4,-949.3537,80.95196,-10131.638
234,J18,5,-992.28375,198.56184,-9820.934
234,J18,6,-862.54846,177.39304,-9716.877
234,J18,7,-836.4618,100.7519,-9630.951
234,J18,8,-814.96686,19.12345,-9464.506
234,J18,9,-853.97034,-46.916782,-9473.561
234,J18,10,-850.0766,-101.48579,-9284.97
234,J18,11,-822.85486,-83.43676,-9229.968
234,J18,12,-862.9637,131.85791,-9098.346
234,J18,13,-882.4658,100.34006,-8910.432
234,J18,14,-926.177,62.590145,-8823.536
234,J18,15,-978.0322,89.73345,-8874.687
234,J18,16,-1016.0363,-218.40988,-8671.333
234,J18,17,-1097.0906,-300.26126,-8571.988
234,J18,18,-1086.4691,-234.28278,-8539.385
234,J18,19,-895.27075,-9.136497,-8604.172
234,J18,20,-908.43195,123.54254,-8687.221
234,J18,21,-960.2016,122.66858,-8450.185
234,J18,22,-964.77875,132.0007,-8302.49
234,J18,23,-974.9633,71.13753,-8368.216
234,J18,24,-895.15247,-16.535057,-8208.029
234,J18,25,-963.8365,-50.39726,-8089.3726
234,J18,26,-1168.9246,18.261625,-8007.589
234,J18,27,-1147.4827,25.748415,-8109.2007
234,J18,28,-870.10376,126.032524,-8214.862
234,J18,29,-860.3985,117.63576,-7944.57
234,J18,30,-912.6914,148.06395,-7690.128
234,J18,31,-910.64844,144.54884,-7857.356
234,J18,32,-917.1359,261.87445,-7971.542
234,J18,33,-836.24774,228.63669,-7712.309
234,J18,34,-949.49243,168.58263,-7772.7095
234,J18,35,-985.072,150.97914,-7703.2856
234,J18,36,-853.4302,311.0054,-7490.626
234,J18,37,-831.4483,340.1167,-7495.4707
234,J18,38,-851.92163,322.04114,-7393.646
234,J18,39,-801.89624,261.21042,-7406.8506
234,J18,40,-992.9722,298.14865,-7542.159
234,J18,41,-1037.4147,463.78738,-7490.7915
234,J18,42,-855.63586,408.70822,-7435.6294
234,J18,43,-705.14557,315.13937,-7070.956
234,J18,44,-722.46295,269.22733,-7041.053
234,J18,45,-695.94617,249.33,-6923.2285
235,J19,1,-567.59235,-13.621414,-8148.596
235,J19,2,-567.848,-5.9715915,-8015.556
235,J19,3,-443.10223,110.378624,-7961.669
235,J19,4,-501.16376,-36.04207,-7813.7876
235,J19,5,-546.1673,-32.53393,-7730.87
235,J19,6,-545.8771,170.23347,-7757.8823
235,J19,7,-681.8256,178.64449,-7669.3
235,J19,8,-709.9777,150.74048,-7527.1855
235,J19,9,-617.8839,231.73755,-7381.6396
235,J19,10,-453.75574,290.2034,-7343.525
235,J19,11,-441.9908,295.0816,-7284.0522
235,J19,12,-585.88684,399.57877,-7343.618
235,J19,13,-634.1181,235.0657,-7507.0728
235,J19,14,-604.20807,141.43634,-7518.4224
235,J19,15,-614.18976,102.14692,-7172.792
235,J19,16,-596.1901,58.87989,-7129.7227
235,J19,17,-595.80035,21.412369,-7131.1646
235,J19,18,-607.6786,0.62811947,-7170.2666
235,J19,19,-702.68665,69.02031,-7013.626
235,J19,20,-686.1094,233.23091,-6944.1133
235,J19,21,-520.40393,256.2102,-6981.8135
235,J19,22,-520.84235,345.26215,-6854.5967
235,J19,23,-554.02783,345.5666,-6630.273
235,J19,24,-585.45215,420.5159,-6398.5747
235,J19,25,-670.33826,391.829,-6239.61
235,J19,26,-655.7251,370.72388,-6147.6113
235,J19,27,-491.45816,278.3522,-6085.2334
235,J19,28,-553.1797,266.37875,-5985.5415
235,J19,29,-579.7184,459.70078,-5962.7207
235,J19,30,-458.24908,468.763,-6006.409
235,J19,31,-374.57803,519.9604,-6001.5586
235,J19,32,-394.34567,527.079,-5777.2515
235,J19,33,-373.54236,462.98538,-5654.503
235,J19,34,-391.44672,436.25766,-5538.824
235,J19,35,-357.4662,475.841,-5528.483
235,J19,36,-462.8534,628.8444,-5475.2183
235,J19,37,-549.6372,775.7772,-5398.123
235,J19,38,-648.9105,796.7225,-5384.38
235,J19,39,-644.57074,713.8283,-5289.9473
235,J19,40,-437.88748,638.15295,-5308.824
235,J19,41,-274.14798,654.6336,-5083.1963
235,J19,42,-392.9293,627.64166,-5137.7227
235,J19,43,-472.96588,644.2785,-5162.788
235,J19,44,-497.9358,521.25964,-5108.921
235,J19,45,-536.7356,429.33563,-5180.3403
236,J20,1,-129.74629,77.04408,-7108.4004
236,J20,2,-122.61677,70.12762,-6852.8657
236,J20,3,-143.07303,138.74942,-6680.928
236,J20,4,-91.08939,123.714165,-6644.8794
236,J20,5,-56.36387,139.2864,-6307.4526
236,J20,6,-95.65167,212.09795,-6294.322
236,J20,7,-145.3308,179.92868,-6300.1836
236,J20,8,-261.50632,119.791565,-5960.422
236,J20,9,-291.99786,57.523445,-5954.096
236,J20,10,-233.9097,18.639364,-5933.8135
236,J20,11,-193.72282,1.0901337,-5857.6196
236,J20,12,-0.57771236,10.940916,-5637.269
236,J20,13,-47.977924,124.3831,-5711.9546
236,J20,14,-272.30237,128.11458,-5830.6875
236,J20,15,-298.6476,116.013245,-5861.0664
236,J20,16,-144.02956,31.44055,-5884.4253
236,J20,17,-128.87233,-57.493877,-5688.283
236,J20,18,-133.12479,-42.705593,-5661.1753
236,J20,19,-197.02605,89.75566,-5509.0596
236,J20,20,-340.44708,117.930855,-5359.206
236,J20,21,-350.5222,218.95514,-5331.182
236,J20,22,-225.58887,262.75995,-5195.861
236,J20,23,-124.68204,307.06058,-5171.2812
236,J20,24,-135.6178,188.51208,-5083.841
236,J20,25,-119.898,178.90384,-4897.426
236,J20,26,-135.2737,416.3894,-4905.914
236,J20,27,-127.777885,464.30054,-4712.838
236,J20,28,-134.18478,287.68494,-4701.3833
236,J20,29,-45.88812,235.47774,-4688.1216
236,J20,30,-62.767136,351.51733,-4744.559
236,J20,31,-90.47808,361.93686,-4496.4136
236,J20,32,-16.757214,467.27795,-4345.941
236,J20,33,-22.03605,500.93768,-4253.239
236,J20,34,-14.644931,509.85965,-4143.3623
236,J20,35,-74.29849,519.26575,-3954.7024
236,J20,36,-171.99738,613.4933,-3841.4001
236,J20,37,-204.74591,698.2033,-3899.897
236,J20,38,-162.77544,664.6058,-4003.2764
236,J20,39,-256.63528,669.9462,-3959.2437
236,J20,40,-253.30356,598.0286,-3807.787
236,J20,41,-14.114604,542.1981,-3816.3105
236,J20,42,164.10793,582.3005,-3692.8132
236,J20,43,128.86996,645.03125,-3588.0232
236,J20,44,87.167015,653.1842,-3490.6611
236,J20,45,136.12494,625.29474,-3503.3232
237,J21,1,-505.02774,154.00407,-26431.225
237,J21,2,-518.9046,160.88547,-26168.77
237,J21,3,-540.43,152.20581,-25588.322
237,J21,4,-561.93616,180.27136,-25511.953
237,J21,5,-573.7414,96.122826,-25368.955
237,J21,6,-594.66943,56.17606,-25390.342
237,J21,7,-565.8196,43.90999,-25282.781
237,J21,8,-424.35904,61.41641,-25137.396
237,J21,9,-459.87582,161.67224,-24803.537
237,J21,10,-495.5397,140.90602,-24745.531
237,J21,11,-454.05032,60.050713,-24694.686
237,J21,12,-362.83472,91.09998,-24571.436
237,J21,13,-282.9006,261.12466,-24561.043
237,J21,14,-374.71243,85.13309,-24539.44
237,J21,15,-436.62186,42.603256,-24330.775
237,J21,16,-455.31546,100.953606,-24266.477
237,J21,17,-462.497,67.64076,-24273.977
237,J21,18,-402.11703,63.22373,-23849.771
237,J21,19,-401.40192,123.46598,-23739.361
237,J21,20,-427.34085,85.32407,-23786.473
237,J21,21,-466.68817,60.361717,-23818.037
237,J21,22,-478.00348,91.97818,-23940.742
237,J21,23,-440.77008,183.57384,-23899.34
237,J21,24,-465.45718,185.13058,-23745.826
237,J21,25,-510.77026,208.77837,-23678.701
237,J21,26,-589.4758,314.229,-23679.465
237,J21,27,-549.9511,303.59836,-23493.254
237,J21,28,-318.07407,306.03842,-23381.576
237,J21,29,-263.71393,290.1965,-23378.947
237,J21,30,-145.79471,259.69827,-23298.94
237,J21,31,-250.04579,272.53558,-22976.5
237,J21,32,-296.70953,467.04718,-23042.707
237,J21,33,-200.59718,522.78827,-23007.197
237,J21,34,-248.86328,729.98566,-22692.566
237,J21,35,-307.24753,711.28357,-22513.625
237,J21,36,-305.34253,562.54767,-22503.775
237,J21,37,-303.1862,494.25504,-22379.154
237,J21,38,-262.5937,540.2684,-22320.96
237,J21,39,-229.77724,522.7082,-22112.572
237,J21,40,-276.93393,596.2955,-22091.5
237,J21,41,-329.2558,603.1322,-22210.896
237,J21,42,-355.05334,536.04517,-22016.488
237,J21,43,-288.07928,528.94507,-21898.598
237,J21,44,-322.75345,651.18097,-21779.322
237,J21,45,-375.61786,620.8562,-21776.916
238,J22,1,-876.05023,-99.18746,-7030.505
238,J22,2,-876.20166,-127.58694,-6943.2637
238,J22,3,-848.94403,-131.68347,-6882.582
238,J22,4,-790.3237,4.708273,-6651.785
238,J22,5,-801.41895,19.920176,-6518.476
238,J22,6,-822.0834,-39.30594,-6479.3735
238,J22,7,-839.24445,-78.54816,-6509.675
238,J22,8,-846.6259,-43.533108,-6437.5547
238,J22,9,-849.99194,5.7072077,-6459.388
238,J22,10,-822.27014,35.333626,-6363.68
238,J22,11,-830.366,2.065915,-6216.096
238,J22,12,-822.8559,-8.333829,-6150.0215
238,J22,13,-798.04346,-40.310745,-6204.013
238,J22,14,-815.695,-56.85441,-6241.1826
238,J22,15,-838.1836,-173.46225,-6093.0073
238,J22,16,-849.45557,-218.60315,-6060.6343
238,J22,17,-826.03357,-221.11479,-6098.8
238,J22,18,-801.89343,-264.24014,-6054.861
238,J22,19,-797.7187,-257.14658,-5935.189
238,J22,20,-734.1584,-146.26587,-5920.547
238,J22,21,-748.1446,-29.192625,-6000.848
238,J22,22,-771.73865,-48.83769,-6001.2695
238,J22,23,-785.3386,-74.12781,-6017.4253
238,J22,24,-731.51196,-59.87224,-5958.4023
238,J22,25,-679.9406,-98.406006,-5770.449
238,J22,26,-671.03876,-152.02725,-5653.364
238,J22,27,-714.4302,-169.89868,-5616.462
238,J22,28,-771.8272,-91.87274,-5665.2886
238,J22,29,-789.5851,18.319767,-5550.604
238,J22,30,-727.3526,124.44327,-5617.042
238,J22,31,-683.1783,106.00083,-5587.64
238,J22,32,-643.6473,111.70115,-5297.81
238,J22,33,-616.42206,91.60139,-5157.5645
238,J22,34,-650.6199,159.60828,-5139.285
238,J22,35,-676.31903,168.9552,-5048.4136
238,J22,36,-716.2296,243.3859,-5007.238
238,J22,37,-717.8826,312.92328,-4978.8135
238,J22,38,-633.4148,268.94638,-4920.245
238,J22,39,-640.7368,264.65845,-4986.7354
238,J22,40,-672.90454,298.0008,-4863.0347
238,J22,41,-674.96893,293.61304,-4776.3667
238,J22,42,-548.6751,263.21652,-4796.34
238,J22,43,-594.17773,350.12885,-4812.9067
238,J22,44,-751.14484,304.4606,-4767.876
238,J22,45,-808.31476,228.65074,-4802.0103
239,J23,1,-548.41925,112.3534,-7099.6416
239,J23,2,-556.9978,109.23635,-7031.493
239,J23,3,-533.80536,76.56233,-6989.824
239,J23,4,-519.7518,25.712337,-6831.579
239,J23,5,-410.72906,-20.832485,-6780.5903
239,J23,6,-427.3777,-60.550575,-6729.194
239,J23,7,-473.04446,-88.768845,-6582.83
239,J23,8,-493.81808,-109.27688,-6520.0146
239,J23,9,-517.7865,-100.00601,-6493.0137
239,J23,10,-522.6443,-86.14624,-6517.951
239,J23,11,-593.51587,-25.735046,-6420.039
239,J23,12,-617.18665,18.796427,-6466.4106
239,J23,13,-602.55145,-1.0786707,-6529.154
239,J23,14,-634.629,0.1579832,-6556.2793
239,J23,15,-626.2005,-24.113552,-6360.77
239,J23,16,-543.1055,-35.71417,-6200.3896
239,J23,17,-503.10483,-61.69672,-6202.3003
239,J23,18,-442.5786,-82.70242,-6207.9346
239,J23,19,-462.4641,-48.537685,-6260.865
239,J23,20,-519.78064,-9.791476,-6189.6807
239,J23,21,-605.3189,-27.556597,-6169.784
239,J23,22,-603.59125,-49.239193,-6189.762
239,J23,23,-476.5265,-19.240276,-6004.8213
239,J23,24,-419.93033,-59.062454,-6072.8413
239,J23,25,-452.61392,-149.91176,-6147.8086
239,J23,26,-497.10504,-153.94026,-6029.952
239,J23,27,-526.6619,-83.3254,-5982.01
239,J23,28,-532.33026,-73.22687,-5895.2266
239,J23,29,-445.48428,-23.497066,-5952.595
239,J23,30,-424.2692,-20.705261,-5920.216
239,J23,31,-436.05225,17.696123,-5807.5684
239,J23,32,-456.70642,51.946186,-5735.157
239,J23,33,-403.90155,-4.0463047,-5685.307
239,J23,34,-392.2824,-42.74884,-5711.2437
239,J23,35,-422.01123,-36.259674,-5695.079
239,J23,36,-389.55234,-52.413258,-5727.893
239,J23,37,-341.0869,-23.456121,-5716.5493
239,J23,38,-369.929,11.208353,-5597.685
239,J23,39,-413.03876,-11.55762,-5557.5107
239,J23,40,-395.45557,-21.148031,-5582.256
239,J23,41,-343.72708,-43.907726,-5595.764
239,J23,42,-328.39987,-37.941685,-5601.6045
239,J23,43,-435.10748,-61.34067,-5506.7817
239,J23,44,-475.84726,-44.90787,-5414.045
239,J23,45,-409.20605,61.76912,-5501.26
240,J24,1,-191.98593,602.2048,-6243.6855
240,J24,2,-210.3204,649.6979,-6182.034
240,J24,3,-245.7978,713.1887,-6083.8115
240,J24,4,-268.38846,699.0869,-5681.776
240,J24,5,-246.00203,664.6101,-5534.457
240,J24,6,-218.35779,684.6935,-5503.432
240,J24,7,-161.53552,661.1858,-5478.178
240,J24,8,-93.68844,614.0468,-5306.7266
240,J24,9,-206.25462,576.6013,-5158.905
240,J24,10,-267.62488,545.6428,-5137.1304
240,J24,11,-288.35956,541.20215,-5187.1523
240,J24,12,-283.20108,546.8641,-5140.674
240,J24,13,-301.77023,644.6816,-5204.002
240,J24,14,-294.53738,633.90717,-5196.996
240,J24,15,-202.60939,589.16534,-5164.0537
240,J24,16,-205.65424,464.46414,-5191.194
240,J24,17,-322.79498,444.0617,-5017.546
240,J24,18,-322.3081,510.42972,-4967.261
240,J24,19,-201.05673,580.019,-4971.5923
240,J24,20,-196.8625,594.1567,-4938.1123
240,J24,21,-191.79097,691.77356,-4870.2334
240,J24,22,-199.63953,683.3528,-4973.899
240,J24,23,-176.41396,688.9399,-5045.2974
240,J24,24,-185.8694,674.9979,-4873.7153
240,J24,25,-196.43053,624.72614,-4807.301
240,J24,26,-215.03484,584.40704,-4799.166
240,J24,27,-181.82019,577.4651,-4860.9795
240,J24,28,-174.72238,565.0736,-4744.905
240,J24,29,-141.77335,606.2113,-4674.6807
240,J24,30,-123.27002,632.2332,-4738.0405
240,J24,31,-101.08858,689.9758,-4769.8765
240,J24,32,-96.98502,707.54694,-4709.582
240,J24,33,-127.27885,649.7793,-4711.0835
240,J24,34,-172.88673,624.4554,-4675.1343
240,J24,35,-199.17001,700.1389,-4635.4556
240,J24,36,-197.0285,689.77313,-4634.0977
240,J24,37,-158.9603,658.90704,-4556.6333
240,J24,38,-119.22055,696.987,-4495.3975
240,J24,39,-107.5488,678.4659,-4512.8955
240,J24,40,-104.599945,627.1619,-4419.5703
240,J24,41,-131.43863,545.792,-4467.4683
240,J24,42,-157.3858,512.4641,-4421.104
240,J24,43,-117.28692,537.7584,-4297.3696
240,J24,44,-147.6135,577.67065,-4308.636
240,J24,45,-183.61493,627.85736,-4367.147
241,K1,1,14291.573,351183.34,127561.945
241,K1,2,14282.249,351358.62,127697.305
241,K1,3,14291.307,351618.7,127792.29
241,K1,4,14350.567,351515.88,128110.16
241,K1,5,14396.76,351294.44,128287.164
241,K1,6,14589.218,351238.3,128373.93
241,K1,7,14605.324,351429.6,128445.97
241,K1,8,14627.963,351813.22,128456.94
241,K1,9,14605.46,352164.1,128717.72
241,K1,10,14651.2705,352210.66,128713.59
241,K1,11,14670.557,352420.12,128844.18
241,K1,12,14643.078,352428.5,129410
241,K1,13,14712.645,352680.06,130139.99
241,K1,14,14823.852,353290.56,131113.31
241,K1,15,15005.903,354388.56,132801.28
241,K1,16,14997.6045,355862.22,136079.28
241,K1,17,15026.18,358754.78,142331.47
241,K1,18,15010.231,364464.66,154440.05
241,K1,19,15128.983,375643.22,177012.69
241,K1,20,15105.39,397118.9,217470.56
241,K1,21,15173.721,433558.8,281083.88
241,K1,22,15346.279,480571.6,365045.06
241,K1,23,15502.229,528525.56,454599.03
241,K1,24,15524.337,567427.25,547293
241,K1,25,15633.592,594809.94,634261.56
241,K1,26,15842.11,614670.2,709365.75
241,K1,27,15949.036,630172.7,771963.75
241,K1,28,15919.813,642638.4,822584.06
241,K1,29,15994.709,653327.4,863702.25
241,K1,30,16123.917,661698,896290.94
241,K1,31,16209.512,668753.1,922713.06
241,K1,32,16308.208,674470.94,944089.44
241,K1,33,16568.951,678515.2,961272.1
241,K1,34,16565.445,682955.56,974679.4
241,K1,35,16713.285,686564.1,986761.9
241,K1,36,16699.264,688541.75,996021.44
241,K1,37,16838.125,691612.56,1003807.6
241,K1,38,16833.732,692790.5,1010173.3
241,K1,39,16833.494,695463.6,1014218.7
241,K1,40,16845.729,696958.1,1019656.7
241,K1,41,16967.955,697639.2,1023397.44
241,K1,42,16954.424,698902.2,1026096.94
241,K1,43,16950.35,699510.6,1029896.5
241,K1,44,17213.57,701151.25,1030806.4
241,K1,45,17166.674,701286.6,1031714.3
242,K2,1,19157.176,338705.12,125941.945
242,K2,2,19191.873,338860.16,126082.53
242,K2,3,19194.93,339227.66,126522.24
242,K2,4,19165.834,339234.03,126911.125
242,K2,5,19109.37,339277.12,127162.3
242,K2,6,19107.297,339771.9,127580.64
242,K2,7,19156.72,339898.94,127618.15
242,K2,8,19183.97,339953.9,127786.51
242,K2,9,19360.838,340333.7,128190.81
242,K2,10,19570.43,340300.25,128303.19
242,K2,11,19560.496,340227.6,128289.08
242,K2,12,19533.66,340443.1,128392.11
242,K2,13,19527.473,340617.66,128433.06
242,K2,14,19724.793,340632.2,128743.65
242,K2,15,19865.035,341017.3,129007.664
242,K2,16,19869.412,341249.62,129227.6
242,K2,17,19910.27,341403.5,129185.336
242,K2,18,19975.658,341247.62,129087.016
242,K2,19,20053.469,341206.1,129341.41
242,K2,20,20253.934,341780.16,129830
242,K2,21,20998.037,342173.16,130038.984
242,K2,22,22317.389,342253.8,130635.14
242,K2,23,24462.549,342220.62,131171.55
242,K2,24,28800.283,342148.9,132400.03
242,K2,25,36487.926,342605.3,134023.55
242,K2,26,50189.586,343281.28,137570.42
242,K2,27,72048.016,343466.88,144180.92
242,K2,28,102899.336,343615.16,157232.89
242,K2,29,142055.48,344159.25,180876.6
242,K2,30,183999.78,344728.6,215177.62
242,K2,31,221750.47,345395.47,254139.45
242,K2,32,251287.86,346368.62,295294.47
242,K2,33,274643.62,347120.03,334714.88
242,K2,34,293712.4,347667.34,371443.22
242,K2,35,310383.66,348497.3,406425.97
242,K2,36,324403.9,349005.06,437831.97
242,K2,37,335377.8,349975.3,465512.03
242,K2,38,345414.12,350569.5,491281.72
242,K2,39,353479.84,350533.6,513325.25
242,K2,40,361760.5,350690.12,532782.56
242,K2,41,368910.2,351804.75,551635.9
242,K2,42,374243.66,351868.66,568014
242,K2,43,378984.97,351673.8,582982
242,K2,44,383075.28,352293.3,595509.9
242,K2,45,386598.22,352846.7,605104.5
243,K3,1,17811.113,357351.97,115190.25
243,K3,2,17791.438,357351.7,115454.25
243,K3,3,17780.617,357433.03,115579.4
243,K3,4,17827.951,357708.1,115884.8
243,K3,5,17992.441,357728.47,116207.97
243,K3,6,18001.324,357708.97,116309.99
243,K3,7,18043.086,357717.78,116474.09
243,K3,8,18169.443,357910.38,116543.63
243,K3,9,18181.01,357968.9,117078.86
243,K3,10,18205.254,358269.53,117368.016
243,K3,11,18259.518,358534.84,117406.57
243,K3,12,18364.725,358682.28,117567.21
243,K3,13,18482.236,358937.22,117674.625
243,K3,14,18503.305,358968.06,117992.39
243,K3,15,18505.184,359221.03,118232.125
243,K3,16,18590.072,359372.84,118740.086
243,K3,17,18621.857,359749.06,119468.65
243,K3,18,18624.13,360377.34,120859.58
243,K3,19,18622.635,361636.38,123571.14
243,K3,20,18683.32,364102.66,128739.164
243,K3,21,18891.021,368449.2,138802.61
243,K3,22,19051.32,377555.38,157401.19
243,K3,23,19033.436,395273.3,190913.69
243,K3,24,19230.033,424787.47,247433.98
243,K3,25,19529.686,468053.97,327168.8
243,K3,26,19703.398,517533.25,419251.5
243,K3,27,19914.445,561153.7,514397.1
243,K3,28,20158.54,592109.8,606860.75
243,K3,29,20429.037,614376.3,689623.2
243,K3,30,20754.47,632075.75,758951.9
243,K3,31,21044.965,645583.25,815608.4
243,K3,32,21117.115,656962.6,862925.5
243,K3,33,21456.705,665553.44,900145.4
243,K3,34,21531.215,673444.94,928441.56
243,K3,35,21603.465,679405.44,952320.1
243,K3,36,21811.27,684030.06,972523.06
243,K3,37,21781.283,689146.3,987813.44
243,K3,38,21958.92,692990.2,999261.9
243,K3,39,22096.14,695227.5,1009822.2
243,K3,40,22138.863,698127.3,1017157.8
243,K3,41,22180.588,701016,1023685.6
243,K3,42,22374.209,702293.7,1031399.56
243,K3,43,22396.152,704193.4,1035908.06
243,K3,44,22439.393,706375,1038701.8
243,K3,45,22597.12,707977.44,1042270.94
244,K4,1,20761.07,355855.8,117681.695
244,K4,2,20815.355,356105.97,118053.484
244,K4,3,20869.63,356199.88,118261.84
244,K4,4,20910.473,356402.94,118287.375
244,K4,5,20933.064,356787.3,118640.2
244,K4,6,21106.955,357110.6,118734.78
244,K4,7,21113.406,357067.97,119157.99
244,K4,8,21136.064,357038.47,119468.9
244,K4,9,21110.453,357144.8,119576.99
244,K4,10,21175.828,357247.78,119640.914
244,K4,11,21300.984,357253.44,119658.08
244,K4,12,21284.277,357248.1,120105.65
244,K4,13,21348.1,357568.97,120183.72
244,K4,14,21447.748,357833.34,120443.35
244,K4,15,21513.361,358330.44,120571.66
244,K4,16,21515.803,358364.8,120608.125
244,K4,17,21501.055,358402.97,120723.555
244,K4,18,21681.756,358633.72,120954.164
244,K4,19,21839.818,358688.12,121230.04
244,K4,20,21811.816,358682.06,121194.5
244,K4,21,21947.068,359188.25,121400.31
244,K4,22,22248.09,359391.7,121583.15
244,K4,23,22695.16,359627.5,121602.65
244,K4,24,23713.422,359926.53,121917.04
244,K4,25,25582.455,359928.25,122073.16
244,K4,26,29052.309,360242.94,122383.39
244,K4,27,35632.465,360291.75,122973.05
244,K4,28,47715.094,360358.78,123326.2
244,K4,29,67857.25,360658.97,124577.78
244,K4,30,97400.195,360803.8,127623.945
244,K4,31,136275.7,360625.4,134698.56
244,K4,32,181694.22,360710.75,148894.66
244,K4,33,224155.73,361494.3,171339.61
244,K4,34,254387.39,361583.12,199740.36
244,K4,35,272939.66,361754.75,231274.45
244,K4,36,284562.2,362211.97,261978.58
244,K4,37,292667.9,362618.5,289351.97
244,K4,38,298887.53,363130.16,313778.16
244,K4,39,304186.28,363491.3,336277.88
244,K4,40,308296.5,363794.8,357532.97
244,K4,41,311756.88,363854,377775.1
244,K4,42,314967.75,364156.12,397044.06
244,K4,43,317152.75,364793.1,415265
244,K4,44,319327.3,365527.97,434296.1
244,K4,45,321459.22,365428.22,448049.22
245,K5,1,17340.793,326844.1,119976.88
245,K5,2,17434.53,327081.6,120161.53
245,K5,3,17677.264,327679.84,120808.48
245,K5,4,17748.967,328275.88,121369.12
245,K5,5,17733.795,328404,121880.16
245,K5,6,17648.709,328336.44,122010.83
245,K5,7,17642.088,328425.75,122162.336
245,K5,8,17882.408,328496.72,122753.65
245,K5,9,17946.305,329039.6,123005.86
245,K5,10,17956.273,329245.56,122929.04
245,K5,11,18033.277,329931.8,122896.28
245,K5,12,18094.54,329870.2,123387.41
245,K5,13,18153.723,329682.56,123446.29
245,K5,14,18284.871,329866.2,123359.3
245,K5,15,18267.928,330478.12,123745.81
245,K5,16,18345.412,330479.5,124250.32
245,K5,17,18415.086,330587.1,124289.35
245,K5,18,18366.898,330969.06,124300.68
245,K5,19,18417.275,330900.94,124862.44
245,K5,20,18399.568,330960.9,125609.29
245,K5,21,18567.348,331571.72,126774.4
245,K5,22,18593.807,333043.22,128872.77
245,K5,23,18589.836,334707.84,132560.7
245,K5,24,18534.615,337547.3,139756.02
245,K5,25,18676.6,343541.4,153274.52
245,K5,26,18842.227,355257.22,178535.78
245,K5,27,18963.576,377703.16,222470.08
245,K5,28,19140.416,413201.53,288842.56
245,K5,29,19351.688,455532.16,370875.3
245,K5,30,19697.17,496357.78,457943.56
245,K5,31,19886.455,528322.6,545158.7
245,K5,32,20099.43,551553.94,623388.2
245,K5,33,20415.574,569423.9,689630.9
245,K5,34,20486.79,582918.6,745208.25
245,K5,35,20691.924,593833.25,791344.75
245,K5,36,20890.322,602259.44,827020.25
245,K5,37,21059.7,609672.25,855557.9
245,K5,38,21184.943,615725.7,878108.25
245,K5,39,21120.566,619354.6,896340.25
245,K5,40,21176.572,623703.6,911150.06
245,K5,41,21317.254,627552.6,923406.8
245,K5,42,21435.398,629935.1,932686.44
245,K5,43,21459.771,632737,940931.56
245,K5,44,21375.299,634874.06,948291.94
245,K5,45,21641.791,637294,953793.3
246,K6,1,28685.375,449354.38,157949.38
246,K6,2,28832.105,450203.47,158157.8
246,K6,3,29057.213,450861.4,158822.88
246,K6,4,29307.879,451300.66,159275.72
246,K6,5,29318.15,451726.5,159322.97
246,K6,6,29394.59,451979.34,159701.75
246,K6,7,29423.418,451894.47,160344.48
246,K6,8,29577.988,452061.56,160612.58
246,K6,9,29710.75,452659.7,160897.08
246,K6,10,29826.781,453248.62,161156.28
246,K6,11,29872.928,453389.12,161488.72
246,K6,12,29824.602,453603.03,161663.25
246,K6,13,29921.53,453687.5,161798.62
246,K6,14,29884.852,453877.28,161937.77
246,K6,15,29980.182,453763.97,162225.3
246,K6,16,30123.371,453768,162666.1
246,K6,17,30410.582,453706.25,162827.05
246,K6,18,30553.164,454149.9,162885.03
246,K6,19,30562.184,454628.75,162944.47
246,K6,20,30635.197,455346.34,162916.47
246,K6,21,30772.727,455318.8,163456.75
246,K6,22,30755.246,455728.62,163741.73
246,K6,23,31016.24,457352.62,163959.12
246,K6,24,31113.613,457742.75,164325.83
246,K6,25,31016.44,457246.6,164291.73
246,K6,26,31065.846,457035.94,164325.17
246,K6,27,31089.402,457531.1,164539.4
246,K6,28,31184.057,457475.2,165312.73
246,K6,29,31388.004,457693.6,165757.55
246,K6,30,31536.057,458175.12,165707.97
246,K6,31,31517.467,458711.16,165953.61
246,K6,32,31585.312,459249.84,166370.38
246,K6,33,31634.725,459222.16,167094.28
246,K6,34,31626.273,459623.78,167240.17
246,K6,35,31697.975,460160.53,167511.78
246,K6,36,31853.56,460521.44,167498.75
246,K6,37,32069.686,460711.62,167798.55
246,K6,38,32131.918,460702.88,167988.6
246,K6,39,32237.535,461583.62,168280.6
246,K6,40,32356.818,461749.1,168414.92
246,K6,41,32424.143,461506.25,168878.4
246,K6,42,32524.61,461821.56,169208.69
246,K6,43,32613.54,462564.1,169327.9
246,K6,44,32732.266,463296.25,169773.33
246,K6,45,32776.324,463601.97,170041.92
247,K7,1,17932.025,338037.03,62595.547
247,K7,2,17954.621,338050,63004.168
247,K7,3,18028.773,337807.22,63703.39
247,K7,4,18064.406,337830.16,64205.996
247,K7,5,18135.969,338224.5,64594.996
247,K7,6,18183.062,338446.47,65087.438
247,K7,7,18240.746,338559.88,65302.867
247,K7,8,18240.45,338766.97,65325.05
247,K7,9,18265.512,338792.97,65887.65
247,K7,10,18305.197,339026.16,66200.33
247,K7,11,18400.152,339218.66,66131.03
247,K7,12,18332.686,339374.3,66344.52
247,K7,13,18359.818,339680.84,66705.83
247,K7,14,18765.102,339691.12,66902.65
247,K7,15,18965.377,339603.5,66888.57
247,K7,16,19018.156,339751.75,67307.03
247,K7,17,18887.682,340296.5,67365.23
247,K7,18,18814.402,340879.38,67897.586
247,K7,19,18922.309,341011.34,68288.46
247,K7,20,18903.703,341202.6,68207.734
247,K7,21,19000.89,341168.94,68245.164
247,K7,22,19049.135,341443.34,68558.6
247,K7,23,19108.924,341878.16,69324.64
247,K7,24,19380.564,342453.72,70431.84
247,K7,25,19476.758,342975.3,71889.14
247,K7,26,19402.713,344023.22,75386.03
247,K7,27,19449.752,347029.75,81416.58
247,K7,28,19558.367,351723.78,93069.97
247,K7,29,19773.756,361635.62,115384.85
247,K7,30,20097.697,380892.4,154606.48
247,K7,31,20511.121,411863.9,215991.42
247,K7,32,21291.186,450960.5,294189.38
247,K7,33,22032.549,492860.7,378641.62
247,K7,34,22675.297,524610.06,461601.1
247,K7,35,23444.104,547441.06,537413
247,K7,36,24000.752,564095.7,603195.56
247,K7,37,24657.467,577987.6,658137.44
247,K7,38,25277.422,588327.4,703573.06
247,K7,39,25781.414,596706.44,741244.6
247,K7,40,26014.96,604066.75,771855.44
247,K7,41,26394.25,609807.4,798961.3
247,K7,42,26737.72,615988,822520.7
247,K7,43,26961.87,621415.75,841544.3
247,K7,44,27297.84,626334.6,856736.2
247,K7,45,27655.021,630266.4,868691.75
248,K8,1,-671.6283,669.27606,-10604.634
248,K8,2,-744.3275,639.615,-10453.107
248,K8,3,-750.4957,584.7613,-10340.069
248,K8,4,-602.5176,547.1185,-10337.0625
248,K8,5,-629.5423,527.24963,-10142.018
248,K8,6,-643.33777,606.15784,-9969.4
248,K8,7,-532.18164,600.7224,-9826.142
248,K8,8,-544.8278,648.09393,-9574.307
248,K8,9,-559.5634,631.44135,-9343.949
248,K8,10,-545.3878,616.6117,-9273.762
248,K8,11,-501.10034,604.79065,-9340.727
248,K8,12,-493.38272,525.78937,-9245.457
248,K8,13,-570.96063,371.17926,-9093.199
248,K8,14,-601.53467,343.2494,-9103.118
248,K8,15,-526.8193,430.54507,-9156.337
248,K8,16,-558.70123,438.75742,-9090.289
248,K8,17,-598.5437,486.3065,-9153.447
248,K8,18,-611.68085,484.44632,-9051.216
248,K8,19,-770.35815,541.6157,-8799.164
248,K8,20,-788.1653,512.17316,-8739.893
248,K8,21,-643.52545,469.8021,-8729.233
248,K8,22,-470.74258,437.10095,-8781.002
248,K8,23,-504.54083,431.71252,-8595.114
248,K8,24,-624.1898,532.23047,-8618.438
248,K8,25,-654.60626,488.79,-8709.828
248,K8,26,-569.56177,350.12302,-8559.196
248,K8,27,-581.2609,281.48093,-8503.59
248,K8,28,-619.5476,309.3478,-8582.316
248,K8,29,-623.4045,503.48663,-8453.5
248,K8,30,-500.18893,662.6649,-8309.474
248,K8,31,-509.2246,662.1921,-8067.168
248,K8,32,-545.5669,710.4767,-7754.2437
248,K8,33,-510.696,673.035,-7758.1655
248,K8,34,-538.6137,621.34546,-7863.0713
248,K8,35,-552.87054,624.8601,-7693.2544
248,K8,36,-602.7831,825.2031,-7560.671
248,K8,37,-595.10767,849.83905,-7374.9165
248,K8,38,-398.77737,952.50195,-7293.9204
248,K8,39,-382.75977,943.97504,-7149.583
248,K8,40,-438.40134,853.88727,-7142.4653
248,K8,41,-489.09973,808.39404,-6917.7266
248,K8,42,-489.00827,925.29456,-6853.4272
248,K8,43,-513.3152,961.9557,-6902.4976
248,K8,44,-476.6106,932.61053,-7036.8276
248,K8,45,-509.22293,1016.73566,-6947.1587
249,K9,1,18540.656,339087.28,108208.586
249,K9,2,18672.48,339183.9,108394.17
249,K9,3,18683.012,339515,108770.72
249,K9,4,18690.684,339623.25,108774.5
249,K9,5,18867.281,339678.75,108869.75
249,K9,6,18859.01,340138.03,109286.13
249,K9,7,18842.229,340494.25,109306.16
249,K9,8,18807.732,340518.84,109402.625
249,K9,9,18808.234,340462.47,109806.66
249,K9,10,18826.031,340704.38,110181.6
249,K9,11,19083.064,341024.66,110408.5
249,K9,12,19178.176,341114.75,110362.74
249,K9,13,19217.281,341426.38,110452.21
249,K9,14,19298.016,341814.25,110488.2
249,K9,15,19379.266,341775.44,110802.65
249,K9,16,19453.088,341810.53,110863.086
249,K9,17,19533.527,342022.88,110854
249,K9,18,19531.783,342509.6,111047.64
249,K9,19,19586.928,342600.47,111326.06
249,K9,20,19553.95,342474.47,111433.73
249,K9,21,19500.09,342543.53,111615.695
249,K9,22,19665.713,342673.03,112343.234
249,K9,23,19785.639,343283.34,112814.77
249,K9,24,19837.848,344122.12,113144.125
249,K9,25,19939.373,345100.62,114737.05
249,K9,26,19914.115,346652.8,117985.61
249,K9,27,20051.326,349201.44,124341
249,K9,28,19998.273,354008.72,136403.42
249,K9,29,20033.959,364128.25,158429.28
249,K9,30,20168.537,382631.2,197342.8
249,K9,31,20195.564,414411.53,258625.39
249,K9,32,20209.66,454494.28,336664.9
249,K9,33,20433.172,496127.44,419372.7
249,K9,34,20713.492,527513.4,501999.06
249,K9,35,20747.39,550022.44,577850.44
249,K9,36,20749.748,567299.5,642665.56
249,K9,37,20696.57,579285.56,696911.4
249,K9,38,20935.7,589183.1,742514.3
249,K9,39,21117.123,598455.1,779035.1
249,K9,40,21329.111,605957.75,809872.8
249,K9,41,21265.705,612968.06,835705.44
249,K9,42,21330.742,617589.06,857747.2
249,K9,43,21448.445,621629.75,875952.3
249,K9,44,21647.945,626292.6,891360.6
249,K9,45,21591.98,630256.8,903292.3
250,K10,1,-1063.9287,-866.8264,-8487.561
250,K10,2,-1030.444,-863.2962,-8279.886
250,K10,3,-1163.2314,-835.20544,-8098.1626
250,K10,4,-1235.2771,-915.4536,-8082.0786
250,K10,5,-1217.4622,-973.65765,-7872.855
250,K10,6,-1254.7463,-1003.87726,-7766.863
250,K10,7,-1291.8197,-1022.26917,-7713.931
250,K10,8,-1380.001,-989.3441,-7657.3916
250,K10,9,-1448.3346,-993.92346,-7463
250,K10,10,-1534.0648,-931.7465,-7429.6094
250,K10,11,-1456.1515,-853.96844,-7231.6494
250,K10,12,-1068.1282,-815.80457,-7286.8574
250,K10,13,-1023.90045,-767.5429,-7402.81
250,K10,14,-1032.6008,-854.30115,-7367.146
250,K10,15,-1157.0446,-917.22266,-7226.8677
250,K10,16,-1465.2261,-936.49866,-7244.754
250,K10,17,-1484.3242,-963.9869,-7108.4355
250,K10,18,-1249.5066,-980.04333,-7142.2847
250,K10,19,-1216.5365,-975.49567,-7155.0654
250,K10,20,-1129.5978,-849.3998,-7246.227
250,K10,21,-1012.0754,-835.8825,-7301.824
250,K10,22,-1024.4064,-848.87115,-7099.788
250,K10,23,-1263.643,-885.8519,-7076.0757
250,K10,24,-1332.5045,-879.87646,-6881.9014
250,K10,25,-1233.7833,-912.22144,-7070.894
250,K10,26,-1197.1736,-1087.4279,-7161.355
250,K10,27,-1214.4738,-1130.4282,-6907.612
250,K10,28,-1365.9548,-1082.9963,-6896.8315
250,K10,29,-1384.2788,-948.1918,-7013.2334
250,K10,30,-1225.1855,-906.88025,-7032.543
250,K10,31,-1292.6401,-747.67236,-6634.6514
250,K10,32,-1342.0612,-711.4986,-6569.013
250,K10,33,-1294.5007,-704.32874,-6494.349
250,K10,34,-1271.4354,-744.1832,-6311.1675
250,K10,35,-1248.5826,-709.4956,-6281.898
250,K10,36,-1274.177,-608.7103,-6164.4995
250,K10,37,-1303.8251,-629.6603,-6011.3896
250,K10,38,-1241.0681,-862.4461,-5929.423
250,K10,39,-1208.4053,-890.472,-5868.8438
250,K10,40,-1280.9398,-680.3085,-5607.9067
250,K10,41,-1431.8933,-778.6026,-5377.471
250,K10,42,-1443.6888,-833.25024,-5329.112
250,K10,43,-1279.3906,-698.84753,-5407.634
250,K10,44,-1264.4398,-525.14606,-5304.441
250,K10,45,-1311.1182,-529.7909,-5189.5093
251,K11,1,18527.602,354656.66,129357.95
251,K11,2,18536.748,354675.34,129494.734
251,K11,3,18647.43,354820.47,129834.69
251,K11,4,18668.621,355243.97,129889.945
251,K11,5,18652.314,355539.47,129950.18
251,K11,6,18707.621,355464.62,130069.805
251,K11,7,18786.916,355220.12,130509.53
251,K11,8,18949.943,355248.12,130643.26
251,K11,9,19152.326,355839.53,130608.06
251,K11,10,19281.568,356114.44,130864.734
251,K11,11,19199.717,355912.47,131225.12
251,K11,12,18940.559,355972.53,131362.47
251,K11,13,18909.35,356751.5,131512.33
251,K11,14,19212.068,356952.84,131631.69
251,K11,15,19332.574,357472.62,131543.1
251,K11,16,19296.863,357852.3,131610.1
251,K11,17,19287.707,357928.22,131884.88
251,K11,18,19556.69,358050,132073.12
251,K11,19,19632.197,358427.47,132157.89
251,K11,20,19580.992,358464.44,132422.97
251,K11,21,19671.488,358816.22,132457.11
251,K11,22,19677.064,358933.47,132741.61
251,K11,23,19646.625,359166.28,132944.95
251,K11,24,19831.488,359622.88,133052.34
251,K11,25,19809.459,359573.25,133452.52
251,K11,26,19829.18,359699.6,133498.88
251,K11,27,19782.834,360204.88,134198.14
251,K11,28,19848.379,360907.3,135692.19
251,K11,29,19818.35,361902.56,137250.25
251,K11,30,19920.863,363624.5,141235.58
251,K11,31,19873.695,366116.6,148826.12
251,K11,32,19983.791,372366.44,163159.42
251,K11,33,20303.81,383985.4,189352.22
251,K11,34,20303.912,401475.9,229266.2
251,K11,35,20331.44,424775.44,278309.47
251,K11,36,20639.14,446517.56,332305.4
251,K11,37,20899.271,462919.5,386683.16
251,K11,38,20907.99,474915.88,436276.88
251,K11,39,21058.785,484376.44,482183.5
251,K11,40,21206.38,492870,523684.8
251,K11,41,21231.973,499158.75,562978.4
251,K11,42,21122.744,506141.78,599202.94
251,K11,43,21119.242,512347.66,633799.3
251,K11,44,21505.193,518174.84,665362.94
251,K11,45,21642.752,523362.4,690023.75
252,K12,1,-938.48236,39.9759,-17618.264
252,K12,2,-987.33356,17.666515,-17602.086
252,K12,3,-952.306,23.209932,-17581.72
252,K12,4,-666.58734,28.87279,-17565.031
252,K12,5,-449.88986,93.85264,-17414.459
252,K12,6,-426.29688,13.931832,-17201.053
252,K12,7,-509.4558,-43.616425,-16982.86
252,K12,8,-588.66736,-14.400597,-16980.572
252,K12,9,-610.3608,25.626312,-17033.777
252,K12,10,-549.5693,68.73496,-16953.633
252,K12,11,-570.0299,47.69246,-16807.242
252,K12,12,-493.33652,14.451568,-16651.945
252,K12,13,-346.69455,74.72354,-16665.467
252,K12,14,-346.72708,72.48284,-16573.092
252,K12,15,-489.70374,64.70579,-16560.752
252,K12,16,-642.712,72.13122,-16499.723
252,K12,17,-753.3049,-143.58443,-16463.832
252,K12,18,-918.5799,-203.91037,-16277.278
252,K12,19,-933.77997,-129.02861,-16258.512
252,K12,20,-772.1567,-137.61456,-16053.794
252,K12,21,-713.1167,-192.21542,-16086.482
252,K12,22,-789.5891,-272.75085,-16155.027
252,K12,23,-819.4171,-252.63652,-16045.567
252,K12,24,-742.5205,-66.77113,-16110.134
252,K12,25,-736.36096,-71.4794,-16125.158
252,K12,26,-629.66785,-135.6875,-16063.261
252,K12,27,-519.81915,-192.14134,-15927.12
252,K12,28,-496.11023,-258.79117,-15826.865
252,K12,29,-640.6553,-292.4904,-15940.766
252,K12,30,-696.09784,-315.83423,-16004.979
252,K12,31,-605.6147,-291.1954,-15780.082
252,K12,32,-591.8678,-127.74894,-15807.475
252,K12,33,-626.015,-5.867925,-15750.241
252,K12,34,-557.6028,-181.63902,-15577.5
252,K12,35,-471.63934,-198.30371,-15190.558
252,K12,36,-449.11905,17.421911,-15028.735
252,K12,37,-576.72723,79.10053,-14995.557
252,K12,38,-634.3943,173.47263,-15041.892
252,K12,39,-547.2813,203.45349,-15026.275
252,K12,40,-519.4199,148.04144,-14885.89
252,K12,41,-612.2581,106.33149,-14700.462
252,K12,42,-672.6812,173.67422,-14549.602
252,K12,43,-658.88007,132.44824,-14406.65
252,K12,44,-686.42914,86.84254,-14364.887
252,K12,45,-656.0042,153.68053,-14396.773
253,K13,1,20024.305,351854.12,141412.12
253,K13,2,20019.963,352106.56,141563.4
253,K13,3,20050.086,352389.12,141667.67
253,K13,4,20165.76,352434.66,141948.47
253,K13,5,20098.01,352557.22,142048.92
253,K13,6,20086.049,352676.22,142423.64
253,K13,7,20216.879,352715.44,142579.48
253,K13,8,20305.06,353112.22,142793.78
253,K13,9,20321.33,353274,142893.81
253,K13,10,20466.201,353255,142983.69
253,K13,11,20454.709,353244.9,143227.23
253,K13,12,20436.174,353565.62,143396.97
253,K13,13,20455.506,353694.16,143340.27
253,K13,14,20720.334,353620.5,143331.03
253,K13,15,20802.367,353575.06,143544.81
253,K13,16,20820.816,353901.12,143667.23
253,K13,17,20790.197,353952.1,144040.62
253,K13,18,20895.043,353946.62,144138.11
253,K13,19,20879.396,354382.56,144075.6
253,K13,20,20818.72,354477.25,144289.84
253,K13,21,20717.986,354848.03,144353.02
253,K13,22,20741.154,354718.66,144747.03
253,K13,23,21149.98,354576.75,144820.78
253,K13,24,21222.055,354783.7,144892.4
253,K13,25,21248.748,354931.8,145069.55
253,K13,26,21284.373,355124.78,145622.47
253,K13,27,21365.035,355665.53,146206.52
253,K13,28,21350.975,356461.88,147622.67
253,K13,29,21498.348,357477.56,150581.88
253,K13,30,21661.129,359591.2,155828.75
253,K13,31,21559.13,363854.2,165467.28
253,K13,32,21518.545,372336.9,184259.42
253,K13,33,21822.867,387911.94,217676.56
253,K13,34,21797.738,411422.2,267204.8
253,K13,35,21817.832,441646.03,326097.78
253,K13,36,22081.547,468321.75,389824.88
253,K13,37,22363.39,488305.56,450280.84
253,K13,38,22517.203,503371.34,507749.12
253,K13,39,22685.137,514621.9,558343.9
253,K13,40,22838.879,523825.94,602659.75
253,K13,41,23069.281,532691.4,643054.7
253,K13,42,23019.129,539842.9,679640.7
253,K13,43,22997.29,546054.9,713632
253,K13,44,23156.312,551592.7,745000.7
253,K13,45,23358.824,556514.9,768855.4
254,K14,1,-162.39691,-428.30576,-4779.1387
254,K14,2,-181.8169,-439.92688,-4656.4614
254,K14,3,-159.01668,-303.38873,-4388.9854
254,K14,4,-175.34074,-304.65265,-4374.6064
254,K14,5,-122.30025,-274.09924,-4406.252
254,K14,6,-160.06627,-426.945,-4356.3833
254,K14,7,-201.7268,-551.5828,-4351.3096
254,K14,8,-210.49126,-596.9158,-4265.4424
254,K14,9,-207.29695,-512.8959,-4246.273
254,K14,10,-211.35669,-401.41995,-4243.25
254,K14,11,-188.85703,-412.6464,-4265.4395
254,K14,12,-185.03053,-482.20065,-4130.2754
254,K14,13,-430.59137,-530.89166,-4137.7637
254,K14,14,-442.33936,-585.0361,-4123.5493
254,K14,15,-207.51477,-830.41223,-3973.7354
254,K14,16,-195.94197,-791.0918,-4208.513
254,K14,17,-333.79593,-390.5571,-4285.713
254,K14,18,-410.60623,-383.22015,-4039.197
254,K14,19,-488.4848,-513.52313,-3839.287
254,K14,20,-469.67337,-564.25037,-3804.182
254,K14,21,-240.40764,-518.2731,-3869.4272
254,K14,22,72.69227,-612.7486,-3987.0525
254,K14,23,46.49617,-678.7285,-4053.4033
254,K14,24,-59.44352,-673.2774,-3926.044
254,K14,25,-134.83481,-605.21405,-3810.9639
254,K14,26,-182.21881,-655.16,-3660.677
254,K14,27,-234.62674,-779.2735,-3648.4636
254,K14,28,-243.45961,-803.1012,-3714.5022
254,K14,29,-192.73067,-707.024,-3685.3503
254,K14,30,-195.71118,-638.3347,-3710.2117
254,K14,31,-279.19217,-510.67883,-3636.643
254,K14,32,-335.02588,-516.70703,-3679.7913
254,K14,33,-360.2219,-624.09235,-3592.6401
254,K14,34,-343.02985,-653.757,-3501.524
254,K14,35,-152.42195,-525.1106,-3488.564
254,K14,36,-101.39928,-460.3562,-3381.5276
254,K14,37,-160.0262,-491.18594,-3243.0076
254,K14,38,-231.26859,-523.055,-3287.4592
254,K14,39,-266.7523,-450.1339,-3182.8733
254,K14,40,-189.77686,-445.92566,-3067.1277
254,K14,41,-87.00583,-338.1982,-3038.465
254,K14,42,-75.169785,-376.51947,-3059.233
254,K14,43,-118.279755,-412.31277,-3072.1687
254,K14,44,-105.47506,-339.60687,-2864.2668
254,K14,45,166.79741,-376.8781,-2923.9153
255,K15,1,19262.826,349874.75,141277.45
255,K15,2,19269.768,349927.56,141614.47
255,K15,3,19133.846,350080.3,141830.16
255,K15,4,19148.738,349908.38,142385.84
255,K15,5,19353.803,349967.1,142719.02
255,K15,6,19403.531,350465.97,142739.34
255,K15,7,19566.408,350548.2,142994.03
255,K15,8,19689.861,350643.62,142977.23
255,K15,9,19795.773,350758.53,143078.14
255,K15,10,19750.566,350996.88,143193.62
255,K15,11,19678.3,351330.38,143357.4
255,K15,12,19722.416,351515.12,143563.2
255,K15,13,19869.398,351721,143935.38
255,K15,14,19885.465,351899.34,144114.58
255,K15,15,20044.496,351934.72,144315.8
255,K15,16,20023.879,352326.53,144391.6
255,K15,17,20068.395,352365.38,144874.92
255,K15,18,20171.906,352597.44,144878.02
255,K15,19,20235.324,352860.38,144720.61
255,K15,20,20211.232,353335.97,144818.55
255,K15,21,20187.764,353546.4,145071.17
255,K15,22,20275.172,353748.9,145718.23
255,K15,23,20200.129,353673.7,145831.7
255,K15,24,20197.277,353565.47,145755.17
255,K15,25,20524.33,353826.62,145652.52
255,K15,26,20604.627,353890.9,145867.47
255,K15,27,20555.773,353919,146147.11
255,K15,28,20523.945,354226.88,146713.78
255,K15,29,20619.717,355077.6,146884.8
255,K15,30,20691.762,355323.03,147522.33
255,K15,31,20846.5,355917.5,148866.38
255,K15,32,20843.768,356595.06,150697.5
255,K15,33,20878.775,358527.75,154518.98
255,K15,34,20871.225,361704.1,161874.36
255,K15,35,20791.18,366836.38,173138.95
255,K15,36,20848.74,374309.97,188224.84
255,K15,37,20852.027,380373.84,205564.81
255,K15,38,21094.254,384919.1,223845.16
255,K15,39,21130.322,388744.25,241782.56
255,K15,40,21277.297,391738.4,259578.1
255,K15,41,21332.238,394051.34,276642.3
255,K15,42,21328.709,396567.16,293541.1
255,K15,43,21335.418,398767.06,310421.1
255,K15,44,21450.268,400357.7,327614.44
255,K15,45,21362.984,401940.38,341926.97
256,K16,1,-1255.5793,-736.3994,-4716.3335
256,K16,2,-1255.402,-587.9139,-4708.2085
256,K16,3,-1272.4186,-746.1394,-4570.807
256,K16,4,-1206.7427,-821.71515,-4381.801
256,K16,5,-1151.653,-797.3539,-4260.784
256,K16,6,-1171.207,-899.92236,-4066.7988
256,K16,7,-1217.189,-936.61523,-3920.0657
256,K16,8,-1216.9099,-869.62274,-3947.0398
256,K16,9,-1173.2485,-711.3689,-3922.527
256,K16,10,-1168.8308,-637.0769,-3913.323
256,K16,11,-1220.3595,-655.5794,-3682.003
256,K16,12,-1267.9027,-666.65753,-3702.4033
256,K16,13,-1267.0359,-677.2662,-3752.1003
256,K16,14,-1219.5713,-597.7032,-3796.0022
256,K16,15,-1211.8665,-729.6721,-3677.424
256,K16,16,-1216.2015,-808.8694,-3689.3364
256,K16,17,-1077.8416,-856.41394,-3679.5203
256,K16,18,-960.60565,-942.8279,-3684.7886
256,K16,19,-917.99316,-930.9202,-3569.0825
256,K16,20,-1081.7335,-763.86755,-3605.4539
256,K16,21,-1161.5084,-746.70465,-3550.805
256,K16,22,-1187.1752,-739.1959,-3455.7124
256,K16,23,-1357.4714,-576.7272,-3383.4895
256,K16,24,-1399.2065,-649.14624,-3362.1887
256,K16,25,-1320.4866,-724.2968,-3311.6743
256,K16,26,-1224.107,-739.9511,-3385.3037
256,K16,27,-1110.6056,-706.1154,-3418.45
256,K16,28,-1252.7845,-741.1549,-3351.7876
256,K16,29,-1318.8945,-779.56104,-3380.8574
256,K16,30,-1321.4368,-846.04016,-3440.9954
256,K16,31,-1402.0721,-964.41296,-3305.1235
256,K16,32,-1433.6693,-919.59595,-3238.2249
256,K16,33,-1396.6392,-673.8109,-3092.9033
256,K16,34,-1254.6454,-826.7761,-3096.19
256,K16,35,-1204.9601,-869.9219,-3066.8145
256,K16,36,-1228.3274,-748.28046,-3045.5894
256,K16,37,-1172.6747,-793.81836,-3082.3616
256,K16,38,-1088.3899,-840.5186,-2942.2173
256,K16,39,-1247.8788,-841.17535,-2637.8699
256,K16,40,-1422.7218,-850.9721,-2690.0405
256,K16,41,-1424.569,-801.757,-2738.4934
256,K16,42,-1266.1298,-760.49133,-2653.1572
256,K16,43,-1163.1293,-539.9059,-2580.256
256,K16,44,-1187.226,-506.01935,-2573.926
256,K16,45,-1199.1318,-415.89526,-2587.642
257,K17,1,19677.484,355837.8,149816.12
257,K17,2,19684.23,355969,149933.05
257,K17,3,19615.314,356018.16,150072.95
257,K17,4,19630.18,355987.38,150203.22
257,K17,5,19770.67,356006.66,150825.36
257,K17,6,19779.543,356252.44,150943.22
257,K17,7,19782.623,356375.6,150950.8
257,K17,8,19923.988,356426.2,151333.61
257,K17,9,19949.629,356869.66,151441.55
257,K17,10,20151.838,357192.12,151679.2
257,K17,11,20488.389,357161.44,151706.89
257,K17,12,20478.164,357120.53,151664.9
257,K17,13,20409.785,357489.06,151915.02
257,K17,14,20439.238,357919.47,151928.95
257,K17,15,20657.01,357964.94,152160.8
257,K17,16,20637.412,358023.97,152288.55
257,K17,17,20660.225,358158.94,152462.4
257,K17,18,20744.19,358437.4,152775.1
257,K17,19,20773.107,358848,153031.33
257,K17,20,20935.258,359266.5,153161.1
257,K17,21,20971.19,359281.3,153281.81
257,K17,22,21049.975,359517.4,153403.39
257,K17,23,21088.562,359605.84,153561.55
257,K17,24,20988.83,360157.8,153729.08
257,K17,25,20895.85,360179.78,153904.62
257,K17,26,20856.71,360184.16,153905.69
257,K17,27,21092.408,360669.06,154067.72
257,K17,28,21148.506,360931.72,154632.4
257,K17,29,21149.03,361138.88,154873.52
257,K17,30,21225.176,361480.97,155542.95
257,K17,31,21190.28,362033.3,156546.3
257,K17,32,21409.611,363103.72,157944.58
257,K17,33,21718.193,365451,161255.58
257,K17,34,21714.451,369250.56,167838.64
257,K17,35,21780.004,376135.9,178875.34
257,K17,36,21925.97,386198.84,194438.58
257,K17,37,22367.475,396243.62,213627.14
257,K17,38,22606.262,404344.66,234876.58
257,K17,39,22855.615,410716.78,256223.33
257,K17,40,23218.082,415696,276663.34
257,K17,41,23385.883,420014,296693
257,K17,42,23572.77,423841.72,316703.38
257,K17,43,24030.707,427262.38,336098.84
257,K17,44,24029.482,430467.4,355582.1
257,K17,45,24209.031,432921.88,372714.97
258,K18,1,-99.45175,257.46576,-5874.8345
258,K18,2,-61.47179,247.6679,-5766.917
258,K18,3,-243.011,235.00293,-5711.1787
258,K18,4,-340.80673,362.65372,-5717.2734
258,K18,5,-311.86713,408.15106,-5639.771
258,K18,6,-145.80872,307.39563,-5586.9365
258,K18,7,-131.0088,240.73903,-5364.1963
258,K18,8,-110.79005,200.07573,-5254.179
258,K18,9,-138.69565,40.628063,-5040.3086
258,K18,10,-113.02799,28.746292,-5055.0605
258,K18,11,3.7477558,189.63243,-5123.9155
258,K18,12,-5.1688447,205.59398,-5064.539
258,K18,13,4.708593,201.33136,-5064.1533
258,K18,14,31.46058,262.40436,-5092.57
258,K18,15,-2.6156812,323.01205,-4933.2617
258,K18,16,-35.42901,183.0048,-4798.4717
258,K18,17,-43.974026,87.62163,-4728.4053
258,K18,18,-51.41213,-19.702112,-4709.752
258,K18,19,-79.4321,23.151882,-4730.9307
258,K18,20,-67.18216,272.3852,-4717.4126
258,K18,21,-190.34898,201.22739,-4595.328
258,K18,22,-242.0896,173.43906,-4562.2734
258,K18,23,-225.84895,345.71613,-4636.3594
258,K18,24,-213.46658,445.10327,-4547.4087
258,K18,25,-99.41033,385.68015,-4337.285
258,K18,26,-116.18812,320.5243,-4240.9683
258,K18,27,-153.1455,315.33456,-4245.6377
258,K18,28,-108.413376,322.2435,-3985.5215
258,K18,29,35.370865,350.7173,-4040.3877
258,K18,30,69.95595,418.30716,-4119.4185
258,K18,31,-51.20302,286.82065,-3903.1936
258,K18,32,-112.36785,245.02696,-3859.1663
258,K18,33,-48.957355,369.1966,-3908.5425
258,K18,34,94.05307,343.2899,-3944.4377
258,K18,35,-10.366087,294.81354,-3920.766
258,K18,36,-244.4387,358.0736,-3821.8948
258,K18,37,-273.0066,606.9621,-3873.895
258,K18,38,-126.77448,663.3688,-3757.8557
258,K18,39,-119.86526,487.40448,-3748.212
258,K18,40,-87.740746,405.28613,-3745.3662
258,K18,41,-58.427837,441.16736,-3644.991
258,K18,42,-183.66704,414.0983,-3694.1152
258,K18,43,-190.54639,455.966,-3633.8274
258,K18,44,18.875803,479.4012,-3510.2952
258,K18,45,74.07182,481.2341,-3418.4802
259,K19,1,18089.229,342447.22,133869.39
259,K19,2,18108.654,343000.94,134189.28
259,K19,3,18316.984,343857.12,134879.73
259,K19,4,18357.06,344592.72,135343.56
259,K19,5,18475.559,345077.6,135505.53
259,K19,6,18535.455,345540.7,135721.7
259,K19,7,18545.057,345528.72,135938.05
259,K19,8,18732.197,345672.88,135901.16
259,K19,9,18722.67,345918,136008.9
259,K19,10,18760.05,346526.3,136118.97
259,K19,11,18889.855,346573.34,136896.39
259,K19,12,18851.537,346835.8,137136.6
259,K19,13,18806.49,347038.97,137426.61
259,K19,14,18831.746,347491.3,138015.25
259,K19,15,18814.553,348009.12,138766.33
259,K19,16,18819.82,348775.12,140335.8
259,K19,17,19092.89,350595.28,143194.77
259,K19,18,19117.355,353171.2,148648.62
259,K19,19,19248.37,358681.7,159261.9
259,K19,20,19406.03,370058.9,179518.5
259,K19,21,19667.3,390356.3,215864.14
259,K19,22,19970.514,423898.22,273606.22
259,K19,23,20039.088,466236.2,346755.56
259,K19,24,20160.51,510219.03,419225.8
259,K19,25,20144.893,543108.1,491329.6
259,K19,26,20364.98,566782.56,556307.1
259,K19,27,20565.459,584643.9,613293.4
259,K19,28,20775.781,598502.5,662732.75
259,K19,29,20999.062,610413.06,703622.7
259,K19,30,20996.795,620678.94,736891.94
259,K19,31,21052.562,629467.06,768195.25
259,K19,32,21198.896,636572.1,796391.06
259,K19,33,21118.809,642855.25,818736
259,K19,34,21180.674,647919,838830
259,K19,35,21384.475,652461.3,856725.5
259,K19,36,21553.771,656551.5,872671.8
259,K19,37,21671.795,660352.6,885498
259,K19,38,21665.47,663251.1,896816.75
259,K19,39,21770.04,664993.7,907696.56
259,K19,40,21780.09,667210.3,917150.1
259,K19,41,21851.344,668596.44,925188.4
259,K19,42,21980.629,670351.06,932024.44
259,K19,43,21949.555,671656.9,936793.75
259,K19,44,21866.74,673479.25,941814.6
259,K19,45,22105.742,673419.25,946339.2
260,K20,1,-225.45618,-383.66678,-2313.9731
260,K20,2,-255.61275,-370.7239,-2312.867
260,K20,3,-318.08337,-387.943,-2278.1587
260,K20,4,-377.8162,-323.99677,-2138.9614
260,K20,5,-429.19928,-182.08852,-2128.3276
260,K20,6,-489.99905,-347.35608,-2068.7402
260,K20,7,-526.0109,-413.066,-1920.1777
260,K20,8,-527.90967,-377.1694,-1842.9685
260,K20,9,-516.12555,-396.52127,-1804.2385
260,K20,10,-378.4359,-413.3684,-1822.953
260,K20,11,-321.2582,-441.7504,-1779.919
260,K20,12,-367.4751,-432.42957,-1539.1813
260,K20,13,-388.3941,-342.29407,-1594.3113
260,K20,14,-299.71512,-321.58145,-1639.4445
260,K20,15,-373.42654,-294.37662,-1472.4927
260,K20,16,-496.26202,-317.8787,-1442.317
260,K20,17,-489.40366,-342.9821,-1379.5847
260,K20,18,-287.64633,-383.73355,-1344.5497
260,K20,19,-313.87457,-505.12042,-1396.0162
260,K20,20,-368.75052,-488.74323,-1438.3539
260,K20,21,-367.44586,-292.06177,-1488.4678
260,K20,22,-380.4219,-236.93013,-1334.3633
260,K20,23,-360.38412,-253.14383,-1072.6261
260,K20,24,-575.1544,-357.78427,-1057.0642
260,K20,25,-574.6245,-452.4921,-944.8916
260,K20,26,-309.49146,-452.27728,-889.448
260,K20,27,-192.84103,-293.28342,-769.7859
260,K20,28,-222.92047,-181.2542,-638.6082
260,K20,29,-223.25961,-179.49213,-557.6003
260,K20,30,-269.33612,-172.43489,-580.96545
260,K20,31,-289.36716,-178.28595,-372.72745
260,K20,32,-304.30945,-48.508984,-395.48746
260,K20,33,-335.23758,-19.629328,-394.5664
260,K20,34,-300.2346,13.101066,-346.90466
260,K20,35,-326.3085,141.80634,-202.03714
260,K20,36,-318.6441,111.61666,-80.06315
260,K20,37,-330.7791,73.21715,-37.012867
260,K20,38,-290.78876,125.91076,11.76299
260,K20,39,-96.65694,96.95221,159.52689
260,K20,40,-106.865974,64.69781,201.57083
260,K20,41,-127.970924,68.87369,213.29008
260,K20,42,-127.529854,34.184635,308.54697
260,K20,43,-132.098,86.92979,363.87756
260,K20,44,-149.35793,44.235695,392.62686
260,K20,45,-92.6684,29.738337,268.30527
261,K21,1,16623.44,324518.78,120985.68
261,K21,2,16629.379,324555.97,121071.67
261,K21,3,16715.71,324623.38,121299.914
261,K21,4,16616.682,324556.84,121388.57
261,K21,5,16606.088,324545.72,121447.7
261,K21,6,16694.87,324644.4,121448.664
261,K21,7,16702.72,324634.06,121672.44
261,K21,8,16748.807,324737.28,121973.35
261,K21,9,16810.654,325224.03,122251.69
261,K21,10,16889.326,325257.06,122603.27
261,K21,11,16825.162,325217.22,122697.67
261,K21,12,16824.02,325494.03,122605.69
261,K21,13,17039.95,325968.53,122581.086
261,K21,14,17121.785,326234.75,122580.6
261,K21,15,17129.332,326380.7,122925.91
261,K21,16,17106.28,326578.78,122960.73
261,K21,17,17117.92,326644.44,123156.734
261,K21,18,17102.496,326609.06,123244.03
261,K21,19,17251.33,327011.16,123436.44
261,K21,20,17386.57,327666.12,123835.92
261,K21,21,17399.209,327947.22,124412.945
261,K21,22,17329.717,328475.16,125364.81
261,K21,23,17364.164,329649.9,127285.94
261,K21,24,17547.154,331187.5,130240.375
261,K21,25,17595.303,334322.34,135877.61
261,K21,26,17730.69,340268.2,146517.16
261,K21,27,17782.072,351854.6,167543.56
261,K21,28,17798.797,373574.34,204328.33
261,K21,29,18037.096,407385.97,260883.1
261,K21,30,18150.215,447765.3,329361.53
261,K21,31,18581.018,485939.34,396252.47
261,K21,32,18779.533,513577.72,459384.25
261,K21,33,19085.225,533069.5,517234
261,K21,34,19319.467,548831.75,566009.1
261,K21,35,19462.92,561500.1,606189.6
261,K21,36,19897.832,571231.06,640253.7
261,K21,37,20036.77,579286.3,669854.3
261,K21,38,20155.514,587099.3,695318.9
261,K21,39,20416.32,592815.4,716586.3
261,K21,40,20689.59,597475.4,734107.4
261,K21,41,20892.973,601199.3,749458.7
261,K21,42,21037.982,605171.3,763005.9
261,K21,43,21211.732,608395.8,775369.2
261,K21,44,21333.928,611856.5,786017.6
261,K21,45,21433.375,614137.06,793192.2
262,K22,1,86.859375,544.88776,-1190.5546
262,K22,2,71.951935,538.48663,-1002.8168
262,K22,3,49.29515,568.883,-853.8912
262,K22,4,102.20818,512.6147,-901.51013
262,K22,5,69.15069,413.5438,-957.3648
262,K22,6,-30.947323,391.39426,-875.1291
262,K22,7,-43.86462,520.11487,-660.3375
262,K22,8,80.98642,612.9411,-401.08627
262,K22,9,151.28032,706.3776,-442.50525
262,K22,10,126.53795,715.9031,-594.3375
262,K22,11,87.81368,561.9896,-644.2361
262,K22,12,95.45625,367.8366,-434.17508
262,K22,13,79.545425,336.4628,-295.9839
262,K22,14,119.66287,460.8219,-227.96179
262,K22,15,102.13925,475.1735,-251.80537
262,K22,16,117.74786,490.24567,-276.6605
262,K22,17,95.03174,257.12637,-275.48688
262,K22,18,77.32304,224.01888,-71.805275
262,K22,19,153.04846,355.12225,-118.108696
262,K22,20,141.21791,413.7394,-141.69783
262,K22,21,174.81787,500.94504,-32.58207
262,K22,22,224.4516,512.4358,-103.58052
262,K22,23,139.11107,596.281,-154.3204
262,K22,24,-80.2315,478.50128,-105.57692
262,K22,25,-88.81371,434.75143,48.0897
262,K22,26,98.14618,548.6003,134.6502
262,K22,27,166.88684,597.1497,221.29257
262,K22,28,189.17987,612.82526,316.3089
262,K22,29,172.93712,643.2378,316.76007
262,K22,30,142.23512,644.92664,270.0361
262,K22,31,180.60588,691.9116,458.73743
262,K22,32,165.35646,684.52734,555.86694
262,K22,33,201.05573,707.9607,501.83698
262,K22,34,243.24107,656.85767,653.96814
262,K22,35,300.10873,609.2976,726.0493
262,K22,36,319.07816,581.9483,714.49536
262,K22,37,277.1799,696.79474,680.0009
262,K22,38,284.34167,785.8445,962.2881
262,K22,39,386.4823,816.3081,979.2229
262,K22,40,499.32867,795.3894,1076.009
262,K22,41,397.27762,748.19995,1055.5844
262,K22,42,319.70395,808.2374,1055.7747
262,K22,43,323.56265,860.774,1188.613
262,K22,44,325.82053,877.0824,1134.6221
262,K22,45,512.15063,815.5699,1257.1707
263,K23,1,16498.299,330845.84,120223.39
263,K23,2,16552.6,330865.25,120406.65
263,K23,3,16620.84,331074.72,120615.56
263,K23,4,16724.467,331045.9,120504.586
263,K23,5,16742.379,330861.5,120472.266
263,K23,6,16831.387,330836.6,120675.84
263,K23,7,16808.746,330983.88,120704.94
263,K23,8,16803.066,331256.94,120836.16
263,K23,9,16826.697,331459.8,120902.48
263,K23,10,16910.34,331690.1,121288.305
263,K23,11,16883.164,331686.88,121425.32
263,K23,12,16877.295,331771.94,121649.016
263,K23,13,17087.582,331911.5,121701.24
263,K23,14,17137.512,332063.06,122036.46
263,K23,15,17185.975,332560.06,122066.56
263,K23,16,17239.844,332594.5,122257.2
263,K23,17,17191.139,332673.22,122383.25
263,K23,18,17237,332884.2,122318.44
263,K23,19,17341.385,333070.1,122528.89
263,K23,20,17299.338,333363.38,122912.65
263,K23,21,17331.115,333681,122811.7
263,K23,22,17482.014,333625.4,122734.28
263,K23,23,17557.373,333663.47,123117.48
263,K23,24,17603.535,333812.06,123236.2
263,K23,25,17601.785,333845.75,123191.03
263,K23,26,17597.998,333771.94,123315.8
263,K23,27,17671.725,334031.16,123210.79
263,K23,28,17711.512,334381.12,123234.06
263,K23,29,17780.309,334736.22,123544
263,K23,30,17915.322,334725.53,123901.945
263,K23,31,17914.56,335058.56,124137.78
263,K23,32,17973.498,335578.28,124714.84
263,K23,33,18028.83,336166.66,125628.52
263,K23,34,17995.025,337615.3,127658.836
263,K23,35,17967.09,340381.8,130598.94
263,K23,36,18084.951,344239.1,135125.92
263,K23,37,18144.324,349327.56,141010.7
263,K23,38,18199.137,354076.9,147969.23
263,K23,39,18280.586,358275.38,154609.19
263,K23,40,18372.918,361400.47,160939.47
263,K23,41,18352.875,364861.12,167362.14
263,K23,42,18263.176,368228.22,173043.39
263,K23,43,18289.328,370376.06,178652.23
263,K23,44,18442.35,371976.47,184367.48
263,K23,45,18554.533,373725.47,188859.42
264,K24,1,-866.27686,207.6582,-8354.049
264,K24,2,-855.7519,206.55174,-8155.056
264,K24,3,-820.93945,207.90451,-8013.092
264,K24,4,-854.4279,254.22772,-7985.7007
264,K24,5,-881.42505,464.19174,-7685.262
264,K24,6,-918.0862,558.0395,-7557.627
264,K24,7,-944.4223,499.47025,-7519.5767
264,K24,8,-1046.5026,481.2015,-7531.185
264,K24,9,-1067.055,602.90784,-7512.5596
264,K24,10,-992.3018,541.7032,-7248.446
264,K24,11,-954.8547,487.16254,-7194.419
264,K24,12,-938.63495,527.3597,-7123.462
264,K24,13,-941.6085,558.4917,-7131.366
264,K24,14,-943.9201,514.28796,-7111.287
264,K24,15,-994.97205,471.34842,-6942.2627
264,K24,16,-1090.794,467.94894,-6951.116
264,K24,17,-1091.2654,606.28,-6967.2007
264,K24,18,-984.8601,587.969,-6929.555
264,K24,19,-903.9676,543.10236,-6901.198
264,K24,20,-876.7159,525.6991,-6776.2456
264,K24,21,-1023.90497,596.08014,-6823.252
264,K24,22,-1049.6223,630.2396,-6900.659
264,K24,23,-945.32855,684.30304,-6879.9854
264,K24,24,-942.87164,638.83997,-6743.5615
264,K24,25,-929.80206,594.71674,-6731.875
264,K24,26,-947.59937,591.07336,-6752.0303
264,K24,27,-922.627,626.84314,-6768.6616
264,K24,28,-901.3661,584.7328,-6651.096
264,K24,29,-847.18134,540.3594,-6422.1304
264,K24,30,-793.819,548.2184,-6475.379
264,K24,31,-826.12305,585.89923,-6489.0825
264,K24,32,-850.8886,583.89886,-6549.5596
264,K24,33,-877.1901,555.4256,-6463.634
264,K24,34,-834.35315,521.28394,-6404.857
264,K24,35,-823.9091,498.37836,-6345.758
264,K24,36,-784.4588,588.5896,-6352.004
264,K24,37,-795.5265,601.7839,-6418.1157
264,K24,38,-763.54834,523.0638,-6391.8057
264,K24,39,-758.7563,493.68234,-6367.0146
264,K24,40,-802.86584,608.70105,-6294.7964
264,K24,41,-811.61536,632.6219,-6305.1255
264,K24,42,-808.63727,538.81885,-6290.3394
264,K24,43,-825.8807,478.26117,-6349.58
264,K24,44,-944.03613,492.60126,-6166.647
264,K24,45,-1000.9265,532.5269,-6106.8633
265,L1,1,-81.117935,1227.3104,3900.9753
265,L1,2,-57.95288,1215.0508,3923.474
265,L1,3,-60.81015,1224.869,4191.8457
265,L1,4,-14.454183,1260.5475,4309.0093
265,L1,5,19.491957,1251.7983,4269.558
265,L1,6,-151.93646,1277.026,4268.756
265,L1,7,-171.66594,1284.6302,4359.8345
265,L1,8,-27.581448,1381.1787,4379.452
265,L1,9,-8.632756,1362.9536,4385.8467
265,L1,10,-21.81327,1323.7563,4361.1846
265,L1,11,-21.554846,1289.845,4341.576
265,L1,12,-45.634502,1278.3777,4479.0103
265,L1,13,-15.309988,1187.7672,4472.411
265,L1,14,28.368902,1172.1555,4439.618
265,L1,15,-9.053669,1249.9264,4591.5
265,L1,16,-49.26961,1229.767,4709.691
265,L1,17,-29.92708,1142.9288,4711.782
265,L1,18,19.87492,1130.6802,4634.491
265,L1,19,24.923714,1186.6318,4628.6855
265,L1,20,-48.497055,1264.0104,4759.7305
265,L1,21,-115.34767,1304.1915,4936.2905
265,L1,22,-203.80716,1311.2296,5109.7046
265,L1,23,-207.78122,1447.0759,5069.8223
265,L1,24,-128.00124,1539.1067,5148.6626
265,L1,25,-94.76646,1538.9701,5379.5493
265,L1,26,-90.02082,1511.176,5411.6665
265,L1,27,16.606592,1491.922,5655.3843
265,L1,28,53.50583,1597.1,5639.2563
265,L1,29,35.00186,1591.9827,5713.1313
265,L1,30,84.82559,1639.2527,5849.741
265,L1,31,96.9255,1591.3378,6085.2573
265,L1,32,227.50253,1529.5143,6098.7915
265,L1,33,189.85202,1497.1294,6339.015
265,L1,34,122.362,1626.1418,6286.103
265,L1,35,118.64404,1747.1039,6251.8433
265,L1,36,198.22154,1550.0702,6337.336
265,L1,37,252.56488,1479.7747,6518.402
265,L1,38,234.46486,1585.107,6441.349
265,L1,39,264.115,1580.1493,6475.0493
265,L1,40,255.5121,1607.51,6603.8267
265,L1,41,176.76627,1483.7028,6494.128
265,L1,42,137.60893,1434.7185,6417.2397
265,L1,43,255.82793,1560.781,6491.245
265,L1,44,372.41937,1673.4258,6532.637
265,L1,45,334.49567,1645.645,6681.2437
266,L2,1,-444.67673,927.8883,-11817.796
266,L2,2,-424.04544,939.0369,-11742.942
266,L2,3,-336.98956,887.5195,-11533.792
266,L2,4,-347.52393,784.4298,-11354.072
266,L2,5,-347.48547,693.3358,-11044.797
266,L2,6,-368.08496,700.85626,-10859.259
266,L2,7,-365.18085,805.8101,-10857.872
266,L2,8,-340.766,812.6584,-10779.6
266,L2,9,-335.327,846.96765,-10789.774
266,L2,10,-453.4353,880.4915,-10646.127
266,L2,11,-491.04892,880.34937,-10649.407
266,L2,12,-460.52762,849.6005,-10498.299
266,L2,13,-466.56818,856.9729,-10457.288
266,L2,14,-452.16534,864.08936,-10414.804
266,L2,15,-480.18707,844.27606,-10269.21
266,L2,16,-532.52606,885.94196,-10066.655
266,L2,17,-512.9087,902.79663,-10126.322
266,L2,18,-388.6854,804.8648,-10152.224
266,L2,19,-407.08743,783.35547,-10027.863
266,L2,20,-449.52875,885.62036,-10040.154
266,L2,21,-459.24384,906.6034,-10091.312
266,L2,22,-405.52182,892.1218,-9956.9
266,L2,23,-412.44205,876.1272,-9625.267
266,L2,24,-392.06094,919.4243,-9535.347
266,L2,25,-365.14032,1031.4927,-9523.262
266,L2,26,-320.91296,1009.42944,-9365.989
266,L2,27,-333.34225,966.84576,-9138.817
266,L2,28,-297.5765,991.6969,-8871.61
266,L2,29,-310.17935,960.8985,-8811.265
266,L2,30,-331.62323,1000.8753,-8693.407
266,L2,31,-233.35838,1181.812,-8705.352
266,L2,32,-73.27542,1260.2871,-8651.802
266,L2,33,11.147837,1270.3726,-8488.864
266,L2,34,-87.270775,1180.9434,-8346.087
266,L2,35,-170.97595,1110.2615,-8198.683
266,L2,36,-184.89351,1101.6523,-8121.4106
266,L2,37,-85.53035,1070.1902,-8108.1133
266,L2,38,-7.393935,1145.2998,-8084.881
266,L2,39,42.588264,1224.3081,-8039.558
266,L2,40,39.099064,1093.0022,-8089.877
266,L2,41,15.563183,1019.7169,-7809.5996
266,L2,42,-31.405937,1080.9027,-7638.203
266,L2,43,4.9392724,1190.1521,-7683.1797
266,L2,44,-12.3822155,1111.5991,-7593.1953
266,L2,45,-75.353386,1036.181,-7730.141
267,L3,1,-807.4474,581.87634,-15124.94
267,L3,2,-798.5211,573.95166,-15120.175
267,L3,3,-784.1612,587.7328,-15156.365
267,L3,4,-686.13135,583.66846,-15147.779
267,L3,5,-744.3552,548.579,-15020.931
267,L3,6,-785.9421,525.7984,-14840.561
267,L3,7,-775.22925,580.13196,-14845.325
267,L3,8,-766.9555,499.55283,-14830.263
267,L3,9,-763.5306,472.98352,-14733.541
267,L3,10,-781.05304,551.91,-14748.019
267,L3,11,-784.00415,453.67316,-14762.26
267,L3,12,-860.62665,407.8039,-14616.48
267,L3,13,-841.9013,429.90442,-14605.63
267,L3,14,-666.6364,379.63235,-14518.004
267,L3,15,-613.8095,390.16895,-14532.907
267,L3,16,-692.52203,550.38556,-14481.384
267,L3,17,-733.963,540.93195,-14444.872
267,L3,18,-688.3536,479.94113,-14409.565
267,L3,19,-619.6333,463.90015,-14423.581
267,L3,20,-646.1511,549.09424,-14278.555
267,L3,21,-706.0742,490.1388,-14251.771
267,L3,22,-748.33075,332.22043,-14092.93
267,L3,23,-765.13904,335.38266,-14015.416
267,L3,24,-770.84344,495.30203,-14077.84
267,L3,25,-703.89813,499.1703,-13974.776
267,L3,26,-701.85065,463.77414,-13614.328
267,L3,27,-643.10266,458.14844,-13517.184
267,L3,28,-613.7641,574.35254,-13561.448
267,L3,29,-579.08014,596.6177,-13412.781
267,L3,30,-407.09488,500.07327,-13274.366
267,L3,31,-252.4029,469.82388,-13143.474
267,L3,32,-172.19498,552.1433,-13004.116
267,L3,33,-159.17093,584.9773,-12852.852
267,L3,34,-120.71379,781.7896,-12844.463
267,L3,35,-136.2785,825.7763,-12516.548
267,L3,36,-132.623,656.256,-12523.377
267,L3,37,-79.347984,566.8615,-12539.098
267,L3,38,-172.08104,568.88074,-12212.264
267,L3,39,-257.17084,665.4176,-12263.433
267,L3,40,-236.3317,610.1676,-12298.341
267,L3,41,-173.73822,570.17596,-12149.385
267,L3,42,-200.2616,631.0257,-12215.888
267,L3,43,-107.766914,602.5771,-12119.413
267,L3,44,-36.68042,607.2876,-12019.442
267,L3,45,-96.44353,712.8347,-12122.109
268,L4,1,-280.82108,1018.03,-2326.2212
268,L4,2,-302.23245,1003.86194,-2367.008
268,L4,3,-303.29602,1058.1003,-2385.2708
268,L4,4,-209.08505,1117.8134,-2342.1943
268,L4,5,-198.47432,1067.3673,-2233.6147
268,L4,6,-226.07387,968.66174,-2232.704
268,L4,7,-234.21614,900.3233,-2182.0217
268,L4,8,-309.10016,815.1224,-1855.869
268,L4,9,-334.3964,824.34784,-1799.9657
268,L4,10,-303.16336,936.4606,-1809.4341
268,L4,11,-270.61847,910.58527,-1822.2411
268,L4,12,-250.63812,885.336,-1692.8958
268,L4,13,-122.67145,916.77484,-1804.2786
268,L4,14,-125.668144,927.1478,-1887.4644
268,L4,15,-142.94237,1027.389,-1834.8816
268,L4,16,-193.63452,1057.6207,-1737.9667
268,L4,17,-239.94736,1072.6035,-1739.2656
268,L4,18,-252.19696,1022.51483,-1616.8317
268,L4,19,-206.2788,907.6567,-1636.1586
268,L4,20,-263.6529,878.88605,-1576.5114
268,L4,21,-296.94916,945.77997,-1496.7567
268,L4,22,-291.26355,957.00977,-1523.0651
268,L4,23,-322.81012,924.9578,-1426.5519
268,L4,24,-324.8676,898.43524,-1385.7122
268,L4,25,-274.1912,927.3799,-1290.2523
268,L4,26,-342.33417,1003.5495,-1265.6697
268,L4,27,-340.1177,1109.2896,-1195.3733
268,L4,28,-242.0914,1151.7313,-1003.78796
268,L4,29,-220.16803,1198.1417,-947.6027
268,L4,30,-130.22366,1299.2179,-643.98364
268,L4,31,-86.72386,1364.4077,-321.577
268,L4,32,38.755634,1331.9028,-289.2578
268,L4,33,105.09299,1365.0853,-346.6127
268,L4,34,80.919624,1330.4247,-118.99414
268,L4,35,125.50676,1202.7688,-11.821081
268,L4,36,106.409546,1149.3143,59.44491
268,L4,37,185.28305,1269.357,126.00872
268,L4,38,246.01688,1414.7603,286.08725
268,L4,39,173.91754,1245.5543,362.02274
268,L4,40,116.23586,1167.8265,438.5144
268,L4,41,164.85008,1250.6422,447.4307
268,L4,42,182.50221,1295.7994,480.88895
268,L4,43,276.47153,1257.1403,514.87256
268,L4,44,238.03653,1265.1957,534.7222
268,L4,45,212.50908,1225.3021,403.30063
269,L5,1,-507.96497,789.6379,-27738.85
269,L5,2,-497.91727,799.4535,-27712.986
269,L5,3,-368.84506,699.27094,-27438.426
269,L5,4,-452.95508,626.235,-27337.297
269,L5,5,-501.34152,618.9307,-27042.264
269,L5,6,-510.00558,675.0699,-27009.56
269,L5,7,-512.99603,692.364,-26921.678
269,L5,8,-462.88205,781.6314,-26870.61
269,L5,9,-431.36984,769.4244,-26869.098
269,L5,10,-484.33453,748.575,-26819.852
269,L5,11,-519.8337,817.18896,-26712.777
269,L5,12,-545.36346,840.60254,-26691.816
269,L5,13,-535.36957,804.34735,-26575.762
269,L5,14,-454.61105,684.7222,-26566.08
269,L5,15,-401.94052,645.0027,-26422.328
269,L5,16,-410.64523,668.9461,-26380.861
269,L5,17,-422.62216,672.4976,-26459.557
269,L5,18,-388.83655,671.8272,-26472.75
269,L5,19,-509.34146,625.19196,-26441.354
269,L5,20,-548.2936,623.3193,-26270.428
269,L5,21,-533.91797,709.91266,-26304.824
269,L5,22,-486.1128,715.1887,-26263.207
269,L5,23,-486.58734,610.2121,-26249.54
269,L5,24,-467.27155,589.3639,-26175.76
269,L5,25,-481.6281,652.5314,-26035.611
269,L5,26,-521.8336,775.13947,-26082.732
269,L5,27,-528.4701,781.15015,-25989.678
269,L5,28,-466.1893,815.68274,-25820.861
269,L5,29,-381.96344,805.08746,-25643.775
269,L5,30,-376.4795,791.5523,-25467.37
269,L5,31,-391.8677,893.2134,-25172.807
269,L5,32,-322.92715,945.6324,-25184.004
269,L5,33,-288.09866,920.2872,-25235.89
269,L5,34,-304.61765,833.9163,-24959.55
269,L5,35,-257.57205,815.54047,-24791.168
269,L5,36,-275.9241,948.42523,-24731.822
269,L5,37,-239.2013,947.1427,-24552.93
269,L5,38,-159.93924,904.1306,-24599.994
269,L5,39,-109.43761,925.1906,-24436.025
269,L5,40,-159.10036,901.4091,-24384.309
269,L5,41,-225.50403,917.92596,-24506.56
269,L5,42,-247.03867,1030.8116,-24518.191
269,L5,43,-201.83916,1095.4154,-24467.848
269,L5,44,-204.90385,1059.1836,-24306.38
269,L5,45,-154.92564,1004.2813,-24124.129
270,L6,1,-201.0369,1507.1039,-8058.1143
270,L6,2,-209.6522,1520.0508,-8039.6196
270,L6,3,-233.40411,1516.9315,-7814.388
270,L6,4,-197.55045,1632.7943,-7650.316
270,L6,5,-215.77841,1605.7324,-7453.144
270,L6,6,-212.33195,1542.2334,-7419.1455
270,L6,7,-251.89082,1431.5828,-7280.34
270,L6,8,-276.79437,1399.725,-7137.212
270,L6,9,-209.80714,1513.3816,-7154.0986
270,L6,10,-120.07181,1545.997,-7213.4043
270,L6,11,-87.49235,1450.7017,-7134.086
270,L6,12,-121.677986,1392.4172,-7099.424
270,L6,13,-282.47858,1405.7485,-7047.704
270,L6,14,-294.24347,1425.8302,-7102.295
270,L6,15,-120.383606,1341.1643,-7061.6113
270,L6,16,-159.3942,1301.6228,-6934.3716
270,L6,17,-209.70673,1329.8562,-6784.5527
270,L6,18,-182.61694,1316.2272,-6729.7417
270,L6,19,-142.03104,1335.0227,-6626.748
270,L6,20,-152.50896,1368.4617,-6781.6514
270,L6,21,-154.75641,1424.4028,-6871.5405
270,L6,22,-194.25775,1228.812,-6701.602
270,L6,23,-249.21495,1223.3906,-6607.117
270,L6,24,-383.39383,1434.2415,-6669.4023
270,L6,25,-357.32343,1458.8948,-6572.4033
270,L6,26,-126.77298,1337.1998,-6378.278
270,L6,27,-137.66875,1288.4502,-6402.8926
270,L6,28,-192.52122,1330.6788,-6415.2295
270,L6,29,-193.14339,1440.7367,-6285.706
270,L6,30,-147.0126,1544.2803,-6209.4565
270,L6,31,-91.994934,1565.2394,-6046.244
270,L6,32,-54.470528,1610.6798,-5831.459
270,L6,33,-93.01894,1591.8665,-5593.3716
270,L6,34,-125.44796,1640.5404,-5491.6216
270,L6,35,-67.02804,1635.2931,-5393.8
270,L6,36,-76.9031,1732.2142,-5359.8574
270,L6,37,-28.828032,1716.1196,-5289.625
270,L6,38,-67.56959,1752.6337,-5237.4614
270,L6,39,-108.407776,1733.4933,-5195.7827
270,L6,40,-48.312298,1649.6575,-5119.08
270,L6,41,-10.443582,1596.8661,-5036.0713
270,L6,42,-57.250168,1679.3584,-5090.54
270,L6,43,-70.19886,1789.3359,-5116.874
270,L6,44,-8.306427,1772.148,-4987.613
270,L6,45,-41.19715,1837.8889,-4866.6416
271,L7,1,-1053.9364,1316.9131,-7968.239
271,L7,2,-1052.368,1238.9393,-7774.163
271,L7,3,-944.0217,1198.2448,-7513.03
271,L7,4,-1131.4243,1298.3826,-7330.317
271,L7,5,-1204.6141,1164.8118,-7292.965
271,L7,6,-1198.1859,1041.6769,-7139.6157
271,L7,7,-1178.3634,1053.3529,-7163.0195
271,L7,8,-1045.4879,1294.3962,-7109.864
271,L7,9,-1041.2736,1430.0743,-7016.8237
271,L7,10,-1030.0961,1349.8936,-6810.609
271,L7,11,-1055.9315,1206.128,-6832.7285
271,L7,12,-1025.5142,1140.755,-6785.158
271,L7,13,-995.5354,1131.2108,-6688.9424
271,L7,14,-1177.9772,1070.2559,-6760.1294
271,L7,15,-1217.7607,948.1159,-6737.434
271,L7,16,-1110.7648,957.6926,-6564.7104
271,L7,17,-1050.7745,1110.252,-6549.072
271,L7,18,-1055.445,1129.2496,-6511.5474
271,L7,19,-957.14844,1173.4385,-6542.777
271,L7,20,-868.24695,1159.0635,-6411.957
271,L7,21,-891.303,1160.1437,-6359.372
271,L7,22,-881.586,1045.4067,-6284.4155
271,L7,23,-918.90466,1018.47394,-6238.6597
271,L7,24,-975.83234,1089.1912,-6333.4956
271,L7,25,-1216.8234,1006.59467,-6401.117
271,L7,26,-1214.9478,1002.63763,-6225.852
271,L7,27,-982.8775,1155.8951,-6060.3994
271,L7,28,-1047.2981,1184.8204,-6022.5674
271,L7,29,-1104.1338,1172.0693,-6086.888
271,L7,30,-1063.4451,1224.9646,-5892.4536
271,L7,31,-984.9556,1237.7324,-5734.693
271,L7,32,-997.29285,1206.5917,-5705.8853
271,L7,33,-975.2871,1270.395,-5498.8105
271,L7,34,-992.7007,1415.8812,-5316.4473
271,L7,35,-948.78973,1467.9858,-5151.971
271,L7,36,-972.16144,1477.0967,-5018.861
271,L7,37,-1014.50195,1440.9261,-4893.734
271,L7,38,-1005.1181,1520.8406,-4919.7324
271,L7,39,-1040.0428,1593.1011,-4869.575
271,L7,40,-1060.3177,1475.914,-4778.229
271,L7,41,-972.2136,1419.2141,-4770.164
271,L7,42,-965.9905,1533.2898,-4588.8887
271,L7,43,-1030.38,1572.5094,-4531.6777
271,L7,44,-1126.0575,1571.5336,-4469.3257
271,L7,45,-1173.17,1557.9209,-4510.891
272,L8,1,-518.6285,540.38544,-5849.0166
272,L8,2,-441.63373,515.92755,-5812.818
272,L8,3,-457.09802,494.7665,-5601.496
272,L8,4,-464.46332,548.6684,-5452.616
272,L8,5,-313.779,425.02676,-5412.9893
272,L8,6,-360.142,414.52927,-5361.849
272,L8,7,-527.2225,578.68665,-5256.824
272,L8,8,-552.85986,530.9179,-5216.9736
272,L8,9,-404.4263,479.21588,-5151.1074
272,L8,10,-412.57913,482.53024,-5145.339
272,L8,11,-506.05228,429.30753,-4928.108
272,L8,12,-684.1354,319.76672,-4834.9863
272,L8,13,-649.05786,319.18414,-4867.3125
272,L8,14,-380.41202,420.3627,-4889.7725
272,L8,15,-512.06616,431.13812,-4886.4307
272,L8,16,-560.1392,449.27753,-4729.1313
272,L8,17,-444.03528,347.58047,-4773.6753
272,L8,18,-424.40817,326.91428,-4778.67
272,L8,19,-350.79767,408.9848,-4696.297
272,L8,20,-334.95474,450.7542,-4720.0005
272,L8,21,-403.42267,347.73734,-4580.287
272,L8,22,-641.2664,334.84348,-4556.5195
272,L8,23,-668.54456,428.66364,-4620.0425
272,L8,24,-513.8349,416.80948,-4534.692
272,L8,25,-507.87265,378.51962,-4535.219
272,L8,26,-512.46246,346.34613,-4520.724
272,L8,27,-551.09735,356.99966,-4456.5654
272,L8,28,-536.61597,449.95673,-4491.63
272,L8,29,-343.49902,358.8133,-4357.377
272,L8,30,-353.77554,347.282,-4308.0977
272,L8,31,-408.48767,481.33655,-4149.357
272,L8,32,-415.6832,587.5389,-4051.4949
272,L8,33,-465.67288,694.9637,-3789.068
272,L8,34,-534.6022,709.6227,-3781.8464
272,L8,35,-585.1632,689.85065,-3599.046
272,L8,36,-581.77655,783.7675,-3539.6865
272,L8,37,-454.54675,759.33167,-3410.59
272,L8,38,-417.2271,757.9454,-3416.1511
272,L8,39,-261.11642,760.13605,-3312.7068
272,L8,40,-299.3767,716.83734,-3325.5334
272,L8,41,-430.7504,661.9717,-3200.193
272,L8,42,-503.37695,652.72986,-3223.5115
272,L8,43,-545.6997,623.92523,-3093.6208
272,L8,44,-549.73895,695.85913,-2863.2246
272,L8,45,-418.41666,814.38556,-2807.2993
273,L9,1,108.07199,-433.2424,-11181.968
273,L9,2,86.59441,-450.19424,-11001.242
273,L9,3,112.53246,-432.07394,-10614.074
273,L9,4,236.61426,-466.18237,-10242.66
273,L9,5,140.12692,-458.90497,-10114.599
273,L9,6,111.32738,-342.37122,-9800.558
273,L9,7,192.68169,-322.2807,-9596.236
273,L9,8,309.5147,-303.88092,-9640.996
273,L9,9,392.58258,-330.6073,-9658.103
273,L9,10,299.55786,-365.8059,-9282.066
273,L9,11,212.78311,-390.03946,-9241.112
273,L9,12,161.93709,-491.97858,-9148.445
273,L9,13,152.21846,-547.8787,-9098.514
273,L9,14,229.46614,-563.49225,-8958.388
273,L9,15,269.31192,-606.48364,-8753.938
273,L9,16,250.59566,-677.9057,-8698.182
273,L9,17,304.6608,-635.0505,-8729.414
273,L9,18,416.60275,-398.97894,-8786.064
273,L9,19,353.64343,-385.6275,-8525.595
273,L9,20,242.83936,-408.0415,-8509.897
273,L9,21,209.24881,-438.77835,-8406.151
273,L9,22,276.05002,-471.41113,-8450.552
273,L9,23,321.249,-447.28506,-8500.124
273,L9,24,307.56345,-482.06613,-8463.511
273,L9,25,273.0051,-525.27673,-8438.49
273,L9,26,266.16995,-540.0748,-8340.546
273,L9,27,429.5267,-447.98303,-8305.236
273,L9,28,561.32477,-393.50238,-8391.007
273,L9,29,304.71603,-406.79544,-8359.98
273,L9,30,223.70847,-330.63202,-7961.0034
273,L9,31,291.6314,-264.83688,-7965.812
273,L9,32,316.91336,-231.69092,-7818.8486
273,L9,33,438.00827,-309.52643,-7654.7036
273,L9,34,316.68515,-346.51917,-7535.0967
273,L9,35,247.98181,-253.46658,-7477.195
273,L9,36,276.7764,-264.65884,-7540.282
273,L9,37,358.66406,-243.33397,-7312.1113
273,L9,38,326.83264,-322.97388,-7110.745
273,L9,39,297.6439,-341.9375,-7130.053
273,L9,40,356.33865,-176.33018,-7077.9663
273,L9,41,356.33026,-171.2155,-6760.3057
273,L9,42,474.35226,-120.96568,-6691.9053
273,L9,43,620.7995,-137.46494,-6627.503
273,L9,44,560.8636,-148.80847,-6596.8296
273,L9,45,485.56223,52.95579,-6419.4624
274,L10,1,-643.8263,-749.085,-11859.743
274,L10,2,-604.73846,-731.77045,-11829.047
274,L10,3,-604.0356,-636.1246,-11609.223
274,L10,4,-665.94214,-743.0906,-11432.271
274,L10,5,-715.0602,-836.20544,-11419.688
274,L10,6,-770.0551,-921.1925,-11197.093
274,L10,7,-753.5893,-968.0622,-10761.257
274,L10,8,-646.1682,-951.7379,-10691.387
274,L10,9,-691.94635,-898.30023,-10515.654
274,L10,10,-707.65894,-973.92957,-10535.1455
274,L10,11,-604.15094,-971.2107,-10458.766
274,L10,12,-506.84845,-780.43536,-10431.893
274,L10,13,-537.2414,-778.0481,-10552.718
274,L10,14,-583.8006,-888.8984,-10631.412
274,L10,15,-591.60187,-930.5197,-10496.922
274,L10,16,-578.6994,-881.19324,-10453.64
274,L10,17,-495.55212,-907.1196,-10309.82
274,L10,18,-507.54886,-930.9281,-10160.29
274,L10,19,-502.3814,-923.31494,-10193.199
274,L10,20,-558.7468,-910.7283,-10184.083
274,L10,21,-574.7311,-927.9285,-10390.009
274,L10,22,-463.12433,-893.1418,-10470.89
274,L10,23,-449.71405,-902.29584,-10206.987
274,L10,24,-417.23688,-896.7687,-10041.015
274,L10,25,-659.4267,-1070.5314,-9905.483
274,L10,26,-721.5834,-1087.9148,-9958.912
274,L10,27,-620.9028,-981.1566,-10186.985
274,L10,28,-521.15924,-1039.8767,-10254.89
274,L10,29,-554.7625,-1038.3088,-9966.3125
274,L10,30,-584.9691,-854.09595,-9920.434
274,L10,31,-534.8839,-744.09515,-9644.068
274,L10,32,-560.19025,-894.37476,-9584.444
274,L10,33,-594.93945,-933.06006,-9519.16
274,L10,34,-660.82666,-808.42456,-9363.99
274,L10,35,-662.0014,-778.8594,-9213.981
274,L10,36,-528.2001,-618.1148,-8939.78
274,L10,37,-527.64746,-532.7086,-9014.075
274,L10,38,-513.90125,-540.349,-9036.778
274,L10,39,-468.55615,-594.43915,-8717.122
274,L10,40,-368.17108,-578.8811,-8770.164
274,L10,41,-409.14236,-579.5988,-8904.228
274,L10,42,-447.48123,-602.45264,-8759.574
274,L10,43,-376.79468,-479.79044,-8607.205
274,L10,44,-401.0681,-419.7506,-8559.417
274,L10,45,-458.55988,-327.23444,-8451.607
275,L11,1,-876.98584,-109.6124,-5290.7886
275,L11,2,-880.3485,-150.8564,-5178.389
275,L11,3,-858.765,-289.17484,-5079.231
275,L11,4,-854.9542,-335.61835,-4790.7554
275,L11,5,-811.48334,-236.59273,-4578.65
275,L11,6,-805.3433,-197.28174,-4592.262
275,L11,7,-771.94867,-236.66594,-4661.636
275,L11,8,-876.1397,-241.44308,-4564.844
275,L11,9,-899.5689,-321.60443,-4293.058
275,L11,10,-830.61115,-379.90372,-4192.5283
275,L11,11,-697.81067,-383.4208,-4155.9263
275,L11,12,-695.9703,-384.32797,-4207.355
275,L11,13,-672.3792,-287.0523,-4113.72
275,L11,14,-679.0948,-144.48434,-4074.41
275,L11,15,-829.6516,-160.1728,-4080.7107
275,L11,16,-848.0606,-199.56264,-4069.09
275,L11,17,-726.33325,-296.42468,-4029.4194
275,L11,18,-685.45166,-573.3561,-4049.3901
275,L11,19,-534.2261,-609.0878,-3989.169
275,L11,20,-558.9558,-468.879,-3896.558
275,L11,21,-615.2572,-395.28656,-3919.6455
275,L11,22,-582.7223,-314.58688,-3873.1863
275,L11,23,-494.67816,-358.27466,-3699.6416
275,L11,24,-666.06213,-381.49435,-3669.1255
275,L11,25,-703.2752,-278.42642,-3684.513
275,L11,26,-543.6272,-297.2033,-3744.03
275,L11,27,-524.59503,-333.5349,-3713.4175
275,L11,28,-445.59912,-356.9403,-3740.4878
275,L11,29,-465.2059,-400.5991,-3629.6853
275,L11,30,-539.05475,-397.3975,-3566.2827
275,L11,31,-608.11755,-363.53662,-3552.6187
275,L11,32,-665.70496,-486.29764,-3596.55
275,L11,33,-701.394,-498.1074,-3415.5574
275,L11,34,-669.9229,-326.31888,-3217.047
275,L11,35,-643.6411,-304.4309,-3111.666
275,L11,36,-573.11066,-230.76662,-2926.4905
275,L11,37,-561.00726,-209.951,-2814.828
275,L11,38,-498.44345,-180.90047,-2745.1758
275,L11,39,-758.3761,-205.94571,-2758.7212
275,L11,40,-818.3039,-161.3021,-2721.3486
275,L11,41,-688.1731,-198.96265,-2546.8706
275,L11,42,-609.82513,-219.38744,-2451.4456
275,L11,43,-520.0715,-258.39948,-2349.4736
275,L11,44,-506.50137,-312.99908,-2097.8394
275,L11,45,-450.09485,-366.8623,-2183.5151
276,L12,1,-733.841,-892.93536,-15514.724
276,L12,2,-799.2948,-858.5606,-15119.352
276,L12,3,-826.5878,-833.70825,-14674.789
276,L12,4,-801.71826,-707.28326,-14243.748
276,L12,5,-803.74896,-609.86017,-13979.697
276,L12,6,-763.894,-509.11154,-13624.707
276,L12,7,-616.9939,-543.45984,-13431.609
276,L12,8,-496.73776,-605.6768,-13266.57
276,L12,9,-657.12744,-636.17017,-13077.049
276,L12,10,-704.03455,-680.9041,-12784.888
276,L12,11,-613.78046,-668.7329,-12620.185
276,L12,12,-620.49994,-571.96466,-12403.565
276,L12,13,-618.82355,-562.74426,-12248.121
276,L12,14,-657.31744,-652.6247,-12114.307
276,L12,15,-687.22284,-685.41003,-12082.572
276,L12,16,-665.2684,-598.61096,-12146.921
276,L12,17,-699.49744,-635.14105,-11845.617
276,L12,18,-696.72003,-684.61676,-11786.36
276,L12,19,-542.7462,-641.64044,-11647.269
276,L12,20,-487.8806,-498.8943,-11634.8125
276,L12,21,-532.7241,-464.07556,-11472.263
276,L12,22,-587.9333,-629.11975,-11434.101
276,L12,23,-616.41235,-688.53314,-11487.762
276,L12,24,-613.10986,-621.8969,-11228.823
276,L12,25,-576.45483,-604.62994,-11029.461
276,L12,26,-543.1623,-491.43738,-11049.377
276,L12,27,-624.0809,-626.29297,-10996.387
276,L12,28,-638.54205,-670.7899,-10783.435
276,L12,29,-499.77017,-544.8815,-10850.991
276,L12,30,-490.98804,-573.94495,-10960.188
276,L12,31,-456.05984,-654.2504,-10801.888
276,L12,32,-539.6912,-711.3275,-10619.412
276,L12,33,-568.6729,-679.8434,-10557.224
276,L12,34,-457.14752,-471.49576,-10411.679
276,L12,35,-491.12457,-429.73053,-10319.553
276,L12,36,-535.0535,-407.23834,-10265.033
276,L12,37,-503.61917,-184.28955,-10017.439
276,L12,38,-562.9908,-196.24667,-9579.513
276,L12,39,-624.305,-290.75244,-9664.42
276,L12,40,-632.8313,-416.7308,-9830.523
276,L12,41,-522.96497,-458.58948,-9543.236
276,L12,42,-473.0078,-333.69894,-9296.329
276,L12,43,-411.4366,-353.8859,-8987.181
276,L12,44,-406.06912,-318.283,-9071.199
276,L12,45,-366.47037,-191.01357,-9126.344
277,L13,1,-2437.3337,-3843.4668,-3845.7827
277,L13,2,-2386.4963,-3892.5852,-3785.9236
277,L13,3,-2414.075,-3927.637,-3577.095
277,L13,4,-2409.639,-3859.4482,-3541.0503
277,L13,5,-2273.7493,-4003.947,-3567.1404
277,L13,6,-2244.8442,-4050.237,-3501.4556
277,L13,7,-2144.0798,-3919.7488,-3503.4138
277,L13,8,-2220.303,-3785.2751,-3390.3577
277,L13,9,-2391.0356,-3845.5034,-3258.4824
277,L13,10,-2419.9844,-3900.034,-3025.2556
277,L13,11,-2320.1223,-3880.2798,-3061.9114
277,L13,12,-2340.4053,-3952.514,-3151.6938
277,L13,13,-2406.8833,-4051.6243,-3122.3857
277,L13,14,-2402.6755,-4093.5857,-3000.7976
277,L13,15,-2241.6533,-4074.253,-3005.7932
277,L13,16,-2177.2673,-4051.7236,-2931.1436
277,L13,17,-2233.5378,-4018.84,-3064.7908
277,L13,18,-2294.3813,-3956.064,-3128.755
277,L13,19,-2342.41,-3973.0454,-2956.1501
277,L13,20,-2359.3372,-3995.469,-2858.7705
277,L13,21,-2292.7556,-4149.888,-2773.1636
277,L13,22,-2292.2007,-4149.302,-2804.1096
277,L13,23,-2236.8887,-3965.0195,-2709.022
277,L13,24,-2252.4873,-4012.1475,-2688.934
277,L13,25,-2316.99,-4094.5312,-2563.1277
277,L13,26,-2309.6636,-4118.8716,-2627.217
277,L13,27,-2120.145,-4066.5356,-2644.9324
277,L13,28,-2124.7993,-4051.5073,-2477.3853
277,L13,29,-2165.875,-4060.0027,-2528.1562
277,L13,30,-2200.7456,-4027.0344,-2562.4924
277,L13,31,-2178.7278,-4176.857,-2584.9688
277,L13,32,-2195.9429,-4190.2744,-2590.4744
277,L13,33,-2228.244,-4072.671,-2523.9297
277,L13,34,-2202.3704,-4043.1882,-2473.3765
277,L13,35,-2285.7668,-3939.7346,-2227.7542
277,L13,36,-2319.9983,-3951.205,-2126.2961
277,L13,37,-2279.6533,-3934.7236,-2114.1533
277,L13,38,-2422.2407,-3881.3337,-1974.4618
277,L13,39,-2428.3477,-4003.425,-1663.3927
277,L13,40,-2228.7346,-4032.1614,-1561.6797
277,L13,41,-2161.626,-3901.8882,-1605.337
277,L13,42,-2174.3667,-3917.8855,-1696.3846
277,L13,43,-2171.9426,-3933.8196,-1572.3278
277,L13,44,-2417.8528,-3826.4402,-1559.4303
277,L13,45,-2493.5637,-3706.608,-1618.7476
278,L14,1,-796.41034,-398.6865,-4260.3545
278,L14,2,-735.2871,-467.54126,-4399.918
278,L14,3,-711.70624,-530.5004,-4427.3105
278,L14,4,-739.6711,-483.42032,-4263.1597
278,L14,5,-757.1804,-515.3505,-4162.862
278,L14,6,-680.25494,-501.28827,-3816.0625
278,L14,7,-672.0466,-436.20984,-3855.9375
278,L14,8,-766.58795,-460.56836,-3931.5583
278,L14,9,-785.9256,-440.18405,-3902.2515
278,L14,10,-683.5354,-508.53815,-3929.1902
278,L14,11,-733.3301,-652.5203,-3835.6465
278,L14,12,-771.00476,-710.61835,-3703.4531
278,L14,13,-696.0679,-677.6779,-3744.07
278,L14,14,-589.2753,-598.79816,-3719.971
278,L14,15,-689.49805,-462.05527,-3539.5024
278,L14,16,-760.814,-433.0318,-3524.0486
278,L14,17,-751.3001,-471.3739,-3475.6917
278,L14,18,-602.02124,-431.60727,-3554.6543
278,L14,19,-603.14136,-433.85236,-3638.2378
278,L14,20,-604.16943,-532.9609,-3613.175
278,L14,21,-690.05023,-576.0063,-3639.9573
278,L14,22,-888.6625,-484.22418,-3625.7317
278,L14,23,-895.77985,-523.083,-3294.039
278,L14,24,-736.8996,-824.178,-3275.6572
278,L14,25,-674.4609,-822.0816,-3235.103
278,L14,26,-489.45602,-515.6871,-3237.552
278,L14,27,-608.5815,-510.33307,-3218.715
278,L14,28,-681.8157,-565.6195,-3277.1646
278,L14,29,-631.7049,-534.2473,-3355.6257
278,L14,30,-547.5893,-468.3797,-3269.8018
278,L14,31,-599.91187,-437.9953,-3153.4438
278,L14,32,-641.3582,-570.3964,-3114.7007
278,L14,33,-602.84906,-609.02155,-3038.1843
278,L14,34,-691.8435,-483.51398,-3020.1887
278,L14,35,-730.6188,-489.27487,-2905.3584
278,L14,36,-669.09314,-457.9949,-2837.609
278,L14,37,-719.99036,-422.83798,-2709.7156
278,L14,38,-759.237,-377.93124,-2753.6511
278,L14,39,-729.41766,-416.59927,-2660.0986
278,L14,40,-729.358,-407.793,-2612.8755
278,L14,41,-683.0144,-415.98615,-2676.8186
278,L14,42,-581.18915,-512.9836,-2533.5476
278,L14,43,-558.83636,-563.7325,-2355.7336
278,L14,44,-539.302,-475.85428,-2212.7021
278,L14,45,-473.58905,-346.8467,-2261.9805
279,L15,1,-372.53793,146.93153,-3710.2249
279,L15,2,-356.0882,174.404,-3558.2893
279,L15,3,-401.18118,187.18513,-3447.6743
279,L15,4,-423.23563,186.0565,-3283.5564
279,L15,5,-393.30115,300.96854,-3121.1233
279,L15,6,-524.5206,222.94681,-3054.6357
279,L15,7,-533.1459,163.6413,-2993.6624
279,L15,8,-323.27054,197.88765,-2904.7056
279,L15,9,-337.7855,240.67836,-2769.2444
279,L15,10,-401.61102,221.86266,-2729.5942
279,L15,11,-427.89313,261.40735,-2811.2104
279,L15,12,-476.91333,213.28741,-2822.0422
279,L15,13,-518.4322,127.52457,-2737.6938
279,L15,14,-560.54614,103.498886,-2621.6533
279,L15,15,-585.0417,210.97163,-2583.0068
279,L15,16,-624.74976,261.88858,-2622.6033
279,L15,17,-621.4655,226.83018,-2650.6204
279,L15,18,-490.32367,216.55342,-2678.756
279,L15,19,-469.827,190.72688,-2539.73
279,L15,20,-544.6162,227.34225,-2475.6282
279,L15,21,-695.0662,192.65366,-2582.7307
279,L15,22,-672.6506,169.1746,-2648.5093
279,L15,23,-456.4231,174.37918,-2464.8625
279,L15,24,-504.91437,163.90256,-2405.5437
279,L15,25,-532.8562,242.90012,-2356.1804
279,L15,26,-427.82245,213.89375,-2314.442
279,L15,27,-451.98602,164.0912,-2252.9316
279,L15,28,-512.4838,137.48671,-2343.9946
279,L15,29,-523.76483,152.2127,-2340.2053
279,L15,30,-383.59018,-39.29754,-2145.8662
279,L15,31,-328.34573,-49.662323,-2185.7466
279,L15,32,-452.56082,140.10883,-2215.2776
279,L15,33,-536.2559,221.33533,-2186.3542
279,L15,34,-608.156,184.60799,-2140.1587
279,L15,35,-639.73517,146.94147,-2082.237
279,L15,36,-558.75085,119.01577,-2140.308
279,L15,37,-321.3426,165.33838,-2031.108
279,L15,38,-323.33112,210.50699,-1956.9764
279,L15,39,-370.0211,323.9257,-1817.7241
279,L15,40,-374.73495,366.30307,-1800.3043
279,L15,41,-400.48846,421.64352,-1912.087
279,L15,42,-332.35892,364.67847,-1889.464
279,L15,43,-299.43457,128.47339,-1771.5289
279,L15,44,-413.40155,86.13694,-1802.7865
279,L15,45,-484.28665,259.96698,-1607.976
280,L16,1,105.919785,188.31554,-6609.7056
280,L16,2,86.42485,142.83089,-6571.251
280,L16,3,108.42318,85.40012,-6431.5264
280,L16,4,137.26343,105.39544,-6393.444
280,L16,5,166.56734,169.49197,-6202.135
280,L16,6,205.6633,157.05989,-6041.649
280,L16,7,238.25989,194.05457,-5933.761
280,L16,8,135.36896,161.77174,-5917.5107
280,L16,9,49.410706,158.36612,-5845.872
280,L16,10,-7.1558704,186.85379,-5818.9043
280,L16,11,-3.6401238,148.43924,-5838.0444
280,L16,12,144.20102,116.712135,-5723.3022
280,L16,13,135.21233,82.2534,-5569.973
280,L16,14,133.39995,96.85119,-5615.8013
280,L16,15,193.31694,79.43176,-5628.5225
280,L16,16,147.82883,72.069595,-5649.11
280,L16,17,102.397415,47.95923,-5710.077
280,L16,18,129.77823,14.048951,-5624.967
280,L16,19,112.7128,-15.846368,-5487.518
280,L16,20,153.74217,-4.512983,-5345.6514
280,L16,21,72.17365,-15.909341,-5366.027
280,L16,22,-143.53912,-39.28371,-5421.196
280,L16,23,-127.516846,-22.38439,-5238.9014
280,L16,24,128.65854,24.645092,-5111.2593
280,L16,25,97.99112,184.788,-5180.518
280,L16,26,61.549274,127.44079,-5205.876
280,L16,27,154.5869,-95.74365,-5292.6064
280,L16,28,222.08981,-99.03829,-5317.979
280,L16,29,339.75867,98.04167,-5359.1826
280,L16,30,83.441124,119.98115,-5202.0635
280,L16,31,-3.2618651,150.1751,-5218.629
280,L16,32,75.10241,120.1954,-5316.893
280,L16,33,137.44354,112.52021,-5351.1494
280,L16,34,238.71817,112.60092,-5084.3125
280,L16,35,167.24394,90.68463,-4841.399
280,L16,36,134.0591,89.596954,-4902.6113
280,L16,37,230.22292,218.25824,-5005.0366
280,L16,38,125.873146,160.18442,-4968.851
280,L16,39,17.565493,118.993,-4873.971
280,L16,40,-136.81563,185.33594,-4718.7314
280,L16,41,-120.52905,161.15291,-4756.482
280,L16,42,118.751526,141.38678,-4740.922
280,L16,43,179.51253,112.13352,-4578.81
280,L16,44,257.70212,154.80345,-4535.6904
280,L16,45,226.18422,186.90225,-4440.022
281,L17,1,-239.97372,-1108.4113,-11378.336
281,L17,2,-236.90135,-1066.1765,-11247.512
281,L17,3,-346.41403,-1091.6241,-10816.096
281,L17,4,-381.1952,-1093.9204,-10618.904
281,L17,5,-353.65436,-1021.1468,-10471.675
281,L17,6,-436.00912,-1030.2961,-10419.3
281,L17,7,-440.967,-982.5638,-10165.273
281,L17,8,-313.08417,-993.0502,-10040.257
281,L17,9,-141.72287,-969.6477,-9958.749
281,L17,10,-191.24231,-1027.5891,-9820.797
281,L17,11,-220.40894,-1149.8313,-9611.052
281,L17,12,-115.49609,-1312.4214,-9423.606
281,L17,13,-89.54949,-1338.9192,-9370.16
281,L17,14,-85.12563,-1267.3418,-9342.447
281,L17,15,-291.35486,-1241.4602,-9340.066
281,L17,16,-351.7123,-1149.4961,-9290.213
281,L17,17,-283.48935,-1256.668,-9091.863
281,L17,18,-251.15732,-1283.3181,-8982.024
281,L17,19,-225.9262,-1184.1597,-9060.623
281,L17,20,-242.35347,-1178.0004,-8982.553
281,L17,21,-204.50305,-1136.908,-8975.811
281,L17,22,-217.53934,-1186.3438,-8927.918
281,L17,23,-239.34508,-1340.158,-8790.425
281,L17,24,-260.80408,-1366.4036,-8701.534
281,L17,25,-242.6012,-1274.372,-8607.79
281,L17,26,-382.23297,-1093.4001,-8586.482
281,L17,27,-404.82703,-1070.1049,-8632.693
281,L17,28,-299.5224,-1154.6257,-8472.397
281,L17,29,-308.70782,-1167.1604,-8412.057
281,L17,30,-343.4823,-1039.7091,-8496.867
281,L17,31,-344.1233,-1122.6284,-8475.231
281,L17,32,-225.10811,-1184.938,-8455.236
281,L17,33,-175.79576,-1141.0067,-8363.681
281,L17,34,-212.65034,-973.9713,-8451.465
281,L17,35,-242.40166,-1010.5432,-8366.497
281,L17,36,-263.02048,-1176.9316,-8260.087
281,L17,37,-185.01617,-1225.279,-8162.5796
281,L17,38,-110.151405,-1129.2365,-7967.6963
281,L17,39,-131.03279,-1013.72064,-7849.288
281,L17,40,-128.85487,-1061.1608,-7929.8164
281,L17,41,-66.60233,-1090.0444,-7927.727
281,L17,42,-114.16001,-988.22174,-7830.1626
281,L17,43,-200.57483,-994.546,-7813.6157
281,L17,44,-279.3356,-1041.3186,-7730.6274
281,L17,45,-324.82996,-1094.0286,-7715.9585
282,L18,1,-202.06064,83.8058,-1903.9155
282,L18,2,-159.91748,81.022064,-1894.2117
282,L18,3,-95.811806,63.3181,-1765.6995
282,L18,4,-123.6212,118.394554,-1636.3167
282,L18,5,-130.13618,73.94183,-1423.6326
282,L18,6,-34.811207,-29.97144,-1370.8489
282,L18,7,-72.471,-65.920494,-1250.5347
282,L18,8,-86.49496,-14.029821,-1097.3356
282,L18,9,24.384071,109.01229,-943.36365
282,L18,10,14.994984,138.61139,-1045.2258
282,L18,11,-10.573976,-85.259995,-1119.6166
282,L18,12,-112.44159,-105.68861,-1035.8599
282,L18,13,-135.19339,51.708458,-1027.317
282,L18,14,-39.460842,50.810265,-839.486
282,L18,15,-66.96857,14.532288,-809.5857
282,L18,16,-149.80072,3.2654352,-678.65155
282,L18,17,-163.9595,82.96019,-781.67706
282,L18,18,-76.68597,71.11427,-816.1808
282,L18,19,-87.97182,30.905186,-531.3452
282,L18,20,-115.5489,39.12318,-492.9233
282,L18,21,-174.39214,87.638954,-312.3541
282,L18,22,-196.19711,68.916695,-303.38214
282,L18,23,-162.21654,-38.546776,-228.68411
282,L18,24,-169.7617,-50.190266,-305.49615
282,L18,25,-178.34659,82.35966,-369.616
282,L18,26,-205.76988,108.1712,-144.79001
282,L18,27,-199.27992,94.05919,-53.45793
282,L18,28,-91.17434,171.23694,-82.175385
282,L18,29,-50.49316,134.57935,136.09798
282,L18,30,12.770035,52.698215,124.56876
282,L18,31,2.8757424,75.916115,234.68956
282,L18,32,35.94559,359.13437,185.52165
282,L18,33,15.17376,425.99496,191.82747
282,L18,34,30.61726,334.197,382.2983
282,L18,35,8.29321,259.35632,344.3357
282,L18,36,33.391827,229.7785,463.2341
282,L18,37,-8.852456,244.38428,637.48785
282,L18,38,-89.61031,472.96286,824.64746
282,L18,39,-127.27509,504.23608,818.49915
282,L18,40,-103.29385,590.95654,952.3949
282,L18,41,-90.56856,477.32062,1043.2975
282,L18,42,-36.153755,384.75162,1077.9106
282,L18,43,80.1908,417.42838,1079.3965
282,L18,44,98.79785,578.06323,952.5497
282,L18,45,111.318726,550.13074,924.4543
283,L19,1,-957.5457,-1443.7074,-37575.406
283,L19,2,-945.7424,-1430.5387,-37574.305
283,L19,3,-985.2342,-1447.8331,-37547.496
283,L19,4,-1065.7527,-1442.3932,-37388.96
283,L19,5,-1046.376,-1504.9885,-37191.812
283,L19,6,-888.97,-1576.321,-37057.414
283,L19,7,-860.3914,-1594.385,-36641.97
283,L19,8,-856.1342,-1589.2816,-36549.566
283,L19,9,-897.5679,-1597.3225,-36326.918
283,L19,10,-934.40576,-1571.7681,-36260.543
283,L19,11,-926.0609,-1456.4398,-35895.63
283,L19,12,-939.5081,-1444.8354,-35787.742
283,L19,13,-994.4787,-1410.4142,-35898.484
283,L19,14,-990.5987,-1416.0469,-35897.727
283,L19,15,-885.805,-1358.7437,-35632.59
283,L19,16,-998.616,-1375.0431,-35617.5
283,L19,17,-1013.982,-1522.3519,-35439.426
283,L19,18,-884.2311,-1562.1663,-35439.906
283,L19,19,-905.9515,-1520.6201,-35378.117
283,L19,20,-946.9272,-1459.6338,-35278.13
283,L19,21,-952.6236,-1329.7457,-35167.31
283,L19,22,-955.9662,-1363.8275,-34884.047
283,L19,23,-894.6726,-1418.3505,-34851.773
283,L19,24,-959.64966,-1430.3177,-34977.055
283,L19,25,-984.45575,-1391.4464,-34960.977
283,L19,26,-925.5207,-1378.0955,-34859.652
283,L19,27,-960.4965,-1280.2253,-34538.81
283,L19,28,-985.046,-1255.7639,-34230.375
283,L19,29,-961.38135,-1294.868,-33960.805
283,L19,30,-1027.8059,-1336.425,-34033.94
283,L19,31,-1045.0186,-1327.1814,-34006.902
283,L19,32,-981.1014,-1381.581,-34050.28
283,L19,33,-942.6762,-1369.3385,-34033.273
283,L19,34,-959.7744,-1148.7975,-33728.137
283,L19,35,-937.47107,-1103.7705,-33747.203
283,L19,36,-867.85596,-966.5514,-33667.992
283,L19,37,-803.3423,-989.09296,-33618.35
283,L19,38,-830.22925,-989.06635,-33273.797
283,L19,39,-864.13403,-946.81445,-33061.844
283,L19,40,-911.79333,-930.6684,-33159.145
283,L19,41,-960.32904,-912.8554,-33104.086
283,L19,42,-981.07416,-916.1481,-33195.34
283,L19,43,-909.4376,-759.4118,-33000.723
283,L19,44,-791.7228,-752.1423,-32818.316
283,L19,45,-775.4395,-800.0398,-32896.875
284,L20,1,-809.6252,155.27412,-1271.1473
284,L20,2,-827.49176,141.56557,-1246.5808
284,L20,3,-793.77783,49.796368,-942.21295
284,L20,4,-762.23517,4.4721546,-760.08997
284,L20,5,-851.157,27.194376,-688.27704
284,L20,6,-889.8557,-54.48852,-376.30203
284,L20,7,-813.9245,-83.563515,-387.20648
284,L20,8,-752.1156,6.152103,-413.31738
284,L20,9,-741.2387,78.825676,-180.3436
284,L20,10,-809.93396,150.65074,-61.054913
284,L20,11,-850.54865,79.10099,-101.82159
284,L20,12,-806.09,-168.9728,-66.936264
284,L20,13,-798.64166,-192.22177,29.745184
284,L20,14,-802.97394,-22.47736,-38.272705
284,L20,15,-823.57605,60.541332,-89.80623
284,L20,16,-907.0123,11.332622,-116.15022
284,L20,17,-1047.1206,-87.01006,97.99788
284,L20,18,-1050.2083,-108.77911,90.1086
284,L20,19,-922.5582,-16.866991,147.26385
284,L20,20,-888.08765,7.7215195,81.00743
284,L20,21,-939.6769,4.0199175,149.85454
284,L20,22,-1035.5729,-15.78366,430.23242
284,L20,23,-1008.48975,-108.40967,479.2513
284,L20,24,-790.7105,-121.33352,391.0539
284,L20,25,-801.83307,5.919064,459.66714
284,L20,26,-860.34204,64.45371,588.96783
284,L20,27,-869.3468,111.27021,717.74335
284,L20,28,-809.5668,152.07584,735.78754
284,L20,29,-822.04803,179.15053,883.6301
284,L20,30,-781.87415,238.08894,926.95105
284,L20,31,-722.20044,316.46823,1040.9614
284,L20,32,-653.725,306.5191,1362.8284
284,L20,33,-689.44073,392.28833,1335.4283
284,L20,34,-720.53296,357.48517,1400.184
284,L20,35,-767.1527,329.15695,1496.5541
284,L20,36,-754.1494,323.5951,1685.6953
284,L20,37,-691.62195,526.45917,1747.4978
284,L20,38,-727.20276,574.08575,1963.1249
284,L20,39,-752.33954,490.96854,2036.4019
284,L20,40,-736.70667,442.7956,2112.1584
284,L20,41,-711.19336,569.4185,2253.9502
284,L20,42,-751.98035,580.9955,2429.0671
284,L20,43,-780.1131,508.85733,2419.8184
284,L20,44,-793.18835,502.47665,2275.665
284,L20,45,-676.91833,555.87976,2306.7522
285,L21,1,-985.3677,-2317.3586,-10714.965
285,L21,2,-995.1387,-2326.3044,-10689.441
285,L21,3,-989.8334,-2244.4648,-10418.315
285,L21,4,-842.0761,-2172.33,-10375.3955
285,L21,5,-874.20557,-2243.1628,-10309.052
285,L21,6,-946.6288,-2301.5825,-10304.608
285,L21,7,-994.34393,-2329.3882,-10168.075
285,L21,8,-991.7998,-2349.5793,-10092.258
285,L21,9,-971.359,-2302.7607,-10019.428
285,L21,10,-987.45874,-2292.7593,-9958.11
285,L21,11,-1028.6929,-2412.1743,-9727.311
285,L21,12,-1030.6885,-2395.4265,-9750.913
285,L21,13,-962.1524,-2165.5107,-9761.025
285,L21,14,-1014.9967,-2146.4907,-9662.65
285,L21,15,-1163.2137,-2144.2073,-9609.86
285,L21,16,-1176.8245,-2173.7534,-9674.214
285,L21,17,-1062.2554,-2149.686,-9630.684
285,L21,18,-963.95935,-2150.9248,-9499.711
285,L21,19,-998.55853,-2192.1145,-9535.662
285,L21,20,-1038.6055,-2421.9963,-9514.315
285,L21,21,-1031.6422,-2421.6057,-9318.831
285,L21,22,-1012.0174,-2185.5852,-9260.719
285,L21,23,-901.41547,-2172.0547,-9330.157
285,L21,24,-884.65393,-2216.6233,-9257.981
285,L21,25,-854.5098,-2222.4558,-9203.889
285,L21,26,-905.168,-2096.4165,-9202.933
285,L21,27,-944.27515,-2027.168,-9097.825
285,L21,28,-905.3,-2060.8198,-9070.36
285,L21,29,-935.381,-2038.4989,-8724.654
285,L21,30,-962.7865,-1981.4677,-8735.198
285,L21,31,-962.7025,-1905.2452,-8705.165
285,L21,32,-826.74243,-1943.0547,-8371.832
285,L21,33,-840.4717,-1935.6508,-8296.68
285,L21,34,-846.74115,-1909.0306,-8294.457
285,L21,35,-806.0054,-2008.6083,-8234.816
285,L21,36,-891.6065,-2042.5236,-8290.319
285,L21,37,-957.21466,-1868.0454,-8127.3325
285,L21,38,-956.58453,-1806.4954,-8054.15
285,L21,39,-855.51215,-1952.7719,-7798.284
285,L21,40,-718.17505,-2018.007,-7754.095
285,L21,41,-700.73846,-1925.5973,-7612.961
285,L21,42,-735.6763,-1904.846,-7564.5083
285,L21,43,-761.07025,-1913.7836,-7443.7705
285,L21,44,-782.4596,-1814.9454,-7357.5146
285,L21,45,-664.59705,-1644.38,-7489.0728
286,L22,1,-312.74316,545.5979,-6093.69
286,L22,2,-219.87735,513.75714,-5936.0366
286,L22,3,-191.1356,464.78546,-5499.741
286,L22,4,-243.25873,501.136,-5389.028
286,L22,5,-271.39145,450.93323,-5233.076
286,L22,6,-225.99942,368.83487,-5054.8633
286,L22,7,-257.91812,285.8852,-5000.2705
286,L22,8,-315.26965,292.28442,-4735.993
286,L22,9,-343.44885,456.824,-4758.9897
286,L22,10,-325.03244,301.99976,-4736.9087
286,L22,11,-316.0195,257.14227,-4659.1465
286,L22,12,-222.30531,422.02228,-4733.412
286,L22,13,-251.85999,518.3922,-4774.2744
286,L22,14,-295.18808,384.90335,-4509.0977
286,L22,15,-293.1734,341.07053,-4527.7427
286,L22,16,-268.91266,455.89673,-4463.5005
286,L22,17,-256.157,467.4557,-4327.3086
286,L22,18,-223.35245,447.19568,-4297.057
286,L22,19,-172.03543,218.75682,-4200.329
286,L22,20,-138.87488,195.535,-4129.423
286,L22,21,-165.78577,410.71094,-3961.7842
286,L22,22,-310.77347,431.83124,-3819.9578
286,L22,23,-334.91302,374.7998,-3890.5154
286,L22,24,-214.7632,333.06424,-3989.2927
286,L22,25,-207.60027,306.10995,-3867.1067
286,L22,26,-160.80247,360.74554,-3845.7192
286,L22,27,-144.6149,352.67343,-3443.8167
286,L22,28,-182.45691,384.25742,-3346.3875
286,L22,29,-184.25674,664.46295,-3547.3247
286,L22,30,-175.88252,683.6298,-3644.5845
286,L22,31,-185.64536,694.56976,-3343.6326
286,L22,32,-147.98201,692.4838,-3285.3364
286,L22,33,-66.37062,644.0036,-3383.8955
286,L22,34,-85.8718,662.60846,-3263.1543
286,L22,35,-69.4845,624.49585,-3193.207
286,L22,36,-56.56597,666.2341,-2910.118
286,L22,37,-9.476648,709.9639,-2932.9631
286,L22,38,-131.39334,673.38245,-2800.9607
286,L22,39,-177.85631,738.21606,-2606.3513
286,L22,40,-100.99503,816.06665,-2686.7075
286,L22,41,-176.47456,776.1409,-2603.3071
286,L22,42,-241.00528,623.2356,-2534.9211
286,L22,43,-239.22504,182.85352,-2519.646
286,L22,44,-132.3669,181.3177,-2637.905
286,L22,45,-70.74731,627.3956,-2549.8164
287,L23,1,-67.569084,458.3293,-6590.7754
287,L23,2,-32.23194,477.1339,-6394.887
287,L23,3,-21.479952,456.09726,-6000.247
287,L23,4,64.28906,430.22165,-5794.4795
287,L23,5,50.477962,397.43777,-5744.6973
287,L23,6,53.143246,437.57544,-5762.2715
287,L23,7,52.31203,435.3687,-5688.7886
287,L23,8,10.508331,257.69446,-5505.932
287,L23,9,-5.260419,243.62526,-5313.738
287,L23,10,12.145334,434.0389,-5341.035
287,L23,11,-41.377815,445.666,-5278.092
287,L23,12,-75.67517,363.181,-5254.883
287,L23,13,-29.581615,323.05286,-5215.9673
287,L23,14,42.87261,356.76688,-5103.5938
287,L23,15,27.557646,356.98724,-4948.8076
287,L23,16,-33.15328,394.65137,-4828.362
287,L23,17,-55.055344,519.9283,-4908.3633
287,L23,18,-2.1208897,425.07834,-4887.729
287,L23,19,-82.60581,343.3002,-4795.525
287,L23,20,-121.86218,276.06827,-4741.299
287,L23,21,-100.65444,223.44241,-4649.961
287,L23,22,-99.13173,158.56026,-4786.377
287,L23,23,-37.361153,157.43492,-4924.303
287,L23,24,-38.776417,215.61061,-4915.739
287,L23,25,20.294773,231.19208,-4889.654
287,L23,26,105.57365,328.0123,-4571.1836
287,L23,27,150.98383,404.83228,-4474.4067
287,L23,28,45.748104,388.39972,-4592.1973
287,L23,29,25.679688,423.9255,-4562.0547
287,L23,30,181.8579,474.54132,-4280.657
287,L23,31,159.87033,443.3714,-4222.746
287,L23,32,80.11535,426.55585,-4198.7183
287,L23,33,29.965635,392.20837,-4268.261
287,L23,34,54.667522,396.32245,-4308.9883
287,L23,35,124.6062,338.07733,-4167.7427
287,L23,36,143.89893,208.35017,-4033.23
287,L23,37,141.65526,218.15765,-4084.1555
287,L23,38,48.231857,432.24237,-3928.5786
287,L23,39,-162.66055,505.6289,-3954.498
287,L23,40,-142.19867,466.27515,-3882.1282
287,L23,41,136.85098,418.34134,-3931.8496
287,L23,42,155.75803,435.29355,-3746.323
287,L23,43,122.11841,470.27408,-3741.945
287,L23,44,112.08391,433.6193,-3678.9944
287,L23,45,255.21765,382.71368,-3767.441
288,L24,1,-178.09262,344.8639,-7487.4204
288,L24,2,-171.58736,364.78583,-7377.7056
288,L24,3,-111.051476,362.77438,-7257.472
288,L24,4,-46.884468,408.14932,-7206.643
288,L24,5,-66.007355,399.77164,-7099.336
288,L24,6,-180.7047,423.50247,-6974.0063
288,L24,7,-218.28877,491.00186,-6974.598
288,L24,8,-140.40952,513.53094,-6975.4
288,L24,9,-93.94221,494.9997,-6954.2275
288,L24,10,-151.03535,443.11414,-6876.789
288,L24,11,-328.92215,384.66025,-6781.7856
288,L24,12,-337.67865,363.75397,-6626.614
288,L24,13,-184.24265,416.87842,-6624.8228
288,L24,14,-120.4025,400.07138,-6526.4976
288,L24,15,-127.661385,383.92938,-6466.9805
288,L24,16,-151.91307,360.81808,-6484.7397
288,L24,17,-101.36051,377.57492,-6430.131
288,L24,18,-96.387886,392.71597,-6434.2983
288,L24,19,-145.53374,405.69177,-6378.1646
288,L24,20,-173.97762,393.6146,-6351.917
288,L24,21,-110.85254,352.44525,-6337.921
288,L24,22,-97.2117,331.83582,-6308.517
288,L24,23,-179.48459,365.38162,-6358.3657
288,L24,24,-204.28008,369.79916,-6239.4136
288,L24,25,-116.926636,416.52603,-6152.749
288,L24,26,-116.26334,313.10678,-6176.7783
288,L24,27,-58.07306,296.66016,-6189.4995
288,L24,28,-32.031315,397.62787,-6266.763
288,L24,29,-70.496925,413.5623,-6349.5537
288,L24,30,-84.48397,444.8166,-6292.2764
288,L24,31,-92.01836,284.69608,-6253.77
288,L24,32,15.183236,241.93466,-6222.714
288,L24,33,-19.999344,269.2692,-6099.637
288,L24,34,-109.00812,308.7418,-6072.1187
288,L24,35,-131.50702,303.5394,-6047.993
288,L24,36,-12.786276,314.495,-6069.3765
288,L24,37,9.595247,330.20566,-5992.3506
288,L24,38,-6.1656513,441.2233,-5935.6167
288,L24,39,-23.68142,434.58496,-5886.8447
288,L24,40,-2.4045227,418.79816,-5953.304
288,L24,41,-51.53844,395.03946,-5941.67
288,L24,42,-89.20505,366.33075,-5971.7007
288,L24,43,-17.60215,370.17178,-5922.168
288,L24,44,36.7774,359.30423,-5766.784
288,L24,45,-3.0727339,402.18066,-5820.46
289,M1,1,15910.975,348778.4,113861.84
289,M1,2,15913.85,349002.7,114200
289,M1,3,15973.1875,348538.25,114730.83
289,M1,4,16037.63,348096.12,114802.33
289,M1,5,16013.774,348028.9,115065.586
289,M1,6,15991.424,348176.88,115206.05
289,M1,7,16040.607,348564.44,115269.65
289,M1,8,16127.568,348586.66,115663.29
289,M1,9,16168.738,348616.1,115550.4
289,M1,10,16197.237,348958.22,115267.62
289,M1,11,16269.771,349061.3,115212.89
289,M1,12,16355.593,349234.12,115741.61
289,M1,13,16376.928,349552.1,116377.016
289,M1,14,16416.785,349949.22,116973.87
289,M1,15,16511.006,350891.53,118611.9
289,M1,16,16579.285,352614.1,121981.77
289,M1,17,16590.416,355326.6,128220.28
289,M1,18,16528.467,360876.8,140639.34
289,M1,19,16513.758,372186.47,162967
289,M1,20,16529.17,393838.25,203312.84
289,M1,21,16598.023,429834.38,266645.1
289,M1,22,16684.82,477021.4,349276.78
289,M1,23,16648.373,524870.4,438427.94
289,M1,24,16669.39,562226.94,529872.56
289,M1,25,16677.723,587967.8,614864.94
289,M1,26,16821.338,606334.2,690190
289,M1,27,16848.998,621769.25,751374
289,M1,28,16823.123,634854.7,800515
289,M1,29,16957.088,645789.75,841801.4
289,M1,30,17115.217,654119.1,876377.06
289,M1,31,17124.055,661016.94,902347.56
289,M1,32,17154.09,666509.2,924087.06
289,M1,33,17108.854,671794.25,941540
289,M1,34,17216.717,675282.3,954635.4
289,M1,35,17300.486,678238.75,965398.94
289,M1,36,17376.738,681485.06,975452.3
289,M1,37,17340.553,683361.7,981751
289,M1,38,17371.963,685175.4,988694.25
289,M1,39,17548.82,686234.94,994548.94
289,M1,40,17585.652,687973.4,997557.94
289,M1,41,17669.975,689183.56,1000549.7
289,M1,42,17737.684,690011.3,1002360.56
289,M1,43,17684.447,689959.25,1004821.06
289,M1,44,17820.42,692236.44,1008804.94
289,M1,45,17890.357,693641.44,1010346.44
290,M2,1,17986.17,338811.06,119607.46
290,M2,2,18013.29,338842.3,119858.65
290,M2,3,18005.805,339172.56,120064.484
290,M2,4,17991.285,339187.97,120324.27
290,M2,5,17988.91,339105.75,120506.39
290,M2,6,18036.494,339032,120592.266
290,M2,7,18050.207,338953.34,120374.83
290,M2,8,18067.15,338975.56,120306.05
290,M2,9,18074.418,339274.34,120552.086
290,M2,10,18168.61,339437.22,120605.09
290,M2,11,18188.768,339448.56,120885.89
290,M2,12,18316.127,339619.3,121169.06
290,M2,13,18421.568,339670.06,121151.06
290,M2,14,18542.832,340034.53,121338.77
290,M2,15,18539.166,340385.53,121651.81
290,M2,16,18520.984,340391.9,121598.195
290,M2,17,18634.262,340493.28,121553.36
290,M2,18,18733.941,340459.44,121511.4
290,M2,19,18896.994,340552.56,121519.18
290,M2,20,18962.12,340590.6,121811.34
290,M2,21,19289.457,340991.34,122203.42
290,M2,22,19770.969,341026.75,122470.89
290,M2,23,20676.738,341150.2,123310.7
290,M2,24,22537.412,341378.25,124756.336
290,M2,25,26181.371,341370.28,126688.81
290,M2,26,33004.477,341440.1,130829.62
290,M2,27,44356.6,341418.88,139194.28
290,M2,28,62263.098,341807,155327.19
290,M2,29,87979.54,342285.16,183169.8
290,M2,30,118221.9,342566.44,221001.02
290,M2,31,147600.3,342755.06,261420.4
290,M2,32,171681.97,342862.97,302366.4
290,M2,33,192185.2,342969.88,340405.25
290,M2,34,210384.8,343009.28,374434.66
290,M2,35,226405.08,343629.2,404399.9
290,M2,36,240703.16,343635.25,430786.16
290,M2,37,253465.61,343804.53,454057.56
290,M2,38,265112.12,344408.2,475557.66
290,M2,39,275579.3,344681.34,494326.28
290,M2,40,284336.03,345240.88,511110.06
290,M2,41,293124.28,344995.4,525938.7
290,M2,42,300571,344853.47,539004.1
290,M2,43,307890.16,345363.56,552048.3
290,M2,44,313533.16,345291.34,563398.25
290,M2,45,317677.3,345202.94,571773.44
291,M3,1,17770.459,347639.53,108604.49
291,M3,2,17817.312,347781.62,108802.664
291,M3,3,17847.822,348151.7,109031.11
291,M3,4,18000.451,348450.34,109437.69
291,M3,5,18123.248,349012.72,109829.54
291,M3,6,18157.793,349086.5,110076.84
291,M3,7,18229.467,349039.8,110093.516
291,M3,8,18251.846,349180.75,110401.445
291,M3,9,18199.688,349093.03,110670.72
291,M3,10,18230.887,349107.22,110935.78
291,M3,11,18394.69,349636.72,111033.984
291,M3,12,18450.145,349703,111084.96
291,M3,13,18461.885,349880.25,111216.89
291,M3,14,18494.5,350108.6,111417.86
291,M3,15,18567.316,350585.34,111793.29
291,M3,16,18524.557,350865.62,112051.766
291,M3,17,18575.627,351051.5,112925.5
291,M3,18,18700.084,351532.38,114317.73
291,M3,19,18706.748,352804.34,117021.31
291,M3,20,18701.152,355086.4,122123.62
291,M3,21,18815.977,359413.38,131727.39
291,M3,22,18954.879,368310.72,149933.9
291,M3,23,18997.59,385261.4,182320.48
291,M3,24,19033.791,414997.62,236311.23
291,M3,25,19147.312,457041.2,313157.25
291,M3,26,19241.904,505020.5,402983.62
291,M3,27,19449.768,547531.5,494993.2
291,M3,28,19729.666,577075.6,584237.06
291,M3,29,19903.031,599193.9,664863.44
291,M3,30,19882.943,615884.7,732210.44
291,M3,31,20065.324,629805.56,786995.7
291,M3,32,20366.957,640464.6,831791
291,M3,33,20484.9,648626,867632.7
291,M3,34,20425.016,656312.56,896791.25
291,M3,35,20621.664,663084.6,918834.2
291,M3,36,20877.451,667745.75,937596.94
291,M3,37,20908.516,671801.94,954060.4
291,M3,38,20861.969,675159.5,966234.1
291,M3,39,20854.55,677725,974681.56
291,M3,40,21020.16,680839.44,982880.7
291,M3,41,20952.156,683331.75,989509.75
291,M3,42,21005.436,685586.7,994566.94
291,M3,43,21243.059,687016.9,999433.3
291,M3,44,21202.283,688074.2,1003590.9
291,M3,45,21303.25,689896.5,1005918.44
292,M4,1,19792.887,352384.66,109415.86
292,M4,2,19929.182,352405.84,109576.19
292,M4,3,19972.47,352729.28,109966.086
292,M4,4,19948.44,353129.78,110241.51
292,M4,5,19937.744,353200.28,110402.664
292,M4,6,19911.54,353203.8,110522.66
292,M4,7,19960.582,353254.2,110765.08
292,M4,8,19963.768,353251.66,110935.77
292,M4,9,20080.393,353159.97,110980.9
292,M4,10,20071.92,353058.4,111072.016
292,M4,11,20049.74,353041.62,111308.93
292,M4,12,20177.56,353272.22,111403.52
292,M4,13,20165.904,353285.53,111641.23
292,M4,14,20210.152,353418.6,111644.54
292,M4,15,20276.512,353672.5,111912.85
292,M4,16,20321.824,353917.44,112156.42
292,M4,17,20363.967,353918.56,112263.086
292,M4,18,20605.576,354008.28,112138.38
292,M4,19,20668.258,354094.56,112085.96
292,M4,20,20854.527,354239.16,112522.21
292,M4,21,21105.746,354203.25,112656.625
292,M4,22,21536.436,354231.72,112786.664
292,M4,23,22481.473,354233.38,113128.08
292,M4,24,24309.635,354528.34,113366.83
292,M4,25,27731.62,354357.62,113461.484
292,M4,26,34275.125,354282.25,113916
292,M4,27,46026.99,354741.38,114714.02
292,M4,28,65990.23,355216.8,116520.25
292,M4,29,95994.445,355324.7,120717.4
292,M4,30,135715.4,355393.06,129746.29
292,M4,31,183590.7,355269.56,148451.03
292,M4,32,232321.16,355257.75,178537.14
292,M4,33,273133.12,355470.22,213839.89
292,M4,34,302249.75,355776.78,251010.86
292,M4,35,322618.6,356409.56,286195.56
292,M4,36,337525.75,356449.78,317498.06
292,M4,37,349014.66,356650.9,344901.12
292,M4,38,358584.28,356881.47,369637.5
292,M4,39,365808.44,356865.06,392581.75
292,M4,40,372010.6,356607.56,411525.62
292,M4,41,377223.78,356445.7,430336.78
292,M4,42,382447.53,356842.78,447571.8
292,M4,43,387376.6,357629.34,462978.6
292,M4,44,391478.28,357515.66,477836.53
292,M4,45,394251.4,357259.06,491023.1
293,M5,1,17052.504,334666,122426.805
293,M5,2,17095.508,335142.03,122713.83
293,M5,3,17158.477,335640.44,123168.586
293,M5,4,17209.979,335698.7,123592.27
293,M5,5,17271.484,335951.72,123838.33
293,M5,6,17262.566,336081.56,124123.43
293,M5,7,17352.318,336417.03,124204.516
293,M5,8,17504.895,336621.7,124403.25
293,M5,9,17559.209,336605.16,124552.055
293,M5,10,17531.818,336892.28,124568.21
293,M5,11,17534.455,337212.1,124556.08
293,M5,12,17606.17,337359.9,124945.45
293,M5,13,17722.898,337609.1,124994.29
293,M5,14,17786.516,337909.47,125286.305
293,M5,15,17760.547,338053.7,125356.52
293,M5,16,17886.705,338014.75,125270.35
293,M5,17,17977.84,337960.88,125576.836
293,M5,18,17964.785,337933,126055.836
293,M5,19,17970.086,338522.06,126190.75
293,M5,20,17943.936,338978.7,126878.97
293,M5,21,18085.482,339277.12,127904.85
293,M5,22,18079.57,340419.94,129541.24
293,M5,23,18192.33,342183.25,133252.33
293,M5,24,18231.324,345246.38,140455.67
293,M5,25,18371.283,350992.8,153721.97
293,M5,26,18450.494,363307.88,178065.67
293,M5,27,18504.057,386034.53,221165.62
293,M5,28,18464.4,421952.53,286680.88
293,M5,29,18623.23,465579.72,368235.03
293,M5,30,18791.953,508406.56,455283.9
293,M5,31,19024.05,540858.44,541773.8
293,M5,32,19240.363,563283.4,621219.8
293,M5,33,19415.203,581005.8,689447.75
293,M5,34,19450.195,595094,744147.9
293,M5,35,19668.082,606388.3,789843
293,M5,36,19692.68,614952.4,826721.7
293,M5,37,19620.73,622727.94,855719.9
293,M5,38,19768.484,627826.7,878743.2
293,M5,39,19836.893,633231.56,896775.94
293,M5,40,19807.01,636850.06,913215
293,M5,41,19888.121,640623.5,924959
293,M5,42,20015.371,643920.56,934480.7
293,M5,43,20075.148,646750.25,944463.6
293,M5,44,19988.357,648833.75,951532.75
293,M5,45,20117.828,650948.5,957198.75
294,M6,1,29253.178,418447.6,151187.64
294,M6,2,29438.11,419367.03,151732.22
294,M6,3,29647.475,420471.72,152560.48
294,M6,4,29560.412,421377.12,153016.06
294,M6,5,29525.758,421485.56,153358.94
294,M6,6,29736.945,421445.8,153625.08
294,M6,7,29867.596,421886.12,153832.19
294,M6,8,29915.025,421909.06,154255.6
294,M6,9,29937.645,422212.9,154601.17
294,M6,10,29963.455,422634.84,154909.06
294,M6,11,30193.785,423389.4,154974.64
294,M6,12,30253.209,423360.5,155327.1
294,M6,13,30460.422,422930.97,155709.36
294,M6,14,30456.309,422918.97,155775.62
294,M6,15,30575.164,423993.72,155885.81
294,M6,16,30643.578,424297.03,156080.42
294,M6,17,30747.848,424167.2,156185.31
294,M6,18,30809.354,424346.9,156608.75
294,M6,19,31049.234,424212.56,156642.66
294,M6,20,31097.518,424193.8,156747.95
294,M6,21,30997.375,424250.66,156820.14
294,M6,22,30967.309,424927.12,157244.19
294,M6,23,31024.719,424915.22,157419.1
294,M6,24,31146.42,425048.9,157419.97
294,M6,25,31257.895,425453.34,157470.28
294,M6,26,31380.535,425952.84,157822.48
294,M6,27,31545.94,425891.9,158000.19
294,M6,28,31582.387,426084.1,158311.19
294,M6,29,31591.428,426355.78,158859.92
294,M6,30,31680.555,427242.9,158887.89
294,M6,31,31915.238,427169.3,159294.55
294,M6,32,32032.875,427016.03,159721.45
294,M6,33,32152.332,427398,159993.44
294,M6,34,32186.523,427788.66,160295.31
294,M6,35,32166.053,428061.4,160377.45
294,M6,36,32103.633,428789.44,160715.73
294,M6,37,32223.082,428907.66,160699.39
294,M6,38,32434.807,428597.12,160889.7
294,M6,39,32411.643,428463.44,161224.69
294,M6,40,32433.9,428720.97,161403.45
294,M6,41,32434.977,429196.38,161387.02
294,M6,42,32451.848,429374.4,161653.62
294,M6,43,32517.016,429261.94,161903
294,M6,44,32510.857,428932.8,161898.69
294,M6,45,32624.037,428766.6,161984.02
295,M7,1,18808.72,349941.66,136147.39
295,M7,2,18818.957,350112.97,136300.58
295,M7,3,18941.254,350429.62,136345
295,M7,4,18987.48,350761.22,136441.83
295,M7,5,19036.63,350930,136561.28
295,M7,6,19017.773,350894.16,136546.25
295,M7,7,19038.213,350954.75,136669.77
295,M7,8,19069.875,350938.16,136917.5
295,M7,9,19069.344,351004.2,137065.52
295,M7,10,19083.21,351181.34,137304.58
295,M7,11,19296.88,351203.8,137325.8
295,M7,12,19381.3,351023.53,137349.78
295,M7,13,19395.729,350939.44,137298.75
295,M7,14,19378.826,351207.1,137292
295,M7,15,19551.947,351637.78,137680.44
295,M7,16,19691.795,351780.12,137821.9
295,M7,17,19660.29,352128.3,137886.9
295,M7,18,19693.049,352585.66,138472.61
295,M7,19,19633.865,352760.97,138533.66
295,M7,20,19609.379,352777.94,138675.12
295,M7,21,19823.76,352939.7,138887.78
295,M7,22,19815.541,352924.34,139184.84
295,M7,23,19865.133,353326.56,139490.94
295,M7,24,19920.799,353992.1,140221.66
295,M7,25,19884.418,354792.03,141715.89
295,M7,26,20038.248,355922.22,144344.25
295,M7,27,20194.432,358591.66,149415.73
295,M7,28,20104.402,363273.75,159343.12
295,M7,29,20029.137,372500.12,177945.33
295,M7,30,20219.94,390565.72,211305.88
295,M7,31,20460.295,421286.25,265230.3
295,M7,32,20638.523,460277.25,335716.72
295,M7,33,20806.371,501342.44,414246.97
295,M7,34,20887.912,533678.06,494815.16
295,M7,35,20961.645,556281.9,568213.2
295,M7,36,21017.943,573066.6,631752.94
295,M7,37,21029.781,585556.7,684822.94
295,M7,38,21124.227,596374.3,728784.44
295,M7,39,21288.441,604058.44,767438.94
295,M7,40,21371.469,610451.7,799554.7
295,M7,41,21540.725,615705.56,827796.4
295,M7,42,21478.799,622311.56,851325.25
295,M7,43,21530.25,627973.25,872113.56
295,M7,44,21560.102,632612.7,889333.3
295,M7,45,21819.803,636551.2,903271.94
296,M8,1,15.444216,579.32007,-9570.015
296,M8,2,50.23435,595.5353,-9478.733
296,M8,3,60.798122,591.03326,-9431.698
296,M8,4,11.511984,570.3301,-9244.352
296,M8,5,-17.675621,567.0122,-9026.218
296,M8,6,-95.519615,439.95908,-8792.011
296,M8,7,-143.71828,405.60886,-8646.446
296,M8,8,-123.23865,471.40912,-8579.296
296,M8,9,-118.48759,533.9276,-8439.069
296,M8,10,-186.8901,433.80197,-8428.966
296,M8,11,-327.53806,388.29126,-8476.342
296,M8,12,-302.2128,370.8539,-8543.81
296,M8,13,-75.74864,388.25275,-8442.524
296,M8,14,-92.63276,517.8066,-8353.286
296,M8,15,-112.882286,673.80707,-8298.945
296,M8,16,7.488642,645.70764,-8147.2095
296,M8,17,2.9227548,553.4349,-8101.036
296,M8,18,20.371101,509.85373,-8163.173
296,M8,19,9.740024,508.51337,-8055.5044
296,M8,20,-75.07372,445.363,-8028.73
296,M8,21,-110.72215,419.95157,-8070.459
296,M8,22,-37.038727,467.43182,-7958.518
296,M8,23,-45.36204,527.1851,-8129.073
296,M8,24,-53.985847,447.1133,-8239.333
296,M8,25,-107.1208,421.72574,-8109.756
296,M8,26,-152.51677,476.27017,-8080.809
296,M8,27,-143.13205,496.5799,-8101.9214
296,M8,28,-107.37119,535.63446,-7834.3066
296,M8,29,-35.225555,540.11743,-7859.257
296,M8,30,-23.40599,519.7993,-7894.3965
296,M8,31,61.779133,521.4361,-7765.198
296,M8,32,27.558662,665.52216,-7629.159
296,M8,33,-140.0844,747.1918,-7354.9307
296,M8,34,-182.06166,721.22906,-7212.343
296,M8,35,-62.5934,758.44794,-7091.111
296,M8,36,2.5076556,838.3045,-6870.213
296,M8,37,-32.877968,883.8799,-6829.5093
296,M8,38,-52.47342,870.23346,-6758.6196
296,M8,39,-81.34633,824.8367,-6785.0186
296,M8,40,-35.692005,804.8336,-6574.623
296,M8,41,36.15116,937.62244,-6624.24
296,M8,42,10.615137,921.25934,-6544.7275
296,M8,43,-104.62576,923.1305,-6502.57
296,M8,44,-181.9728,889.6585,-6470.757
296,M8,45,-224.69423,825.2739,-6589.9263
297,M9,1,21081.994,343481.72,126905.55
297,M9,2,21159.344,343927.4,127268.21
297,M9,3,21300.871,344441.6,127581.53
297,M9,4,21401.252,344886.56,127756.43
297,M9,5,21393.752,345201.6,127940.59
297,M9,6,21441.84,345245.75,128543.195
297,M9,7,21565.953,345226.97,128631.414
297,M9,8,21641.674,345355.53,128822.555
297,M9,9,21602.168,345714.12,129119.11
297,M9,10,21655.314,346206.38,129105.055
297,M9,11,21782.188,346424.2,129313.53
297,M9,12,21795.344,346553.25,129520.75
297,M9,13,21834.94,346494.53,129618.945
297,M9,14,22058.143,346674.44,129841.96
297,M9,15,22024.195,346665,130027.586
297,M9,16,21997.633,347036.78,130065.055
297,M9,17,22120.889,347295,130228.8
297,M9,18,22171.73,347155.34,130296.9
297,M9,19,22157.592,347068.94,130636.81
297,M9,20,22095.018,347628.94,130694.46
297,M9,21,22205.303,348233.06,130806.78
297,M9,22,22356.646,348451.84,131086.17
297,M9,23,22359.908,348488.8,131552.2
297,M9,24,22343.893,348946.44,132590.66
297,M9,25,22522.414,350165,134393.56
297,M9,26,22605.697,351655.84,137601.69
297,M9,27,22561.652,354168.94,143694.44
297,M9,28,22731.824,359288.12,155371.56
297,M9,29,22835.645,370013.56,177229.19
297,M9,30,22927.842,390051.6,215261.17
297,M9,31,23414.861,422970.72,275512.34
297,M9,32,23748.982,464880.8,351585.03
297,M9,33,24166.197,507139.28,433654.12
297,M9,34,24504.47,537209.4,517424.38
297,M9,35,24694.967,559802.3,592551.5
297,M9,36,25056.842,576517.3,655248.5
297,M9,37,25349.844,588908.8,707862.6
297,M9,38,25412.605,597845.2,751337.5
297,M9,39,25518.797,605054.06,787649.3
297,M9,40,25939.812,611970.94,818892.25
297,M9,41,26147.12,618462.44,843829.56
297,M9,42,26185.904,624100.7,866264.44
297,M9,43,26228.598,629547.1,884012.1
297,M9,44,26276.486,633451.6,900511.9
297,M9,45,26515.016,635867.56,912746.9
298,M10,1,-251.37158,-64.61568,-6987.994
298,M10,2,-239.10117,-81.717,-6945.7505
298,M10,3,-207.31827,-80.48358,-6884.949
298,M10,4,-227.32095,-129.30798,-6609.4844
298,M10,5,-271.67572,-175.6259,-6457.6655
298,M10,6,-316.44278,-195.31612,-6380.218
298,M10,7,-323.56384,-118.626114,-6275.2188
298,M10,8,-197.12024,-190.41045,-6191.6147
298,M10,9,-258.3987,-236.17694,-6115.8823
298,M10,10,-299.44257,-197.48633,-6046.2246
298,M10,11,-223.729,-198.37689,-6006.349
298,M10,12,-256.37457,-109.70743,-6006.925
298,M10,13,-284.26254,-128.83061,-6032.26
298,M10,14,-196.78087,-265.64987,-5989.5522
298,M10,15,-219.07759,-305.23062,-6038.2344
298,M10,16,-225.24167,-233.82744,-5961.9453
298,M10,17,-226.88147,-266.29623,-5844.9355
298,M10,18,-271.3969,-346.82233,-5898.183
298,M10,19,-266.12085,-357.59448,-5877.2163
298,M10,20,-203.13506,-259.016,-5795.318
298,M10,21,-213.14995,-260.96417,-5780.484
298,M10,22,-316.31738,-252.25557,-5837.516
298,M10,23,-358.60532,-283.52023,-5875.409
298,M10,24,-283.38177,-309.94412,-5667.2153
298,M10,25,-235.47583,-323.04156,-5652.0176
298,M10,26,-240.06055,-293.0075,-5681.8877
298,M10,27,-266.8825,-421.69836,-5740.7173
298,M10,28,-296.1337,-427.0164,-5650.802
298,M10,29,-241.39249,-291.94626,-5546.0107
298,M10,30,-250.66797,-265.5836,-5612.2603
298,M10,31,-272.353,-249.05132,-5549.166
298,M10,32,-353.5584,-61.241924,-5274.9795
298,M10,33,-352.9079,-40.310642,-5098.325
298,M10,34,-153.74698,-97.79691,-5053.91
298,M10,35,-150.12001,-138.76735,-5061.658
298,M10,36,-243.90463,-82.19156,-5020.011
298,M10,37,-520.5652,-40.101658,-4912.2017
298,M10,38,-529.5673,-32.657917,-4749.0312
298,M10,39,-275.46872,-67.434425,-4806.1406
298,M10,40,-190.58453,-9.08351,-4736.685
298,M10,41,-219.13602,63.37392,-4653.772
298,M10,42,-247.43683,11.600783,-4507.97
298,M10,43,-290.88412,-43.83627,-4488.235
298,M10,44,-296.49326,3.7251458,-4398.1343
298,M10,45,-335.66034,138.38129,-4359.7373
299,M11,1,15674.065,341684.22,129925.09
299,M11,2,15788.61,341920.38,130126.27
299,M11,3,15816.437,342739.12,130456.625
299,M11,4,15800.823,343003.12,130570.78
299,M11,5,15802.672,343077.66,130543.52
299,M11,6,15885.165,343176.22,130729.69
299,M11,7,15959.427,343165.9,131045.14
299,M11,8,16092.651,343428.7,131039.86
299,M11,9,16197.69,343559.53,131082.78
299,M11,10,16177.471,343753.3,131158.02
299,M11,11,16237.415,343718.3,131465.36
299,M11,12,16198.109,343891.84,131616.3
299,M11,13,16204.341,344101.3,131716.95
299,M11,14,16235.015,344041.2,131800.3
299,M11,15,16396.56,344201.94,132095.89
299,M11,16,16453.004,344605.9,132117.81
299,M11,17,16444.29,344861.8,132172.23
299,M11,18,16594.963,345077.56,132199.39
299,M11,19,16625.879,345099.47,132303.61
299,M11,20,16700.754,345348.06,132445.89
299,M11,21,16770.152,345274.5,132584.94
299,M11,22,16747.28,345341.97,132994.28
299,M11,23,16901.473,345509.28,133022.55
299,M11,24,16849.533,345510.2,133043.69
299,M11,25,16846.088,345918.78,133160.64
299,M11,26,17000.47,345966.1,133773.4
299,M11,27,17050.803,346527.66,134484.58
299,M11,28,17004.21,347630.97,135733.78
299,M11,29,16961.816,349058.03,137807.34
299,M11,30,17040.354,350896.2,142701.22
299,M11,31,17074.785,355541.4,151704.64
299,M11,32,17154.521,364808.97,168459.4
299,M11,33,17305.203,380326.53,197367.4
299,M11,34,17502.72,403047.3,238051.89
299,M11,35,17652.428,429332.12,286006.97
299,M11,36,17710.463,449773.47,337118.78
299,M11,37,17826.469,465124.2,387303.16
299,M11,38,18049.178,476512.34,435414.25
299,M11,39,18169.229,485537.1,479053.1
299,M11,40,18292.398,493246.16,519117.53
299,M11,41,18413.752,500307.6,556880.4
299,M11,42,18465.271,506255.88,592479.2
299,M11,43,18591.816,512236.22,625143.7
299,M11,44,18751.393,517426.97,655303.1
299,M11,45,18645.303,521818.06,680083.56
300,M12,1,-820.9907,310.27924,-8948.412
300,M12,2,-834.56433,361.8454,-8865.353
300,M12,3,-788.1249,352.2421,-8845.412
300,M12,4,-813.89526,245.23381,-8787.211
300,M12,5,-833.2915,216.2013,-8715.84
300,M12,6,-863.0953,327.22876,-8580.721
300,M12,7,-869.1697,266.7989,-8635.693
300,M12,8,-975.41785,213.53827,-8673.436
300,M12,9,-998.11145,240.29573,-8533.877
300,M12,10,-917.7707,222.18237,-8408.351
300,M12,11,-906.2639,199.64386,-8383.641
300,M12,12,-841.7707,243.44225,-8403.476
300,M12,13,-859.1538,272.17197,-8270.269
300,M12,14,-874.1142,232.72104,-8314.706
300,M12,15,-892.4994,211.47014,-8399.772
300,M12,16,-834.3481,167.17406,-8444.223
300,M12,17,-769.59546,56.952896,-8332.187
300,M12,18,-692.04144,23.23454,-8330.232
300,M12,19,-735.10767,64.1592,-8402.802
300,M12,20,-805.4285,52.05033,-8350.849
300,M12,21,-877.6345,45.842518,-8077.3906
300,M12,22,-905.61365,2.2566586,-8100.951
300,M12,23,-870.37805,-48.810764,-8162.6914
300,M12,24,-966.097,-45.86887,-8033.699
300,M12,25,-980.4112,41.03906,-7986.9697
300,M12,26,-863.2318,131.9841,-8011.6084
300,M12,27,-828.98724,72.268036,-7985.2886
300,M12,28,-687.87744,40.834908,-7969.828
300,M12,29,-702.7988,108.83346,-7886.9746
300,M12,30,-801.4312,192.70187,-7860.866
300,M12,31,-886.2885,104.13115,-7926.6523
300,M12,32,-1006.524,64.20936,-7844.0737
300,M12,33,-1002.0126,117.65886,-7690.214
300,M12,34,-832.4822,154.1622,-7725.805
300,M12,35,-814.7483,175.35623,-7632.3574
300,M12,36,-828.53143,181.25125,-7350.2817
300,M12,37,-836.16815,341.09143,-7319.67
300,M12,38,-781.69934,442.66208,-7367.128
300,M12,39,-893.52246,379.81363,-7123.5527
300,M12,40,-971.64624,253.35251,-7016.7407
300,M12,41,-1051.998,211.31976,-7068.8013
300,M12,42,-1032.2036,316.87045,-6975.6484
300,M12,43,-862.6713,393.15158,-6945.078
300,M12,44,-791.2596,361.8484,-6812.82
300,M12,45,-768.2238,375.57068,-6679.7485
301,M13,1,17269.352,358097.84,115375.63
301,M13,2,17333.285,358574.97,115586.71
301,M13,3,17382.873,359371.3,115867.4
301,M13,4,17445.217,359506.25,116064.305
301,M13,5,17544.85,359770.25,116311.01
301,M13,6,17551.27,359389.56,116522.55
301,M13,7,17525.473,359279.12,116852.07
301,M13,8,17593.307,359785.72,116910.35
301,M13,9,17575.127,360237.22,117157.7
301,M13,10,17667.162,360439.97,117200.19
301,M13,11,17916.588,360565.8,117258.05
301,M13,12,17957.59,361015.22,117319.055
301,M13,13,17982.473,360995.3,117422.27
301,M13,14,17990.373,361066.22,117482.92
301,M13,15,18129.203,361234.53,117312.22
301,M13,16,18045.564,361285.03,117253.54
301,M13,17,17988.004,361662.47,117685.05
301,M13,18,18179.068,361911.94,117967.75
301,M13,19,18344.973,362252.38,117937.75
301,M13,20,18298.518,362518,117897.63
301,M13,21,18309.584,362482.8,118268.17
301,M13,22,18354.932,362306,118300.484
301,M13,23,18440.62,362294.3,118599.516
301,M13,24,18573.26,362291.3,118880.94
301,M13,25,18372.635,363039.75,119036.33
301,M13,26,18338.932,363731.62,118995.58
301,M13,27,18728.793,363763.44,119563.54
301,M13,28,18754.082,364160.06,121065.8
301,M13,29,18789.314,364817.94,123447.43
301,M13,30,18761.668,366668.38,127777.71
301,M13,31,18736.707,370226.47,136276.97
301,M13,32,18925.533,376238.38,152115.75
301,M13,33,19075.127,387796.8,181037.06
301,M13,34,19203.479,405227.78,224230.61
301,M13,35,19483.223,429230.03,275423.06
301,M13,36,19715.951,449885.66,330090.1
301,M13,37,19826.363,465763.66,384667.6
301,M13,38,20051.01,477696.53,433972.94
301,M13,39,20253.182,487340.94,480150.25
301,M13,40,20320.908,495484.16,521717.9
301,M13,41,20514.713,503589.53,561212.75
301,M13,42,20588.602,510017.78,597652.8
301,M13,43,20815.643,515868.53,630939
301,M13,44,20885.832,521243.47,661970.4
301,M13,45,21001.164,524870.8,687659.7
302,M14,1,-660.92224,-325.65768,-13250.239
302,M14,2,-650.40393,-317.10474,-13090.1875
302,M14,3,-625.8311,-393.80203,-12946.837
302,M14,4,-574.97186,-381.50262,-12924.823
302,M14,5,-549.24005,-186.39326,-12933.958
302,M14,6,-568.0039,-264.43362,-12733.375
302,M14,7,-527.37213,-306.05704,-12540.221
302,M14,8,-459.31995,-244.17818,-12453.255
302,M14,9,-569.6106,-379.94217,-12415.759
302,M14,10,-594.94867,-417.26675,-12334.245
302,M14,11,-498.4555,-325.84064,-12388.739
302,M14,12,-555.68195,-348.89978,-12335.888
302,M14,13,-564.7282,-396.54056,-12139.074
302,M14,14,-471.74146,-424.42526,-12071.158
302,M14,15,-653.72437,-406.12064,-12068.121
302,M14,16,-672.0309,-352.66104,-11941.048
302,M14,17,-525.40576,-375.57892,-11997.146
302,M14,18,-479.58505,-391.51917,-11988.807
302,M14,19,-316.63226,-323.65585,-11951.502
302,M14,20,-313.09033,-344.77155,-11957.8545
302,M14,21,-440.54285,-380.3671,-11773.75
302,M14,22,-492.62003,-408.74207,-11536.588
302,M14,23,-454.78888,-393.8556,-11594.818
302,M14,24,-487.58688,-312.61874,-11684.314
302,M14,25,-527.58716,-207.43257,-11717.042
302,M14,26,-515.4854,-269.72348,-11728.587
302,M14,27,-490.04718,-452.51352,-11751.732
302,M14,28,-428.09592,-511.95154,-11484.693
302,M14,29,-404.25662,-531.4502,-11547.44
302,M14,30,-627.0544,-537.2372,-11674.324
302,M14,31,-642.65686,-521.70795,-11623.094
302,M14,32,-440.11316,-471.2526,-11502.989
302,M14,33,-424.71143,-427.58508,-11447.054
302,M14,34,-426.8595,-263.29742,-11514.772
302,M14,35,-452.03345,-334.57083,-11399.511
302,M14,36,-400.4065,-362.66513,-11329.241
302,M14,37,-339.81494,-255.47693,-11281.274
302,M14,38,-383.95993,-276.28668,-11209.218
302,M14,39,-449.1419,-330.2067,-11175.027
302,M14,40,-463.47565,-339.06583,-10994.999
302,M14,41,-337.65372,-228.11002,-11030.562
302,M14,42,-326.48618,-277.77332,-10990.062
302,M14,43,-332.0325,-373.6633,-10921.046
302,M14,44,-286.70834,-364.74902,-10856.333
302,M14,45,-222.9588,-142.6267,-10780.095
303,M15,1,18401.385,346652.5,128488.81
303,M15,2,18443.697,347010.28,128583.8
303,M15,3,18561.059,347252.78,128691.86
303,M15,4,18578.807,347289.9,128799.25
303,M15,5,18596.746,347391.2,129053.2
303,M15,6,18710.312,347379.22,129092.34
303,M15,7,18838.225,347573.97,129115.52
303,M15,8,18768.992,347684.44,129467.11
303,M15,9,18723.262,347734.7,129508.2
303,M15,10,18803.11,348289.75,129463.74
303,M15,11,18801.441,348602.53,129743.83
303,M15,12,18917.38,348529.47,130188.29
303,M15,13,19046.146,348597.7,130176.87
303,M15,14,19158.412,349069.03,130212.266
303,M15,15,19162.969,349220.6,130506.63
303,M15,16,19124.445,349474.7,130577.85
303,M15,17,19242.717,349629.53,130722.33
303,M15,18,19304.43,349644.25,131104.11
303,M15,19,19441.37,349826.88,131301.06
303,M15,20,19462.484,349896.78,131392.92
303,M15,21,19466.137,350030.62,131547.83
303,M15,22,19496.828,350369.22,131523.64
303,M15,23,19596.57,350355.6,131808.4
303,M15,24,19626.646,350637.16,131934.66
303,M15,25,19758.105,350886.03,131981.98
303,M15,26,19935.635,350755.66,131921.67
303,M15,27,19913.58,350783.78,132168.28
303,M15,28,19824.729,351235.6,132232.6
303,M15,29,19813.846,351577.4,132640.45
303,M15,30,19862.457,351449.38,133026.38
303,M15,31,20007.248,351528.2,133619.9
303,M15,32,19995.396,352303.28,133870
303,M15,33,20007.56,353348.88,135173.44
303,M15,34,20009.928,354848.4,137158.92
303,M15,35,20109.16,357068.38,140578.14
303,M15,36,20115.111,359934.38,145251.86
303,M15,37,20084.625,362743.6,150421.89
303,M15,38,20325.424,365050.9,156296.06
303,M15,39,20425.023,367342.94,162002.19
303,M15,40,20438.514,368909.8,167527.97
303,M15,41,20567.768,370267.34,172676.02
303,M15,42,20620.725,371672.6,178035.75
303,M15,43,20663.756,372703.22,183315.58
303,M15,44,20577.314,374149.28,188261.3
303,M15,45,20434.953,375170.7,192747.23
304,M16,1,-946.34216,-112.28671,-3366.7192
304,M16,2,-950.90137,-107.491646,-3237.7312
304,M16,3,-1009.1916,-48.45946,-3060.161
304,M16,4,-960.3706,-17.81865,-3004.5435
304,M16,5,-698.35284,120.38937,-3125.4958
304,M16,6,-646.6125,156.8857,-3190.271
304,M16,7,-659.21295,219.50351,-3127.2124
304,M16,8,-694.5927,298.27222,-3031.9763
304,M16,9,-640.86633,335.00217,-2939.535
304,M16,10,-550.87195,316.99442,-2990.0923
304,M16,11,-535.86053,309.40448,-3032.3726
304,M16,12,-510.24252,311.98584,-2927.386
304,M16,13,-551.9926,283.83438,-2934.1848
304,M16,14,-602.3254,255.38539,-2952.8733
304,M16,15,-688.6285,289.69464,-2763.7068
304,M16,16,-738.1305,244.81627,-2691.3794
304,M16,17,-702.2706,186.55655,-2712.529
304,M16,18,-670.2412,193.77818,-2799.8013
304,M16,19,-598.6266,274.15356,-2839.3042
304,M16,20,-649.82166,286.14166,-2749.232
304,M16,21,-669.80536,211.20229,-2682.6538
304,M16,22,-553.9336,85.58946,-2499.0662
304,M16,23,-691.5848,46.86541,-2507.951
304,M16,24,-760.53296,108.267944,-2536.5222
304,M16,25,-722.7046,94.60064,-2545.6768
304,M16,26,-736.76465,127.0463,-2544.7898
304,M16,27,-678.1194,209.7094,-2532.1033
304,M16,28,-629.3184,190.0404,-2502.3154
304,M16,29,-643.97125,138.92659,-2425.1633
304,M16,30,-717.15,138.07472,-2440.457
304,M16,31,-755.3978,187.48372,-2542.689
304,M16,32,-701.9554,213.58084,-2617.6475
304,M16,33,-719.8401,326.03094,-2577.7603
304,M16,34,-684.56024,305.6892,-2353.7202
304,M16,35,-652.16974,246.0434,-2164.9136
304,M16,36,-724.3429,243.91385,-2205.66
304,M16,37,-754.91046,263.30124,-2215.2031
304,M16,38,-662.7245,233.86185,-2184.3452
304,M16,39,-671.7348,257.8973,-1984.2253
304,M16,40,-622.0009,258.1752,-2031.0161
304,M16,41,-544.08655,382.39053,-2084.4631
304,M16,42,-555.5868,369.0965,-2137.078
304,M16,43,-745.3875,373.8234,-1978.6028
304,M16,44,-788.64886,321.53793,-1964.5436
304,M16,45,-633.9813,257.06506,-2013.0244
305,M17,1,18517.834,340625.94,120289.51
305,M17,2,18537.816,340822.84,120362.8
305,M17,3,18556.582,340962,120740.58
305,M17,4,18605.691,341319.88,120899.89
305,M17,5,18613.895,341261.03,121194.18
305,M17,6,18682.395,341197.7,121577.6
305,M17,7,18680.543,341356.38,121605.47
305,M17,8,18763.105,341465.66,121756.63
305,M17,9,18932.922,341880.44,121854.48
305,M17,10,18971.965,341907.62,121842.87
305,M17,11,19094.95,342071.44,122127.49
305,M17,12,19165.97,342549.7,122275.68
305,M17,13,19047.922,342680.62,122370.01
305,M17,14,19010.066,342608.97,122485.99
305,M17,15,19187.014,342810.34,122598.7
305,M17,16,19181.713,343141.47,122830.875
305,M17,17,19124.61,343432.88,122786.39
305,M17,18,19201.775,344040.2,122917.98
305,M17,19,19288.576,344244.47,123150.03
305,M17,20,19287.229,344128.1,123147.61
305,M17,21,19391.967,344191.16,123318.28
305,M17,22,19413.28,344677.8,123364.05
305,M17,23,19385.953,344940.28,123574.35
305,M17,24,19535.535,344820.53,123650.086
305,M17,25,19516.49,344881.53,124102.19
305,M17,26,19616.16,345162.22,124259.414
305,M17,27,19805.916,345313.6,124447.74
305,M17,28,19803.307,345598.38,124747.29
305,M17,29,19856.738,345542.2,124995.96
305,M17,30,19886.783,345813.56,125277.37
305,M17,31,19994.234,346414.4,126138.61
305,M17,32,20008.979,347175.62,127345.836
305,M17,33,20066.96,348301.03,130390.16
305,M17,34,20184.959,350551.16,136491.5
305,M17,35,20258.182,354187.12,145921.28
305,M17,36,20260.252,359783.56,159066.1
305,M17,37,20317.434,365992.3,175496.66
305,M17,38,20491.402,371707.75,193171
305,M17,39,20458.203,376614.9,210637.81
305,M17,40,20427.746,380778.88,227838.05
305,M17,41,20680.477,384697.38,244533.03
305,M17,42,20734.508,388556.75,260945.4
305,M17,43,20754.44,392356.06,278037.9
305,M17,44,20849.908,396764.03,294953.53
305,M17,45,20930.76,398733.56,309202.53
306,M18,1,-304.48743,-67.70877,-6781.818
306,M18,2,-309.99658,-64.410286,-6705.193
306,M18,3,-303.72693,80.37921,-6460.7314
306,M18,4,-288.14575,214.09135,-6348.8096
306,M18,5,-342.02487,143.96025,-6298.345
306,M18,6,-444.1887,-75.57011,-6278.6797
306,M18,7,-445.6345,-92.929054,-6203.76
306,M18,8,-315.2467,90.99162,-6009.988
306,M18,9,-259.36978,243.8368,-6081.4917
306,M18,10,-279.69257,188.08974,-6136.2114
306,M18,11,-252.18268,144.12596,-5970.425
306,M18,12,-243.98415,179.7972,-5863.9565
306,M18,13,-303.46854,85.959305,-5784.498
306,M18,14,-412.33954,24.514935,-5800.4434
306,M18,15,-449.95337,-1.6272734,-5762.3105
306,M18,16,-448.9431,-18.834528,-5784.4233
306,M18,17,-446.51486,18.616447,-5823.623
306,M18,18,-397.49887,0.45281816,-5817.727
306,M18,19,-419.22665,-63.31798,-5727.7134
306,M18,20,-475.59323,-92.575325,-5755.9243
306,M18,21,-452.13,-71.81769,-5660.79
306,M18,22,-312.68552,56.271652,-5650.7314
306,M18,23,-343.1635,214.09676,-5570.69
306,M18,24,-356.46155,139.22818,-5530.4595
306,M18,25,-252.10817,-78.87306,-5617.8115
306,M18,26,-233.7304,-128.18951,-5651.6855
306,M18,27,-196.02698,-117.40111,-5395.0815
306,M18,28,-229.6969,-105.15513,-5393.7495
306,M18,29,-283.69223,-24.17156,-5330.0767
306,M18,30,-398.57748,102.097694,-5387.028
306,M18,31,-372.00558,303.61365,-5352.8433
306,M18,32,-131.1635,260.4283,-5325.933
306,M18,33,-234.84264,204.32187,-5239.756
306,M18,34,-302.42172,226.42613,-4940.282
306,M18,35,-249.1964,171.90692,-4785.6865
306,M18,36,-115.73023,127.1223,-4699.516
306,M18,37,-40.664024,149.08324,-4462.728
306,M18,38,-84.71803,141.9172,-4429.1665
306,M18,39,-138.44502,274.23245,-4369.0557
306,M18,40,-134.71712,480.7188,-4277.3916
306,M18,41,-176.97931,509.01016,-4260.332
306,M18,42,-175.19289,485.99603,-4116.5767
306,M18,43,-92.11472,473.5845,-4165.9697
306,M18,44,-98.40618,516.633,-4211.515
306,M18,45,-135.32251,466.43936,-4041.2993
307,M19,1,17336.85,345913.97,126901.734
307,M19,2,17445.957,346509.16,127429.305
307,M19,3,17623.549,347141.97,128526.71
307,M19,4,17757.137,346908.34,129243.63
307,M19,5,17734.945,346376.97,129687.99
307,M19,6,17638.275,343671.2,129244.44
307,M19,7,17449.469,336805.03,127138.56
307,M19,8,17388.152,335533.4,126836.25
307,M19,9,17437.637,337082.34,128011.875
307,M19,10,17430.895,337842.53,128786.695
307,M19,11,17529.639,338547.78,129377.51
307,M19,12,17722.51,339311.03,129725.23
307,M19,13,17825.738,339708.94,129996.3
307,M19,14,17906.81,340318.44,130204.86
307,M19,15,17899.95,340856.1,130174.82
307,M19,16,17926.668,341392.84,130516.77
307,M19,17,17975.254,341567.62,130735.9
307,M19,18,18024.938,341906.03,130794.11
307,M19,19,18110.164,341914.7,131052.875
307,M19,20,18199.889,342379.1,131397.39
307,M19,21,18298.59,342614.62,131624.44
307,M19,22,18306.795,342959.78,131824.78
307,M19,23,18437.416,343245.44,132134.16
307,M19,24,18531.832,343737.53,132939.08
307,M19,25,18519.69,344148.22,133621.8
307,M19,26,18588.074,344915.6,135059.31
307,M19,27,18558.416,346613.28,138493.66
307,M19,28,18490.693,349273.06,144814.3
307,M19,29,18622.525,354610.94,156077.48
307,M19,30,18745.666,365647.62,177210.83
307,M19,31,18889.875,385844.88,215305.34
307,M19,32,19139.46,417717.88,273554.7
307,M19,33,19323.648,457270.7,344628.75
307,M19,34,19483.62,495850.75,421754.28
307,M19,35,19769.701,524447.7,497223.47
307,M19,36,20171.854,545023.06,566008.9
307,M19,37,20341.7,560310.3,624460
307,M19,38,20504.291,571418.44,673316.25
307,M19,39,20550.094,580874,715531.3
307,M19,40,20797.29,588717.06,751051.7
307,M19,41,20917.607,596038.56,780248.75
307,M19,42,20852.014,601346.75,806439
307,M19,43,21058.186,606435.3,829328.44
307,M19,44,21053.648,612527.25,849076.94
307,M19,45,21281.475,617282.75,864348.06
308,M20,1,17701.191,341230.47,137646.48
308,M20,2,17742.012,341743.94,137993.4
308,M20,3,17846.732,342772.9,138419.34
308,M20,4,17859.812,343283.78,138999.5
308,M20,5,17974.55,343522.56,139205.94
308,M20,6,18098.305,343785.84,139504.06
308,M20,7,18150.855,344122.25,139868.58
308,M20,8,18098.076,344573.44,140134.48
308,M20,9,18077.062,344637.25,140420.56
308,M20,10,18171.47,345045.2,140332.02
308,M20,11,18236.633,345137.34,140275.28
308,M20,12,18233.34,345704.22,140745.44
308,M20,13,18382.22,345877,140931.73
308,M20,14,18373.092,345842.22,140918.11
308,M20,15,18389.56,345909.62,141173.05
308,M20,16,18496.371,346300.16,141430.11
308,M20,17,18623.562,346883.12,141640.7
308,M20,18,18697.701,346904.06,141983.4
308,M20,19,18749.879,347218.44,142016.33
308,M20,20,18787.951,347351.84,142047.81
308,M20,21,18873.86,347489.66,142360.22
308,M20,22,18914.34,347454.75,142676.47
308,M20,23,18971.373,348041.06,143030.25
308,M20,24,18933.084,348527.12,143509.88
308,M20,25,19076.309,348793.9,144501.8
308,M20,26,19189.285,349546.44,145922.94
308,M20,27,19180.27,350765.3,148544.05
308,M20,28,19192.033,353336.8,153599.92
308,M20,29,19218.969,357941.97,163376.38
308,M20,30,19398.348,367324.8,182383.1
308,M20,31,19337.324,384049.66,214608.45
308,M20,32,19314.28,407881.88,262494.88
308,M20,33,19462.623,437461.12,321057.12
308,M20,34,19735.469,462256.75,385827.2
308,M20,35,19796.18,480973.06,451976.94
308,M20,36,19834.549,495372.97,514370
308,M20,37,20032.588,507578.5,572963.75
308,M20,38,20127.213,517554.47,623332.1
308,M20,39,20291.033,526238.25,668938.7
308,M20,40,20407.43,534358.4,709472
308,M20,41,20354.771,540698.75,745645.56
308,M20,42,20457.254,546653.25,778540.25
308,M20,43,20571.176,552273,806972.8
308,M20,44,20608.44,558533.75,832303.5
308,M20,45,20601.818,563306.3,853471.1
309,M21,1,19763.846,346181.8,145725
309,M21,2,19781.398,346486.34,145964.1
309,M21,3,19945.074,347033.2,146426.23
309,M21,4,20116.271,347743.3,146770.14
309,M21,5,20135.188,348199.84,146995.58
309,M21,6,20094.957,347729.8,147251.8
309,M21,7,20063.232,347647.06,147852.62
309,M21,8,20040.525,348262.4,147962.25
309,M21,9,20042.488,348338.94,148257.97
309,M21,10,20226.484,348504.97,148226.88
309,M21,11,20291.465,348867.84,148355.36
309,M21,12,20226.002,348991.5,148665.56
309,M21,13,20226.17,349045.72,148683.12
309,M21,14,20474.873,349187.22,148965.28
309,M21,15,20518.133,349553.72,149066.14
309,M21,16,20671.197,350232.66,149142.45
309,M21,17,20683.807,350622.12,149562.38
309,M21,18,20794.504,351002.97,149722.84
309,M21,19,20868.943,351166.8,150077.9
309,M21,20,20712.77,351370.62,150549.22
309,M21,21,20680.473,351990.72,151259.47
309,M21,22,20980.3,352813.03,152249.23
309,M21,23,20984.398,354064.8,153866.33
309,M21,24,20990.326,355630.22,157242
309,M21,25,20952.078,358607.2,163678.05
309,M21,26,21106.78,365380.7,175938.89
309,M21,27,21192.848,378492.84,199139.33
309,M21,28,21189.64,402142.88,239953.4
309,M21,29,21427.41,437604.62,301357.4
309,M21,30,21721.775,480685.75,374081.56
309,M21,31,21935.328,520474.6,444585.78
309,M21,32,22064.805,549693.06,512059.7
309,M21,33,22169.115,571153,572308.94
309,M21,34,22289.107,587636.75,623612.75
309,M21,35,22397.775,601110.56,666402.94
309,M21,36,22532.93,611168.3,704065.9
309,M21,37,22560.092,620631.4,734282.4
309,M21,38,22645.338,627724.1,760106.8
309,M21,39,22870.074,633972.8,782262.8
309,M21,40,23008.984,639771.94,800342.75
309,M21,41,23181.781,644241.6,817484.56
309,M21,42,23202.582,648727.7,832712.8
309,M21,43,23258.531,651953.56,845409.4
309,M21,44,23326.553,655027.94,856799.25
309,M21,45,23190.135,658856.25,865199.94
310,M22,1,-332.58038,510.7592,-12819.204
310,M22,2,-396.0261,602.0887,-12796.701
310,M22,3,-428.80014,681.49335,-12798.477
310,M22,4,-427.4474,656.49646,-12789.372
310,M22,5,-402.29468,614.71185,-12738.966
310,M22,6,-300.37766,306.76044,-12458.228
310,M22,7,-303.3602,265.5747,-12301.83
310,M22,8,-319.3896,438.5529,-12315.429
310,M22,9,-338.73312,506.9017,-12265.137
310,M22,10,-308.29303,459.38907,-12275.507
310,M22,11,-237.3525,406.66116,-12153.965
310,M22,12,-203.01476,417.4028,-12057.9
310,M22,13,-226.49416,560.68994,-11957.226
310,M22,14,-207.23073,545.05,-11964.953
310,M22,15,-184.07848,475.37183,-11931.11
310,M22,16,-155.1723,382.42453,-11930.508
310,M22,17,-142.08337,357.74582,-12084.783
310,M22,18,-300.54547,429.85593,-12130.455
310,M22,19,-345.06268,412.33987,-11889.167
310,M22,20,-279.49405,388.5471,-11760.702
310,M22,21,-269.3954,369.51486,-11854.157
310,M22,22,-293.17844,338.13834,-11943.851
310,M22,23,-291.85382,321.94467,-11927.837
310,M22,24,-171.16939,362.743,-11943.283
310,M22,25,-149.92018,398.27744,-11761.128
310,M22,26,-161.2702,593.12537,-11664.849
310,M22,27,-207.27077,622.56445,-11527.746
310,M22,28,-251.31146,595.9357,-11410.422
310,M22,29,-272.0455,585.03754,-11316.957
310,M22,30,-220.43909,704.3232,-11354.153
310,M22,31,-211.3279,625.8616,-11245.558
310,M22,32,-115.58324,583.86664,-11181.494
310,M22,33,-126.348335,686.7907,-11113.018
310,M22,34,-127.94739,660.92426,-10985.214
310,M22,35,-120.71095,633.861,-10846.438
310,M22,36,-127.62579,627.97156,-10724.831
310,M22,37,-182.66924,675.5718,-10789.357
310,M22,38,-188.8018,730.6061,-10715.98
310,M22,39,-14.839219,850.4049,-10582.457
310,M22,40,60.827507,811.79846,-10513.046
310,M22,41,9.67893,774.0801,-10300.575
310,M22,42,-33.302937,785.31744,-10397.497
310,M22,43,-53.852165,737.6512,-10502.433
310,M22,44,-78.81909,703.13916,-10398.052
310,M22,45,-15.780079,819.4445,-10406.737
311,M23,1,20784.69,332185.03,115310.086
311,M23,2,20798.861,332522.84,115459.945
311,M23,3,20956.43,333329.8,115730.91
311,M23,4,20964.516,333791.6,115777.75
311,M23,5,20978.887,333886.97,115975.336
311,M23,6,21176.246,333949.47,115962.75
311,M23,7,21198.637,334133.97,116062.67
311,M23,8,21260.842,334164.75,116433.984
311,M23,9,21234.014,334096.4,116526.03
311,M23,10,21276.887,334325.9,116526.38
311,M23,11,21393.73,334581.5,116842.234
311,M23,12,21444.818,334913.25,116827.14
311,M23,13,21373.762,335193.5,116795.66
311,M23,14,21313.611,335213.7,116732.02
311,M23,15,21423.252,335661.22,116827.73
311,M23,16,21644.715,335891.47,117039.02
311,M23,17,21632.07,335773.3,117486.47
311,M23,18,21544.834,335706.84,117558.164
311,M23,19,21525.014,336168.66,117735.06
311,M23,20,21747.713,336521.9,117874.6
311,M23,21,21738.91,336942.8,117942.664
311,M23,22,21736.078,337402.2,118103.11
311,M23,23,21644.71,337739.16,118154.97
311,M23,24,21607.748,337755.97,118451.99
311,M23,25,21818.684,337724.9,118365.89
311,M23,26,21924.76,338039.06,118371.99
311,M23,27,22168.53,338407.72,118889.484
311,M23,28,22128.371,338855.9,119101.62
311,M23,29,22091.027,338850.34,119137.125
311,M23,30,22164.395,339297.97,119211.16
311,M23,31,22102.23,339910.62,120132.97
311,M23,32,22117.383,341025.38,121787.38
311,M23,33,22183.479,342913.97,124871.46
311,M23,34,22375.363,346426.22,130672.164
311,M23,35,22590.82,351283,141890.62
311,M23,36,22643.973,359598,156506.56
311,M23,37,22594.998,368552.78,174050.77
311,M23,38,22787.012,376118.47,192110.53
311,M23,39,22833.525,381654.22,210195.4
311,M23,40,22731.486,386133.34,226489.72
311,M23,41,22630.168,388962.28,242686.81
311,M23,42,22768.959,391613.66,258252.67
311,M23,43,22942.848,394320.12,272984
311,M23,44,22956.916,396902.88,287877.38
311,M23,45,23095.953,399038.1,300643.1
312,M24,1,-248.06874,50.569126,-12930.556
312,M24,2,-253.00864,44.102734,-12668.726
312,M24,3,-172.03087,83.51909,-12336.338
312,M24,4,-235.45227,58.683846,-12189.649
312,M24,5,-273.9254,79.4082,-12076.565
312,M24,6,-262.96005,56.67641,-11917.992
312,M24,7,-366.96826,-122.26003,-11767.896
312,M24,8,-349.3484,-196.38632,-11623.595
312,M24,9,-125.696,-239.97227,-11568.482
312,M24,10,-45.937767,-173.1245,-11475.226
312,M24,11,-87.65039,101.78466,-11483.724
312,M24,12,-112.81192,-3.0357442,-11406.895
312,M24,13,-120.89474,-86.18728,-11317.521
312,M24,14,-159.02403,-123.315735,-11367.284
312,M24,15,-206.39545,-167.1962,-11213.696
312,M24,16,-211.40208,-226.22464,-11070.55
312,M24,17,-157.73357,-236.82155,-10933.924
312,M24,18,-151.8819,-199.8987,-10943.749
312,M24,19,-208.71507,-171.88326,-10829.334
312,M24,20,-243.90166,-137.7041,-10925.541
312,M24,21,-209.48268,-98.35434,-11020.896
312,M24,22,-186.67168,-18.928656,-11147.703
312,M24,23,-206.42838,51.070408,-11073.391
312,M24,24,-367.84485,38.087685,-10703.787
312,M24,25,-371.8337,-55.257614,-10554.461
312,M24,26,-219.22537,-40.649796,-10572.787
312,M24,27,-194.53972,194.00189,-10483.174
312,M24,28,-158.43745,136.19435,-10591.54
312,M24,29,-161.81189,70.91563,-10619.3
312,M24,30,-89.36491,93.75531,-10511.44
312,M24,31,-117.17013,91.820274,-10477.907
312,M24,32,-148.38506,87.14652,-10510.76
312,M24,33,-160.90758,77.16271,-10402.45
312,M24,34,-223.46791,188.33972,-10479.69
312,M24,35,-237.44347,174.97821,-10438.641
312,M24,36,-129.06364,138.44696,-10135.75
312,M24,37,-130.66129,77.58976,-9781.153
312,M24,38,-114.66194,44.897945,-9880.947
312,M24,39,-149.43262,102.374,-10009.635
312,M24,40,-179.53778,83.51555,-9952.115
312,M24,41,-246.93771,-124.530624,-9963.654
312,M24,42,-248.17328,-117.83238,-10070.253
312,M24,43,-96.310814,179.46158,-9880.072
312,M24,44,-99.943504,223.94348,-9655.771
312,M24,45,-108.73013,267.9489,-9763.8
313,N1,1,-125.088905,4930.0444,-8607.142
313,N1,2,-70.733444,4930.692,-8290.204
313,N1,3,-67.56879,5053.0444,-8136.328
313,N1,4,-111.98622,5083.907,-8084.584
313,N1,5,-151.9291,5053.3193,-8085.117
313,N1,6,-182.65393,5008.9756,-8135.4995
313,N1,7,-165.94762,5011.0254,-8062.8247
313,N1,8,-86.52283,5143.9253,-8061.0327
313,N1,9,-104.99477,5074.417,-7840.609
313,N1,10,-241.3874,5005.822,-7743.379
313,N1,11,-236.29788,4961.7153,-7780.899
313,N1,12,-80.25233,4959.7256,-7678.114
313,N1,13,-71.984634,5069.366,-7680.3184
313,N1,14,-61.91096,5101.979,-7722.4116
313,N1,15,-45.643627,4886.196,-7787.256
313,N1,16,-26.790674,4847.7593,-7760.365
313,N1,17,-56.855125,4927.4673,-7816.0605
313,N1,18,-60.606586,4975.151,-7725.25
313,N1,19,-63.75901,5172.479,-7581.077
313,N1,20,-77.56916,5193.421,-7543.0127
313,N1,21,-196.71355,5159.3604,-7434.4814
313,N1,22,-209.21242,5165.3413,-7352.463
313,N1,23,-67.539474,5292.7666,-7259.613
313,N1,24,13.352201,5261.9595,-7272.452
313,N1,25,-11.308379,5190.822,-7139.261
313,N1,26,-34.73473,5144.871,-7010.571
313,N1,27,49.758976,5104.6387,-6866.6636
313,N1,28,84.00566,5068.9746,-6791.913
313,N1,29,83.39293,5090.457,-6662.7334
313,N1,30,50.15418,5097.488,-6701.7603
313,N1,31,26.199259,5224.185,-6735.5166
313,N1,32,4.5294533,5196.7266,-6374.3984
313,N1,33,83.611176,5167.071,-6389.8506
313,N1,34,95.758736,5263.198,-6511.443
313,N1,35,74.76073,5273.5073,-6405.264
313,N1,36,167.83568,5407.834,-6368.434
313,N1,37,190.80818,5461.2734,-6399.491
313,N1,38,176.30142,5311.479,-6250.8965
313,N1,39,116.53186,4977.5776,-6238.6167
313,N1,40,64.92447,4928.1826,-6054.1753
313,N1,41,48.62343,5100.003,-5989.77
313,N1,42,170.59608,5094.1885,-6177.026
313,N1,43,159.22118,5068.3574,-6307.0537
313,N1,44,110.922516,5177.0015,-6174.3145
313,N1,45,55.064262,5296.511,-6268.727
314,N2,1,18.526728,1257.6625,-9636.015
314,N2,2,0.25847146,1238.6937,-9486.285
314,N2,3,-1.3790677,1283.2611,-9271.039
314,N2,4,77.38021,1213.3917,-8987.798
314,N2,5,92.12356,1141.9783,-8535.862
314,N2,6,103.47624,1129.8748,-8462.757
314,N2,7,67.14472,1206.035,-8234.605
314,N2,8,53.273827,1172.4052,-8163.55
314,N2,9,127.75524,1096.3569,-8162.1973
314,N2,10,132.09084,971.5023,-8070.1074
314,N2,11,38.566772,928.3793,-8119.3022
314,N2,12,6.8084874,947.85004,-8143.0176
314,N2,13,34.22823,937.57715,-8159.6206
314,N2,14,41.677116,953.67926,-8021.5513
314,N2,15,120.063416,953.761,-7972.0757
314,N2,16,144.39429,1015.0347,-7872.685
314,N2,17,149.29018,1012.40967,-7946.825
314,N2,18,133.38339,1015.8166,-8132.349
314,N2,19,158.72853,877.1761,-8218.598
314,N2,20,218.4293,865.67566,-7981.44
314,N2,21,168.62129,974.4603,-7782.3804
314,N2,22,125.03672,994.3379,-7807.689
314,N2,23,130.60106,1043.5219,-7656.785
314,N2,24,94.68775,1076.9076,-7603.3057
314,N2,25,36.406776,1081.6498,-7578.304
314,N2,26,-35.628273,1209.2747,-7599.9775
314,N2,27,-23.441628,1214.3851,-7531.0913
314,N2,28,124.23946,1185.5583,-7383.2
314,N2,29,262.36523,1287.2944,-7085.9663
314,N2,30,305.36368,1394.7687,-7003.038
314,N2,31,289.88525,1416.0675,-7092.884
314,N2,32,262.87552,1358.9541,-6949.0815
314,N2,33,341.34134,1335.0216,-6782.966
314,N2,34,384.70288,1304.6368,-6766.188
314,N2,35,386.14615,1298.2373,-6870.3438
314,N2,36,422.4256,1377.1382,-6762.0977
314,N2,37,444.65884,1333.1537,-6748.387
314,N2,38,438.9837,1205.832,-6879.5225
314,N2,39,419.50412,1176.2427,-6929.4326
314,N2,40,379.33374,1331.3015,-6871.0967
314,N2,41,412.3303,1386.5797,-6687.899
314,N2,42,388.49295,1469.6356,-6607.8003
314,N2,43,427.15738,1388.7722,-6581.584
314,N2,44,422.63416,1307.0275,-6587.4595
314,N2,45,527.7661,1287.6926,-6475.937
315,N3,1,-234.48627,1488.0121,-20373.719
315,N3,2,-209.69073,1417.4355,-20035.154
315,N3,3,-111.86773,1383.5741,-19559.174
315,N3,4,-166.59172,1531.7043,-19519.469
315,N3,5,-225.3411,1519.6094,-19299.227
315,N3,6,-270.8977,1366.6276,-19056.441
315,N3,7,-289.43607,1301.8193,-18970.691
315,N3,8,-255.23366,1301.7264,-18906.186
315,N3,9,-274.33783,1211.3854,-19041.008
315,N3,10,-262.2681,1113.7186,-19156.244
315,N3,11,-118.44561,1127.5791,-19103.982
315,N3,12,-66.951584,1275.1189,-19127.662
315,N3,13,-95.58991,1316.6459,-18921.348
315,N3,14,-183.2302,1279.4674,-18889.678
315,N3,15,-335.23907,1254.6652,-18876.926
315,N3,16,-334.9063,1267.8604,-18733.865
315,N3,17,-176.78682,1296.6428,-18695.768
315,N3,18,-120.42074,1268.3087,-18654.377
315,N3,19,-151.6702,1230.0682,-18730.342
315,N3,20,-177.65334,1138.697,-18677.234
315,N3,21,-259.71332,1147.1189,-18722.96
315,N3,22,-289.53015,1307.1965,-18615.762
315,N3,23,-233.76866,1327.0098,-18665.389
315,N3,24,-163.8192,1229.4945,-18666.387
315,N3,25,-164.62357,1214.41,-18435.822
315,N3,26,-167.21898,1353.6327,-18280.469
315,N3,27,-147.51208,1451.2172,-18008.129
315,N3,28,-165.96944,1488.3752,-17796.64
315,N3,29,-140.86688,1462.4507,-17628.44
315,N3,30,-136.64314,1463.113,-17610.582
315,N3,31,-32.10323,1458.4996,-17662.621
315,N3,32,-10.261409,1438.0062,-17317.525
315,N3,33,118.35697,1519.5789,-17121.14
315,N3,34,109.49358,1508.9017,-16916.771
315,N3,35,156.86333,1498.868,-16974.26
315,N3,36,232.54688,1476.9926,-17103.209
315,N3,37,212.98059,1578.734,-16993.553
315,N3,38,275.10873,1660.0978,-16746.814
315,N3,39,219.4444,1688.4899,-16760.94
315,N3,40,167.55777,1640.42,-16742.809
315,N3,41,250.29854,1571.5544,-16698.395
315,N3,42,290.03094,1534.2045,-16614.77
315,N3,43,355.78555,1445.7012,-16623.197
315,N3,44,406.632,1449.6552,-16599.55
315,N3,45,347.56082,1719.0502,-16574.8
316,N4,1,79.81468,1217.3138,-6692.1064
316,N4,2,82.20647,1215.5508,-6663.7188
316,N4,3,56.094772,1176.662,-6538.8936
316,N4,4,54.76795,1158.9298,-6457.979
316,N4,5,47.889645,1147.6536,-6381.837
316,N4,6,38.301334,1141.4825,-6270.5703
316,N4,7,101.575455,1206.2186,-6185.365
316,N4,8,127.41873,1099.966,-6209.5767
316,N4,9,148.46391,1090.7087,-6283.8857
316,N4,10,112.85585,1261.9254,-6303.9214
316,N4,11,55.57221,1283.1161,-6178.9556
316,N4,12,45.07627,1241.0507,-6163.8403
316,N4,13,128.13289,1224.9398,-5995.607
316,N4,14,82.63294,1135.1871,-5873.341
316,N4,15,31.00465,1119.8527,-5959.806
316,N4,16,-9.699235,1247.1014,-6024.105
316,N4,17,-16.602863,1256.5599,-5943.8335
316,N4,18,55.400005,1227.5449,-5979.3877
316,N4,19,80.06287,1239.65,-5962.915
316,N4,20,37.3702,1088.7422,-5923.364
316,N4,21,17.677206,1020.95605,-5838.461
316,N4,22,62.072838,982.4315,-5941.8345
316,N4,23,42.83652,995.5242,-5977.872
316,N4,24,13.94951,1093.3329,-5722.881
316,N4,25,5.756555,1139.7689,-5585.81
316,N4,26,43.35678,1206.9968,-5623.4966
316,N4,27,-49.900684,1252.9153,-5612.468
316,N4,28,-31.979137,1326.1918,-5414.641
316,N4,29,150.56647,1293.0767,-5130.202
316,N4,30,181.00964,1270.6241,-4967.5186
316,N4,31,253.84265,1389.756,-4998.4834
316,N4,32,253.28474,1453.5947,-4823.9053
316,N4,33,323.63034,1522.6421,-4649.288
316,N4,34,336.05835,1509.9656,-4439.473
316,N4,35,306.86035,1448.2593,-4303.1772
316,N4,36,258.55606,1463.2672,-4174.3076
316,N4,37,268.09195,1578.6609,-4080.3022
316,N4,38,310.52762,1579.9705,-4172.604
316,N4,39,367.04703,1570.4221,-4117.23
316,N4,40,334.76303,1600.2954,-3981.9368
316,N4,41,334.75098,1540.6566,-3915.6812
316,N4,42,303.85834,1480.3525,-4022.8762
316,N4,43,291.48914,1500.9397,-4055.0818
316,N4,44,360.51566,1473.215,-3912.2927
316,N4,45,489.36505,1533.9922,-4007.7617
317,N5,1,53.20625,969.8584,-12602.6875
317,N5,2,58.15667,982.8523,-12597.819
317,N5,3,-46.13418,997.23395,-12695.913
317,N5,4,-114.0295,1139.9154,-12684.2295
317,N5,5,-172.08183,1145.8159,-12468.592
317,N5,6,-269.3073,1058.7836,-12226.086
317,N5,7,-260.84732,1002.0521,-12193.642
317,N5,8,-134.04393,986.8954,-12037.053
317,N5,9,-129.28731,987.2053,-11921.026
317,N5,10,-137.20374,974.545,-11915.484
317,N5,11,-157.2569,1025.539,-11932.796
317,N5,12,-139.83395,1007.0918,-11761.335
317,N5,13,-120.680984,985.97894,-11608.644
317,N5,14,-73.28865,1022.8903,-11633.463
317,N5,15,-134.43842,925.18695,-11524.833
317,N5,16,-173.75655,892.6905,-11449.119
317,N5,17,-149.05219,945.918,-11540.979
317,N5,18,-109.23835,939.8014,-11624.631
317,N5,19,-102.02286,896.37164,-11596.38
317,N5,20,-184.97829,832.0341,-11534.389
317,N5,21,-190.12738,834.2172,-11436.75
317,N5,22,-54.69038,904.64795,-11430.835
317,N5,23,-50.06814,940.0083,-11504.085
317,N5,24,-71.143234,1084.9421,-11512.124
317,N5,25,-93.126396,1064.7144,-11487.122
317,N5,26,-30.77559,997.8204,-11108.187
317,N5,27,20.576536,974.94556,-11082.704
317,N5,28,3.4877264,1018.9681,-10953.337
317,N5,29,3.1840496,919.64496,-10716.62
317,N5,30,29.449892,897.91833,-10607.191
317,N5,31,73.93117,992.6554,-10522.508
317,N5,32,69.615005,1012.80725,-10241.921
317,N5,33,29.151217,1090.5984,-9995.246
317,N5,34,35.22643,1177.9924,-9929.579
317,N5,35,33.11532,1286.8903,-9769.304
317,N5,36,165.66115,1249.9685,-9697.486
317,N5,37,200.06662,1161.3597,-9751.901
317,N5,38,210.84685,1111.2928,-9683.301
317,N5,39,213.02582,1165.9006,-9448.889
317,N5,40,168.3529,1275.8853,-9305.905
317,N5,41,180.79369,1318.5138,-9387.501
317,N5,42,149.85716,1257.9504,-9457.298
317,N5,43,100.099556,1203.9208,-9452.272
317,N5,44,161.94458,1223.4828,-9368.104
317,N5,45,336.8086,1182.6614,-9389.006
318,N6,1,80.0765,1208.273,-9189.313
318,N6,2,92.512634,1180.712,-8988.929
318,N6,3,109.62563,1165.2152,-8756.511
318,N6,4,116.905525,1283.3505,-8715.118
318,N6,5,154.25008,1302.2236,-8753.215
318,N6,6,-54.001415,1247.1805,-8684.18
318,N6,7,-99.05051,1190.5486,-8688.201
318,N6,8,-12.039009,1148.5076,-8534.316
318,N6,9,-6.294553,1154.307,-8464.4
318,N6,10,40.320564,1130.1625,-8313.942
318,N6,11,46.28949,991.60486,-8177.662
318,N6,12,-103.908,959.98804,-8136.6924
318,N6,13,-125.22939,979.1632,-8122.5493
318,N6,14,-49.585426,1018.21094,-8128.1177
318,N6,15,-25.442514,1181.5449,-8173.014
318,N6,16,48.45147,1157.8333,-8016.6743
318,N6,17,-71.7147,1108.078,-7991.3364
318,N6,18,-86.77365,1093.5018,-8008.4224
318,N6,19,38.390427,1092.7999,-7991.1655
318,N6,20,49.791885,1101.6897,-7936.9556
318,N6,21,96.10826,1211.45,-7955.7983
318,N6,22,82.86201,1144.361,-7881.8438
318,N6,23,-68.85209,1098.319,-7770.957
318,N6,24,-112.16284,1114.6423,-7793.759
318,N6,25,-68.20374,1117.5182,-7736.9033
318,N6,26,0.741107,1213.5978,-7659.671
318,N6,27,-26.084475,1224.6251,-7582.5273
318,N6,28,-52.065487,1165.5051,-7540.166
318,N6,29,-15.592132,1144.781,-7364.9834
318,N6,30,51.0187,1229.7,-7335.612
318,N6,31,101.06314,1207.9061,-7185.05
318,N6,32,49.271873,1214.0547,-6903.838
318,N6,33,-0.6104815,1392.7305,-6804.525
318,N6,34,4.821641,1324.4144,-6559.874
318,N6,35,92.4188,1253.624,-6588.3877
318,N6,36,12.323479,1286.8903,-6496.3433
318,N6,37,-12.271442,1452.2849,-6356.1533
318,N6,38,86.37493,1532.0284,-6224.477
318,N6,39,93.008255,1468.7367,-6187.138
318,N6,40,120.449486,1407.9214,-6285.0156
318,N6,41,182.05423,1436.4994,-6303.418
318,N6,42,163.50601,1451.6122,-5976.5894
318,N6,43,156.48065,1502.14,-5815.96
318,N6,44,110.58549,1592.3701,-5911.1387
318,N6,45,73.234886,1550.767,-5813.383
319,N7,1,-115.392586,2076.1855,-15098.401
319,N7,2,-121.11279,2130.071,-14903.978
319,N7,3,-140.83502,2104.174,-14801.353
319,N7,4,-140.33353,2039.9579,-14552.202
319,N7,5,-99.90949,1840.4276,-14454.487
319,N7,6,-135.36975,1829.6521,-14315.552
319,N7,7,-179.20944,2041.8062,-14220.064
319,N7,8,-194.51591,1987.2948,-14192.51
319,N7,9,-181.04248,1885.0525,-14025.344
319,N7,10,-211.34766,1727.9303,-13990.673
319,N7,11,-212.73471,1732.2206,-13934.108
319,N7,12,-114.178986,1896.8114,-13760.43
319,N7,13,-123.202736,1924.8682,-13781.875
319,N7,14,-114.90552,1990.617,-13759.198
319,N7,15,-62.64267,1930.3629,-13626.23
319,N7,16,-178.85046,1915.3597,-13646.942
319,N7,17,-220.06337,2029.3018,-13516.988
319,N7,18,-167.09167,1912.9849,-13484.955
319,N7,19,-152.69077,1832.4683,-13553.458
319,N7,20,-134.00168,1791.731,-13436.453
319,N7,21,19.772469,1794.5396,-13441.807
319,N7,22,-51.464024,1891.2894,-13436.132
319,N7,23,-104.247955,1877.5709,-13278.495
319,N7,24,-74.51855,1852.8674,-13220.831
319,N7,25,-118.2586,1850.851,-13232.324
319,N7,26,-270.39453,1824.1847,-13203.671
319,N7,27,-255.81787,1814.9364,-13217.384
319,N7,28,-50.387386,1822.7432,-13054.369
319,N7,29,-31.69521,1937.4716,-13056.338
319,N7,30,-11.049498,1914.3845,-13048.79
319,N7,31,-35.592728,1877.6572,-12940.258
319,N7,32,-142.18524,1926.1644,-12736.633
319,N7,33,-176.78154,2012.4584,-12491.253
319,N7,34,-121.19649,2083.1184,-12353.798
319,N7,35,-144.90703,2150.012,-12370.654
319,N7,36,-153.5494,2116.2263,-12237.1045
319,N7,37,-57.780056,2128.6929,-12177.986
319,N7,38,-63.74484,2174.7036,-11879.063
319,N7,39,-37.1253,2130.2866,-11744.272
319,N7,40,-6.04015,2107.8403,-11809.783
319,N7,41,-58.49991,2121.0872,-11722.504
319,N7,42,-86.31309,2142.1533,-11591.208
319,N7,43,-0.51748157,2130.215,-11677.752
319,N7,44,29.024683,2065.7898,-11645.846
319,N7,45,-12.966421,2004.9009,-11564.494
320,N8,1,-44.519733,1378.0624,-6557.7954
320,N8,2,-49.710335,1365.4465,-6455.0483
320,N8,3,-73.04852,1339.357,-6252.6245
320,N8,4,-35.466785,1398.8251,-6201.5874
320,N8,5,-32.48315,1409.8573,-6058.878
320,N8,6,-146.09132,1509.5859,-6072.256
320,N8,7,-170.73628,1378.5127,-6040.8335
320,N8,8,-98.334404,1302.1406,-6005.719
320,N8,9,-84.05631,1315.3469,-5947.9277
320,N8,10,-4.5642223,1377.5417,-5940.393
320,N8,11,-16.30637,1452.117,-5717.512
320,N8,12,-53.272488,1465.8011,-5672.447
320,N8,13,-18.724854,1417.5266,-5732.033
320,N8,14,67.309616,1388.96,-5805.574
320,N8,15,-1.1450676,1367.4576,-5737.1187
320,N8,16,-53.403996,1440.5513,-5622.7183
320,N8,17,-54.837524,1389.9406,-5629.475
320,N8,18,-60.546425,1270.3077,-5627.9653
320,N8,19,8.927448,1242.8936,-5738.0884
320,N8,20,-35.360695,1333.3046,-5764.2295
320,N8,21,-65.91516,1274.9583,-5496.34
320,N8,22,-40.644413,1238.007,-5500.077
320,N8,23,-160.95297,1270.4142,-5454.952
320,N8,24,-208.3317,1189.0176,-5370.9478
320,N8,25,-185.35022,1157.7244,-5423.937
320,N8,26,-73.2375,1184.3549,-5451.3574
320,N8,27,-73.440125,1093.1265,-5284.4614
320,N8,28,-76.06731,1080.8279,-5311.732
320,N8,29,-96.997025,1158.4845,-5332.347
320,N8,30,-109.71292,1258.2019,-5088.059
320,N8,31,-129.55058,1405.024,-5070.908
320,N8,32,-84.88764,1434.7863,-5003.3716
320,N8,33,16.076853,1454.3423,-4763.7305
320,N8,34,10.046853,1464.0377,-4575.468
320,N8,35,24.496157,1510.0957,-4604.9136
320,N8,36,6.402281,1603.1627,-4459.8633
320,N8,37,44.33354,1586.6812,-4489.6973
320,N8,38,-7.223929,1627.8717,-4423.8223
320,N8,39,-188.52211,1612.9622,-4229.765
320,N8,40,-189.78506,1708.278,-4214.0903
320,N8,41,-19.025982,1710.3164,-4258.666
320,N8,42,-19.530989,1641.774,-4185.573
320,N8,43,-33.520603,1613.0178,-3950.696
320,N8,44,43.89784,1594.125,-3966.948
320,N8,45,63.333706,1578.2056,-3998.0586
321,N9,1,-346.43564,658.75916,-6645.0264
321,N9,2,-270.86804,655.349,-6590.2837
321,N9,3,-271.0983,687.7609,-6527.228
321,N9,4,-286.32172,704.44904,-6356.149
321,N9,5,-334.3217,641.5849,-6168.5913
321,N9,6,-352.98862,598.40155,-5942.3335
321,N9,7,-256.96155,639.9296,-5946.314
321,N9,8,-203.52408,697.7801,-5902.511
321,N9,9,-329.12927,590.1338,-5855.6367
321,N9,10,-367.31662,538.0701,-5850
321,N9,11,-289.84888,558.93524,-5860.3877
321,N9,12,-292.0104,577.26135,-5882.185
321,N9,13,-256.02225,626.599,-5679.2266
321,N9,14,-265.2978,601.0791,-5553.304
321,N9,15,-333.75964,598.00916,-5493.745
321,N9,16,-465.19727,664.798,-5404.734
321,N9,17,-467.56543,661.84766,-5456.2876
321,N9,18,-367.4648,632.54486,-5523.169
321,N9,19,-469.25235,585.2507,-5526.351
321,N9,20,-465.38516,547.3253,-5438.35
321,N9,21,-314.18225,534.3444,-5483.0015
321,N9,22,-309.71237,503.34174,-5467.78
321,N9,23,-313.50162,467.3664,-5447.9263
321,N9,24,-319.6216,417.1929,-5278.2124
321,N9,25,-353.07355,440.67044,-5255.2603
321,N9,26,-346.57666,584.6485,-5273.022
321,N9,27,-279.23892,606.6523,-5328.464
321,N9,28,-292.93552,629.7714,-5187.637
321,N9,29,-291.37744,596.877,-5043.264
321,N9,30,-312.94812,568.2647,-5041.5674
321,N9,31,-286.84967,564.60864,-5014.0947
321,N9,32,-293.63776,548.5863,-4919.2275
321,N9,33,-325.15567,623.9841,-4661.84
321,N9,34,-307.69553,769.123,-4483.3643
321,N9,35,-287.78003,761.1064,-4332.7485
321,N9,36,-312.45602,771.8536,-4259.8
321,N9,37,-286.6471,767.54706,-4195.9194
321,N9,38,-227.07388,700.62933,-4111.073
321,N9,39,-210.51799,654.9134,-4055.8293
321,N9,40,-210.19423,673.2319,-3989.9001
321,N9,41,-165.58171,660.4549,-3931.4812
321,N9,42,-132.73965,713.5595,-3931.4683
321,N9,43,-187.42079,699.3467,-3822.8577
321,N9,44,-238.47787,756.59076,-3909.993
321,N9,45,-229.6209,852.9104,-3883.1785
322,N10,1,-1553.0568,-471.5252,-8986.164
322,N10,2,-1478.726,-445.32678,-8842.468
322,N10,3,-1383.4088,-516.74524,-8762.533
322,N10,4,-1381.4042,-617.54443,-8762.499
322,N10,5,-1472.0107,-636.9305,-8710.552
322,N10,6,-1520.7744,-544.39526,-8442.355
322,N10,7,-1511.5308,-562.9018,-8434.617
322,N10,8,-1534.5961,-601.1932,-8436.291
322,N10,9,-1511.6359,-598.8539,-8468.361
322,N10,10,-1415.1279,-629.70953,-8347.426
322,N10,11,-1394.5356,-645.7042,-8260.695
322,N10,12,-1404.2836,-617.48676,-8305.445
322,N10,13,-1569.173,-599.4691,-8284.631
322,N10,14,-1607.0066,-597.8742,-8350.163
322,N10,15,-1520.0792,-593.87317,-8326.415
322,N10,16,-1555.1141,-501.91467,-8122.0864
322,N10,17,-1668.8821,-634.19055,-8096.8765
322,N10,18,-1671.022,-749.20386,-7986.5835
322,N10,19,-1525.5139,-743.0804,-8025.2207
322,N10,20,-1346.2167,-629.66595,-8112.8013
322,N10,21,-1342.8081,-620.8061,-8104.2705
322,N10,22,-1380.8187,-708.018,-8138.839
322,N10,23,-1347.604,-727.4309,-8012.4204
322,N10,24,-1402.2393,-660.25995,-7864.835
322,N10,25,-1508.8673,-626.29266,-7908.008
322,N10,26,-1537.3575,-692.1387,-7880.372
322,N10,27,-1451.8625,-726.2159,-7902.378
322,N10,28,-1448.9851,-726.08514,-7909.3784
322,N10,29,-1473.97,-722.0109,-7873.68
322,N10,30,-1412.0803,-707.1806,-7691.795
322,N10,31,-1353.3232,-577.64685,-7671.2437
322,N10,32,-1297.8591,-486.36008,-7564.09
322,N10,33,-1300.0713,-487.85464,-7570.5117
322,N10,34,-1367.3315,-417.79916,-7427.294
322,N10,35,-1430.72,-448.34982,-7230.3833
322,N10,36,-1450.1292,-492.87256,-7208.3013
322,N10,37,-1372.9121,-509.79227,-7058.225
322,N10,38,-1293.6029,-394.79822,-6962.6885
322,N10,39,-1363.9156,-344.7212,-6824.649
322,N10,40,-1418.9473,-353.83414,-6858.1494
322,N10,41,-1379.5505,-243.34612,-6890.77
322,N10,42,-1328.7913,-274.024,-6770.8965
322,N10,43,-1431.8817,-303.78488,-6608.6606
322,N10,44,-1483.1432,-262.62854,-6634.7515
322,N10,45,-1436.5771,-184.59605,-6591.9595
323,N11,1,-724.0434,-361.1392,-11299.539
323,N11,2,-712.2471,-286.3099,-11165.02
323,N11,3,-765.3408,-380.81082,-10998.297
323,N11,4,-822.39984,-535.296,-10865.627
323,N11,5,-839.6821,-537.4931,-10707.18
323,N11,6,-747.57355,-395.8931,-10593.229
323,N11,7,-655.7785,-396.92426,-10622.294
323,N11,8,-687.49316,-411.66348,-10609.744
323,N11,9,-787.9356,-352.68015,-10486.649
323,N11,10,-821.40063,-467.0039,-10427.087
323,N11,11,-765.95184,-504.4741,-10464.826
323,N11,12,-784.9726,-426.10352,-10391.46
323,N11,13,-802.4293,-360.8814,-10189.209
323,N11,14,-798.07916,-431.4432,-10208.962
323,N11,15,-697.1489,-460.49158,-10154.547
323,N11,16,-671.30414,-399.78583,-10182.061
323,N11,17,-720.0451,-409.97177,-10265.437
323,N11,18,-774.95483,-448.324,-10282.584
323,N11,19,-808.7757,-476.86322,-10339.777
323,N11,20,-774.1722,-527.6927,-10271.977
323,N11,21,-699.5585,-531.27563,-10257.8125
323,N11,22,-614.43744,-462.2778,-10096.337
323,N11,23,-649.9822,-511.29398,-10059.892
323,N11,24,-746.1464,-532.7389,-9965.609
323,N11,25,-926.569,-474.4301,-9917.192
323,N11,26,-918.2946,-428.42368,-9884.658
323,N11,27,-718.9279,-528.2068,-9900.773
323,N11,28,-729.29877,-568.9321,-10008.581
323,N11,29,-774.3126,-580.19666,-10049.835
323,N11,30,-769.33026,-579.7614,-9955.44
323,N11,31,-765.7068,-547.49774,-9688.982
323,N11,32,-700.328,-497.72498,-9707.536
323,N11,33,-725.3473,-472.33286,-9716.971
323,N11,34,-744.789,-335.90363,-9663.455
323,N11,35,-735.3852,-320.21506,-9607.455
323,N11,36,-767.9461,-369.6732,-9491.68
323,N11,37,-792.33636,-385.46182,-9463.841
323,N11,38,-735.5469,-302.92325,-9305.382
323,N11,39,-723.5684,-320.11142,-9047.583
323,N11,40,-737.6499,-349.13544,-8871.2705
323,N11,41,-778.536,-440.01453,-8840.915
323,N11,42,-805.2217,-474.76126,-8654.456
323,N11,43,-767.5657,-439.36868,-8723.151
323,N11,44,-790.39404,-447.7902,-8667.107
323,N11,45,-802.96466,-417.65356,-8488.752
324,N12,1,-1309.0197,-901.4481,-13042.27
324,N12,2,-1238.0988,-924.8303,-12921.355
324,N12,3,-1133.0282,-856.4155,-12844.031
324,N12,4,-1297.7378,-785.0174,-12748.149
324,N12,5,-1362.047,-691.5559,-12732.024
324,N12,6,-1239.4814,-697.4758,-12772.043
324,N12,7,-1226.2445,-827.8953,-12672.125
324,N12,8,-1188.5096,-861.3541,-12384.314
324,N12,9,-1097.489,-665.6345,-12439.511
324,N12,10,-1051.3113,-717.518,-12535.114
324,N12,11,-1090.6832,-890.46735,-12484.381
324,N12,12,-1173.4855,-930.2659,-12255.323
324,N12,13,-1195.5598,-747.95,-12234.608
324,N12,14,-1127.7094,-764.4099,-12110.927
324,N12,15,-1176.0396,-809.71,-12141.059
324,N12,16,-1205.4136,-822.97675,-12121.161
324,N12,17,-1197.5577,-630.9386,-12185.151
324,N12,18,-1162.0127,-634.13556,-12154.325
324,N12,19,-1201.6588,-727.47284,-12008.756
324,N12,20,-1212.1414,-795.34985,-11899.228
324,N12,21,-1057.1583,-763.9395,-11925.08
324,N12,22,-975.765,-796.1279,-12024.454
324,N12,23,-1053.2909,-740.8056,-12041.575
324,N12,24,-1177.3191,-758.2249,-11994.307
324,N12,25,-1248.8798,-831.0029,-11987.541
324,N12,26,-1189.0985,-867.23315,-11999.867
324,N12,27,-1115.7723,-895.43,-11988.161
324,N12,28,-1157.3948,-779.4726,-12036.659
324,N12,29,-1136.0299,-737.19275,-12021.045
324,N12,30,-1117.8759,-798.8684,-11819.692
324,N12,31,-1182.8446,-816.7171,-11800.685
324,N12,32,-1238.0444,-790.02246,-11609.712
324,N12,33,-1344.1654,-711.5442,-11564.192
324,N12,34,-1382.1359,-697.1791,-11475.909
324,N12,35,-1229.7118,-648.15405,-11432.818
324,N12,36,-1143.7136,-674.57886,-11387.481
324,N12,37,-1161.7684,-707.7126,-11367.104
324,N12,38,-1185.2313,-550.8826,-11282.856
324,N12,39,-1239.5253,-529.4434,-11046.166
324,N12,40,-1216.768,-573.19836,-10982.274
324,N12,41,-1202.2567,-454.04822,-10957.864
324,N12,42,-1185.0298,-452.6441,-10878.935
324,N12,43,-1281.4032,-720.4712,-10816.819
324,N12,44,-1719.7885,-1318.041,-10652.617
324,N12,45,-1831.3083,-1460.5785,-10459.975
325,N13,1,-947.5933,-924.3455,-19492.062
325,N13,2,-928.04877,-940.234,-19493.17
325,N13,3,-951.94354,-920.80927,-19491.816
325,N13,4,-938.98035,-913.1874,-19327.844
325,N13,5,-1027.9122,-797.71484,-18617.287
325,N13,6,-1081.7599,-871.7009,-18295.36
325,N13,7,-1091.6409,-975.78894,-18167.004
325,N13,8,-1187.4506,-1002.9899,-17674
325,N13,9,-1180.1967,-931.73193,-17399.375
325,N13,10,-982.1688,-940.23975,-17420.613
325,N13,11,-944.5307,-924.0751,-17267.072
325,N13,12,-1025.8657,-960.14215,-17264.334
325,N13,13,-1233.663,-1032.0156,-17098.674
325,N13,14,-1258.142,-1030.8962,-16945.748
325,N13,15,-1150.977,-883.71954,-16846.908
325,N13,16,-1119.7316,-894.27795,-16681.8
325,N13,17,-1058.968,-925.94415,-16567.625
325,N13,18,-1076.2943,-877.1675,-16532.53
325,N13,19,-1073.1843,-792.45935,-16331.936
325,N13,20,-1032.6598,-820.1976,-16164.194
325,N13,21,-1039.1427,-952.92487,-16189.14
325,N13,22,-970.8183,-1026.5548,-15995.748
325,N13,23,-980.9105,-1077.3801,-15908.242
325,N13,24,-1032.4473,-1145.9248,-15959.829
325,N13,25,-1069.0267,-1113.985,-15966.478
325,N13,26,-1102.3049,-937.1423,-15946.795
325,N13,27,-1078.1655,-990.9173,-15954.38
325,N13,28,-1051.3694,-1033.2883,-15871.367
325,N13,29,-1117.9059,-989.1504,-15814.393
325,N13,30,-1213.1697,-947.1029,-15788.732
325,N13,31,-1176.8846,-967.2279,-15751.745
325,N13,32,-934.7752,-979.14734,-15668.174
325,N13,33,-1043.3522,-1087.1028,-15618.452
325,N13,34,-1067.8624,-1093.0647,-15255.121
325,N13,35,-876.0644,-956.21326,-15062.879
325,N13,36,-903.5349,-955.905,-15135.874
325,N13,37,-1093.6375,-951.5935,-15014.635
325,N13,38,-1122.9967,-790.8407,-14837.592
325,N13,39,-998.5446,-810.12946,-14731.204
325,N13,40,-1123.4988,-842.24554,-14595.98
325,N13,41,-1178.8676,-756.63464,-14522.399
325,N13,42,-1151.299,-794.02057,-14608.892
325,N13,43,-1159.1011,-915.1876,-14634.058
325,N13,44,-1107.7915,-932.6424,-14272.069
325,N13,45,-1028.3048,-759.6667,-14011.951
326,N14,1,-1085.3175,-663.52057,-11972.0625
326,N14,2,-1085.8245,-682.55493,-11802.493
326,N14,3,-1048.7617,-698.1446,-11489.535
326,N14,4,-1046.096,-666.5488,-11321.294
326,N14,5,-1029.4525,-426.04614,-11162.136
326,N14,6,-958.50464,-419.83087,-10895.219
326,N14,7,-940.94366,-484.6362,-10800.739
326,N14,8,-998.3471,-511.73666,-10783.279
326,N14,9,-1001.42126,-564.1911,-10645.311
326,N14,10,-890.5321,-602.5106,-10410.574
326,N14,11,-1017.3252,-647.0284,-10428.217
326,N14,12,-1042.8871,-658.49835,-10305.708
326,N14,13,-907.67114,-654.7484,-10231.585
326,N14,14,-922.9593,-600.0246,-10287.1875
326,N14,15,-985.9302,-585.72107,-10321.737
326,N14,16,-1047.6771,-456.7645,-10163.138
326,N14,17,-1137.9602,-567.3369,-10180.649
326,N14,18,-1131.2347,-828.95953,-10012.54
326,N14,19,-1022.27826,-839.6439,-9966.722
326,N14,20,-1041.1516,-624.62164,-9933.228
326,N14,21,-1072.8528,-545.5207,-10051.157
326,N14,22,-1072.4022,-571.5005,-10078.48
326,N14,23,-1072.3082,-551.88635,-9913.52
326,N14,24,-1008.81915,-572.8287,-9906.39
326,N14,25,-1020.0407,-560.05676,-9798.534
326,N14,26,-1030.8899,-691.66766,-9742.025
326,N14,27,-1032.2041,-712.3655,-9838.181
326,N14,28,-938.5315,-554.23126,-9916.114
326,N14,29,-919.3852,-558.53937,-9709.366
326,N14,30,-966.55835,-581.74445,-9777.455
326,N14,31,-1010.5031,-621.2567,-9779.876
326,N14,32,-1026.9236,-627.2799,-9635.7705
326,N14,33,-1041.7268,-634.6488,-9711.976
326,N14,34,-1055.2693,-525.6129,-9648.927
326,N14,35,-1005.479,-466.02954,-9461.316
326,N14,36,-973.32166,-400.31073,-9406.027
326,N14,37,-955.2476,-458.17654,-9158.418
326,N14,38,-1040.7241,-470.78293,-9164.729
326,N14,39,-1083.2805,-277.43405,-9183.693
326,N14,40,-1056.5176,-287.40546,-9185.709
326,N14,41,-977.49915,-346.10092,-8958.322
326,N14,42,-1035.9286,-297.889,-8837.776
326,N14,43,-1073.3522,-270.73816,-8880.795
326,N14,44,-1024.435,-291.7439,-8900.499
326,N14,45,-878.00134,-239.48608,-8796.349
327,N15,1,-1271.7994,-1737.5529,-18325.152
327,N15,2,-1317.829,-1746.3544,-18099.834
327,N15,3,-1545.6058,-1666.244,-17847.848
327,N15,4,-1584.9664,-1629.2352,-17828.057
327,N15,5,-1486.2688,-1630.6572,-17605.818
327,N15,6,-1475.9158,-1607.1017,-17396.646
327,N15,7,-1430.8387,-1729.4196,-17202.746
327,N15,8,-1443.57,-1808.6642,-17080.59
327,N15,9,-1428.2709,-1888.0868,-17126.479
327,N15,10,-1484.7987,-1917.3632,-17036.139
327,N15,11,-1611.0614,-1861.0155,-16997.844
327,N15,12,-1594.8651,-1643.5859,-16913.127
327,N15,13,-1396.0953,-1719.2524,-16724.47
327,N15,14,-1322.0757,-1780.5538,-16642.5
327,N15,15,-1317.0043,-1787.531,-16628.527
327,N15,16,-1304.6467,-1776.723,-16668.504
327,N15,17,-1217.458,-1647.1785,-16651.545
327,N15,18,-1263.8137,-1647.7561,-16394.512
327,N15,19,-1380.7766,-1654.0688,-16296.56
327,N15,20,-1426.6896,-1739.4353,-16272.369
327,N15,21,-1366.1407,-1768.6719,-16300.549
327,N15,22,-1320.1511,-1697.762,-16310.383
327,N15,23,-1343.7189,-1706.5173,-16261.478
327,N15,24,-1394.8351,-1694.7078,-16234.538
327,N15,25,-1425.5884,-1704.4912,-16052.865
327,N15,26,-1441.8204,-1644.3104,-16009.987
327,N15,27,-1412.1273,-1678.5822,-15993.006
327,N15,28,-1363.6951,-1744.6226,-15923.937
327,N15,29,-1333.6714,-1770.6141,-15859.937
327,N15,30,-1440.1023,-1720.5747,-15854.342
327,N15,31,-1479.2042,-1732.0079,-15646.145
327,N15,32,-1424.7517,-1700.393,-15674.186
327,N15,33,-1483.4125,-1636.8074,-15815.906
327,N15,34,-1521.5995,-1552.6509,-15777.125
327,N15,35,-1505.6658,-1538.4053,-15618.692
327,N15,36,-1495.2391,-1575.3599,-15408.697
327,N15,37,-1375.6104,-1551.5232,-15508.258
327,N15,38,-1353.4658,-1563.4045,-15578.857
327,N15,39,-1376.8783,-1593.3663,-15189.9375
327,N15,40,-1317.8556,-1521.0033,-15062.405
327,N15,41,-1320.5685,-1485.0026,-15070.048
327,N15,42,-1356.5541,-1526.7654,-15113.309
327,N15,43,-1336.4916,-1528.5143,-15150.406
327,N15,44,-1336.1084,-1526.1965,-15017.634
327,N15,45,-1218.7474,-1507.9879,-15075.903
328,N16,1,-1020.35754,-707.6917,-6581.8047
328,N16,2,-999.2756,-697.25726,-6359.5513
328,N16,3,-1014.4381,-573.8162,-6226.986
328,N16,4,-984.0721,-537.28625,-6114.015
328,N16,5,-946.41644,-514.2965,-5971.7427
328,N16,6,-848.656,-530.51935,-5989.617
328,N16,7,-789.87054,-482.7619,-5934.6665
328,N16,8,-875.3757,-436.80554,-5826.975
328,N16,9,-944.9497,-467.52866,-5800.474
328,N16,10,-993.6941,-553.1717,-5682.7676
328,N16,11,-1094.3179,-581.4652,-5604.7437
328,N16,12,-1150.5107,-519.98584,-5625.743
328,N16,13,-1201.272,-520.7011,-5614.493
328,N16,14,-1198.3099,-464.41086,-5568.644
328,N16,15,-1112.8623,-476.01923,-5416.5957
328,N16,16,-1030.8816,-582.99603,-5395.4473
328,N16,17,-1062.2888,-626.36365,-5247.8022
328,N16,18,-1072.119,-611.65546,-5311.3037
328,N16,19,-972.03796,-619.7825,-5399.839
328,N16,20,-963.5472,-565.87537,-5312.903
328,N16,21,-949.5925,-495.3065,-5353.7295
328,N16,22,-1133.641,-523.606,-5266.5684
328,N16,23,-1166.0829,-613.95703,-5246.9224
328,N16,24,-1027.9247,-642.0438,-5215.099
328,N16,25,-931.34784,-579.23474,-5167.0215
328,N16,26,-1058.2393,-511.86954,-5241.2153
328,N16,27,-1096.4648,-519.466,-5163.114
328,N16,28,-976.8505,-597.0797,-5004.78
328,N16,29,-859.0128,-624.1456,-5059.408
328,N16,30,-964.7925,-556.2814,-5187.562
328,N16,31,-1024.1165,-496.91635,-5187.5596
328,N16,32,-1009.73846,-494.3855,-5080.987
328,N16,33,-1018.0842,-398.79593,-5130.4204
328,N16,34,-936.4038,-378.74554,-5046.985
328,N16,35,-863.5529,-350.5382,-5023.134
328,N16,36,-876.6383,-389.95395,-4954.7686
328,N16,37,-937.35114,-442.7831,-4739.6274
328,N16,38,-981.89105,-422.3774,-4604.2705
328,N16,39,-974.2386,-334.6409,-4599.3813
328,N16,40,-1013.40063,-405.34158,-4625.857
328,N16,41,-1040.0846,-426.2977,-4524.382
328,N16,42,-999.3449,-281.16855,-4601.6523
328,N16,43,-980.76495,-322.237,-4547.4287
328,N16,44,-835.5034,-392.22305,-4436.3706
328,N16,45,-839.7858,-419.31818,-4536.9497
329,N17,1,-491.57248,-425.6622,-5525.8774
329,N17,2,-564.05334,-416.24042,-5350.8237
329,N17,3,-583.8944,-438.29202,-5055.429
329,N17,4,-476.09274,-367.17578,-4797.3794
329,N17,5,-530.5418,-339.5798,-4748.789
329,N17,6,-569.76013,-405.0578,-4717.9775
329,N17,7,-535.6564,-428.2696,-4597.9966
329,N17,8,-466.81586,-316.67258,-4627.219
329,N17,9,-475.82178,-424.01498,-4539.197
329,N17,10,-464.2751,-452.30188,-4441.3286
329,N17,11,-485.87976,-277.09625,-4306.9463
329,N17,12,-453.9551,-366.6674,-4257.666
329,N17,13,-386.1268,-705.7324,-4140.754
329,N17,14,-399.90985,-724.0702,-3964.955
329,N17,15,-464.5899,-446.98688,-3866.7068
329,N17,16,-562.1742,-316.77164,-3940.4304
329,N17,17,-592.55725,-325.9478,-3896.5374
329,N17,18,-560.863,-365.50146,-3842.713
329,N17,19,-568.1323,-365.75253,-3766.8362
329,N17,20,-527.07446,-390.56442,-3757.1775
329,N17,21,-451.3967,-448.45688,-3756.6946
329,N17,22,-472.31332,-453.99774,-3667.5552
329,N17,23,-509.02893,-363.91492,-3645.9368
329,N17,24,-573.59515,-386.98303,-3650.3325
329,N17,25,-586.742,-400.45416,-3636.476
329,N17,26,-497.39752,-433.02325,-3450.8613
329,N17,27,-460.6286,-428.04236,-3494.4219
329,N17,28,-569.54767,-571.36786,-3609.97
329,N17,29,-623.09033,-589.8939,-3552.8123
329,N17,30,-655.7683,-360.09033,-3528.4172
329,N17,31,-660.0275,-184.79738,-3417.567
329,N17,32,-601.1348,-217.58229,-3456.1848
329,N17,33,-436.1739,-264.19904,-3312.0925
329,N17,34,-405.1922,-337.52686,-3150.9277
329,N17,35,-508.15286,-402.84787,-3067.665
329,N17,36,-538.64417,-374.40765,-2963.078
329,N17,37,-457.3123,-217.25,-2999.4749
329,N17,38,-437.41983,-166.641,-2992.5256
329,N17,39,-483.77545,-94.050125,-2677.9934
329,N17,40,-515.62573,-208.67017,-2703.336
329,N17,41,-493.69867,-308.3186,-2598.148
329,N17,42,-521.9587,-332.89075,-2504.7668
329,N17,43,-558.1023,-215.77997,-2533.1436
329,N17,44,-551.09283,-143.99527,-2506.2014
329,N17,45,-408.98068,-83.147194,-2414.66
330,N18,1,-2156.0325,-186.05217,-6182.288
330,N18,2,-2157.7197,-149.7124,-5921.3696
330,N18,3,-2076.4858,-82.21759,-5726.454
330,N18,4,-1990.4591,-41.697517,-5679.6104
330,N18,5,-2114.3037,-141.18085,-5514.3267
330,N18,6,-2128.4573,-196.10175,-5428.651
330,N18,7,-2011.9695,-160.2802,-5464.665
330,N18,8,-2107.3152,-184.31259,-5304.37
330,N18,9,-2138.1787,-233.6107,-5103.922
330,N18,10,-2073.644,-243.12021,-5156.049
330,N18,11,-2067.126,-212.44487,-5204.093
330,N18,12,-2037.4578,-228.0654,-5253.16
330,N18,13,-2030.4987,-320.63202,-5117.8164
330,N18,14,-1948.8926,-390.32178,-5147.9717
330,N18,15,-2039.8331,-381.80994,-5032.29
330,N18,16,-2172.141,-225.02873,-4853.6895
330,N18,17,-2183.6733,-163.05528,-4872.3403
330,N18,18,-2093.372,-179.39146,-4740.3057
330,N18,19,-2011.8098,-221.98523,-4747.214
330,N18,20,-2053.6365,-233.72264,-4675.451
330,N18,21,-2165.2566,-300.4757,-4722.773
330,N18,22,-2180.1445,-437.11243,-4593.8174
330,N18,23,-2120.8818,-436.38068,-4515.5547
330,N18,24,-2103.3787,-263.76672,-4492.4575
330,N18,25,-2021.8663,-108.71433,-4409.113
330,N18,26,-2028.9082,-124.23798,-4480.453
330,N18,27,-2022.2874,-146.01288,-4400.149
330,N18,28,-1995.7339,-206.2576,-4296.8555
330,N18,29,-1917.5422,-233.65945,-4364.4604
330,N18,30,-1912.9563,-158.27116,-4274.6455
330,N18,31,-1991.9886,-151.39268,-4170.0527
330,N18,32,-2055.803,-39.742023,-3957.6787
330,N18,33,-2121.1868,31.243103,-3915.263
330,N18,34,-2140.0034,50.153755,-3967.93
330,N18,35,-2094.6025,30.481972,-3747.7021
330,N18,36,-2043.8228,149.32108,-3642.9148
330,N18,37,-1901.1603,197.92642,-3385.8584
330,N18,38,-1948.6324,179.28734,-3281.888
330,N18,39,-1997.7308,117.85962,-3326.4673
330,N18,40,-1975.3391,54.98843,-3125.3071
330,N18,41,-1961.3593,87.506645,-2973.3154
330,N18,42,-1970.5648,160.70755,-2923.0579
330,N18,43,-1974.3947,177.16211,-2843.5479
330,N18,44,-1994.9358,146.04323,-2822.2937
330,N18,45,-1946.7806,249.32764,-2862.9756
331,N19,1,19209.875,362219.8,131368.77
331,N19,2,19303.361,362763.7,131646.19
331,N19,3,19327.846,364057.66,132053.89
331,N19,4,19397.541,364537.12,132592.89
331,N19,5,19485.162,364854.28,133106.34
331,N19,6,19648.863,365180.97,133268.02
331,N19,7,19744.934,365387.56,133258.67
331,N19,8,19682.717,365603.25,133678.77
331,N19,9,19664.31,366067.94,134132.72
331,N19,10,19869.38,366417.4,134148.38
331,N19,11,19863.178,366650.94,134355.52
331,N19,12,19896.62,366769.5,134360.56
331,N19,13,19992.691,366900.03,134388.6
331,N19,14,20098.967,367226.4,134446.58
331,N19,15,20118.695,367734.75,134469.64
331,N19,16,20101.229,367919.84,134859.86
331,N19,17,20230.266,368329.2,135160.56
331,N19,18,20198.59,368363.97,135441.9
331,N19,19,20195.986,368908.84,135686.89
331,N19,20,20310.83,369233.6,135854.45
331,N19,21,20422.785,369369.4,136132.62
331,N19,22,20402.242,369573.9,136268.7
331,N19,23,20463.654,369534.03,136832.44
331,N19,24,20459.988,370113.56,137224.16
331,N19,25,20539.404,371194,138087.08
331,N19,26,20580.176,371668.78,139975.89
331,N19,27,20585.9,372849.28,143409.67
331,N19,28,20601.45,375884.34,149910.77
331,N19,29,20678.031,381316.7,162307.69
331,N19,30,20867.496,392579.75,185225.44
331,N19,31,21031.498,412631.84,226258.5
331,N19,32,21125.623,445602.9,288307.97
331,N19,33,21201.63,486825.2,363391.78
331,N19,34,21418.129,525228.44,444287.2
331,N19,35,21695.19,554627.7,523989.97
331,N19,36,21861.775,575353.06,593469.5
331,N19,37,21895.17,591121.94,653293.94
331,N19,38,22043.896,603573.6,704735.75
331,N19,39,22239,613756.4,747723.56
331,N19,40,22394.703,622734.5,785462.44
331,N19,41,22359.55,629900.6,817009.6
331,N19,42,22336.518,636922.7,845382.2
331,N19,43,22474.184,642594.25,868927.9
331,N19,44,22527.709,648960.6,890454.44
331,N19,45,22385.14,653311.94,908756.44
332,N20,1,18639.355,359167.62,136321.73
332,N20,2,18646.96,358769.6,136632.67
332,N20,3,18775.225,357846.34,137005.66
332,N20,4,18646.621,356628.9,137071.5
332,N20,5,18614.508,355892.28,136899.06
332,N20,6,18700.646,354795.38,136785.44
332,N20,7,18686.951,352763.47,136480.42
332,N20,8,18636.652,347651.4,134373.8
332,N20,9,18574.71,346806.97,134074.94
332,N20,10,18575.398,348481.03,135084.25
332,N20,11,18636.84,349456.9,135542.31
332,N20,12,18633.986,350271.5,136015.34
332,N20,13,18676.062,351047.03,136688.08
332,N20,14,18817.564,351417.84,136919.22
332,N20,15,18848.117,351779.8,137082.6
332,N20,16,18968.625,352224.6,137464.66
332,N20,17,18985.076,352438.53,137778.02
332,N20,18,19103.156,352771.53,137800.7
332,N20,19,19151.508,352958.75,138197.72
332,N20,20,19276.602,353106.8,138277.55
332,N20,21,19344.64,353737.9,138616.17
332,N20,22,19329.307,354386.7,138830.06
332,N20,23,19479.162,354843.97,139225.86
332,N20,24,19508.66,355244.2,139959.02
332,N20,25,19421.295,355497.03,140918.12
332,N20,26,19339.969,356295.75,142554.14
332,N20,27,19287.918,357630.56,145601.28
332,N20,28,19426.37,360207.47,151382.08
332,N20,29,19605.824,365152.16,162489.14
332,N20,30,19657.678,374699.12,183439.38
332,N20,31,19787.74,393567.78,220689.22
332,N20,32,19829.639,423288.88,278184.84
332,N20,33,19892.61,461038.72,350173.16
332,N20,34,19986.56,498638.4,426699.34
332,N20,35,20021.35,526195.44,501926.94
332,N20,36,19975.754,545823.7,571343.5
332,N20,37,20056.912,561231.7,630647.6
332,N20,38,20226.324,573093.94,680333.1
332,N20,39,20440.502,583659.56,723080.2
332,N20,40,20440.03,593271.9,760873.6
332,N20,41,20495.084,600183.3,793281.1
332,N20,42,20586.139,606872.1,821353.8
332,N20,43,20704.531,613089.06,844759.8
332,N20,44,20676.691,617575.9,865998.25
332,N20,45,20548.578,621678,883427.2
333,N21,1,42.389072,1001.6608,-4188.143
333,N21,2,42.808132,1009.155,-4175.763
333,N21,3,51.793045,1053.65,-4034.3423
333,N21,4,23.093208,1019.1218,-3998.9277
333,N21,5,20.03757,952.69275,-3954.259
333,N21,6,-14.900511,779.97675,-3941.8513
333,N21,7,-35.901356,788.4636,-3920.6128
333,N21,8,32.91887,991.0143,-3899.1326
333,N21,9,87.03686,1001.46606,-3757.208
333,N21,10,55.67339,983.24634,-3781.9602
333,N21,11,36.746223,965.071,-3808.3755
333,N21,12,32.431293,1023.7129,-3686.13
333,N21,13,-29.20268,994.22095,-3710.3809
333,N21,14,-67.87304,952.21173,-3722.4392
333,N21,15,-70.043945,911.63403,-3620.9824
333,N21,16,-58.164253,877.6295,-3378.5928
333,N21,17,57.01044,876.98236,-3403.6428
333,N21,18,27.540571,857.283,-3524.7017
333,N21,19,-22.096758,880.3027,-3593.685
333,N21,20,-28.646534,928.2879,-3538.421
333,N21,21,14.072316,939.5285,-3523.6624
333,N21,22,-33.819214,868.3476,-3519.3367
333,N21,23,-72.59748,837.767,-3520.0364
333,N21,24,-89.84195,871.13574,-3536.4836
333,N21,25,-156.60168,884.26166,-3361.3438
333,N21,26,-166.6307,1008.92236,-3281.1558
333,N21,27,-133.31726,1046.5991,-3220.026
333,N21,28,-90.60994,916.34564,-3168.778
333,N21,29,101.31817,900.7826,-3027.482
333,N21,30,130.33754,1074.0574,-2889.704
333,N21,31,99.28549,1125.7722,-2768.7014
333,N21,32,133.78381,1247.6222,-2543.722
333,N21,33,123.696686,1341.1139,-2539.6829
333,N21,34,175.19113,1368.8849,-2381.2393
333,N21,35,109.08996,1375.691,-2237.705
333,N21,36,73.962746,1460.8356,-2035.3013
333,N21,37,164.97273,1462.8352,-1810.2465
333,N21,38,164.24261,1480.625,-1805.3807
333,N21,39,-37.296864,1429.7253,-1578.0797
333,N21,40,-55.301994,1430.8579,-1635.5001
333,N21,41,155.67387,1385.9795,-1727.7174
333,N21,42,212.0268,1390.9856,-1500.0613
333,N21,43,222.39394,1481.8396,-1380.3379
333,N21,44,236.7765,1577.938,-1310.2832
333,N21,45,295.64664,1538.5681,-1372.8164
334,N22,1,-83.40045,553.853,-13143.929
334,N22,2,-85.37103,550.0261,-13047.385
334,N22,3,-11.101612,524.456,-12851.062
334,N22,4,-55.992645,526.5416,-12756.95
334,N22,5,-110.42186,509.7987,-12360.588
334,N22,6,-136.02048,541.72516,-12353.038
334,N22,7,-115.988235,591.4391,-12434.897
334,N22,8,-45.131084,552.8924,-12317.969
334,N22,9,-143.40909,509.39777,-12013.976
334,N22,10,-157.96286,480.49722,-12012.587
334,N22,11,-92.4432,448.06784,-11985.743
334,N22,12,-112.32105,408.83994,-12047.144
334,N22,13,-126.96861,416.87967,-12038.291
334,N22,14,-77.13473,495.73163,-12053.48
334,N22,15,-18.110064,524.6172,-11829.337
334,N22,16,-23.023146,519.2523,-11774.897
334,N22,17,-48.11661,500.77875,-11679.318
334,N22,18,-53.296635,539.1091,-11476.314
334,N22,19,30.34112,614.58624,-11503.487
334,N22,20,25.698214,631.6819,-11427.037
334,N22,21,38.013016,498.47955,-11492.128
334,N22,22,28.810097,463.99814,-11595.209
334,N22,23,84.77626,524.04425,-11476.044
334,N22,24,44.736652,548.5541,-11240.016
334,N22,25,15.194043,685.85614,-11215.794
334,N22,26,78.28113,693.9805,-11147.603
334,N22,27,82.10462,535.79944,-11069.591
334,N22,28,9.995238,533.8929,-10953.386
334,N22,29,-17.769594,755.75287,-10997.827
334,N22,30,46.963272,754.4048,-10829.987
334,N22,31,35.81388,714.70667,-10758.898
334,N22,32,-5.0311904,762.111,-10784.897
334,N22,33,-17.110989,807.1273,-10624.263
334,N22,34,-23.355785,910.6703,-10535.467
334,N22,35,-19.922321,912.4814,-10542.391
334,N22,36,87.59641,952.30804,-10493.833
334,N22,37,49.788662,977.64844,-10466.496
334,N22,38,10.435627,898.84314,-10118.402
334,N22,39,55.718906,825.8818,-10020.064
334,N22,40,113.23398,831.9976,-10034.373
334,N22,41,136.51627,913.95294,-9927.44
334,N22,42,143.91707,921.24426,-9972.616
334,N22,43,147.06837,851.2376,-10030.682
334,N22,44,142.12337,771.98376,-10003.21
334,N22,45,109.519455,710.88586,-9771.644
335,N23,1,202.91866,1234.1073,-6867.8384
335,N23,2,197.7923,1116.2087,-6710.863
335,N23,3,263.50162,1136.7369,-5786.319
335,N23,4,248.98233,1466.1431,-5562.9106
335,N23,5,218.56609,1532.6694,-5164.0254
335,N23,6,233.67436,1394.3307,-4860.53
335,N23,7,234.64111,1337.2858,-4472.9937
335,N23,8,227.47154,1429.1367,-4444.33
335,N23,9,313.143,1553.498,-4337.6987
335,N23,10,364.76648,1531.0586,-4339.512
335,N23,11,314.31934,1431.5643,-4012.2612
335,N23,12,177.2604,1328.6278,-3971.7725
335,N23,13,134.67198,1290.7786,-3894.4482
335,N23,14,169.17184,1348.7694,-3970.9802
335,N23,15,241.66287,1346.4167,-4082.9614
335,N23,16,240.04242,1409.3275,-3822.9854
335,N23,17,251.76608,1361.3528,-3412.7615
335,N23,18,282.1689,1274.0294,-3336.8286
335,N23,19,249.93047,1244.6978,-3175.387
335,N23,20,217.47311,1310.7639,-3112.919
335,N23,21,223.93196,1324.669,-3018.9602
335,N23,22,204.1221,1441.0645,-2873.395
335,N23,23,213.95424,1459.2555,-2981.5127
335,N23,24,235.02466,1540.6986,-2919.2966
335,N23,25,238.7733,1605.9393,-2824.8518
335,N23,26,281.04184,1595.152,-2910.505
335,N23,27,296.22388,1599.5896,-2762.8699
335,N23,28,239.26558,1567.4863,-2424.044
335,N23,29,216.68527,1571.0829,-2392.9028
335,N23,30,306.76126,1478.8605,-2494.1028
335,N23,31,416.25946,1454.8914,-2546.6624
335,N23,32,420.0034,1646.2631,-2513.798
335,N23,33,345.24817,1721.8096,-2541.2153
335,N23,34,337.0237,1642.7413,-2428.4644
335,N23,35,515.81305,1548.6115,-2419.1028
335,N23,36,528.65594,1476.755,-2512.4624
335,N23,37,309.79034,1466.6093,-2491.0906
335,N23,38,204.79906,1519.7974,-2175.0867
335,N23,39,112.3383,1540.9071,-1802.0801
335,N23,40,144.67392,1511.2761,-1922.3315
335,N23,41,336.8712,1598.5178,-1961.4996
335,N23,42,252.83948,1703.0433,-1699.4194
335,N23,43,227.64993,1715.7347,-1836.7814
335,N23,44,350.01788,1647.4388,-1902.3942
335,N23,45,341.5395,1607.702,-1588.8478
336,N24,1,-680.5361,1099.196,-5802.2314
336,N24,2,-712.47626,1032.1477,-5597.0786
336,N24,3,-839.26,1009.1645,-5486.0537
336,N24,4,-847.7136,1088.1881,-5241.667
336,N24,5,-707.11005,1211.7428,-5282.934
336,N24,6,-706.83215,1188.5568,-5307.681
336,N24,7,-695.382,1141.6333,-5017.5366
336,N24,8,-651.451,1145.1489,-4846.082
336,N24,9,-698.5018,1263.3239,-4828.5146
336,N24,10,-726.2776,1340.8217,-4835.1865
336,N24,11,-642.5069,1312.6025,-5072.9844
336,N24,12,-599.0752,1262.9694,-5187.297
336,N24,13,-634.0598,1235.8733,-5086.247
336,N24,14,-770.91144,1321.1815,-4960.018
336,N24,15,-841.4144,1392.4373,-5028.1553
336,N24,16,-897.2152,1335.6233,-5083.7275
336,N24,17,-922.7392,1223.5618,-5013.655
336,N24,18,-935.883,1167.592,-4913.0693
336,N24,19,-891.4911,1154.8857,-4882.4155
336,N24,20,-668.883,1177.0085,-4644.2173
336,N24,21,-537.6436,1353.0681,-4445.2334
336,N24,22,-557.3148,1300.5089,-4529.283
336,N24,23,-562.6061,1245.1743,-4638.1997
336,N24,24,-666.3478,1252.6373,-4709.858
336,N24,25,-698.2454,1185.2347,-5179.945
336,N24,26,-591.8482,1182.3757,-5213.774
336,N24,27,-605.846,1344.7523,-4631.6396
336,N24,28,-618.62634,1367.8146,-4592.8193
336,N24,29,-657.4605,1451.0413,-4714.6597
336,N24,30,-630.16693,1438.2782,-4764.7993
336,N24,31,-531.26154,1484.3588,-4849.162
336,N24,32,-562.14246,1483.876,-4784.2524
336,N24,33,-585.3248,1438.1105,-4602.5005
336,N24,34,-527.8679,1477.5565,-4588.521
336,N24,35,-501.52203,1489.6711,-4406.5366
336,N24,36,-547.1632,1267.7192,-4609.5474
336,N24,37,-569.959,1238.0107,-4759.6753
336,N24,38,-598.64716,1439.7063,-4647.7773
336,N24,39,-527.16626,1331.8702,-4236.208
336,N24,40,-496.44153,1276.2286,-4252.381
336,N24,41,-599.8847,1409.7233,-4306.761
336,N24,42,-655.3642,1559.2256,-4101.447
336,N24,43,-623.81805,1425.9083,-4099.1245
336,N24,44,-616.4092,1309.8365,-3992.945
336,N24,45,-466.91528,1250.3131,-4050.907
337,O1,1,13197.041,300351.06,109951.43
337,O1,2,13207.478,300334.38,110052.72
337,O1,3,13341.139,300210,110188.03
337,O1,4,13401.786,300191.4,110615.29
337,O1,5,13376.547,300281.5,110433.43
337,O1,6,13375.282,300100,110301.77
337,O1,7,13403.536,300117,110238
337,O1,8,13525.325,300401.38,110034.46
337,O1,9,13606.291,300466.5,110002.25
337,O1,10,13666.398,300611.9,110196.44
337,O1,11,13586.674,300687.8,110369.06
337,O1,12,13403.961,301054.3,110860.33
337,O1,13,13380.238,301205.5,111506.875
337,O1,14,13597.388,301589.53,112401.25
337,O1,15,13766.973,302449.1,114189.48
337,O1,16,13803.687,304164.53,117550.33
337,O1,17,13753.722,307085.47,123581.06
337,O1,18,13799.452,313170.7,136158.81
337,O1,19,13931.093,325453.03,159537.98
337,O1,20,13970.679,348719.1,200670.1
337,O1,21,14124.183,383494.34,262469
337,O1,22,14348.678,424843.78,337738.72
337,O1,23,14539.727,462341.38,417122
337,O1,24,14675.998,488967.94,493364.78
337,O1,25,14758.269,508375.72,559534.9
337,O1,26,14771.181,523016.34,615614.8
337,O1,27,14784.045,534374.75,664132.7
337,O1,28,14923.802,543272.44,704297.5
337,O1,29,15073.144,551529.56,735960.06
337,O1,30,15167.938,558661.56,761997.44
337,O1,31,15193.906,563210.9,780356
337,O1,32,15426.146,567576.3,796879.4
337,O1,33,15610.567,571345.8,812018.2
337,O1,34,15652.488,574439.25,824527.8
337,O1,35,15559.975,576834.75,834982.25
337,O1,36,15649.298,578563.25,841177.8
337,O1,37,15738.666,581188.94,847927.56
337,O1,38,15736.579,582734.44,854295.2
337,O1,39,15778.322,584360.94,859207.2
337,O1,40,15873.11,585168.56,863000.75
337,O1,41,15864.009,586692.4,865965.9
337,O1,42,15920.95,587629.7,868350.44
337,O1,43,15914.762,588642.3,870518.4
337,O1,44,15980.3955,590221.5,872763.2
337,O1,45,16126.755,590009.5,872715.3
338,O2,1,14793.225,310406.4,99483.984
338,O2,2,14828.516,310649.03,99869.85
338,O2,3,14862.328,310666.8,100130.26
338,O2,4,14915.808,310492.22,100408.234
338,O2,5,14927.508,310432.16,100496.74
338,O2,6,15005.658,310554.9,100607.46
338,O2,7,14898.493,310673.6,100667.79
338,O2,8,14890.946,310543.3,100586.484
338,O2,9,15071.873,310492.62,100680.625
338,O2,10,15044.555,310669.53,100970.6
338,O2,11,15025.12,310821.75,100973.04
338,O2,12,15183.183,310776.97,101169.01
338,O2,13,15263.969,310775.03,101412.07
338,O2,14,15222.217,311005.72,101543.48
338,O2,15,15184.287,311304.94,101530.945
338,O2,16,15288.356,311110,101621.17
338,O2,17,15377.674,311018.1,101788.96
338,O2,18,15461.952,311183.66,101874.84
338,O2,19,15537.426,311182,102203.07
338,O2,20,15676.6875,311331.44,102329.32
338,O2,21,15933.823,311464.1,102288.35
338,O2,22,16475.658,311404.34,102565.36
338,O2,23,17306.518,311484.25,103365.59
338,O2,24,18920.77,311835.3,104332.91
338,O2,25,22220.781,312055.16,106625.49
338,O2,26,27934.016,312059.28,111539.17
338,O2,27,37513.367,312340.12,120854.305
338,O2,28,52923.836,312503.62,138674.75
338,O2,29,72812.16,313007.03,167058.77
338,O2,30,93454.93,313496.12,201077.5
338,O2,31,111658.69,313760.5,237050.77
338,O2,32,127139.4,314058.97,272052.88
338,O2,33,140721.72,314223.06,303433.28
338,O2,34,153055.1,314783.62,331539.03
338,O2,35,163941.48,315181.1,356491.94
338,O2,36,174091.95,315233.47,379227.9
338,O2,37,183079.89,315784.44,398854.56
338,O2,38,190956.3,316086.5,417151.38
338,O2,39,198375.88,316282.28,433092.16
338,O2,40,205003.81,316431.8,448842.5
338,O2,41,211098.78,316670.9,462383.94
338,O2,42,216439.48,316778.6,474353.06
338,O2,43,221719.33,316873.4,484813.12
338,O2,44,226305.31,317200.06,494907.06
338,O2,45,229697.88,317235.25,502806.7
339,O3,1,16132.684,351102.7,116902.055
339,O3,2,16201.6875,351253.1,117230.375
339,O3,3,16270.576,351580.94,117633
339,O3,4,16256.144,351318.7,117945.69
339,O3,5,16273.66,351251.66,118032.35
339,O3,6,16332.26,351512.44,118448.78
339,O3,7,16327.409,351687.2,118519.15
339,O3,8,16437.307,351974.75,118837.164
339,O3,9,16578.666,352486.8,119096.555
339,O3,10,16579.213,352831.53,119143.73
339,O3,11,16583.64,352887.44,119450.86
339,O3,12,16582.436,352845.3,119583.99
339,O3,13,16775.38,353018.5,119721.93
339,O3,14,16836.016,353010.62,120312.77
339,O3,15,16855.273,353057.6,120617.195
339,O3,16,16904.402,353681.2,120955.98
339,O3,17,16890.947,353907.06,121925.766
339,O3,18,16891.885,354405.12,123508.18
339,O3,19,17012.152,355862.72,126133.05
339,O3,20,17016.893,358121.22,130811.25
339,O3,21,17138.617,362657.6,139982.8
339,O3,22,17310.832,371298.16,158273.23
339,O3,23,17413.518,388342.06,191248.36
339,O3,24,17440.076,418266.03,245823.5
339,O3,25,17532.453,460862.2,323480.72
339,O3,26,17725.725,508864.12,413618.12
339,O3,27,17955.473,549770.06,507718.62
339,O3,28,18221.783,579054.1,597276
339,O3,29,18498.92,602220.9,678158.1
339,O3,30,18664.541,619191.44,747365.25
339,O3,31,18683.607,632859.3,803309
339,O3,32,18843.988,644707.5,848936.25
339,O3,33,19098.629,653448.75,885926.8
339,O3,34,19196.848,661309.1,914825.3
339,O3,35,19246.164,667141.2,937121.8
339,O3,36,19271.756,671401.25,956664.8
339,O3,37,19489.873,675582.56,972774.4
339,O3,38,19501.287,680226.3,983480.5
339,O3,39,19615.951,682746.2,993216.44
339,O3,40,19628.08,684698.4,1001041.7
339,O3,41,19703.457,686552.5,1008319.56
339,O3,42,19815.465,688112.06,1012725.9
339,O3,43,19814.494,690083.44,1017164.25
339,O3,44,19792.957,691324.1,1021758.75
339,O3,45,19911.635,692700.06,1025517.44
340,O4,1,19582.896,360851.2,129646.61
340,O4,2,19700.09,360903.4,129950.81
340,O4,3,19743.207,361141.66,130686.24
340,O4,4,19683.123,361583.66,130901.51
340,O4,5,19604.133,361650,130887.484
340,O4,6,19586.549,361549.25,131163.28
340,O4,7,19714.453,361217.78,131291.69
340,O4,8,19829.736,361175,131363.2
340,O4,9,19878.377,361548.47,132049.88
340,O4,10,19888.746,361881.94,132403.22
340,O4,11,20005.176,362096.56,132607.62
340,O4,12,20081.193,362093.16,132648.64
340,O4,13,20107.703,361973,132830.5
340,O4,14,20183.576,361933.62,133042.36
340,O4,15,20207.143,362308,132989.23
340,O4,16,20239.768,362804.1,133262.7
340,O4,17,20283.752,362886.38,133643.92
340,O4,18,20391.719,362970.44,133559.4
340,O4,19,20495.637,362955.4,133442.03
340,O4,20,20683.947,362920.88,133706.3
340,O4,21,20941.643,363286.06,133707.95
340,O4,22,21580.53,363500.28,134044.06
340,O4,23,22941.123,363511.9,134121.14
340,O4,24,25204.508,363761.84,134084.6
340,O4,25,29412.965,363737.56,134770.52
340,O4,26,37139.04,363936.25,135781.95
340,O4,27,51093.57,364235.56,137211.94
340,O4,28,74002.53,364321.97,140253.77
340,O4,29,106795.79,364311.4,146770.97
340,O4,30,148796.77,364424.2,160606.84
340,O4,31,196537.8,364796.78,184884.27
340,O4,32,240953.23,364744.66,218863.06
340,O4,33,275858.88,364742.6,256044.33
340,O4,34,300766.66,365388.3,293899.9
340,O4,35,318900.12,366027.06,329365.9
340,O4,36,333267.47,365871.66,360172.56
340,O4,37,345216.88,365689.28,387975.53
340,O4,38,353950.66,366035.25,411835.6
340,O4,39,362052.7,366606.72,434539.66
340,O4,40,368706.3,366636.72,454870.72
340,O4,41,374327.28,366432.3,473887.34
340,O4,42,379133.3,366366.38,489535.34
340,O4,43,383411.62,366399.38,505290.56
340,O4,44,386739.7,367294.84,520697.12
340,O4,45,389208.28,367724.78,531933.8
341,O5,1,18167.047,360726.47,124773.14
341,O5,2,18278.463,361096.8,125092.38
341,O5,3,18341.885,361928.5,125524.055
341,O5,4,18445.697,362036.3,125911.64
341,O5,5,18485.727,362062.72,126135.82
341,O5,6,18541.357,362406.34,126509.05
341,O5,7,18664.81,362724.12,126530.9
341,O5,8,18713.082,362987.8,126455.51
341,O5,9,18692.234,363206.6,126562.71
341,O5,10,18680.092,363393.94,126944.87
341,O5,11,18683.021,363740.34,127396.266
341,O5,12,18925.64,363921.12,127550.29
341,O5,13,18979.209,363894.5,127544.016
341,O5,14,19001.76,364205.38,127793.8
341,O5,15,18985.877,364195.03,128034.77
341,O5,16,19157.68,364355.03,128491.555
341,O5,17,19140.793,364331.44,128623.88
341,O5,18,19217.566,364711.56,128628.81
341,O5,19,19336.62,365134.66,129184.45
341,O5,20,19397.492,365403.53,129393.74
341,O5,21,19379.44,365777.94,130673.74
341,O5,22,19318.908,366761.66,132929.11
341,O5,23,19434.75,368846.66,136639.66
341,O5,24,19446.803,372187.56,144591.42
341,O5,25,19459.125,378766.8,159498.64
341,O5,26,19640.69,391850.4,186899.98
341,O5,27,19713.76,416511.72,233796.14
341,O5,28,19878.17,456171.72,304777.2
341,O5,29,20067.258,503423.44,392406.38
341,O5,30,20420.807,549536.4,485741.53
341,O5,31,20632.56,583476.06,577761.6
341,O5,32,20696.2,607283.8,661475.1
341,O5,33,20714.701,625785.06,732366.75
341,O5,34,20742.533,641343.56,791383.1
341,O5,35,20819.05,652688.75,838928.94
341,O5,36,21030.744,660921.7,876775.8
341,O5,37,21235.057,668445.56,907986.94
341,O5,38,21276.377,674822.56,932563.1
341,O5,39,21230.186,679796.4,952374.9
341,O5,40,21322.523,683696.44,969328.56
341,O5,41,21445.836,688739.4,983100.7
341,O5,42,21549.984,692582.1,992771.1
341,O5,43,21572.47,694786.75,1002112.75
341,O5,44,21719.602,697174.1,1010018.56
341,O5,45,21659.203,699736,1015410.25
342,O6,1,31664.453,463241.3,181299.39
342,O6,2,31800.613,463783.47,181630.38
342,O6,3,31889.385,464135.8,182081.39
342,O6,4,32036.672,464431.75,182328.86
342,O6,5,32282.045,464318.34,182308
342,O6,6,32259.6,463836.06,182423.2
342,O6,7,32195.791,463745.4,182548.75
342,O6,8,32285.232,464249.78,182534.45
342,O6,9,32393.322,464546.47,182512.16
342,O6,10,32512.656,463973.6,182905.75
342,O6,11,32607.908,464082.03,183336.28
342,O6,12,32584.572,465515.53,183719.55
342,O6,13,32557.092,465912.03,183885.6
342,O6,14,32577.57,466016.66,183981.17
342,O6,15,32695.959,465966.5,184009.22
342,O6,16,32701.21,466154.8,184421.67
342,O6,17,32962.29,466656.1,184925.23
342,O6,18,33184.5,466662.94,185189.67
342,O6,19,33239.832,466777.03,185252.88
342,O6,20,33274.875,466910.72,185264.52
342,O6,21,33497.805,467870.38,185403.44
342,O6,22,33555.26,467932.97,185844.39
342,O6,23,33546.64,467949.3,186297.69
342,O6,24,33491.33,468822.4,186376.33
342,O6,25,33650.57,468911.97,186270.22
342,O6,26,33823.617,468832.3,186547.39
342,O6,27,33930.273,469519.72,186706.55
342,O6,28,33988.574,470051.03,187071.73
342,O6,29,33968.188,469677.28,187528.36
342,O6,30,34117.164,469532.94,187937.14
342,O6,31,34232.09,470235.84,188186.31
342,O6,32,34212.305,470439.88,188423.88
342,O6,33,34337.86,470555.66,188569.2
342,O6,34,34367.727,471083.03,188707.14
342,O6,35,34336.316,471119.84,188748.62
342,O6,36,34496.957,471543.3,189097.36
342,O6,37,34463.27,471565.9,189500.48
342,O6,38,34582.617,472005.7,189890.36
342,O6,39,34862.14,472022.7,190343.61
342,O6,40,34826.76,472551.5,190325.17
342,O6,41,34907.87,472843.34,190178.31
342,O6,42,34963.664,472935.16,190429.77
342,O6,43,35042.164,473464.9,190971.17
342,O6,44,35068.117,473894.16,191397.52
342,O6,45,35083.043,473927.56,191519.03
343,O7,1,16566.643,356925.34,124439.664
343,O7,2,16599.396,356616.38,124655.055
343,O7,3,16776.168,356582.8,125216.84
343,O7,4,16795.06,357048.53,125361.53
343,O7,5,16835.646,357148.22,125451.375
343,O7,6,16772.27,357316.75,125587.28
343,O7,7,16756.592,357349.94,125751.49
343,O7,8,16896.234,357414.25,126022.4
343,O7,9,16929.074,357682.28,126182.24
343,O7,10,17032.059,358154.44,126203.68
343,O7,11,17042.986,358226.44,126214.99
343,O7,12,17173.852,358192.03,126259.59
343,O7,13,17179.305,358467.66,126512.06
343,O7,14,17206.576,358690.25,127070.516
343,O7,15,17337.434,359348.72,127084.88
343,O7,16,17331.879,359494.6,127178.19
343,O7,17,17311.826,359466.38,127410.07
343,O7,18,17473.332,359664.7,127467.74
343,O7,19,17471.457,359799.2,127561.016
343,O7,20,17564.244,360625.8,127644.26
343,O7,21,17577.635,360700.47,127988.27
343,O7,22,17649.809,360430.72,128196.03
343,O7,23,17677.914,360238.84,128673.47
343,O7,24,17623.725,360510.56,129366.78
343,O7,25,17719.674,361527.66,131091
343,O7,26,17795.99,362790.66,134393.97
343,O7,27,17795.01,366129.53,140159.88
343,O7,28,17929.867,370942.5,151356.77
343,O7,29,18004.084,381653.7,172279.52
343,O7,30,17959.055,401870.84,209776.52
343,O7,31,18070.912,434024,269205.2
343,O7,32,18056.686,476455.56,345545.66
343,O7,33,18109.387,520713.25,428234.6
343,O7,34,18121.568,553362.2,513196.03
343,O7,35,18101.479,577573,590904.25
343,O7,36,18117.492,594232.56,658168.2
343,O7,37,18067.482,607373.3,712686.94
343,O7,38,18081.342,618501.75,758897.7
343,O7,39,18077.273,627290.25,798330.44
343,O7,40,18087.895,634330.75,830470.56
343,O7,41,18233.672,640504,857124.2
343,O7,42,18215.035,646692.25,880591.94
343,O7,43,18268.902,651652.2,900706
343,O7,44,18362.898,656401.56,917521.9
343,O7,45,18391.016,659919.1,930594.6
344,O8,1,-414.26978,951.90106,-9245.135
344,O8,2,-394.18884,953.75323,-8969.283
344,O8,3,-435.68158,971.12085,-8883.396
344,O8,4,-544.95325,980.9678,-8960.709
344,O8,5,-546.087,986.34814,-8993.573
344,O8,6,-406.48773,958.0778,-8994.138
344,O8,7,-452.20935,901.5629,-8719.934
344,O8,8,-544.3172,885.37775,-8536.452
344,O8,9,-582.43256,986.84546,-8540.377
344,O8,10,-586.39374,985.94946,-8483.047
344,O8,11,-527.7631,925.0012,-8484.524
344,O8,12,-479.41327,873.52844,-8373.49
344,O8,13,-545.37555,841.8746,-8314.896
344,O8,14,-568.9851,826.1095,-8119.275
344,O8,15,-516.22577,861.87134,-8126.6494
344,O8,16,-459.93442,777.2333,-8112.1445
344,O8,17,-394.89413,737.79913,-8059.975
344,O8,18,-402.8333,732.8459,-7952.008
344,O8,19,-413.32376,702.451,-7997.5327
344,O8,20,-515.5982,730.6528,-8044.667
344,O8,21,-539.7996,873.28253,-8030.1436
344,O8,22,-463.7151,852.0654,-8025.5947
344,O8,23,-461.25693,806.1245,-7977.3535
344,O8,24,-435.08105,776.30176,-7969.0674
344,O8,25,-498.35107,763.611,-7980.6177
344,O8,26,-540.3561,798.11395,-7874.2124
344,O8,27,-552.8618,765.97687,-7765.283
344,O8,28,-558.4725,714.8088,-7744.914
344,O8,29,-513.3575,734.77136,-7826.6196
344,O8,30,-512.60284,877.83673,-7771.3833
344,O8,31,-473.88245,890.6271,-7565.9355
344,O8,32,-483.1498,864.11896,-7322.601
344,O8,33,-465.44952,908.2328,-7291.1475
344,O8,34,-494.51346,964.99854,-7173.863
344,O8,35,-506.57266,1000.2334,-7136.621
344,O8,36,-437.2298,996.28986,-7005.6084
344,O8,37,-467.08508,1128.6874,-6927.034
344,O8,38,-511.12622,1189.2926,-6924.904
344,O8,39,-513.1871,996.2902,-6696.5513
344,O8,40,-441.6004,945.3247,-6673.066
344,O8,41,-495.9607,1090.0996,-6724.2505
344,O8,42,-551.1833,1157.6658,-6703.066
344,O8,43,-610.64557,1245.5475,-6615.5625
344,O8,44,-584.2483,1229.4729,-6657.6606
344,O8,45,-410.3843,1293.1504,-6611.16
345,O9,1,18568.508,351702.22,135077.1
345,O9,2,18699.723,352137.88,135404.8
345,O9,3,18773.215,352309.25,135525.94
345,O9,4,18735.434,352451.7,135556.44
345,O9,5,18717.033,352391,135985.61
345,O9,6,18874.807,352301.94,136066.03
345,O9,7,19006.97,352261.06,136017.9
345,O9,8,18970.004,352454.06,136018.48
345,O9,9,18933.502,352429.8,136301.28
345,O9,10,19089.451,352510.1,136452.6
345,O9,11,19210.57,352743.38,136632.98
345,O9,12,19141.625,352673.38,136833.22
345,O9,13,19087.025,352574.94,137136.23
345,O9,14,19212.389,352791.44,137144.62
345,O9,15,19281.354,353305.22,137332.97
345,O9,16,19294.496,353600.16,137283.83
345,O9,17,19261.42,354349.62,137367.56
345,O9,18,19396.6,354391.47,137489.38
345,O9,19,19437.924,354230.97,137718.4
345,O9,20,19464.566,354174.78,138087.52
345,O9,21,19609.305,354244.66,138076.92
345,O9,22,19701.908,354594.9,138356.53
345,O9,23,19770.428,355148.78,139004.48
345,O9,24,19737.059,355423.9,139889.23
345,O9,25,19878.498,355637.78,141225.53
345,O9,26,19918.055,356932.56,144459.6
345,O9,27,19859.992,360259.28,150052.14
345,O9,28,19854.496,365428.94,160989.62
345,O9,29,20022.346,376760.7,181629.25
345,O9,30,20044.172,396170.9,218632.75
345,O9,31,19962.523,427452.22,276905.06
345,O9,32,20046.559,468214.7,351408.16
345,O9,33,20197.885,509808.53,432266.8
345,O9,34,20433.523,540113.1,514052.47
345,O9,35,20581.736,562434.5,587577.75
345,O9,36,20654.625,578868.7,651347.44
345,O9,37,20680.674,591407.2,703889.44
345,O9,38,20732.037,601838.1,748540.1
345,O9,39,20703.258,610078,785993.25
345,O9,40,20997.379,616523.8,818719.94
345,O9,41,21132.035,622721.8,846061.6
345,O9,42,21129.314,629046.44,869187
345,O9,43,21156,634176.9,889099.8
345,O9,44,21109.654,638469.94,906225.56
345,O9,45,21120.12,641553.9,919339.06
346,O10,1,-526.8968,392.07135,-15154.769
346,O10,2,-578.02985,350.95007,-15035.464
346,O10,3,-655.11707,292.41623,-14767.29
346,O10,4,-753.05133,257.75424,-14742.206
346,O10,5,-736.2459,241.42819,-14643.953
346,O10,6,-555.8187,294.808,-14608.299
346,O10,7,-485.5073,277.2592,-14493.971
346,O10,8,-574.29395,200.3709,-14372.161
346,O10,9,-627.2637,177.22984,-14350.218
346,O10,10,-592.3819,220.68672,-14404.921
346,O10,11,-455.97256,222.45073,-14417.421
346,O10,12,-433.84027,222.48938,-14319.489
346,O10,13,-461.5703,308.45355,-14332.484
346,O10,14,-623.77576,305.9456,-14400.06
346,O10,15,-686.0471,334.3727,-14368.603
346,O10,16,-689.35284,357.50388,-14370.336
346,O10,17,-697.8823,341.54614,-14168.602
346,O10,18,-651.9899,293.81052,-14219.045
346,O10,19,-622.16925,228.68672,-14254.834
346,O10,20,-634.1123,137.65863,-14014.057
346,O10,21,-580.7637,127.29516,-14019.28
346,O10,22,-523.77136,172.38359,-13979.989
346,O10,23,-556.50604,174.39024,-14049.943
346,O10,24,-600.99493,195.87534,-14137.26
346,O10,25,-633.0454,172.02104,-14100.534
346,O10,26,-611.3111,153.38937,-14151.351
346,O10,27,-565.2824,160.68422,-14065.11
346,O10,28,-541.6277,145.16832,-13917.982
346,O10,29,-666.57983,124.28688,-13889.017
346,O10,30,-667.49347,123.24539,-13952.806
346,O10,31,-490.56445,146.93265,-13843.078
346,O10,32,-557.2026,182.35681,-13719.842
346,O10,33,-608.38293,352.38678,-13698.321
346,O10,34,-564.31226,430.65836,-13614.942
346,O10,35,-495.306,494.5003,-13298.373
346,O10,36,-492.9813,468.66873,-13154.578
346,O10,37,-550.9581,472.87784,-13162.236
346,O10,38,-633.75726,477.22754,-13132.713
346,O10,39,-655.6873,567.28595,-12991.379
346,O10,40,-586.79486,564.0893,-12729.799
346,O10,41,-607.6375,555.3483,-12722.091
346,O10,42,-642.4831,526.3583,-12789.538
346,O10,43,-642.03876,524.5237,-12711.251
346,O10,44,-640.4698,522.9369,-12637.009
346,O10,45,-541.34125,550.8361,-12753.473
347,O11,1,19023.734,362782.88,133882
347,O11,2,19123.334,363004.25,133936.31
347,O11,3,19161.867,363519.2,134288.08
347,O11,4,19149.7,363552.84,134383.77
347,O11,5,19243.408,363470.16,134399.42
347,O11,6,19222.523,363517.22,134697.1
347,O11,7,19229.936,363747.47,134937.27
347,O11,8,19343.709,363820.5,135122.5
347,O11,9,19492.018,364030.38,135141.61
347,O11,10,19610.86,364157.2,135421.22
347,O11,11,19565.922,364246.94,135624.1
347,O11,12,19494.414,364681.5,135839.64
347,O11,13,19516.92,364916.62,135901.39
347,O11,14,19629.2,365012.56,136111.36
347,O11,15,19603.096,365442.78,136127.36
347,O11,16,19651.316,365596.97,136204.14
347,O11,17,19722.5,365617.34,136399.61
347,O11,18,19790.117,365632.88,136452.19
347,O11,19,20011.654,366031.9,136522.78
347,O11,20,20121.494,366211.25,136780.8
347,O11,21,20124.723,366172.4,136828.02
347,O11,22,20131.105,366386.03,136971.67
347,O11,23,20080.66,366927.94,137088.7
347,O11,24,20130.033,367132.53,137310.17
347,O11,25,20247.223,367087.94,137478.84
347,O11,26,20361.742,366962.38,137744.72
347,O11,27,20317.338,367320.84,138351.08
347,O11,28,20404.307,368262.16,139314.27
347,O11,29,20471.672,369511.8,141140.28
347,O11,30,20506.768,371393.25,144805.05
347,O11,31,20508.004,375285.12,151801.56
347,O11,32,20582.03,383385.72,164964.47
347,O11,33,20616.617,398096.2,189140.11
347,O11,34,20646.275,420546.25,225971.5
347,O11,35,20640.67,449221.75,271767.2
347,O11,36,20683.863,474031.75,323221.53
347,O11,37,20837.25,492034.94,376187.7
347,O11,38,20875.395,505663.66,425875.62
347,O11,39,20873.457,516643.9,471932.1
347,O11,40,20972.295,525764.2,514620.84
347,O11,41,21061.42,533627.75,555172.3
347,O11,42,21029.598,540268.06,592870.75
347,O11,43,21109.258,546757.7,627447.75
347,O11,44,21176.906,551871.9,661261.5
347,O11,45,21214.168,557498.44,687657.75
348,O12,1,-398.75406,1054.2789,-3995.205
348,O12,2,-353.24896,1053.8838,-3989.7283
348,O12,3,-296.1058,998.7739,-3951.968
348,O12,4,-288.0575,966.8851,-3792.3186
348,O12,5,-327.1216,1049.902,-3779.1042
348,O12,6,-336.92593,1132.98,-3760.2832
348,O12,7,-296.85168,1154.2068,-3783.0938
348,O12,8,-423.0553,1071.6003,-3768.134
348,O12,9,-472.44742,1000.5007,-3773.3003
348,O12,10,-446.0261,951.73975,-3790.0322
348,O12,11,-351.26984,931.7515,-3727.5542
348,O12,12,-357.98892,1006.0252,-3721.2317
348,O12,13,-399.09598,992.8004,-3605.3865
348,O12,14,-419.9126,986.0169,-3526.482
348,O12,15,-384.25543,894.0762,-3527.8264
348,O12,16,-374.53146,836.61505,-3552.1746
348,O12,17,-399.57593,810.9717,-3549.5322
348,O12,18,-420.70193,820.9176,-3482.4834
348,O12,19,-490.34106,836.5602,-3501.2068
348,O12,20,-492.1851,958.307,-3594.8743
348,O12,21,-400.68634,947.4845,-3668.9326
348,O12,22,-295.10773,886.8363,-3668.2815
348,O12,23,-244.50223,753.9109,-3530.2622
348,O12,24,-300.39777,760.2061,-3541.6514
348,O12,25,-419.1321,911.6652,-3555.1172
348,O12,26,-431.86337,897.1241,-3509.0876
348,O12,27,-294.6751,847.4993,-3537.2551
348,O12,28,-222.62767,832.9406,-3469.8633
348,O12,29,-316.27087,890.4146,-3333.2664
348,O12,30,-348.01114,855.34814,-3341.4797
348,O12,31,-267.4745,819.2289,-3373.834
348,O12,32,-293.29532,843.11945,-3271.4082
348,O12,33,-338.31534,945.38544,-3302.845
348,O12,34,-369.87274,968.2816,-3236.6887
348,O12,35,-461.07013,957.3689,-2998.1125
348,O12,36,-488.5341,1041.3455,-3013.9685
348,O12,37,-469.84375,1036.7347,-2974.4707
348,O12,38,-438.70862,1068.2924,-2803.5198
348,O12,39,-348.7183,1117.6388,-2773.2927
348,O12,40,-327.8732,1123.1472,-2765.7822
348,O12,41,-354.7237,1112.6252,-2762.933
348,O12,42,-354.7414,1122.2819,-2797.0732
348,O12,43,-384.56097,1107.7721,-2735.701
348,O12,44,-415.07263,990.04535,-2636.1018
348,O12,45,-415.18518,924.04254,-2422.6123
349,O13,1,19376,362818.12,138504.92
349,O13,2,19359.348,363012.12,138795.62
349,O13,3,19296.578,363331.75,139147.89
349,O13,4,19192.344,363364.62,139163.27
349,O13,5,19205.686,363565.6,139129.31
349,O13,6,19391.389,363780.1,139321.83
349,O13,7,19534.254,363835,139391.66
349,O13,8,19562.941,363814.1,139592.05
349,O13,9,19595.479,363867.47,139742.16
349,O13,10,19553.291,364332.56,139799.45
349,O13,11,19554.697,364051.3,139739.66
349,O13,12,19681.629,363994.7,139720.2
349,O13,13,19671.34,364564.56,140053.86
349,O13,14,19730.047,364850.22,140126.69
349,O13,15,19851.275,365005.4,140488.86
349,O13,16,19907.293,365119.16,140605.03
349,O13,17,19933.13,365264.06,140549.84
349,O13,18,20082.549,365570.9,140681.98
349,O13,19,20094.086,365559.28,141078.73
349,O13,20,20107.016,365762.03,141140.8
349,O13,21,20164.338,365982.22,141065.98
349,O13,22,20155.24,366159.3,141310.64
349,O13,23,20267.543,366117.3,141425.08
349,O13,24,20298.668,366320.78,141636.22
349,O13,25,20259.934,366397.2,142018.94
349,O13,26,20421.732,367023.3,142156.7
349,O13,27,20498.715,367258.53,143081.22
349,O13,28,20438.826,367852.2,144640.52
349,O13,29,20507.496,368839.16,147406.12
349,O13,30,20561.695,371530.3,152745.84
349,O13,31,20539.951,376112.06,163716.97
349,O13,32,20648.303,384926.6,183489.31
349,O13,33,20653.652,401299.7,218345.19
349,O13,34,20769.81,424322.47,267967.3
349,O13,35,20973.03,453540.12,325452.6
349,O13,36,21189.074,476734.75,385858.84
349,O13,37,21310.574,494240.06,446041.7
349,O13,38,21248.492,508282.2,500380.44
349,O13,39,21390.125,519275.88,549635.8
349,O13,40,21591.525,528530.4,594163.94
349,O13,41,21556.434,537355.1,635224.06
349,O13,42,21662.473,544747.5,672191.5
349,O13,43,21802.146,552059.56,705962.9
349,O13,44,21812.129,558242,737099.94
349,O13,45,21855.443,562600.44,761871.6
350,O14,1,-386.6614,391.3338,-5346.2744
350,O14,2,-380.5503,460.09216,-5308.113
350,O14,3,-350.89444,541.17,-5198.962
350,O14,4,-358.58624,408.27957,-5197.8633
350,O14,5,-399.83752,378.64902,-5168.705
350,O14,6,-389.3053,529.81506,-5194.3613
350,O14,7,-236.55356,415.9972,-5210.0835
350,O14,8,-253.31996,328.63513,-5197.4805
350,O14,9,-333.36597,300.10532,-4992.939
350,O14,10,-353.92667,308.51883,-4838.5938
350,O14,11,-272.88226,291.8405,-4859.1875
350,O14,12,-300.92484,346.7193,-4914.1157
350,O14,13,-370.3854,355.14352,-4935.58
350,O14,14,-480.56015,367.24582,-4798.648
350,O14,15,-469.52393,426.07236,-4810.297
350,O14,16,-327.7698,318.33887,-4814.4253
350,O14,17,-353.61542,291.49197,-4807.135
350,O14,18,-410.3924,394.79373,-4656.4624
350,O14,19,-478.73566,231.97575,-4638.1797
350,O14,20,-475.95535,201.03764,-4725.2153
350,O14,21,-384.51553,356.93713,-4822.9497
350,O14,22,-367.9886,319.59836,-4867.7734
350,O14,23,-304.25244,208.67877,-4707.4526
350,O14,24,-337.80432,144.48473,-4534.4653
350,O14,25,-380.89896,74.794014,-4750.561
350,O14,26,-385.79404,68.63127,-4833.347
350,O14,27,-366.03473,155.30557,-4676.01
350,O14,28,-434.5819,314.476,-4614.0645
350,O14,29,-436.25043,289.50763,-4649.4185
350,O14,30,-308.23947,184.49547,-4564.3857
350,O14,31,-282.4163,144.04826,-4537.6807
350,O14,32,-282.00027,153.31444,-4453.6533
350,O14,33,-252.16986,169.73454,-4310.507
350,O14,34,-279.77945,307.36023,-4225.8706
350,O14,35,-300.46948,348.67093,-4272.9395
350,O14,36,-331.37207,307.0952,-4273.2935
350,O14,37,-330.444,272.29556,-4105.084
350,O14,38,-359.8735,266.9912,-4008.9749
350,O14,39,-357.9421,382.26584,-3969.7686
350,O14,40,-301.64923,397.18723,-3941.7588
350,O14,41,-316.04718,497.1981,-3997.0054
350,O14,42,-303.83755,509.7415,-3887.9263
350,O14,43,-297.39822,483.86777,-3849.1104
350,O14,44,-302.5207,504.8944,-3869.6377
350,O14,45,-198.02316,461.0174,-3615.967
351,O15,1,20176.98,371213.66,133290.25
351,O15,2,20187.895,371409.28,133421.84
351,O15,3,20309.02,371788.28,133459.08
351,O15,4,20331.88,371955.22,133464.83
351,O15,5,20407.594,371952.78,133772.45
351,O15,6,20416.115,371903.66,134218.64
351,O15,7,20511.098,371806.72,134367.92
351,O15,8,20574.756,371875.8,134391.2
351,O15,9,20695.14,372390.88,134556.12
351,O15,10,20678.35,372489.66,134687.81
351,O15,11,20681.559,372755.1,134779.75
351,O15,12,20728.006,372907.38,134815.2
351,O15,13,20844.92,372890.03,135216.64
351,O15,14,20864.13,373137.2,135278.92
351,O15,15,20940.469,373223.2,135342.7
351,O15,16,20938.717,373351.78,135526.66
351,O15,17,21094.672,373316.34,135605.19
351,O15,18,21092.566,373462.12,135793.36
351,O15,19,21049.434,373459.75,136138.08
351,O15,20,21189.543,373802.28,136041.64
351,O15,21,21183.719,374179.1,135885.27
351,O15,22,21123.11,374409.88,136000.27
351,O15,23,21224.605,374374.6,136274.36
351,O15,24,21349.76,374595.6,136315.64
351,O15,25,21454.885,374719.5,136427.89
351,O15,26,21313.32,374698.56,136542.77
351,O15,27,21266.08,375058.9,136805.08
351,O15,28,21562.822,375372.72,136969.55
351,O15,29,21703.219,375445.06,137349.73
351,O15,30,21792.01,375790.94,137809.03
351,O15,31,21865.285,376526,138703.86
351,O15,32,21827.46,377857.9,140263.9
351,O15,33,21748.47,380050.1,143616.33
351,O15,34,21699.676,383627.16,149432.05
351,O15,35,21905.744,389805.75,158110.9
351,O15,36,21908.773,395721.28,169701.06
351,O15,37,22089.15,401939.34,183325.05
351,O15,38,22169.957,407123.16,197199.6
351,O15,39,22144.145,410914.9,210894.05
351,O15,40,22191.43,413654.3,224087.27
351,O15,41,22394.326,416624.5,236848.75
351,O15,42,22437.078,418770.8,250219.5
351,O15,43,22371.115,420645.2,263150.34
351,O15,44,22441.453,423074.53,276053.22
351,O15,45,22523.516,424968.53,287489.9
352,O16,1,-292.5751,430.62247,-5102.9106
352,O16,2,-256.30737,415.0192,-5010.1836
352,O16,3,-255.95425,460.38165,-5001.0547
352,O16,4,-242.46878,463.70245,-4964.404
352,O16,5,-245.7816,506.4193,-4785.313
352,O16,6,-211.76723,493.8735,-4658.6475
352,O16,7,-287.67145,514.87646,-4687.729
352,O16,8,-279.42783,440.94724,-4647.3853
352,O16,9,-126.71547,383.96426,-4499.947
352,O16,10,-177.85872,354.25027,-4391.974
352,O16,11,-214.50844,224.43788,-4416.7676
352,O16,12,-174.69606,153.139,-4319.1895
352,O16,13,-217.18268,212.92528,-4264.23
352,O16,14,-288.29965,476.0539,-4350.1353
352,O16,15,-322.34238,421.09314,-4431.2583
352,O16,16,-345.54062,365.97122,-4414.844
352,O16,17,-320.38687,402.20663,-4394.59
352,O16,18,-196.65982,393.38632,-4110.105
352,O16,19,-185.2347,384.31442,-4135.36
352,O16,20,-173.27917,409.99246,-4244.9067
352,O16,21,-208.57864,361.7342,-4302.2314
352,O16,22,-249.7093,275.27264,-4151.1934
352,O16,23,-273.52628,244.3974,-4069.0498
352,O16,24,-268.3685,336.54443,-4113.7407
352,O16,25,-284.21954,541.88544,-4140.1914
352,O16,26,-289.0215,480.2985,-4071.5203
352,O16,27,-314.63455,245.72203,-4010.5498
352,O16,28,-307.79355,199.75668,-3910.1213
352,O16,29,-206.74268,307.21173,-3985.1648
352,O16,30,-177.02324,379.4777,-4071.1533
352,O16,31,-231.53761,293.71252,-3980.8494
352,O16,32,-269.70898,287.83432,-3915.6482
352,O16,33,-284.5796,478.31897,-3950.8826
352,O16,34,-267.35727,563.6927,-3816.5754
352,O16,35,-154.87526,465.78983,-3822.4255
352,O16,36,-247.121,399.40085,-3801.5447
352,O16,37,-275.23505,385.65695,-3740.5508
352,O16,38,-199.09561,349.73096,-3552.144
352,O16,39,-183.8814,343.35938,-3477.4973
352,O16,40,-102.829865,373.6624,-3422.5173
352,O16,41,-131.89569,468.03223,-3338.8076
352,O16,42,-185.32922,435.73157,-3360.7522
352,O16,43,-230.55507,410.98154,-3459.1958
352,O16,44,-235.62697,502.5007,-3446.2542
352,O16,45,-128.91412,480.71222,-3538.841
353,O17,1,21362.129,367156.22,141593.67
353,O17,2,21428.555,367625.8,141864.7
353,O17,3,21514.84,368587.4,142473.1
353,O17,4,21616.854,369406.4,142748.83
353,O17,5,21720.408,369700.03,142764.5
353,O17,6,21759.223,369615.12,143096.52
353,O17,7,21737.37,369550.06,143412.94
353,O17,8,21732.486,370110.78,143424.5
353,O17,9,21823.23,370919.47,143633.36
353,O17,10,21869.46,371002.66,143703.47
353,O17,11,22116.025,371111.03,144254.03
353,O17,12,22154.674,371133.56,144536.03
353,O17,13,22127.062,371697.1,144482.66
353,O17,14,22074.217,371829.34,144691.36
353,O17,15,22119.006,372007.3,144916.45
353,O17,16,22359.36,372201.53,145094.52
353,O17,17,22422.965,372853.44,145328.55
353,O17,18,22381.523,373029.88,145572.25
353,O17,19,22494.512,373450.6,145497.7
353,O17,20,22483.154,373396.16,145682.12
353,O17,21,22609.525,373564.22,146031.83
353,O17,22,22636.092,373871.75,146091.62
353,O17,23,22807.932,374104.7,145996.33
353,O17,24,22807.01,374084.66,146129.97
353,O17,25,22865.607,374307.1,146258.25
353,O17,26,22844.271,374521.72,146488.5
353,O17,27,22967.688,374792.16,146792.67
353,O17,28,23024.402,374739.62,147217.53
353,O17,29,23092.586,374912.47,147847.3
353,O17,30,23050.023,375383.66,148771.64
353,O17,31,23049.986,376448.34,150319.17
353,O17,32,23152.543,378017.22,153383.67
353,O17,33,23177.61,380138.44,159828.6
353,O17,34,23277.629,384983.84,171687.67
353,O17,35,23292.434,392604.2,190242.4
353,O17,36,23396.16,402367.97,214224.19
353,O17,37,23486.016,411145.28,242011.47
353,O17,38,23533.646,418210.62,271404.94
353,O17,39,23573.365,424215.3,300238.44
353,O17,40,23687.482,429374.72,327437.5
353,O17,41,23792.94,433472,353947.9
353,O17,42,23879.086,436371.2,379770.06
353,O17,43,23964.158,438600.16,405535.66
353,O17,44,24052.62,441490.75,430410.72
353,O17,45,24037.832,443886.75,452645.3
354,O18,1,-1321.4028,-51.78835,-23021.293
354,O18,2,-1282.4952,-40.71006,-22842.744
354,O18,3,-1292.974,-80.182434,-22207.627
354,O18,4,-1305.5101,-51.629726,-21870.773
354,O18,5,-1275.797,110.925354,-21647.273
354,O18,6,-1192.0458,118.82312,-21273.389
354,O18,7,-1178.9408,113.9799,-20884.57
354,O18,8,-1359.4165,86.22823,-20771.396
354,O18,9,-1380.4111,96.06087,-20527.04
354,O18,10,-1272.2268,105.5344,-20333.504
354,O18,11,-1267.2811,76.748604,-20051.424
354,O18,12,-1222.7802,55.84681,-19835.879
354,O18,13,-1141.2618,102.17788,-19586.986
354,O18,14,-1233.51,110.23147,-19538.393
354,O18,15,-1274.8535,211.18692,-19401.734
354,O18,16,-1211.2452,201.0158,-19428.691
354,O18,17,-1140.8333,67.44699,-19111.104
354,O18,18,-1132.1495,38.40615,-19074.799
354,O18,19,-1280.4238,119.55108,-19199.994
354,O18,20,-1302.1335,29.641958,-19025.998
354,O18,21,-1160.7682,16.389027,-18879.68
354,O18,22,-1147.9292,161.15092,-18729.72
354,O18,23,-1164.3243,207.1937,-18117.908
354,O18,24,-1151.8513,223.94495,-17936.336
354,O18,25,-1246.0859,171.94739,-17779.156
354,O18,26,-1290.2042,121.80302,-17764.7
354,O18,27,-1235.9802,106.54329,-17688.38
354,O18,28,-1117.4478,115.27453,-17725.852
354,O18,29,-1138.5743,264.56552,-17730.27
354,O18,30,-1195.5989,251.45076,-17643.42
354,O18,31,-1275.6548,218.48334,-17549.945
354,O18,32,-1300.5452,246.53192,-17535.43
354,O18,33,-1227.3146,333.8909,-17547.71
354,O18,34,-1170.4031,327.12234,-17207.355
354,O18,35,-1183.3534,406.41748,-16869.049
354,O18,36,-1136.3464,459.88345,-16844.484
354,O18,37,-1115.6685,504.21466,-16982.215
354,O18,38,-1118.0056,486.52136,-16881.217
354,O18,39,-1046.084,580.1714,-16408.701
354,O18,40,-1097.0387,542.2478,-16344.001
354,O18,41,-1144.3191,480.1818,-16422.3
354,O18,42,-1116.8903,421.36368,-16219.895
354,O18,43,-1116.3934,427.5199,-15980.314
354,O18,44,-1054.9408,417.6212,-16003.516
354,O18,45,-923.71735,564.4725,-15891
355,O19,1,19120.348,358461.4,122093.85
355,O19,2,19152.518,358669.72,122363.4
355,O19,3,19237.898,359245.6,122580.36
355,O19,4,19283.057,359616.4,122885.8
355,O19,5,19288.035,360078.12,122973.875
355,O19,6,19393.502,360088.1,123322.055
355,O19,7,19398.434,359987.2,123385.555
355,O19,8,19455.193,360147.5,123677.78
355,O19,9,19441.914,360422,123986.21
355,O19,10,19543.162,360474.03,124435
355,O19,11,19756.232,360852.8,124195.336
355,O19,12,19797.018,360836.06,124102.695
355,O19,13,19682.918,360897.4,124690.72
355,O19,14,19639.4,361395.03,125485.21
355,O19,15,19803.46,362014.25,126160.41
355,O19,16,19881.004,362713.53,127514.37
355,O19,17,19950.074,364344.2,130559.875
355,O19,18,20087.908,367457.53,136591.7
355,O19,19,20153.23,373524,147868.94
355,O19,20,20210.307,384928.03,168929.72
355,O19,21,20349.03,407060.9,207597.83
355,O19,22,20662.133,443401.12,269158.7
355,O19,23,21147.463,489204.1,347111.88
355,O19,24,21610.61,534976.94,424916.25
355,O19,25,21866.77,568317.75,501055.16
355,O19,26,22292.445,593451.44,569926.75
355,O19,27,22396.602,612814.06,629303.06
355,O19,28,22624.508,627470.3,681866.7
355,O19,29,22747.334,639369.9,724918.7
355,O19,30,22954.877,650774,761639.9
355,O19,31,23149.2,659809.25,794980.3
355,O19,32,23310.7,667526.5,823207.06
355,O19,33,23476.572,674619,846580.9
355,O19,34,23684.744,680097.4,868423.6
355,O19,35,23695.14,684939.6,886629.8
355,O19,36,23674.799,689636.1,902525.9
355,O19,37,23749.07,693124.9,916961.2
355,O19,38,23994.379,695305.9,929780.4
355,O19,39,24034.008,697653.3,941226.44
355,O19,40,24156.988,700671.9,949395.6
355,O19,41,24267.645,702806.9,957067.4
355,O19,42,24140.04,704109.8,964514.4
355,O19,43,24227.426,705298.25,972353.4
355,O19,44,24364.871,707420.3,975619.44
355,O19,45,24538.502,708444.06,979365.3
356,O20,1,-397.83432,799.4627,-7098.09
356,O20,2,-405.81143,802.72424,-7033.5547
356,O20,3,-344.77313,724.1124,-6891.2295
356,O20,4,-324.4137,699.74286,-6722.5405
356,O20,5,-337.53043,786.3146,-6661.715
356,O20,6,-352.24866,810.0956,-6337.1133
356,O20,7,-383.48734,875.7208,-6150.4023
356,O20,8,-366.24628,793.53754,-6151.0083
356,O20,9,-294.34198,764.6565,-6121.838
356,O20,10,-292.59,850.3463,-6020.6704
356,O20,11,-359.28644,742.7789,-5925.9956
356,O20,12,-501.27936,698.08936,-5914.7188
356,O20,13,-512.476,744.6461,-5987.4204
356,O20,14,-420.9508,672.0875,-5909.413
356,O20,15,-392.62048,614.2099,-5720.5044
356,O20,16,-281.90945,556.4036,-5644.2812
356,O20,17,-301.1164,581.5946,-5601.144
356,O20,18,-357.76773,742.73395,-5418.304
356,O20,19,-382.34183,810.05927,-5253.1885
356,O20,20,-334.5589,919.939,-5335.2217
356,O20,21,-346.8674,823.44507,-5364.5864
356,O20,22,-335.38605,765.75287,-5182.5425
356,O20,23,-372.74936,829.82983,-5065.8867
356,O20,24,-414.92932,920.76404,-4962.318
356,O20,25,-432.01526,784.1973,-5003.777
356,O20,26,-400.40112,739.11237,-4919.716
356,O20,27,-338.178,847.04663,-4753.442
356,O20,28,-337.42813,909.03534,-4648.269
356,O20,29,-268.24222,1018.7605,-4659.5454
356,O20,30,-189.15414,1112.3763,-4525.413
356,O20,31,-208.48634,1132.5892,-4270.3315
356,O20,32,-229.38536,1175.3502,-4315.0845
356,O20,33,-169.94359,1380.4944,-4198.5024
356,O20,34,-165.80164,1393.7987,-3999.3223
356,O20,35,-178.3137,1318.5264,-3706.4495
356,O20,36,-222.57535,1329.75,-3425.6536
356,O20,37,-221.11932,1432.6061,-3312.9448
356,O20,38,-223.51135,1489.6754,-3199.8315
356,O20,39,-340.80328,1423.8951,-3058.9302
356,O20,40,-382.47525,1442.7919,-3119.772
356,O20,41,-298.89633,1598.1736,-3087.0193
356,O20,42,-211.62769,1604.3016,-3086.072
356,O20,43,-221.68016,1560.2513,-2939.887
356,O20,44,-159.72386,1361.3502,-2831.609
356,O20,45,-100.81308,1243.8263,-2586.6812
357,O21,1,17753.693,355007.72,129208.34
357,O21,2,17766.547,355196.62,129370.93
357,O21,3,17907.371,355821.9,129911.79
357,O21,4,17928.17,356161.06,130245.57
357,O21,5,17986.986,356476.1,130693.414
357,O21,6,17989.477,356446.97,130702.836
357,O21,7,18073.883,356475,130616.98
357,O21,8,18148.951,356749.12,130802.805
357,O21,9,18126.467,357324.28,131202.25
357,O21,10,18186.764,357670.2,131785.34
357,O21,11,18288.434,357630,131913.95
357,O21,12,18297.56,357765.38,132191.66
357,O21,13,18346.988,358170.12,132133.17
357,O21,14,18388.781,358529.16,132010.95
357,O21,15,18482.982,358824.12,132194.28
357,O21,16,18560.266,359120.97,132345.95
357,O21,17,18561.455,359309.2,132500.14
357,O21,18,18690.195,359295.53,132888.58
357,O21,19,18672.352,359766,133263.19
357,O21,20,18647.828,359966.94,133362.3
357,O21,21,18746.984,359991,134033.22
357,O21,22,18718.287,360839.94,135194.9
357,O21,23,18789.531,361919.84,137074.78
357,O21,24,18848.01,363670.22,140321.28
357,O21,25,18919.414,367224.94,146908.94
357,O21,26,18959.96,374011.44,159901.08
357,O21,27,19078.248,387343.44,184266.52
357,O21,28,19241.938,412141.56,227107.5
357,O21,29,19350.154,448285.03,291462.56
357,O21,30,19562.354,491976.44,367166.84
357,O21,31,19723.691,532854.7,441115.8
357,O21,32,19841.246,562531.6,512746.88
357,O21,33,20031.176,584879.06,574538.2
357,O21,34,20231.346,601298,627706.3
357,O21,35,20338.51,615065.2,672331.4
357,O21,36,20521.605,625884.7,710093.3
357,O21,37,20619.02,633587.56,742859.9
357,O21,38,20679.715,641228.56,770137.9
357,O21,39,20692.768,648624.56,792251.94
357,O21,40,20739.027,653850.3,812836.75
357,O21,41,20849.186,657976.44,831579.56
357,O21,42,20981.322,661980.44,845616.3
357,O21,43,21135.191,665847.44,858368.1
357,O21,44,21130.396,670450.3,869462.6
357,O21,45,21023.93,672516.6,880400.6
358,O22,1,-16.547886,1482.8118,-5796.529
358,O22,2,-17.580925,1454.8564,-5738.4253
358,O22,3,82.40525,1336.4626,-5674.9995
358,O22,4,55.82245,1344.3041,-5418.11
358,O22,5,-30.41732,1507.5665,-5356.1045
358,O22,6,-60.73024,1563.2299,-5374.279
358,O22,7,-36.72119,1433.9269,-5232.4907
358,O22,8,-17.946249,1340.7252,-5170.9844
358,O22,9,15.249733,1331.2302,-5126.685
358,O22,10,-93.49236,1379.7665,-4836.7085
358,O22,11,-93.58272,1384.0012,-4978.0566
358,O22,12,39.17929,1418.9717,-5079.9946
358,O22,13,53.88262,1426.6215,-5019.874
358,O22,14,-8.559856,1500.3358,-5033.8726
358,O22,15,-2.226553,1508.5408,-4888.745
358,O22,16,157.0165,1552.4913,-4824.3735
358,O22,17,160.38448,1430.5135,-4930.4214
358,O22,18,157.6874,1380.9542,-5000.8447
358,O22,19,135.79271,1415.8114,-4878.304
358,O22,20,150.3373,1478.0393,-4750.431
358,O22,21,114.23093,1452.326,-4609.652
358,O22,22,82.583336,1386.0834,-4660.8564
358,O22,23,62.60276,1385.4326,-4656.1353
358,O22,24,115.65905,1493.9846,-4595.098
358,O22,25,93.0865,1469.5444,-4498.433
358,O22,26,74.35437,1448.1887,-4435.4644
358,O22,27,73.57058,1520.7355,-4503.4126
358,O22,28,134.82616,1535.4509,-4526.2236
358,O22,29,136.59322,1526.9943,-4423.09
358,O22,30,210.8611,1624.1478,-4482.46
358,O22,31,195.07393,1661.0819,-4429.6543
358,O22,32,212.13263,1723.8647,-4220.1826
358,O22,33,221.84479,1646.4525,-4180.9004
358,O22,34,231.47705,1613.8967,-4040.4338
358,O22,35,201.56061,1728.2178,-4078.8325
358,O22,36,199.84578,1731.2026,-4020.0674
358,O22,37,143.60979,1717.0664,-4034.664
358,O22,38,99.10913,1677.2802,-3810.4758
358,O22,39,125.139984,1680.9331,-3811.6152
358,O22,40,160.4995,1599.8715,-3685.3713
358,O22,41,166.99405,1562.699,-3706.717
358,O22,42,139.59663,1643.7351,-3708.5251
358,O22,43,98.46555,1690.3333,-3689.471
358,O22,44,25.350649,1790.4933,-3779.6172
358,O22,45,-17.875086,1768.7957,-3730.409
359,O23,1,16950.797,366192.9,129168.81
359,O23,2,16899.867,366582.06,129324.31
359,O23,3,16893.32,366886.78,129432.445
359,O23,4,17008.969,366866.56,129713.984
359,O23,5,17149.453,366656,129880.445
359,O23,6,17153.72,366572.8,129825.07
359,O23,7,17197.871,366865.5,129639.56
359,O23,8,17179.018,367422.94,129671.336
359,O23,9,17148.209,367379.28,130179.38
359,O23,10,17209.58,367270.2,130320.055
359,O23,11,17271.828,367379.75,130674.19
359,O23,12,17407.482,367400.25,130650.04
359,O23,13,17404.988,367563.8,130566.086
359,O23,14,17473.977,368074.56,130592.36
359,O23,15,17504.172,368372.97,130776.03
359,O23,16,17575.615,368381.8,130883.8
359,O23,17,17729.059,368329.6,130844.93
359,O23,18,17680.709,368598.25,131018.39
359,O23,19,17592.072,369038.22,131014
359,O23,20,17556.164,369045.9,131020.766
359,O23,21,17754.7,368981.1,131477.23
359,O23,22,17933.398,369408.56,131402.56
359,O23,23,17897.627,369780.38,131319.23
359,O23,24,17824.396,369731.47,131626.6
359,O23,25,17915.365,369860.53,131721.86
359,O23,26,18057.969,369882.8,132010.62
359,O23,27,18116.61,369897.2,132294.67
359,O23,28,18130.871,370283.75,132312.66
359,O23,29,18261.312,370269.62,132568.58
359,O23,30,18286.09,370534.28,132913.9
359,O23,31,18296.104,371155.2,133860.78
359,O23,32,18272.475,372171.75,134721.36
359,O23,33,18266.121,373346.9,137322.17
359,O23,34,18335.55,375889.56,142269.84
359,O23,35,18318.016,379987.22,150267.44
359,O23,36,18510.209,384989.22,160950.19
359,O23,37,18529.99,389824.06,173991.39
359,O23,38,18562.059,393459.88,187335.69
359,O23,39,18578.16,396991.94,199784.81
359,O23,40,18673.484,399801,211026.95
359,O23,41,18634.084,401919.8,222438.19
359,O23,42,18719.64,403428.34,233855.81
359,O23,43,18824.889,404819.62,244675.75
359,O23,44,18792.324,406086.72,255696.08
359,O23,45,18788.934,407242.38,265463.78
360,O24,1,197.79161,938.9592,224.99893
360,O24,2,214.61365,954.4799,392.5378
360,O24,3,221.76477,1012.645,602.4877
360,O24,4,308.0798,1122.5524,699.73596
360,O24,5,260.2973,1049.9512,971.6066
360,O24,6,221.57826,995.8209,1044.0275
360,O24,7,237.59651,1005.4401,1354.4094
360,O24,8,181.49663,958.3023,1557.804
360,O24,9,142.69537,872.94183,1524.4077
360,O24,10,150.02643,839.83795,1599.3021
360,O24,11,207.40587,879.1031,1516.733
360,O24,12,176.82162,996.5798,1485.0934
360,O24,13,151.16115,1021.32,1599.7007
360,O24,14,180.27982,1076.978,1373.6825
360,O24,15,197.93597,851.19653,1255.4677
360,O24,16,170.29051,821.2973,1492.3436
360,O24,17,123.16559,958.9569,1980.0597
360,O24,18,109.80484,956.82745,2092.8298
360,O24,19,164.70361,935.0176,2017.5948
360,O24,20,226.13553,937.53143,1900.4196
360,O24,21,187.31992,940.27625,1940.9858
360,O24,22,90.45121,1074.8348,2018.1412
360,O24,23,73.51209,1215.3441,1935.203
360,O24,24,118.96063,1259.9698,1988.8209
360,O24,25,181.97073,1224.0513,2136.2407
360,O24,26,175.37878,1256.1084,2108.843
360,O24,27,199.82439,1265.0535,2162.363
360,O24,28,237.09485,1226.8962,2218.103
360,O24,29,183.95543,1225.6377,2284.2424
360,O24,30,159.24007,1171.5752,2224.7349
360,O24,31,199.06746,1155.4904,2168.6406
360,O24,32,174.93109,1257.2703,2082.9045
360,O24,33,164.7714,1240.8734,2172.2485
360,O24,34,255.57701,1049.7557,2094.7273
360,O24,35,330.9593,993.30493,2058.6648
360,O24,36,326.70773,1072.2728,2061.4158
360,O24,37,204.62552,1066.7338,2485.3816
360,O24,38,178.63211,1103.367,2578.421
360,O24,39,283.81482,1075.6694,2638.8074
360,O24,40,327.36346,997.46533,2560.581
360,O24,41,382.6393,951.04706,2680.204
360,O24,42,333.60675,969.42773,2803.0588
360,O24,43,294.9413,1024.181,2713.9883
360,O24,44,341.4983,991.916,2779.7275
360,O24,45,355.00745,947.8506,2908.429
361,P1,1,-481.7475,656.0883,-10450.746
361,P1,2,-467.62454,642.2577,-10449.639
361,P1,3,-458.22165,659.1666,-10307.852
361,P1,4,-323.45566,660.60187,-9745.221
361,P1,5,-316.8114,749.4307,-9629.309
361,P1,6,-458.0926,764.7588,-9488.6455
361,P1,7,-527.49176,853.9783,-9602.951
361,P1,8,-561.0246,766.7015,-9870.283
361,P1,9,-562.01117,696.178,-10050.713
361,P1,10,-442.77444,652.18945,-10127.102
361,P1,11,-366.81723,568.4704,-10090.301
361,P1,12,-444.56146,592.22394,-9906.658
361,P1,13,-499.99084,826.47156,-9807.634
361,P1,14,-516.9,815.0797,-9362.076
361,P1,15,-563.3471,700.6196,-9248.066
361,P1,16,-642.65405,668.61694,-9444.168
361,P1,17,-618.2099,752.668,-9489.893
361,P1,18,-431.86917,746.82446,-9210.096
361,P1,19,-384.52692,729.5942,-9167.038
361,P1,20,-469.45038,526.6513,-8986.895
361,P1,21,-502.6788,494.2246,-8984.946
361,P1,22,-436.96265,580.32245,-8674.207
361,P1,23,-455.94434,593.18884,-8051.0083
361,P1,24,-591.5626,660.7127,-7994.328
361,P1,25,-589.6204,759.3502,-7910.7725
361,P1,26,-378.53058,977.41003,-7984.62
361,P1,27,-221.37088,993.51776,-7901.823
361,P1,28,-114.090836,914.41956,-7728.4214
361,P1,29,-138.03111,821.96796,-7632.309
361,P1,30,-367.60922,826.6411,-7845.9106
361,P1,31,-459.8532,1066.9604,-7856.1494
361,P1,32,-475.9448,1071.9683,-7244.191
361,P1,33,-474.4655,1083.2964,-7325.259
361,P1,34,-341.82306,1054.8541,-7458.026
361,P1,35,-303.08002,717.0929,-7198.5415
361,P1,36,-325.96622,654.4446,-6941.438
361,P1,37,-269.40344,870.2329,-6757.875
361,P1,38,-280.08112,948.6445,-7166.019
361,P1,39,-226.16208,859.66254,-7292.042
361,P1,40,-242.3295,750.13947,-6822.4873
361,P1,41,-199.42694,571.0474,-6714.965
361,P1,42,-231.3494,589.5302,-6632.2715
361,P1,43,-220.7543,860.61304,-6785.1357
361,P1,44,-197.82556,799.6514,-6790.887
361,P1,45,-161.25655,725.3422,-6052.9907
362,P2,1,-1925.545,-37.0956,-19457.234
362,P2,2,-1914.6003,-38.206997,-19307.15
362,P2,3,-1724.4838,30.0078,-19082.145
362,P2,4,-1680.5862,6.507063,-18972.05
362,P2,5,-1730.3617,-37.52176,-19049.262
362,P2,6,-1766.3774,-166.3314,-19129.809
362,P2,7,-1783.4708,-168.95044,-19047.91
362,P2,8,-1946.9701,-9.701898,-18744.547
362,P2,9,-1955.218,-86.08418,-18883.201
362,P2,10,-1815.9308,-223.20877,-18960.914
362,P2,11,-1798.6711,-188.11296,-18824.379
362,P2,12,-1754.1887,64.122665,-18820.896
362,P2,13,-1771.4679,-23.566086,-18692.867
362,P2,14,-1789.1229,-221.01651,-18589.186
362,P2,15,-1913.5858,-234.21509,-18317.732
362,P2,16,-1926.2401,-104.52909,-18338.785
362,P2,17,-1791.613,-45.462048,-18358.133
362,P2,18,-1754.2627,-25.703552,-18382.506
362,P2,19,-1776.8546,-104.18155,-18334.266
362,P2,20,-1756.3491,-122.43467,-18052.803
362,P2,21,-1821.2349,6.248705,-18035.318
362,P2,22,-1876.3417,75.29699,-18089.486
362,P2,23,-1923.3407,-28.042368,-18091.88
362,P2,24,-1923.7748,-50.399128,-17939.336
362,P2,25,-1833.4233,92.40677,-17943.535
362,P2,26,-1836.0193,81.19402,-17728.904
362,P2,27,-1815.5806,77.424065,-17617.396
362,P2,28,-1760.1917,248.34418,-17509.83
362,P2,29,-1710.705,187.69308,-17373.746
362,P2,30,-1658.907,86.17595,-17165.43
362,P2,31,-1625.6514,-39.20304,-16936.53
362,P2,32,-1532.68,-50.32409,-16754.285
362,P2,33,-1564.8004,134.90622,-16851.111
362,P2,34,-1584.8131,160.44882,-16920.373
362,P2,35,-1562.909,129.361,-16901.363
362,P2,36,-1595.7172,163.36826,-16348.714
362,P2,37,-1572.3098,-0.30579233,-16399.02
362,P2,38,-1545.3177,-40.269302,-16556.121
362,P2,39,-1469.4387,120.40023,-16428.068
362,P2,40,-1493.6854,192.67062,-16300.361
362,P2,41,-1567.4036,173.41202,-16389.555
362,P2,42,-1632.981,135.65659,-16343.473
362,P2,43,-1642.6986,95.98308,-16410.229
362,P2,44,-1520.6776,42.709328,-16266.261
362,P2,45,-1513.4523,24.58793,-16369.03
363,P3,1,90.25578,-64.87123,-5449.9663
363,P3,2,110.23055,-102.517456,-5227.69
363,P3,3,303.30032,-139.91333,-4864.834
363,P3,4,223.70244,-139.54674,-4861.9717
363,P3,5,190.45793,-135.40944,-4854.702
363,P3,6,288.02246,-125.407875,-4938.49
363,P3,7,334.78452,-39.817028,-4918.6816
363,P3,8,419.6346,-101.29624,-4512.362
363,P3,9,403.10284,-172.77766,-4527.474
363,P3,10,405.43048,-188.09921,-4627.8755
363,P3,11,447.23752,-132.08502,-4533.4004
363,P3,12,306.3516,19.274616,-4312.767
363,P3,13,179.0432,63.746902,-4353.513
363,P3,14,149.02298,-20.63681,-4379.7593
363,P3,15,232.80965,-72.68701,-4444.0137
363,P3,16,348.97418,-103.107666,-4408.7593
363,P3,17,296.39307,-183.27939,-3858.0386
363,P3,18,252.99657,-199.9506,-3701.868
363,P3,19,278.1636,-170.45834,-3812.8545
363,P3,20,281.1717,-134.40492,-3911.3816
363,P3,21,396.92374,-139.22041,-4147.837
363,P3,22,461.06866,-161.4965,-4254.0747
363,P3,23,486.60217,-122.30113,-4115.9844
363,P3,24,443.88327,99.4892,-4167.7183
363,P3,25,439.27466,158.05649,-4138.9907
363,P3,26,439.09024,240.86247,-3968.9004
363,P3,27,418.0675,277.92856,-3660.7732
363,P3,28,513.6986,159.35756,-3545.6423
363,P3,29,550.36945,103.233246,-3549.3667
363,P3,30,479.37378,160.65701,-3167.0427
363,P3,31,415.7857,158.47578,-3007.2664
363,P3,32,437.7119,167.05771,-2951.2917
363,P3,33,546.5588,198.16957,-2985.7158
363,P3,34,594.5336,178.92325,-3093.9685
363,P3,35,564.15454,209.27527,-3109.8809
363,P3,36,616.20544,153.96783,-2570.0999
363,P3,37,599.1023,61.658707,-2358.6384
363,P3,38,607.4416,30.738491,-2517.7158
363,P3,39,662.7799,109.76201,-2659.7527
363,P3,40,600.13605,136.28226,-2585.8987
363,P3,41,553.37665,276.97388,-2663.7478
363,P3,42,652.987,157.51402,-2564.7522
363,P3,43,700.8096,75.221825,-2557.3884
363,P3,44,697.5365,55.698093,-2600.9146
363,P3,45,634.1538,15.823812,-2471.6057
364,P4,1,228.04993,1034.4607,26.081669
364,P4,2,131.5385,1050.0835,-28.174967
364,P4,3,104.03911,1222.506,-34.014107
364,P4,4,192.0329,1225.4844,116.74159
364,P4,5,205.90758,1243.7179,384.19373
364,P4,6,211.52731,1181.0706,559.2713
364,P4,7,324.05392,1106.3617,870.4782
364,P4,8,330.45145,1033.7555,925.3541
364,P4,9,371.152,860.6877,975.909
364,P4,10,352.6562,834.296,1099.7156
364,P4,11,338.68152,1017.9597,1071.552
364,P4,12,268.05923,1095.9731,1130.1052
364,P4,13,232.50862,894.716,1132.6364
364,P4,14,275.1209,846.2246,1353.7068
364,P4,15,322.7788,961.20154,1305.5099
364,P4,16,406.82425,907.0529,1243.1334
364,P4,17,393.94147,825.277,1366.8177
364,P4,18,378.3441,706.60956,1571.5303
364,P4,19,358.74866,756.44495,1729.0612
364,P4,20,425.76544,1047.1158,1666.3075
364,P4,21,373.51825,993.4183,1666.2169
364,P4,22,216.96352,918.4176,1702.7557
364,P4,23,184.2764,893.07916,1996.7549
364,P4,24,309.94733,878.3566,1966.4391
364,P4,25,439.8256,838.4582,1948.7681
364,P4,26,397.46207,766.353,1933.1096
364,P4,27,357.25693,808.4339,1982.899
364,P4,28,411.5557,1098.4443,1946.3213
364,P4,29,429.5579,1102.2999,2211.54
364,P4,30,539.2142,1046.9413,2519.9668
364,P4,31,661.7495,1091.5637,2639.0737
364,P4,32,652.80365,1162.3008,2665.7502
364,P4,33,711.6055,1153.8708,2809.67
364,P4,34,709.5275,1258.2928,2840.0032
364,P4,35,616.90076,1367.8121,2721.8306
364,P4,36,578.47,1295.9846,2789.737
364,P4,37,700.3785,1144.8865,3097.0706
364,P4,38,697.873,1072.7751,3143.224
364,P4,39,766.73193,1110.3038,3124.6328
364,P4,40,721.4131,1150.1049,3425.9941
364,P4,41,661.2777,1100.6525,3386.0962
364,P4,42,694.79944,1096.141,3225.7668
364,P4,43,693.7735,1208.4087,3248.2454
364,P4,44,869.3473,1188.9467,3309.3862
364,P4,45,938.31335,1122.5865,3435.13
365,P5,1,-346.52844,1826.5771,-1830.123
365,P5,2,-334.81494,1830.2898,-1755.917
365,P5,3,-200.75311,1819.3292,-1716.4385
365,P5,4,-188.44171,1893.5297,-1586.6226
365,P5,5,-190.28983,1874.217,-1591.1058
365,P5,6,-82.233246,1823.7797,-1549.5272
365,P5,7,-132.4479,1822.8634,-1451.164
365,P5,8,-184.4947,1896.2219,-1435.4844
365,P5,9,-193.50569,1886.2568,-1259.9178
365,P5,10,-217.51698,1811.7732,-1193.8138
365,P5,11,-209.65611,1681.9347,-1154.2966
365,P5,12,-221.71272,1642.7333,-1100.2534
365,P5,13,-180.79611,1696.7365,-1149.0233
365,P5,14,-186.10469,1853.5181,-1194.673
365,P5,15,-217.40645,1871.4191,-1107.4608
365,P5,16,-219.88837,1655.8171,-974.0623
365,P5,17,-237.34955,1640.6289,-995.90173
365,P5,18,-232.25294,1804.3553,-970.57855
365,P5,19,-311.1504,1817.7656,-917.83295
365,P5,20,-341.5753,1833.8496,-851.3653
365,P5,21,-311.24667,1825.2708,-819.0144
365,P5,22,-203.98662,1854.777,-906.8576
365,P5,23,-121.027756,1692.039,-956.2863
365,P5,24,-176.44624,1658.5641,-887.2661
365,P5,25,-215.53128,1757.0924,-879.06696
365,P5,26,-196.55128,1761.11,-760.7404
365,P5,27,-232.67276,1744.9802,-562.22217
365,P5,28,-263.51688,1834.9261,-425.6922
365,P5,29,-237.79646,1968.316,-480.85446
365,P5,30,-168.38876,2027.279,-411.23804
365,P5,31,-107.74405,2037.8365,-232.7459
365,P5,32,-110.39579,1954.3116,-86.34364
365,P5,33,-33.341618,1921.836,56.46218
365,P5,34,-19.414125,2050.1672,80.09064
365,P5,35,51.08071,2130.5945,77.51052
365,P5,36,41.139385,2173.5884,64.72262
365,P5,37,-76.83368,2200.2937,200.75653
365,P5,38,-130.83441,2160.96,171.21152
365,P5,39,-101.71128,2193.3772,360.19803
365,P5,40,-109.36533,2171.8945,568.8586
365,P5,41,-46.269154,2131.3333,504.15182
365,P5,42,-44.958508,2063.8425,528.6231
365,P5,43,35.86288,2085.81,430.08176
365,P5,44,0.015772492,2476.3145,112.059074
365,P5,45,-55.731483,3198.2312,-74.31118
366,P6,1,-335.80966,1705.1693,-3846.1667
366,P6,2,-345.27798,1677.7509,-3829.364
366,P6,3,-360.43604,1636.2955,-3680.2349
366,P6,4,-335.20233,1700.6227,-3571.7473
366,P6,5,-332.1143,1667.9867,-3223.6272
366,P6,6,-281.32413,1646.4996,-3185.1926
366,P6,7,-328.6841,1599.6619,-3156.5425
366,P6,8,-336.51443,1590.2675,-3167.476
366,P6,9,-229.24283,1564.883,-3026.0217
366,P6,10,-215.00029,1558.1017,-3022.051
366,P6,11,-245.23917,1282.7764,-3028.8745
366,P6,12,-215.07147,1253.4375,-3103.9175
366,P6,13,-146.05228,1462.9983,-3139.5874
366,P6,14,-146.51036,1579.1604,-2977.759
366,P6,15,-316.34354,1483.0315,-2960.1196
366,P6,16,-354.60617,1434.0922,-2812.0576
366,P6,17,-291.91153,1484.1487,-2837.7646
366,P6,18,-378.80954,1461.2881,-2794.6646
366,P6,19,-380.96677,1417.3188,-2719.6409
366,P6,20,-265.96097,1405.1869,-2679.3152
366,P6,21,-327.4858,1390.5725,-2709.5132
366,P6,22,-341.59967,1448.2394,-2772.8381
366,P6,23,-235.62804,1449.2349,-2687.2935
366,P6,24,-235.36142,1473.5377,-2696.7866
366,P6,25,-268.93494,1488.9349,-2714.5688
366,P6,26,-267.0833,1456.6382,-2470.077
366,P6,27,-297.82394,1453.5326,-2433.5078
366,P6,28,-315.28165,1460.1768,-2543.262
366,P6,29,-294.74017,1602.9183,-2539.2388
366,P6,30,-293.47226,1582.9001,-2089.5476
366,P6,31,-222.394,1538.897,-1961.4015
366,P6,32,-221.60551,1547.5625,-1907.0885
366,P6,33,-176.6989,1575.0376,-1964.9899
366,P6,34,-202.32704,1724.4751,-1869.6478
366,P6,35,-226.80376,1727.1261,-1882.7795
366,P6,36,-288.32004,1747.9895,-1719.0201
366,P6,37,-402.30478,1690.4573,-1585.6621
366,P6,38,-415.93732,1651.5886,-1648.6211
366,P6,39,-351.9227,1746.5441,-1574.6985
366,P6,40,-326.37836,1691.6047,-1454.6086
366,P6,41,-311.40466,1466.4546,-1256.3481
366,P6,42,-195.09494,1431.8306,-1267.2562
366,P6,43,-243.98848,1642.966,-1378.6171
366,P6,44,-293.93555,1726.7856,-1441.8403
366,P6,45,-303.25595,1679.421,-1390.0763
367,P7,1,46.169598,861.1159,-10697.925
367,P7,2,44.141605,845.8736,-10696.819
367,P7,3,79.26452,877.0023,-10642.09
367,P7,4,38.941746,847.555,-10395.014
367,P7,5,43.646,844.5824,-10197.23
367,P7,6,129.34175,881.75665,-9894.169
367,P7,7,74.38447,857.6086,-9774.694
367,P7,8,55.254772,861.89044,-9747.932
367,P7,9,101.56254,857.3076,-9616.271
367,P7,10,62.945587,897.64465,-9346.621
367,P7,11,48.281464,868.3111,-9328.782
367,P7,12,99.115974,856.88446,-9364.895
367,P7,13,123.046814,848.9169,-9154.761
367,P7,14,125.98699,777.2827,-9148.403
367,P7,15,199.28052,726.33795,-9033.672
367,P7,16,142.77933,692.7858,-9186.867
367,P7,17,106.444664,675.75946,-9234.2295
367,P7,18,123.852165,701.25446,-8863.028
367,P7,19,122.78761,690.4736,-8708.06
367,P7,20,191.31596,689.5333,-8702.412
367,P7,21,214.58966,754.9487,-8747.766
367,P7,22,200.79024,687.64606,-8812.582
367,P7,23,248.20686,661.16376,-8643.017
367,P7,24,195.04175,686.5491,-8647.348
367,P7,25,142.56032,627.3572,-8600.478
367,P7,26,107.038994,643.92334,-8440.927
367,P7,27,106.190926,783.80676,-8350.061
367,P7,28,201.4803,782.88275,-8442.573
367,P7,29,201.84528,796.40533,-8458.682
367,P7,30,194.47879,960.65564,-8513.036
367,P7,31,57.138836,854.5114,-8251.384
367,P7,32,49.0954,819.5818,-7926.5137
367,P7,33,182.54324,977.50586,-7748.985
367,P7,34,171.09882,1080.9698,-7621.0225
367,P7,35,107.84307,1095.2446,-7676.3335
367,P7,36,88.8252,1168.4662,-7631.643
367,P7,37,138.04489,1134.122,-7698.47
367,P7,38,141.64246,1026.1604,-7491.6504
367,P7,39,150.66447,962.05585,-7295.224
367,P7,40,37.685696,1008.51666,-7242.4937
367,P7,41,50.8438,1129.9319,-7125.524
367,P7,42,244.34224,1113.0159,-7242.9116
367,P7,43,294.40613,1119.7319,-7298.273
367,P7,44,199.46857,1100.5771,-7128.73
367,P7,45,144.41663,1079.122,-6823.64
368,P8,1,-324.1964,1266.8696,1018.4322
368,P8,2,-331.57523,1248.0107,1024.5643
368,P8,3,-328.0631,1237.9772,1130.7681
368,P8,4,-276.1202,1153.4246,1276.042
368,P8,5,-237.57907,1094.9413,1348.0347
368,P8,6,-265.57724,1040.1569,1333.6425
368,P8,7,-315.18488,1014.152,1383.6737
368,P8,8,-331.8029,1016.51636,1347.7617
368,P8,9,-306.43832,1076.6761,1311.195
368,P8,10,-262.79257,1140.2642,1331.9296
368,P8,11,-232.73883,1138.5878,1470.1049
368,P8,12,-310.80112,1175.5875,1348.097
368,P8,13,-337.58508,1185.6699,1160.5569
368,P8,14,-315.36423,1290.7727,1138.6407
368,P8,15,-297.03418,1283.9414,1310.4712
368,P8,16,-305.85922,1235.376,1411.7382
368,P8,17,-287.5597,1160.9092,1457.8352
368,P8,18,-281.98352,1130.6099,1583.1085
368,P8,19,-331.8513,1168.7128,1565.9423
368,P8,20,-350.22452,1156.86,1365.5197
368,P8,21,-347.79654,1171.6858,1297.4575
368,P8,22,-343.09247,1184.9109,1404.5565
368,P8,23,-309.31155,1245.8611,1528.0645
368,P8,24,-315.82196,1056.8329,1535.6132
368,P8,25,-303.7479,1024.603,1659.1249
368,P8,26,-267.3455,1115.81,1638.5127
368,P8,27,-335.86395,1142.7661,1599.132
368,P8,28,-350.1207,1240.1675,1552.9386
368,P8,29,-300.7439,1189.6849,1641.177
368,P8,30,-220.42238,1160.8524,1775.5786
368,P8,31,-157.95007,1213.0396,1756.3788
368,P8,32,-134.48131,1137.9003,1824.2216
368,P8,33,-188.73174,1157.8657,1858.7192
368,P8,34,-303.36304,1402.0844,1848.9651
368,P8,35,-310.2016,1371.3822,2064.2761
368,P8,36,-201.17474,1276.6211,2196.0754
368,P8,37,-215.45726,1226.3849,2397.3145
368,P8,38,-252.53224,1241.4718,2453.3777
368,P8,39,-267.65616,1277.1732,2554.1348
368,P8,40,-279.45184,1315.5377,2483.9636
368,P8,41,-250.55069,1273.2035,2427.4907
368,P8,42,-278.8657,1248.7491,2428.7947
368,P8,43,-307.80206,1330.9369,2581.1562
368,P8,44,-322.1115,1313.6113,2546.3997
368,P8,45,-336.39105,1316.5775,2613.2693
369,P9,1,-107.35382,1591.3604,-5473.0464
369,P9,2,-91.96073,1612.1337,-5443.1294
369,P9,3,-163.13742,1582.3009,-5200.328
369,P9,4,-186.18578,1591.1458,-5179.0366
369,P9,5,-132.89272,1649.8724,-5135.265
369,P9,6,-117.43917,1575.9891,-5010.345
369,P9,7,-145.14676,1532.4349,-4958.8594
369,P9,8,-176.88612,1595.4995,-4959.421
369,P9,9,-230.4851,1674.8292,-4758.8994
369,P9,10,-228.50642,1614.3569,-4657.9844
369,P9,11,-164.83754,1387.8225,-4700.095
369,P9,12,-165.82117,1401.0486,-4733.8193
369,P9,13,-153.50319,1690.9429,-4653.428
369,P9,14,-66.25629,1766.6296,-4620.2505
369,P9,15,-20.662428,1681.1571,-4689.107
369,P9,16,-37.28004,1635.4247,-4695.0684
369,P9,17,-20.67242,1684.6752,-4654.614
369,P9,18,-100.02456,1630.4536,-4701.4834
369,P9,19,-138.11586,1578.4176,-4714.156
369,P9,20,-83.39088,1577.01,-4753.063
369,P9,21,19.606144,1544.9908,-4646.7817
369,P9,22,-2.9694502,1554.2849,-4565.812
369,P9,23,-49.237656,1619.7528,-4505.2275
369,P9,24,-61.99532,1687.3721,-4405.0073
369,P9,25,58.16062,1647.5839,-4462.946
369,P9,26,95.17678,1606.1198,-4502.2925
369,P9,27,-163.13011,1614.3068,-4551.791
369,P9,28,-213.4756,1572.5309,-4506.243
369,P9,29,-89.6899,1560.9696,-4477.329
369,P9,30,0.80803084,1700.2906,-4414.1904
369,P9,31,-117.98409,1771.2743,-4269.073
369,P9,32,-176.92178,1801.8262,-4222.5396
369,P9,33,-163.03607,1787.8793,-4072.5525
369,P9,34,-50.641487,1757.4183,-3886.593
369,P9,35,-67.003426,1842.2214,-3813.2185
369,P9,36,-126.101585,1858.2506,-3749.6382
369,P9,37,-133.59604,1818.0824,-3650.3186
369,P9,38,-33.85929,1789.8451,-3576.57
369,P9,39,-33.376324,1806.4995,-3666.6396
369,P9,40,-70.19976,1807.4934,-3684.3987
369,P9,41,-105.40258,1831.9373,-3620.8171
369,P9,42,-82.41691,1771.9824,-3359.3594
369,P9,43,8.4858675,1689.7611,-3361.7942
369,P9,44,-12.790386,1673.6329,-3357.7246
369,P9,45,-58.710266,1842.7552,-3286.8994
370,P10,1,-16.124115,1781.6179,-2840.9912
370,P10,2,-18.595444,1737.0854,-2719.808
370,P10,3,75.78622,1663.7756,-2677.348
370,P10,4,87.2014,1567.2754,-2557.3132
370,P10,5,149.06233,1581.8213,-2457.6863
370,P10,6,92.53254,1720.6891,-2476.3184
370,P10,7,44.283405,1679.7834,-2514.843
370,P10,8,60.45047,1647.0428,-2443.3845
370,P10,9,87.3669,1704.4004,-2428.7126
370,P10,10,49.720486,1793.546,-2211.5662
370,P10,11,19.408424,1790.4323,-2024.3389
370,P10,12,48.47554,1751.278,-1894.091
370,P10,13,36.720806,1745.6216,-1953.4067
370,P10,14,47.78253,1727.4319,-2025.7736
370,P10,15,41.141273,1703.1392,-1956.9124
370,P10,16,69.269394,1730.1299,-1953.7395
370,P10,17,-92.53799,1718.1625,-1757.9116
370,P10,18,-113.138306,1752.4277,-1731.8805
370,P10,19,-12.309391,1747.9366,-1716.5282
370,P10,20,-9.802291,1720.5941,-1802.735
370,P10,21,14.944796,1738.1394,-1847.7426
370,P10,22,78.7854,1726.3295,-1833.5295
370,P10,23,133.15524,1774.64,-1752.8336
370,P10,24,135.57562,1768.0387,-1711.781
370,P10,25,57.960697,1663.3196,-1752.3958
370,P10,26,15.067721,1640.2878,-1746.5094
370,P10,27,36.834686,1747.0443,-1737.8271
370,P10,28,48.733246,1806.9792,-1700.4011
370,P10,29,26.246376,1716.5717,-1731.3286
370,P10,30,-41.32225,1689.117,-1550.0283
370,P10,31,-48.232586,1775.743,-1427.2675
370,P10,32,68.52813,1775.2551,-1347.0304
370,P10,33,108.722885,1854.4722,-1304.0402
370,P10,34,54.361816,2002.2352,-1364.7021
370,P10,35,32.80755,1968.3793,-1298.4646
370,P10,36,109.796814,1882.3811,-1010.9982
370,P10,37,96.74019,1832.7411,-948.4013
370,P10,38,68.07732,1858.3282,-911.0247
370,P10,39,-66.70253,1847.8442,-926.1886
370,P10,40,-95.271355,1778.992,-863.81665
370,P10,41,-29.745092,1665.645,-908.7127
370,P10,42,-5.9176617,1648.056,-853.9194
370,P10,43,102.22062,1775.602,-898.0203
370,P10,44,173.2175,1886.6721,-701.0504
370,P10,45,171.91663,1987.1577,-547.96747
371,P11,1,98.81587,1673.5383,1737.2067
371,P11,2,176.05444,1689.8248,1746.635
371,P11,3,191.89366,1660.1836,1746.5988
371,P11,4,229.86484,1644.8431,1797.4115
371,P11,5,167.88731,1664.5208,1921.2438
371,P11,6,11.269964,1697.104,1914.1147
371,P11,7,-3.2384706,1596.8475,1921.328
371,P11,8,93.41734,1556.0098,2093.2583
371,P11,9,107.383965,1602.3342,2147.474
371,P11,10,102.668274,1642.6826,2358.868
371,P11,11,180.78076,1586.1721,2496.5774
371,P11,12,162.94621,1570.0079,2295.3662
371,P11,13,152.5643,1644.8232,2212.7383
371,P11,14,228.86,1606.1716,2301.8098
371,P11,15,303.47244,1549.8256,2295.062
371,P11,16,325.59103,1478.586,2348.7646
371,P11,17,320.85934,1476.2354,2219.9639
371,P11,18,235.20909,1535.4539,2174.777
371,P11,19,213.50418,1562.2251,2319.8855
371,P11,20,329.21213,1678.3334,2329.58
371,P11,21,277.1624,1656.521,2418.3677
371,P11,22,227.45103,1576.994,2363.5317
371,P11,23,249.81773,1546.3202,2352.2703
371,P11,24,223.03616,1578.1268,2614.8994
371,P11,25,206.79651,1596.1356,2687.5232
371,P11,26,115.55572,1594.6953,2664.6604
371,P11,27,124.280266,1668.4502,2585.3481
371,P11,28,332.85773,1676.8695,2546.8386
371,P11,29,328.74612,1731.2299,2513.0383
371,P11,30,278.794,1630.524,2616.368
371,P11,31,268.573,1595.7617,2490.8064
371,P11,32,251.3276,1680.1418,2432.0574
371,P11,33,330.85446,1729.3027,2581.803
371,P11,34,351.94818,1811.5231,2601.0525
371,P11,35,337.84,1859.0503,2763.7852
371,P11,36,256.99594,1826.6761,2789.2878
371,P11,37,209.84445,1841.9104,2976.434
371,P11,38,228.11237,1829.4562,3002.7593
371,P11,39,175.57698,1753.5709,2962.289
371,P11,40,130.136,1715.2168,2909.051
371,P11,41,163.06505,1772.7988,3105.763
371,P11,42,312.08105,1770.1575,3344.3625
371,P11,43,329.69418,1769.3684,3224.4617
371,P11,44,287.4822,1729.1919,3118.6194
371,P11,45,236.54558,1680.737,3220.0872
372,P12,1,-412.8116,911.8303,-5288.2515
372,P12,2,-415.86728,925.4583,-5277.027
372,P12,3,-363.9062,1096.9441,-5151.7065
372,P12,4,-405.12418,1133.2502,-5133.3154
372,P12,5,-421.335,1084.6907,-5092.68
372,P12,6,-340.91934,1043.9569,-5108.5474
372,P12,7,-245.38998,1025.9603,-5099.1636
372,P12,8,-267.02457,940.26263,-5066.6006
372,P12,9,-276.74295,914.80084,-4796.7837
372,P12,10,-223.93112,959.7334,-4627.1587
372,P12,11,-277.98495,1011.2533,-4642.8833
372,P12,12,-328.5649,1000.14136,-4633.8853
372,P12,13,-346.66385,1016.1609,-4858.8687
372,P12,14,-359.40024,1028.9021,-4927.3916
372,P12,15,-347.75836,1009.6834,-4765.216
372,P12,16,-329.36224,1020.28375,-4632.7886
372,P12,17,-354.47385,1026.0596,-4558.111
372,P12,18,-406.79037,1117.5388,-4542.065
372,P12,19,-430.52936,1076.8726,-4571.304
372,P12,20,-394.23633,1024.3464,-4646.263
372,P12,21,-312.00034,1001.64075,-4691.4556
372,P12,22,-291.34555,1000.1233,-4750.9854
372,P12,23,-309.6934,906.95355,-4712.425
372,P12,24,-411.6711,880.0678,-4567.6006
372,P12,25,-443.762,888.55194,-4489.881
372,P12,26,-420.17218,915.78217,-4554.3765
372,P12,27,-402.1439,918.02234,-4619.2173
372,P12,28,-296.77585,947.0414,-4639.6187
372,P12,29,-317.25473,955.3898,-4436.4053
372,P12,30,-389.00674,984.7894,-4366.9556
372,P12,31,-414.7089,921.70715,-4406.3213
372,P12,32,-388.32013,910.8636,-4472.785
372,P12,33,-391.58652,980.13776,-4407.602
372,P12,34,-358.32904,1030.835,-4325.0396
372,P12,35,-364.4284,1139.7986,-4337.9897
372,P12,36,-334.78177,1211.4285,-4246.5195
372,P12,37,-350.68115,1181.8851,-4101.8955
372,P12,38,-397.90765,1151.7583,-4090.2178
372,P12,39,-468.56558,1038.1344,-3971.7312
372,P12,40,-459.75693,935.2904,-3832.8616
372,P12,41,-366.20425,960.18195,-3769.6594
372,P12,42,-406.5994,1173.7612,-3786.388
372,P12,43,-413.1204,1150.6013,-3776.863
372,P12,44,-278.56268,998.18024,-3735.4607
372,P12,45,-126.37904,943.2252,-3695.0542
373,P13,1,580.76874,1072.6262,-5507.722
373,P13,2,606.7782,1079.0067,-5494.613
373,P13,3,625.4041,1227.9823,-5341.303
373,P13,4,627.7294,1355.761,-5283.7983
373,P13,5,712.7524,1240.7893,-5218.9956
373,P13,6,744.1721,1191.6769,-5159.1064
373,P13,7,658.01733,1251.2826,-4991.48
373,P13,8,617.91254,1279.3411,-4964.122
373,P13,9,646.12146,1304.9592,-5024.316
373,P13,10,712.45996,1285.26,-5059.249
373,P13,11,677.9749,1295.033,-5067.75
373,P13,12,661.81635,1280.2063,-4887.982
373,P13,13,736.2774,1316.078,-4845.6763
373,P13,14,741.08765,1221.3535,-4913.475
373,P13,15,732.0541,1164.5305,-4958.55
373,P13,16,682.7451,1155.9801,-4909.019
373,P13,17,661.2298,1146.2974,-4937.6406
373,P13,18,710.7635,1060.9205,-4892.8413
373,P13,19,700.93976,1072.3951,-4875.137
373,P13,20,717.93225,1200.2006,-4792.0703
373,P13,21,710.8967,1162.4938,-4696.2573
373,P13,22,698.9915,1134.7858,-4746.043
373,P13,23,774.49493,1174.6404,-4782.1196
373,P13,24,785.8508,1155.0397,-4734.0615
373,P13,25,714.1219,1131.2804,-4706.923
373,P13,26,690.14087,1152.3739,-4614.0024
373,P13,27,763.9754,1264.6339,-4649.252
373,P13,28,748.0478,1253.3549,-4618.0244
373,P13,29,691.3273,1212.9391,-4648.2734
373,P13,30,667.6211,1147.399,-4717.718
373,P13,31,713.3746,1147.3855,-4700.384
373,P13,32,697.8064,1278.4337,-4712.8857
373,P13,33,690.0001,1312.3016,-4587.103
373,P13,34,780.3797,1413.916,-4428.2705
373,P13,35,795.4921,1271.6536,-4374.355
373,P13,36,889.61206,1232.6207,-4252.34
373,P13,37,877.13715,1372.7136,-4219.1743
373,P13,38,844.0073,1398.0383,-4266.107
373,P13,39,815.8359,1358.0032,-4140.816
373,P13,40,846.0368,1390.4183,-4136.5703
373,P13,41,738.4948,1473.9165,-4127.7866
373,P13,42,685.84686,1509.3967,-4139.3
373,P13,43,720.2634,1474.978,-3991.3394
373,P13,44,775.82,1494.7957,-3851.8142
373,P13,45,751.2996,1475.5442,-3883.1763
374,P14,1,-1656.9833,-1466.7229,-13222.811
374,P14,2,-1648.2584,-1467.1796,-13087.474
374,P14,3,-1533.8506,-1555.9271,-13048.968
374,P14,4,-1479.1151,-1612.355,-13079.294
374,P14,5,-1489.4746,-1601.2148,-13011.241
374,P14,6,-1491.2953,-1543.863,-12971.699
374,P14,7,-1555.5598,-1607.1937,-12841.867
374,P14,8,-1575.4308,-1654.7789,-12815.923
374,P14,9,-1500.2072,-1647.2102,-12672.303
374,P14,10,-1461.6094,-1589.373,-12681.367
374,P14,11,-1441.5951,-1495.2736,-12628.978
374,P14,12,-1460.7003,-1628.6382,-12596.677
374,P14,13,-1528.9542,-1683.0034,-12470.883
374,P14,14,-1598.6079,-1644.7557,-12509.062
374,P14,15,-1610.7451,-1635.7306,-12522.207
374,P14,16,-1547.9724,-1596.7386,-12505.696
374,P14,17,-1548.8068,-1569.5078,-12303.746
374,P14,18,-1526.339,-1542.3234,-12273.035
374,P14,19,-1563.9312,-1447.8264,-12331.716
374,P14,20,-1642.2529,-1514.6766,-12384.168
374,P14,21,-1635.3541,-1570.879,-12384.373
374,P14,22,-1503.5065,-1557.4149,-12419.542
374,P14,23,-1454.2655,-1535.3428,-12469.07
374,P14,24,-1481.2628,-1534.132,-12326.344
374,P14,25,-1487.7169,-1572.3307,-12233.781
374,P14,26,-1531.6475,-1690.007,-12264.602
374,P14,27,-1599.6205,-1725.4136,-12132.75
374,P14,28,-1618.2637,-1701.3604,-12111.071
374,P14,29,-1558.6628,-1777.9391,-12161.634
374,P14,30,-1497.8932,-1756.9174,-12167.504
374,P14,31,-1510.6636,-1574.3822,-12211.401
374,P14,32,-1501.7512,-1532.0485,-12200.799
374,P14,33,-1520.3832,-1517.917,-12056.781
374,P14,34,-1516.4008,-1476.3741,-12044.865
374,P14,35,-1580.7574,-1463.7762,-12131.323
374,P14,36,-1592.6774,-1502.6602,-12154.497
374,P14,37,-1493.4908,-1512.7633,-11966.118
374,P14,38,-1457.9784,-1547.6932,-11835.378
374,P14,39,-1510.8739,-1516.1002,-11748.334
374,P14,40,-1514.9126,-1416.0483,-11752.96
374,P14,41,-1380.8624,-1431.4712,-11749.097
374,P14,42,-1392.7433,-1463.0594,-11575.297
374,P14,43,-1455.6189,-1488.2394,-11573.655
374,P14,44,-1593.1886,-1461.055,-11606.277
374,P14,45,-1640.6338,-1496.7512,-11569.098
375,P15,1,-1231.963,441.2788,-16547.023
375,P15,2,-1108.1765,489.61673,-16539.031
375,P15,3,-1034.2422,291.73947,-16387.121
375,P15,4,-1065.1327,240.92542,-16150.254
375,P15,5,-1070.3875,332.42526,-16039.555
375,P15,6,-1118.7343,338.53516,-15733.776
375,P15,7,-1155.2322,347.75528,-15666.096
375,P15,8,-1088.9689,195.16426,-15677.574
375,P15,9,-987.1791,186.9267,-15599.954
375,P15,10,-902.6459,335.6615,-15533.086
375,P15,11,-958.12366,383.8644,-15372.54
375,P15,12,-1088.8185,366.22852,-15311.596
375,P15,13,-1135.523,409.862,-15283.573
375,P15,14,-1055.8179,400.86053,-15205.548
375,P15,15,-1025.0994,367.5311,-15236.4375
375,P15,16,-1014.3508,326.73422,-15209.281
375,P15,17,-1050.2955,306.99164,-15205.716
375,P15,18,-1086.7631,294.2188,-15050.809
375,P15,19,-1131.0275,348.2161,-15067.181
375,P15,20,-1126.1624,307.07697,-15050.148
375,P15,21,-1128.9175,212.04329,-14899.944
375,P15,22,-1166.2266,187.71326,-14856.59
375,P15,23,-1174.5084,247.03426,-14929.24
375,P15,24,-1167.5524,366.14505,-15100.277
375,P15,25,-1021.3135,424.93716,-15167.43
375,P15,26,-1027.4877,391.19067,-14923.669
375,P15,27,-1037.1604,357.5625,-14822.117
375,P15,28,-1051.3472,314.5022,-14839.674
375,P15,29,-950.2401,294.30975,-14875.334
375,P15,30,-964.9931,313.69043,-14958.286
375,P15,31,-1020.4943,259.8072,-14898.337
375,P15,32,-1041.242,232.73718,-14830.584
375,P15,33,-1017.16,277.51044,-14554.022
375,P15,34,-1035.2373,337.87814,-14616.785
375,P15,35,-1095.548,377.27942,-14763.616
375,P15,36,-1128.3029,455.97076,-14859.784
375,P15,37,-1082.4661,450.31305,-14688.984
375,P15,38,-1100.4148,481.36935,-14453.854
375,P15,39,-1070.1515,487.18552,-14509.632
375,P15,40,-1083.4261,383.24753,-14456.194
375,P15,41,-1114.7682,354.14294,-14267.014
375,P15,42,-1106.5829,457.69357,-14318.27
375,P15,43,-1139.3418,441.90552,-14292.782
375,P15,44,-1099.842,415.07434,-14316.514
375,P15,45,-949.21484,406.22382,-14021.734
376,P16,1,708.4007,3642.4387,2092.9536
376,P16,2,696.6014,3633.9846,2100.2095
376,P16,3,751.7683,3559.9172,2080.7122
376,P16,4,779.89154,3477.6858,2050.2854
376,P16,5,764.23694,3410.7346,2077.9548
376,P16,6,687.58136,3339.0542,2227.2488
376,P16,7,649.48425,3324.7488,2266.1865
376,P16,8,677.0509,3409.2922,2290.5115
376,P16,9,703.45764,3416.4019,2445.6196
376,P16,10,776.18994,3472.816,2483.7708
376,P16,11,733.48804,3449.501,2635.2656
376,P16,12,681.11975,3460.9595,2553.566
376,P16,13,633.8304,3500.792,2529.4746
376,P16,14,535.1006,3272.5457,2779.4202
376,P16,15,559.61957,3238.0454,2938.0732
376,P16,16,751.7304,3373.905,2971.9077
376,P16,17,746.90436,3444.386,2959.603
376,P16,18,692.1538,3439.304,2940.6455
376,P16,19,682.37476,3498.5774,3013.396
376,P16,20,751.63275,3473.2268,3004.539
376,P16,21,627.7691,3446.0134,3179.1677
376,P16,22,591.62067,3423.4934,3256.078
376,P16,23,694.56366,3476.8242,3266.6836
376,P16,24,804.41144,3476.187,3356.702
376,P16,25,787.56934,3467.3223,3363.953
376,P16,26,794.94965,3473.19,3358.9448
376,P16,27,812.4003,3510.8127,3385.1794
376,P16,28,720.5728,3569.5544,3334.5332
376,P16,29,682.5154,3572.5671,3410.2363
376,P16,30,720.5231,3574.947,3386.7441
376,P16,31,629.7352,3573.0867,3531.3215
376,P16,32,596.7594,3598.381,3604.9075
376,P16,33,666.4839,3547.6802,3729.2488
376,P16,34,735.5536,3479.6313,3673.7334
376,P16,35,691.2516,3482.5627,3699.112
376,P16,36,582.1519,3677.5588,3730.2021
376,P16,37,563.5808,3666.2048,3833.93
376,P16,38,649.7,3570.6091,3790.6934
376,P16,39,691.628,3537.1968,3823.8704
376,P16,40,678.99677,3652.8892,3856.775
376,P16,41,714.1889,3682.5513,3851.0352
376,P16,42,716.304,3592.382,4184.4316
376,P16,43,777.92926,3537.5562,4238.0537
376,P16,44,676.8067,3578.615,4273.7397
376,P16,45,619.1936,3595.6108,4334.0273
377,P17,1,156.39238,448.60208,-5731.7275
377,P17,2,131.97339,524.66907,-5613.8276
377,P17,3,90.4344,621.8537,-5555.2705
377,P17,4,107.11986,573.49066,-5522.7124
377,P17,5,195.28043,508.47906,-5350.9604
377,P17,6,168.76343,448.65793,-5251.109
377,P17,7,107.9663,425.58655,-5130.7925
377,P17,8,84.62012,467.4301,-5175.147
377,P17,9,151.11555,467.89624,-5190.1943
377,P17,10,205.73032,542.3035,-5094.678
377,P17,11,220.39117,595.0776,-5068.782
377,P17,12,187.00499,559.4158,-5097.8184
377,P17,13,181.6274,544.4706,-5032.7104
377,P17,14,122.84979,593.8124,-5048.819
377,P17,15,-15.852617,567.5986,-4925.8687
377,P17,16,-37.836273,547.4555,-4902.594
377,P17,17,38.98821,511.43225,-4947.129
377,P17,18,154.64853,522.9032,-5017.96
377,P17,19,182.72835,583.21643,-4982.7407
377,P17,20,151.03525,567.2797,-4908.9287
377,P17,21,110.12713,531.3354,-4693.3765
377,P17,22,90.405334,552.0296,-4694.821
377,P17,23,68.61033,544.1624,-4716.659
377,P17,24,119.41049,506.13623,-4639.1816
377,P17,25,215.73422,497.45673,-4595.566
377,P17,26,122.88377,487.62024,-4712.994
377,P17,27,72.54676,460.02933,-4791.3604
377,P17,28,84.44362,470.54984,-4650.3154
377,P17,29,75.07845,469.29538,-4546.3174
377,P17,30,109.593796,425.44324,-4570.235
377,P17,31,107.88868,356.30997,-4572.268
377,P17,32,161.11539,372.45667,-4346.1626
377,P17,33,152.48987,530.01,-4277.1694
377,P17,34,202.72171,540.3786,-4287.805
377,P17,35,266.1493,556.76355,-4365.302
377,P17,36,214.69203,539.1239,-4421.0933
377,P17,37,177.33919,490.24863,-4218.9985
377,P17,38,208.24202,439.05783,-4209.161
377,P17,39,126.83458,450.08563,-4298.1035
377,P17,40,85.45574,607.759,-4217.352
377,P17,41,108.47395,567.76904,-4125.7886
377,P17,42,68.93796,514.76984,-4094.8533
377,P17,43,46.90662,483.49518,-3987.246
377,P17,44,97.19095,348.14612,-3910.0693
377,P17,45,128.0796,311.3669,-3883.7917
378,P18,1,-108.22774,778.3132,-10351.497
378,P18,2,-120.211845,834.21075,-10225.045
378,P18,3,-127.95989,811.91254,-10061.667
378,P18,4,-115.68507,739.4347,-9831.33
378,P18,5,-156.74825,698.28973,-9772.721
378,P18,6,-236.65068,717.1694,-9704.688
378,P18,7,-214.08363,667.9105,-9721.163
378,P18,8,-48.73196,634.1277,-9617.523
378,P18,9,-28.616333,679.0201,-9661.036
378,P18,10,-7.780611,696.6232,-9622.552
378,P18,11,-63.156,565.4129,-9408.689
378,P18,12,-131.09218,530.32043,-9424.09
378,P18,13,-134.7306,587.5232,-9349.071
378,P18,14,-19.622972,602.71313,-9167.757
378,P18,15,-44.953472,578.0879,-9090.309
378,P18,16,-73.60049,584.5078,-9076.958
378,P18,17,-24.298046,621.10754,-9166.6455
378,P18,18,-67.718765,552.2074,-9209.749
378,P18,19,-92.215645,511.59756,-9233.632
378,P18,20,-24.870136,486.37787,-8972.43
378,P18,21,-25.049702,510.9713,-8883.145
378,P18,22,-18.603064,642.98627,-8915.979
378,P18,23,-45.446163,665.7219,-8883.666
378,P18,24,-24.765068,593.5677,-8841.096
378,P18,25,-14.564084,564.3262,-8860.476
378,P18,26,-126.32051,593.9068,-8716.096
378,P18,27,-168.06346,618.39966,-8684.435
378,P18,28,-140.95534,770.5822,-8758.595
378,P18,29,-143.90344,790.9725,-8699.878
378,P18,30,-82.34394,765.097,-8608.41
378,P18,31,-9.712261,715.93384,-8545.864
378,P18,32,31.379686,702.8965,-8408.233
378,P18,33,95.39881,797.15173,-8328.161
378,P18,34,136.17912,758.75305,-8393.469
378,P18,35,74.463066,723.5168,-8240.574
378,P18,36,17.269278,780.7957,-8089.95
378,P18,37,0.37182578,763.802,-8183.4946
378,P18,38,-56.522343,755.0111,-8170.9575
378,P18,39,-80.73984,801.90137,-8008.959
378,P18,40,3.812533,782.4711,-8059.153
378,P18,41,59.83217,802.9933,-7993.0806
378,P18,42,67.44173,762.6637,-7877.52
378,P18,43,29.634344,695.25604,-7801.1133
378,P18,44,26.328096,609.8699,-7790.6597
378,P18,45,-2.9160697,567.4369,-7897.9526
379,P19,1,-1332.62,1108.0645,-11461.203
379,P19,2,-1296.6302,1071.8154,-11369.927
379,P19,3,-1277.6882,1036.2283,-11004.113
379,P19,4,-1322.8394,1066.1211,-10817.358
379,P19,5,-1336.8236,1079.442,-10918.779
379,P19,6,-1269.3094,1201.8463,-10959.103
379,P19,7,-1324.1237,1194.6354,-10728.034
379,P19,8,-1352.3331,1173.4331,-10558.051
379,P19,9,-1290.2096,1122.5917,-10513.957
379,P19,10,-1248.555,1051.912,-10320.161
379,P19,11,-1304.1799,951.11096,-10162.729
379,P19,12,-1429.791,930.53143,-10213.138
379,P19,13,-1449.3749,980.9737,-10153.0625
379,P19,14,-1384.8549,1009.4637,-10038.049
379,P19,15,-1301.3397,1140.2601,-10094.56
379,P19,16,-1265.781,1107.5092,-10086.19
379,P19,17,-1219.7369,1041.0177,-10165.58
379,P19,18,-1260.9388,959.79974,-10164.254
379,P19,19,-1341.1145,941.03235,-10105.308
379,P19,20,-1332.8866,988.94135,-9903.483
379,P19,21,-1146.2213,965.10736,-9859.63
379,P19,22,-1121.6481,904.2,-9747.749
379,P19,23,-1225.3337,919.48724,-9555.054
379,P19,24,-1314.892,1040.8536,-9544.305
379,P19,25,-1346.8257,1091.1969,-9539.938
379,P19,26,-1320.5925,1239.2277,-9527.076
379,P19,27,-1317.5027,1264.3235,-9492.452
379,P19,28,-1232.52,1220.4735,-9208.478
379,P19,29,-1232.8292,1152.212,-9146.824
379,P19,30,-1372.4142,1136.548,-9169.529
379,P19,31,-1400.489,1272.5923,-8995.842
379,P19,32,-1295.604,1306.1504,-9041.17
379,P19,33,-1205.479,1297.6481,-9006.162
379,P19,34,-1226.6282,1423.365,-8973.278
379,P19,35,-1233.3243,1415.3063,-8773.674
379,P19,36,-1129.7247,1353.598,-8828.507
379,P19,37,-1109.2086,1350.9297,-8850.89
379,P19,38,-1058.4677,1378.2396,-8788.5
379,P19,39,-1121.8833,1363.5842,-8646.399
379,P19,40,-1159.956,1387.3491,-8436.047
379,P19,41,-1096.2766,1372.1669,-8391.03
379,P19,42,-1163.8624,1358.3007,-8347.438
379,P19,43,-1204.2216,1278.9265,-8398.956
379,P19,44,-1124.9259,1249.5756,-8276.749
379,P19,45,-1071.8822,1385.1467,-8093.9253
380,P20,1,-462.71964,491.57767,-10389.764
380,P20,2,-456.38574,568.4438,-10390.119
380,P20,3,-382.4633,569.0852,-10341.561
380,P20,4,-411.92325,575.4235,-10144.259
380,P20,5,-431.74307,535.9743,-9966.013
380,P20,6,-402.72424,349.58646,-9901.546
380,P20,7,-391.20453,340.20712,-9898.918
380,P20,8,-362.8705,489.81784,-9864.629
380,P20,9,-267.37173,490.0592,-9648.052
380,P20,10,-279.63812,454.50208,-9635.007
380,P20,11,-285.4455,385.07214,-9641.057
380,P20,12,-266.69943,368.90796,-9474.251
380,P20,13,-274.66223,428.6967,-9462.748
380,P20,14,-210.55183,462.3138,-9502.691
380,P20,15,-216.4914,613.1361,-9349.481
380,P20,16,-183.55212,549.04724,-9280.779
380,P20,17,-245.99773,431.13947,-9290.201
380,P20,18,-297.86832,394.3716,-9320.745
380,P20,19,-302.62518,434.86108,-9340.52
380,P20,20,-299.88068,467.8,-9335.572
380,P20,21,-335.90656,444.9978,-9332.387
380,P20,22,-373.13733,458.2057,-9058.97
380,P20,23,-404.5959,536.9592,-9056.8955
380,P20,24,-462.64297,572.92255,-8987.571
380,P20,25,-454.38904,529.6712,-8922.549
380,P20,26,-350.11542,482.97412,-8966.55
380,P20,27,-302.9403,492.0536,-9019.186
380,P20,28,-300.97772,583.3801,-8824.176
380,P20,29,-288.2096,618.2166,-8764.279
380,P20,30,-294.45367,582.9496,-8815.5205
380,P20,31,-267.48895,522.164,-8655.709
380,P20,32,-234.71066,486.164,-8575.965
380,P20,33,-259.6305,508.70834,-8530.025
380,P20,34,-252.9959,528.9103,-8510.433
380,P20,35,-249.09619,692.41174,-8366.37
380,P20,36,-221.62933,681.2781,-8234.503
380,P20,37,-219.4852,654.96747,-8141.7607
380,P20,38,-261.85474,686.7771,-8131.857
380,P20,39,-270.90295,713.5882,-8125.432
380,P20,40,-203.48775,651.4682,-8004.656
380,P20,41,-200.8819,551.5699,-7931.7734
380,P20,42,-217.17247,512.3444,-7884.7695
380,P20,43,-243.58119,561.1015,-8004.3647
380,P20,44,-214.79639,556.1309,-8050.3086
380,P20,45,-220.24887,623.6087,-7989.2817
381,P21,1,265.60733,-586.6402,-3590.4346
381,P21,2,210.18204,-584.7804,-3702.7976
381,P21,3,198.83809,-554.06995,-3741.2805
381,P21,4,289.5511,-551.88434,-3671.938
381,P21,5,351.1182,-471.1735,-3640.5823
381,P21,6,366.74487,-631.12866,-3509.6038
381,P21,7,313.30463,-687.6879,-3478.3994
381,P21,8,287.30096,-623.6868,-3354.4756
381,P21,9,330.38696,-627.35876,-3355.2705
381,P21,10,326.03503,-584.181,-3326.0608
381,P21,11,286.3611,-591.5481,-3331.4995
381,P21,12,244.39085,-610.7177,-3390.9705
381,P21,13,221.1964,-556.7068,-3408.307
381,P21,14,222.95189,-642.70447,-3269.3357
381,P21,15,240.35373,-720.8696,-3258.3127
381,P21,16,292.07364,-818.25775,-3156.2346
381,P21,17,223.59865,-826.76245,-3112.291
381,P21,18,209.85422,-767.4244,-3102.6719
381,P21,19,278.90158,-745.1523,-3092.0674
381,P21,20,291.80515,-646.7055,-3132.6204
381,P21,21,282.28235,-657.9211,-3171.3257
381,P21,22,292.19022,-688.9908,-3032.8972
381,P21,23,202.185,-736.62366,-2912.8857
381,P21,24,202.4669,-742.37366,-3007.3638
381,P21,25,317.38742,-626.29816,-3056.4514
381,P21,26,355.42123,-554.2859,-2887.0671
381,P21,27,331.36716,-610.5527,-2845.033
381,P21,28,345.42624,-647.96216,-2896.9624
381,P21,29,369.17773,-597.6829,-2821.6653
381,P21,30,344.71875,-565.00006,-2727.8005
381,P21,31,338.60394,-557.2385,-2600.1138
381,P21,32,318.72525,-558.86896,-2625.6826
381,P21,33,340.0529,-577.6821,-2493.445
381,P21,34,328.16354,-499.5359,-2309.1304
381,P21,35,320.40027,-443.26486,-2284.0806
381,P21,36,346.43204,-383.03494,-2240.2307
381,P21,37,339.87885,-341.11636,-2264.1245
381,P21,38,388.53104,-393.75797,-2075.031
381,P21,39,363.76852,-458.2494,-2079.809
381,P21,40,344.95053,-516.0023,-2057.985
381,P21,41,358.58755,-511.1132,-2148.1165
381,P21,42,295.32004,-437.32764,-2229.9902
381,P21,43,242.18924,-417.9904,-2116.2278
381,P21,44,240.61026,-439.00912,-2125.0154
381,P21,45,333.80197,-492.0852,-1950.1725
382,P22,1,-2096.2734,353.68402,-10761.159
382,P22,2,-2087.2322,351.5116,-10493.763
382,P22,3,-1988.3956,450.9401,-10210.795
382,P22,4,-2014.0405,572.4003,-10244.571
382,P22,5,-2166.7568,533.4309,-10294.793
382,P22,6,-2161.582,474.6372,-10453.653
382,P22,7,-2016.8423,412.6284,-10504.792
382,P22,8,-2117.2148,309.92227,-10311.361
382,P22,9,-2154.2517,297.00415,-10238.696
382,P22,10,-2102.3965,344.92188,-10246.068
382,P22,11,-2095.1104,336.44006,-10036.454
382,P22,12,-2102.2961,334.16583,-10022.733
382,P22,13,-2055.4124,375.18234,-10044.316
382,P22,14,-2110.9563,365.88486,-10017.57
382,P22,15,-2129.6619,386.10577,-9889.632
382,P22,16,-2078.1155,442.62537,-9920.629
382,P22,17,-2129.8752,376.79102,-9828.762
382,P22,18,-2161.9746,358.36978,-9695.163
382,P22,19,-2129.5142,428.48795,-9572.327
382,P22,20,-2015.0719,420.90625,-9587.074
382,P22,21,-2056.1633,433.10867,-9542.768
382,P22,22,-2082.741,467.34958,-9551.325
382,P22,23,-2019.3684,444.0413,-9557.416
382,P22,24,-1986.4061,433.744,-9560.439
382,P22,25,-1957.6719,439.01453,-9636.589
382,P22,26,-1980.8807,482.50134,-9576.451
382,P22,27,-2013.2604,459.91745,-9319.439
382,P22,28,-2024.3483,456.38785,-9360.999
382,P22,29,-1932.4497,493.6023,-9338.8955
382,P22,30,-1936.6233,495.99426,-9174.935
382,P22,31,-1967.7329,458.80496,-9184.7295
382,P22,32,-1892.517,432.46268,-9061.856
382,P22,33,-1767.316,407.41827,-8958.658
382,P22,34,-1801.5,465.77182,-9068.629
382,P22,35,-1867.7026,637.89343,-9165.549
382,P22,36,-1917.9598,690.8881,-8975.741
382,P22,37,-1936.5625,747.4009,-8773.286
382,P22,38,-1847.2233,747.1987,-8616.398
382,P22,39,-1904.9993,709.40894,-8541.268
382,P22,40,-1946.4393,650.28094,-8479.799
382,P22,41,-1888.3429,564.6186,-8393.482
382,P22,42,-1889.7872,429.4229,-8503.535
382,P22,43,-1868.674,407.57843,-8473.707
382,P22,44,-1857.8448,521.7438,-8206.709
382,P22,45,-1901.008,513.0731,-8188.67
383,P23,1,-199.77525,-2544.137,-2916.3875
383,P23,2,-219.54543,-2521.3003,-2897.8396
383,P23,3,-269.58704,-2601.099,-2876.882
383,P23,4,-284.20108,-2777.3318,-2681.7576
383,P23,5,-236.09721,-2805.3005,-2773.3865
383,P23,6,-249.26674,-2690.284,-3134.079
383,P23,7,-263.49667,-2853.2085,-3153.318
383,P23,8,-282.996,-2917.5728,-2878.6636
383,P23,9,-263.77045,-2876.8035,-2832.5781
383,P23,10,-221.2234,-2823.1824,-2844.6943
383,P23,11,-237.85022,-2875.4072,-2719.6104
383,P23,12,-248.66202,-2874.4146,-2776.6045
383,P23,13,-278.8592,-2727.136,-2855.645
383,P23,14,-286.23804,-2732.7063,-2908.8838
383,P23,15,-234.0951,-2774.522,-2882.3071
383,P23,16,-289.7475,-2837.0059,-2599.207
383,P23,17,-327.7137,-2934.7139,-2556.6882
383,P23,18,-352.04745,-2962.564,-2459.8074
383,P23,19,-339.40134,-2926.701,-2446.5896
383,P23,20,-264.4581,-2886.2925,-2277.5833
383,P23,21,-267.49582,-2859.3298,-2354.7178
383,P23,22,-244.06494,-2727.3657,-2527.7786
383,P23,23,-154.98352,-2669.415,-2617.7021
383,P23,24,-136.47414,-2928.1733,-2514.9192
383,P23,25,-58.45311,-2934.3604,-2188.2722
383,P23,26,-68.9042,-2684.7664,-2266.8682
383,P23,27,-208.2449,-2703.5725,-2301.5486
383,P23,28,-250.90494,-2747.359,-2027.5165
383,P23,29,-187.6396,-2705.7979,-2071.1106
383,P23,30,-136.4872,-2735.4421,-2187.02
383,P23,31,-71.6627,-2763.3489,-2194.3828
383,P23,32,21.10793,-2796.1392,-2077.4731
383,P23,33,7.735278,-2772.4797,-2113.2727
383,P23,34,-74.20663,-2754.6519,-2090.6074
383,P23,35,-129.33621,-2832.9963,-2083.194
383,P23,36,-142.54427,-2857.2598,-1815.3976
383,P23,37,-149.93376,-2767.7244,-1849.1346
383,P23,38,-51.14618,-2753.0508,-1946.5148
383,P23,39,-37.89044,-2761.7793,-1997.3108
383,P23,40,-81.23823,-2657.8066,-1831.5073
383,P23,41,-74.56239,-2640.211,-1864.3207
383,P23,42,-32.31264,-2620.697,-1799.5911
383,P23,43,-46.28576,-2661.8672,-1650.7968
383,P23,44,21.504623,-2690.364,-1729.3654
383,P23,45,60.14872,-2595.7498,-1819.4099
384,P24,1,2102.6594,-149.26501,-2762.1602
384,P24,2,2110.0393,-194.38492,-2583.442
384,P24,3,2071.8147,-351.35916,-1913.3231
384,P24,4,2041.9443,-448.61758,-1433.1626
384,P24,5,2025.4501,-479.48557,-1130.9683
384,P24,6,1999.9973,-444.28586,-1193.6111
384,P24,7,2019.1567,-655.81464,-1223.0035
384,P24,8,2125.3157,-688.8719,-995.11536
384,P24,9,2127.0488,-551.76807,-803.50946
384,P24,10,2093.9138,-615.9122,-761.97455
384,P24,11,2097.6294,-643.9874,-707.15515
384,P24,12,2156.5127,-563.4755,-778.0543
384,P24,13,2127.4878,-569.2162,-870.43463
384,P24,14,2077.0933,-593.4247,-1019.66614
384,P24,15,2069.8691,-542.38635,-1119.7114
384,P24,16,2143.735,-561.09436,-1030.8611
384,P24,17,2143.8403,-725.7856,-699.19696
384,P24,18,2173.8315,-736.2182,-704.17584
384,P24,19,2165.619,-581.05945,-761.38806
384,P24,20,2139.9917,-485.6457,-526.32465
384,P24,21,2156.685,-566.7805,-610.3367
384,P24,22,2125.9153,-618.1262,-722.64825
384,P24,23,2113.0273,-612.3299,-649.519
384,P24,24,2203.8682,-612.60333,-602.33575
384,P24,25,2253.3535,-588.0843,-539.5436
384,P24,26,2184.8086,-538.61865,-549.2149
384,P24,27,2157.4622,-529.12976,-386.6296
384,P24,28,2225.8745,-406.19916,-435.33133
384,P24,29,2189.3232,-392.5148,-521.20886
384,P24,30,2138.4692,-430.52936,-321.52142
384,P24,31,2115.9382,-458.03458,-364.08585
384,P24,32,2141.6333,-439.3236,-513.12695
384,P24,33,2127.0752,-431.07977,-569.87463
384,P24,34,2135.9712,-450.27695,-707.8245
384,P24,35,2127.1035,-368.75443,-816.0069
384,P24,36,2175.5796,-337.31802,-833.4354
384,P24,37,2209.162,-318.8034,-410.33505
384,P24,38,2161.4292,-326.97137,-358.91858
384,P24,39,2126.5457,-335.00223,-433.89832
384,P24,40,2147.6885,-200.12048,-508.0581
384,P24,41,2185.442,-290.8317,-358.34293
384,P24,42,2268.5146,-381.9464,53.02342
384,P24,43,2173.7212,-411.0024,-8.371798
384,P24,44,2118.9065,-324.34357,-165.7787
384,P24,45,2123.2827,-219.48117,-329.02103